       -5.500000000000000000000000000000    0.000000000000000000000000000000E+00
       -5.498999999999999666044914192753    9.999999999999999547481118258863E-08
       -5.497999999999999332089828385506    2.000117496016000096783690742619E-07
       -5.496999999999998998134742578259    3.000469909904146910725297302952E-07
       -5.495999999999998664179656771012    4.001174603155504875363424402424E-07
       -5.494999999999998330224570963765    5.002348890663105301533294944072E-07
       -5.493999999999997996269485156517    6.004110054462898084882754509706E-07
       -5.492999999999997662314399349270    7.006575357450244852892604074945E-07
       -5.491999999999997328359313542023    8.009862057073581397594877126500E-07
       -5.490999999999996994404227734776    9.014087419006857168402068250512E-07
       -5.489999999999996660449141927529    1.001936873080237865770163348256E-06
       -5.488999999999996326494056120282    1.102582331552565333632133677544E-06
       -5.487999999999995992538970313035    1.203356854537382232564154439791E-06
       -5.486999999999995658583884505788    1.304272185527931869752503619975E-06
       -5.485999999999995324628798698541    1.405340075650027817895175961949E-06
       -5.484999999999994990673712891294    1.506572285019934974044093604906E-06
       -5.483999999999994656718627084047    1.607980584101245613855399492487E-06
       -5.482999999999994322763541276800    1.709576755060905448277181091499E-06
       -5.481999999999993988808455469552    1.811372593124553583549918127360E-06
       -5.480999999999993654853369662305    1.913379907931325674076607906704E-06
       -5.479999999999993320898283855058    2.015610524888280357389599289908E-06
       -5.478999999999992986943198047811    2.118076286524605460551140545533E-06
       -5.477999999999992652988112240564    2.220789053845755596885199606438E-06
       -5.476999999999992319033026433317    2.323760707687680183476403722453E-06
       -5.475999999999991985077940626070    2.427003150071295192399551537976E-06
       -5.474999999999991651122854818823    2.530528305557351313368440182128E-06
       -5.473999999999991317167769011576    2.634348122601855228899249417029E-06
       -5.472999999999990983212683204329    2.738474574912196467918988618262E-06
       -5.471999999999990649257597397082    2.842919662804133997815406870169E-06
       -5.470999999999990315302511589834    2.947695414559795020858871950065E-06
       -5.469999999999989981347425782587    3.052813887786838440926723975410E-06
       -5.468999999999989647392339975340    3.158287170778937160526503996616E-06
       -5.467999999999989313437254168093    3.264127383877732521081510563832E-06
       -5.466999999999988979482168360846    3.370346680836411658343295533191E-06
       -5.465999999999988645527082553599    3.476957250185058544795710377961E-06
       -5.464999999999988311571996746352    3.583971316597936267178692304469E-06
       -5.463999999999987977616910939105    3.691401142262847075831665166756E-06
       -5.462999999999987643661825131858    3.799259028252721824754113699729E-06
       -5.461999999999987309706739324611    3.907557315899600585676256642165E-06
       -5.460999999999986975751653517364    4.016308388171136573279590420427E-06
       -5.459999999999986641796567710117    4.125524671049797023321490524461E-06
       -5.458999999999986307841481902869    4.235218634914898243001325772727E-06
       -5.457999999999985973886396095622    4.345402795927631534663327511625E-06
       -5.456999999999985639931310288375    4.456089717419229917667877760579E-06
       -5.455999999999985305976224481128    4.567292011282428114361722076842E-06
       -5.454999999999984972021138673881    4.679022339366364877945823896876E-06
       -5.453999999999984638066052866634    4.791293414875083516303155145577E-06
       -5.452999999999984304110967059387    4.904118003769783077716928887391E-06
       -5.451999999999983970155881252140    5.017508926174965888146201759001E-06
       -5.450999999999983636200795444893    5.131479057788633905989351957633E-06
       -5.449999999999983302245709637646    5.246041331296694830595411102037E-06
       -5.448999999999982968290623830399    5.361208737791721960124283197224E-06
       -5.447999999999982634335538023151    5.476994328196213488422778442599E-06
       -5.446999999999982300380452215904    5.593411214690527423769490777961E-06
       -5.445999999999981966425366408657    5.710472572145612408167029278028E-06
       -5.444999999999981632470280601410    5.828191639560714008166421307156E-06
       -5.443999999999981298515194794163    5.946581721506197084692931648098E-06
       -5.442999999999980964560108986916    6.065656189571640095935592396081E-06
       -5.441999999999980630605023179669    6.185428483819350411099160375050E-06
       -5.440999999999980296649937372422    6.305912114243464959410269410345E-06
       -5.439999999999979962694851565175    6.427120662234775127781127163074E-06
       -5.438999999999979628739765757928    6.549067782051440231522523860441E-06
       -5.437999999999979294784679950681    6.671767202295748800300236730498E-06
       -5.436999999999978960829594143433    6.795232727397064898672285337966E-06
       -5.435999999999978626874508336186    6.919478239101130581862383189806E-06
       -5.434999999999978292919422528939    7.044517697965880340831880401797E-06
       -5.433999999999977958964336721692    7.170365144863908144119441639974E-06
       -5.432999999999977625009250914445    7.297034702491758177103804705599E-06
       -5.431999999999977291054165107198    7.424540576886190050554231029123E-06
       -5.430999999999976957099079299951    7.552897058947574332530942864405E-06
       -5.429999999999976623143993492704    7.682118525970578492862578245948E-06
       -5.428999999999976289188907685457    7.812219443182305043493589280512E-06
       -5.427999999999975955233821878210    7.943214365288027564368511512782E-06
       -5.426999999999975621278736070963    8.075117938024694021442555225132E-06
       -5.425999999999975287323650263716    8.207944899722360854177338751470E-06
       -5.424999999999974953368564456468    8.341710082873707757353427816316E-06
       -5.423999999999974619413478649221    8.476428415711792399393764707582E-06
       -5.422999999999974285458392841974    8.612114923796214483787438143114E-06
       -5.421999999999973951503307034727    8.748784731607845007676088622262E-06
       -5.420999999999973617548221227480    8.886453064152293512324189139751E-06
       -5.419999999999973283593135420233    9.025135248572248850744761949905E-06
       -5.418999999999972949638049612986    9.164846715768896760387872413300E-06
       -5.417999999999972615682963805739    9.305603002032536213636304545105E-06
       -5.416999999999972281727877998492    9.447419750682597834015759297177E-06
       -5.415999999999971947772792191245    9.590312713717199903391136261988E-06
       -5.414999999999971613817706383998    9.734297753472421531133716710027E-06
       -5.413999999999971279862620576750    9.879390844291452227453331769169E-06
       -5.412999999999970945907534769503    1.002560807420380422814391169206E-05
       -5.411999999999970611952448962256    1.017296564661472648414576591680E-05
       -5.410999999999970277997363155009    1.032147988200501005130477888416E-05
       -5.409999999999969944042277347762    1.047116721964135428691797247147E-05
       -5.408999999999969610087191540515    1.062204421929744631899594081714E-05
       -5.407999999999969276132105733268    1.077412756298595029988592053360E-05
       -5.406999999999968942177019926021    1.092743405670154874579063503104E-05
       -5.405999999999968608221934118774    1.108198063217524263822204300123E-05
       -5.404999999999968274266848311527    1.123778434864004581266155174957E-05
       -5.403999999999967940311762504280    1.139486239460829386299298149332E-05
       -5.402999999999967606356676697033    1.155323208966068953445268524538E-05
       -5.401999999999967272401590889785    1.171291088624730822179489941881E-05
       -5.400999999999966938446505082538    1.187391637150071265047104190904E-05
       -5.399999999999966604491419275291    1.203626626906136647620314261697E-05
       -5.398999999999966270536333468044    1.219997844091550943327727923871E-05
       -5.397999999999965936581247660797    1.236507088924571087199151542269E-05
       -5.396999999999965602626161853550    1.253156175829423382239811296524E-05
       -5.395999999999965268671076046303    1.269946933623942642477451514527E-05
       -5.394999999999964934715990239056    1.286881205708531690967613009269E-05
       -5.393999999999964600760904431809    1.303960850256458153416036505057E-05
       -5.392999999999964266805818624562    1.321187740405509215022104158033E-05
       -5.391999999999963932850732817315    1.338563764451020942389085355284E-05
       -5.390999999999963598895647010067    1.356090826040301821665563092312E-05
       -5.389999999999963264940561202820    1.373770844368469825269238326904E-05
       -5.388999999999962930985475395573    1.391605754375720286665236297141E-05
       -5.387999999999962597030389588326    1.409597506946045928429185611908E-05
       -5.386999999999962263075303781079    1.427748069107425984254015199904E-05
       -5.385999999999961929120217973832    1.446059424233504743691203220379E-05
       -5.384999999999961595165132166585    1.464533572246779170790854235351E-05
       -5.383999999999961261210046359338    1.483172529823314570178623139629E-05
       -5.382999999999960927254960552091    1.501978330599008290547041050145E-05
       -5.381999999999960593299874744844    1.520953025377419761472903847466E-05
       -5.380999999999960259344788937597    1.540098682339189733450299235606E-05
       -5.379999999999959925389703130350    1.559417387253064814765270151842E-05
       -5.378999999999959591434617323102    1.578911243688553393826889958973E-05
       -5.377999999999959257479531515855    1.598582373230223111350116471652E-05
       -5.376999999999958923524445708608    1.618432915693673255488546636194E-05
       -5.375999999999958589569359901361    1.638465029343192413719028366348E-05
       -5.374999999999958255614274094114    1.658680891111124420774294851988E-05
       -5.373999999999957921659188286867    1.679082696818968352425217871460E-05
       -5.372999999999957587704102479620    1.699672661400224084760762766066E-05
       -5.371999999999957253749016672373    1.720453019125015945030819641826E-05
       -5.370999999999956919793930865126    1.741426023826507328952709063863E-05
       -5.369999999999956585838845057879    1.762593949129126613272096346652E-05
       -5.368999999999956251883759250632    1.783959088678636889643489005230E-05
       -5.367999999999955917928673443384    1.805523756374055618467537598359E-05
       -5.366999999999955583973587636137    1.827290286601460116882103545954E-05
       -5.365999999999955250018501828890    1.849261034469692433434249989599E-05
       -5.364999999999954916063416021643    1.871438376047985971102963209667E-05
       -5.363999999999954582108330214396    1.893824708605543674232347950426E-05
       -5.362999999999954248153244407149    1.916422450853077943770663704726E-05
       -5.361999999999953914198158599902    1.939234043186348195012165540607E-05
       -5.360999999999953580243072792655    1.962261947931708255116189931755E-05
       -5.359999999999953246287986985408    1.985508649593690705457797729405E-05
       -5.358999999999952912332901178161    2.008976655104655273864286413321E-05
       -5.357999999999952578377815370914    2.032668494076513474012012083758E-05
       -5.356999999999952244422729563667    2.056586719054566083806842580195E-05
       -5.355999999999951910467643756419    2.080733905773469048154471205958E-05
       -5.354999999999951576512557949172    2.105112653415350845416756375705E-05
       -5.353999999999951242557472141925    2.129725584870111810740188340585E-05
       -5.352999999999950908602386334678    2.154575346997921679289070273633E-05
       -5.351999999999950574647300527431    2.179664610893946520195872673664E-05
       -5.350999999999950240692214720184    2.204996072155325390019495190863E-05
       -5.349999999999949906737128912937    2.230572451150422455513032404806E-05
       -5.348999999999949572782043105690    2.256396493290379657876282282203E-05
       -5.347999999999949238826957298443    2.282470969302994990668236041653E-05
       -5.346999999999948904871871491196    2.308798675508951463554788152699E-05
       -5.345999999999948570916785683949    2.335382434100421146440547393031E-05
       -5.344999999999948236961699876701    2.362225093422073431918134511776E-05
       -5.343999999999947903006614069454    2.389329528254508522452058405516E-05
       -5.342999999999947569051528262207    2.416698640100147313109629765293E-05
       -5.341999999999947235096442454960    2.444335357471597321003288494357E-05
       -5.340999999999946901141356647713    2.472242636182527865135877265246E-05
       -5.339999999999946567186270840466    2.500423459641078891197742140040E-05
       -5.338999999999946233231185033219    2.528880839145825802985467767314E-05
       -5.337999999999945899276099225972    2.557617814184336892265568541571E-05
       -5.336999999999945565321013418725    2.586637452734338952489365204279E-05
       -5.335999999999945231365927611478    2.615942851567528345808726075727E-05
       -5.334999999999944897410841804231    2.645537136556051240315196038111E-05
       -5.333999999999944563455755996983    2.675423462981678767304109800573E-05
       -5.332999999999944229500670189736    2.705605015847710979881579618223E-05
       -5.331999999999943895545584382489    2.736085010193632652210522782088E-05
       -5.330999999999943561590498575242    2.766866691412553445460903445152E-05
       -5.329999999999943227635412767995    2.797953335571454802133996297986E-05
       -5.328999999999942893680326960748    2.829348249734283548715782496963E-05
       -5.327999999999942559725241153501    2.861054772287909147318422931061E-05
       -5.326999999999942225770155346254    2.893076273270985931517634837107E-05
       -5.325999999999941891815069539007    2.925416154705739299923990259789E-05
       -5.324999999999941557859983731760    2.958077850932715169816888955978E-05
       -5.323999999999941223904897924513    2.991064828948515052511013256886E-05
       -5.322999999999940889949812117266    3.024380588746554697531301880709E-05
       -5.321999999999940555994726310018    3.058028663660869006079429111011E-05
       -5.320999999999940222039640502771    3.092012620713002177307363038672E-05
       -5.319999999999939888084554695524    3.126336060962008837199599398105E-05
       -5.318999999999939554129468888277    3.161002619857600709008318973225E-05
       -5.317999999999939220174383081030    3.196015967596468301988033022809E-05
       -5.316999999999938886219297273783    3.231379809481813193813501405849E-05
       -5.315999999999938552264211466536    3.267097886286118011735235544535E-05
       -5.314999999999938218309125659289    3.303173974617189349043192003741E-05
       -5.313999999999937884354039852042    3.339611887287511563914693679678E-05
       -5.312999999999937550398954044795    3.376415473686931789437312700919E-05
       -5.311999999999937216443868237548    3.413588620158726299157192496381E-05
       -5.310999999999936882488782430300    3.451135250379064491185396312822E-05
       -5.309999999999936548533696623053    3.489059325739920635212759636445E-05
       -5.308999999999936214578610815806    3.527364845735453711223980621803E-05
       -5.307999999999935880623525008559    3.566055848351902773755994768834E-05
       -5.306999999999935546668439201312    3.605136410461018170491367951236E-05
       -5.305999999999935212713353394065    3.644610648217077404284469643869E-05
       -5.304999999999934878758267586818    3.684482717457515454180169700571E-05
       -5.303999999999934544803181779571    3.724756814107200726237517640627E-05
       -5.302999999999934210848095972324    3.765437174586400002245303864079E-05
       -5.301999999999933876893010165077    3.806528076222466267647392967888E-05
       -5.300999999999933542937924357830    3.848033837665284655248434941832E-05
       -5.299999999999933208982838550583    3.889958819306513096523275629934E-05
       -5.298999999999932875027752743335    3.932307423702656982858819056936E-05
       -5.297999999999932541072666936088    3.975084096002017139057094219368E-05
       -5.296999999999932207117581128841    4.018293324375538214153838478815E-05
       -5.295999999999931873162495321594    4.061939640451613054913937439494E-05
       -5.294999999999931539207409514347    4.106027619754868811805317840857E-05
       -5.293999999999931205252323707100    4.150561882148972724527330457889E-05
       -5.292999999999930871297237899853    4.195547092283509086696816070550E-05
       -5.291999999999930537342152092606    4.240987960044953139493451033104E-05
       -5.290999999999930203387066285359    4.286889241011790683362134291023E-05
       -5.289999999999929869431980478112    4.333255736913818644343021624366E-05
       -5.288999999999929535476894670865    4.380092296095668607863390930923E-05
       -5.287999999999929201521808863617    4.427403813984598043330953576202E-05
       -5.286999999999928867566723056370    4.475195233562580390341070768478E-05
       -5.285999999999928533611637249123    4.523471545842750927111930447921E-05
       -5.284999999999928199656551441876    4.572237790350231460443850006747E-05
       -5.283999999999927865701465634629    4.621499055607398889333053970674E-05
       -5.282999999999927531746379827382    4.671260479623613905272513924238E-05
       -5.281999999999927197791294020135    4.721527250389476236622915417129E-05
       -5.280999999999926863836208212888    4.772304606375637607866210809782E-05
       -5.279999999999926529881122405641    4.823597837036217137081373085294E-05
       -5.278999999999926195926036598394    4.875412283316867960740112475371E-05
       -5.277999999999925861970950791147    4.927753338167531677645877286054E-05
       -5.276999999999925528015864983900    4.980626447059938887882910019123E-05
       -5.275999999999925194060779176652    5.034037108509884287082386533640E-05
       -5.274999999999924860105693369405    5.087990874604335947125124950396E-05
       -5.273999999999924526150607562158    5.142493351533416730356901291898E-05
       -5.272999999999924192195521754911    5.197550200127309336919564919377E-05
       -5.271999999999923858240435947664    5.253167136398125642779421973216E-05
       -5.270999999999923524285350140417    5.309349932086793183308795485154E-05
       -5.269999999999923190330264333170    5.366104415215007571518524009946E-05
       -5.268999999999922856375178525923    5.423436470642294219028298196683E-05
       -5.267999999999922522420092718676    5.481352040628230859378028361206E-05
       -5.266999999999922188465006911429    5.539857125399876952272573693570E-05
       -5.265999999999921854509921104182    5.598957783724460113110310555129E-05
       -5.264999999999921520554835296934    5.658660133487376488409595354234E-05
       -5.263999999999921186599749489687    5.718970352275543024209158993187E-05
       -5.262999999999920852644663682440    5.779894677966159903309203982325E-05
       -5.261999999999920518689577875193    5.841439409320940071967259710206E-05
       -5.260999999999920184734492067946    5.903610906585838382113970435050E-05
       -5.259999999999919850779406260699    5.966415592096356243240889982715E-05
       -5.258999999999919516824320453452    6.029859950888452954772742109490E-05
       -5.257999999999919182869234646205    6.093950531315130126307211266834E-05
       -5.256999999999918848914148838958    6.158693945668738652446383419203E-05
       -5.255999999999918514959063031711    6.224096870809063129954818993639E-05
       -5.254999999999918181003977224464    6.290166048797236572100166629440E-05
       -5.253999999999917847048891417217    6.356908287535534209274079575636E-05
       -5.252999999999917513093805609969    6.424330461413116171408288490596E-05
       -5.251999999999917179138719802722    6.492439511957760387393656653643E-05
       -5.250999999999916845183633995475    6.561242448493656174643429146442E-05
       -5.249999999999916511228548188228    6.630746348805293755371281783084E-05
       -5.248999999999916177273462380981    6.700958359807536435757968629190E-05
       -5.247999999999915843318376573734    6.771885698221905263566311461432E-05
       -5.246999999999915509363290766487    6.843535651259149347851173939006E-05
       -5.245999999999915175408204959240    6.915915577308158761378475976045E-05
       -5.244999999999914841453119151993    6.989032906631274235861872590192E-05
       -5.243999999999914507498033344746    7.062895142066064123158308785122E-05
       -5.242999999999914173542947537499    7.137509859733617411520212314713E-05
       -5.241999999999913839587861730251    7.212884709753415138529242245369E-05
       -5.240999999999913505632775923004    7.289027416964850673852804874286E-05
       -5.239999999999913171677690115757    7.365945781655444950415667637600E-05
       -5.238999999999912837722604308510    7.443647680295840669655038635000E-05
       -5.237999999999912503767518501263    7.522141066281624269956873618526E-05
       -5.236999999999912169812432694016    7.601433970682029868382034720753E-05
       -5.235999999999911835857346886769    7.681534502995609201350668548969E-05
       -5.234999999999911501902261079522    7.762450851912924484898859134319E-05
       -5.233999999999911167947175272275    7.844191286086329246637904866191E-05
       -5.232999999999910833992089465028    7.926764154906899471041137328342E-05
       -5.231999999999910500037003657781    8.010177889288580110188631167034E-05
       -5.230999999999910166081917850534    8.094441002459625564627310190247E-05
       -5.229999999999909832126832043286    8.179562090761388344455073973194E-05
       -5.228999999999909498171746236039    8.265549834454537225791881382975E-05
       -5.227999999999909164216660428792    8.352412998532759112746415297579E-05
       -5.226999999999908830261574621545    8.440160433544017788524971290798E-05
       -5.225999999999908496306488814298    8.528801076419448160340075482111E-05
       -5.224999999999908162351403007051    8.618343951309948339743749468056E-05
       -5.223999999999907828396317199804    8.708798170430548163042927534150E-05
       -5.222999999999907494441231392557    8.800172934912619203927375277630E-05
       -5.221999999999907160486145585310    8.892477535663991330440458771278E-05
       -5.220999999999906826531059778063    8.985721354237065252971994322451E-05
       -5.219999999999906492575973970816    9.079913863704986115403527957568E-05
       -5.218999999999906158620888163568    9.175064629545959444568981044910E-05
       -5.217999999999905824665802356321    9.271183310535769089150148758449E-05
       -5.216999999999905490710716549074    9.368279659648581173675419009328E-05
       -5.215999999999905156755630741827    9.466363524966123514300941899080E-05
       -5.214999999999904822800544934580    9.565444850595291995977442756072E-05
       -5.213999999999904488845459127333    9.665533677594281489198202450552E-05
       -5.212999999999904154890373320086    9.766640144907311779469416546107E-05
       -5.211999999999903820935287512839    9.868774490308024403655007272818E-05
       -5.210999999999903486980201705592    9.971947051351642550380549590017E-05
       -5.209999999999903153025115898345    1.007616826633595907662666046889E-04
       -5.208999999999902819070030091098    1.018144867527124208719108144905E-04
       -5.207999999999902485114944283850    1.028779892085913668167695966815E-04
       -5.206999999999902151159858476603    1.039522974948065231568655741867E-04
       -5.205999999999901817204772669356    1.050375201219330353885617057585E-04
       -5.204999999999901483249686862109    1.061337666573751524045493566106E-04
       -5.203999999999901149294601054862    1.072411477355233577063442496069E-04
       -5.202999999999900815339515247615    1.083597750680058804158972796117E-04
       -5.201999999999900481384429440368    1.094897614540351823975150580281E-04
       -5.200999999999900147429343633121    1.106312207908502617467738637913E-04
       -5.199999999999899813474257825874    1.117842680842558839536537984571E-04
       -5.198999999999899479519172018627    1.129490194592593370510880124158E-04
       -5.197999999999899145564086211380    1.141255921708057949510994877329E-04
       -5.196999999999898811609000404133    1.153141046146132376454263024357E-04
       -5.195999999999898477653914596885    1.165146763381075245818302432710E-04
       -5.194999999999898143698828789638    1.177274280514589493637500616785E-04
       -5.193999999999897809743742982391    1.189524816387208991895485521439E-04
       -5.192999999999897475788657175144    1.201899601690716761284716262992E-04
       -5.191999999999897141833571367897    1.214399879081602662798944347600E-04
       -5.190999999999896807878485560650    1.227026903295574120685701435818E-04
       -5.189999999999896473923399753403    1.239781941263123129365331109852E-04
       -5.188999999999896139968313946156    1.252666272226166078399695047452E-04
       -5.187999999999895806013228138909    1.265681187855759648117071058948E-04
       -5.186999999999895472058142331662    1.278827992370908225774200905889E-04
       -5.185999999999895138103056524415    1.292108002658467992215807207401E-04
       -5.184999999999894804147970717167    1.305522548394161773659821745852E-04
       -5.183999999999894470192884909920    1.319072972164711705922446327577E-04
       -5.182999999999894136237799102673    1.332760629591100553104771053725E-04
       -5.181999999999893802282713295426    1.346586889452973606964847341771E-04
       -5.180999999999893468327627488179    1.360553133814189840592595581725E-04
       -5.179999999999893134372541680932    1.374660758149531532106013553829E-04
       -5.178999999999892800417455873685    1.388911171472588079300186647558E-04
       -5.177999999999892466462370066438    1.403305796464817257855617338436E-04
       -5.176999999999892132507284259191    1.417846069605800186138461205232E-04
       -5.175999999999891798552198451944    1.432533441304699212311135614328E-04
       -5.174999999999891464597112644697    1.447369376032929023673939683547E-04
       -5.173999999999891130642026837450    1.462355352458051820259410380487E-04
       -5.172999999999890796686941030202    1.477492863578908478903312095909E-04
       -5.171999999999890462731855222955    1.492783416861998176117243275485E-04
       -5.170999999999890128776769415708    1.508228534379112974975895022922E-04
       -5.169999999999889794821683608461    1.523829752946244181152635199794E-04
       -5.168999999999889460866597801214    1.539588624263769683821884148855E-04
       -5.167999999999889126911511993967    1.555506715057933665551093138646E-04
       -5.166999999999888792956426186720    1.571585607223628439001877898917E-04
       -5.165999999999888459001340379473    1.587826897968494673472894529453E-04
       -5.164999999999888125046254572226    1.604232199958350311205096394573E-04
       -5.163999999999887791091168764979    1.620803141463955762864579401850E-04
       -5.162999999999887457136082957732    1.637541366509133271538861675864E-04
       -5.161999999999887123180997150484    1.654448535020251287268322482049E-04
       -5.160999999999886789225911343237    1.671526322977083067831266527392E-04
       -5.159999999999886455270825535990    1.688776422565055226714114677833E-04
       -5.158999999999886121315739728743    1.706200542328898696591704675640E-04
       -5.157999999999885787360653921496    1.723800407327711324036167983564E-04
       -5.156999999999885453405568114249    1.741577759291447816385883795576E-04
       -5.155999999999885119450482307002    1.759534356778850593301666282997E-04
       -5.154999999999884785495396499755    1.777671975336832385031909931072E-04
       -5.153999999999884451540310692508    1.795992407661322503610590306522E-04
       -5.152999999999884117585224885261    1.814497463759594134222880024154E-04
       -5.151999999999883783630139078014    1.833188971114082946659018524826E-04
       -5.150999999999883449675053270767    1.852068774847710579383591733560E-04
       -5.149999999999883115719967463519    1.871138737890726548747377666615E-04
       -5.148999999999882781764881656272    1.890400741149084846374345270092E-04
       -5.147999999999882447809795849025    1.909856683674364982543358859601E-04
       -5.146999999999882113854710041778    1.929508482835253196496089200807E-04
       -5.145999999999881779899624234531    1.949358074490598470400459785168E-04
       -5.144999999999881445944538427284    1.969407413164056899496784369674E-04
       -5.143999999999881111989452620037    1.989658472220336886751579363874E-04
       -5.142999999999880778034366812790    2.010113244043063593455983317781E-04
       -5.141999999999880444079281005543    2.030773740214272403588335880187E-04
       -5.140999999999880110124195198296    2.051641991695552001782193451973E-04
       -5.139999999999879776169109391049    2.072720049010843028011730204696E-04
       -5.138999999999879442214023583801    2.094009982430916703543405388288E-04
       -5.137999999999879108258937776554    2.115513882159541017569104326412E-04
       -5.136999999999878774303851969307    2.137233858521354532260944081301E-04
       -5.135999999999878440348766162060    2.159172042151459732471641128626E-04
       -5.134999999999878106393680354813    2.181330584186753267315200810472E-04
       -5.133999999999877772438594547566    2.203711656459008804559429606229E-04
       -5.132999999999877438483508740319    2.226317451689725508256340047453E-04
       -5.131999999999877104528422933072    2.249150183686762197350639258531E-04
       -5.130999999999876770573337125825    2.272212087542767485186939735442E-04
       -5.129999999999876436618251318578    2.295505419835428668161314558205E-04
       -5.128999999999876102663165511331    2.319032458829548037134576921048E-04
       -5.127999999999875768708079704084    2.342795504680971548257251146907E-04
       -5.126999999999875434752993896836    2.366796879642377442621442584780E-04
       -5.125999999999875100797908089589    2.391038928270948667187401071033E-04
       -5.124999999999874766842822282342    2.415524017637942649511934023465E-04
       -5.123999999999874432887736475095    2.440254537540173063007997722451E-04
       -5.122999999999874098932650667848    2.465232900713426079930545853358E-04
       -5.121999999999873764977564860601    2.490461543047822767261989529430E-04
       -5.120999999999873431022479053354    2.515942923805150393742890990723E-04
       -5.119999999999873097067393246107    2.541679525838177826878305776148E-04
       -5.118999999999872763112307438860    2.567673855811967217194213830567E-04
       -5.117999999999872429157221631613    2.593928444427208803747808563145E-04
       -5.116999999999872095202135824366    2.620445846645592935519886168549E-04
       -5.115999999999871761247050017118    2.647228641917235571721922493538E-04
       -5.114999999999871427291964209871    2.674279434410176776656942188026E-04
       -5.113999999999871093336878402624    2.701600853241973893177629850726E-04
       -5.112999999999870759381792595377    2.729195552713402405167752995396E-04
       -5.111999999999870425426706788130    2.757066212544287257292519033314E-04
       -5.110999999999870091471620980883    2.785215538111479810848281069013E-04
       -5.109999999999869757516535173636    2.813646260689005372361559675909E-04
       -5.108999999999869423561449366389    2.842361137690394305363450477842E-04
       -5.107999999999869089606363559142    2.871362952913221661989384703162E-04
       -5.106999999999868755651277751895    2.900654516785869429032485022901E-04
       -5.105999999999868421696191944648    2.930238666616534156696138868625E-04
       -5.104999999999868087741106137400    2.960118266844500569887066454555E-04
       -5.103999999999867753786020330153    2.990296209293698509283643272028E-04
       -5.102999999999867419830934522906    3.020775413428567054627271737388E-04
       -5.101999999999867085875848715659    3.051558826612243177471561761394E-04
       -5.100999999999866751920762908412    3.082649424367094439028424979199E-04
       -5.099999999999866417965677101165    3.114050210637622838165394778542E-04
       -5.098999999999866084010591293918    3.145764218055753904182414437685E-04
       -5.097999999999865750055505486671    3.177794508208533802613715568697E-04
       -5.096999999999865416100419679424    3.210144171908260474906926518202E-04
       -5.095999999999865082145333872177    3.242816329465061822405480551623E-04
       -5.094999999999864748190248064930    3.275814130961949123890808444060E-04
       -5.093999999999864414235162257683    3.309140756532368454929937673370E-04
       -5.092999999999864080280076450435    3.342799416640264203656740527038E-04
       -5.091999999999863746324990643188    3.376793352362687209052005687937E-04
       -5.090999999999863412369904835941    3.411125835674960532148403125063E-04
       -5.089999999999863078414819028694    3.445800169738432133618999397839E-04
       -5.088999999999862744459733221447    3.480819689190835057590600598587E-04
       -5.087999999999862410504647414200    3.516187760439274637321027672243E-04
       -5.086999999999862076549561606953    3.551907781955876333007671163955E-04
       -5.085999999999861742594475799706    3.587983184576100706940360307584E-04
       -5.084999999999861408639389992459    3.624417431799765651478928418783E-04
       -5.083999999999861074684304185212    3.661214020094792132888061875207E-04
       -5.082999999999860740729218377965    3.698376479203695135072882393956E-04
       -5.081999999999860406774132570717    3.735908372452851245078264685873E-04
       -5.080999999999860072819046763470    3.773813297064559143384476769256E-04
       -5.079999999999859738863960956223    3.812094884471922272457800051626E-04
       -5.078999999999859404908875148976    3.850756800636579704408268831628E-04
       -5.077999999999859070953789341729    3.889802746369305807595806445676E-04
       -5.076999999999858736998703534482    3.929236457653506901441242682438E-04
       -5.075999999999858403043617727235    3.969061705971643088698697088290E-04
       -5.074999999999858069088531919988    4.009282298634595865030605388313E-04
       -5.073999999999857735133446112741    4.049902079114004274131011218429E-04
       -5.072999999999857401178360305494    4.090924927377606471270987675837E-04
       -5.071999999999857067223274498247    4.132354760227604042500948455796E-04
       -5.070999999999856733268188691000    4.174195531642083773979368110929E-04
       -5.069999999999856399313102883752    4.216451233119513134460498715583E-04
       -5.068999999999856065358017076505    4.259125894026341997006257500402E-04
       -5.067999999999855731402931269258    4.302223581947744210189632507735E-04
       -5.066999999999855397447845462011    4.345748403041510945013503608436E-04
       -5.065999999999855063492759654764    4.389704502395141354036123271243E-04
       -5.064999999999854729537673847517    4.434096064386142468927154425273E-04
       -5.063999999999854395582588040270    4.478927313045580620338992350327E-04
       -5.062999999999854061627502233023    4.524202512424900643125957877544E-04
       -5.061999999999853727672416425776    4.569925966966049729785226407586E-04
       -5.060999999999853393717330618529    4.616102021874929784567287427421E-04
       -5.059999999999853059762244811282    4.662735063498211888523281576369E-04
       -5.058999999999852725807159004034    4.709829519703539980543527398993E-04
       -5.057999999999852391852073196787    4.757389860263150859441549922479E-04
       -5.056999999999852057896987389540    4.805420597240946285755303080123E-04
       -5.055999999999851723941901582293    4.853926285383038867309035691022E-04
       -5.054999999999851389986815775046    4.902911522511815096622700416162E-04
       -5.053999999999851056031729967799    4.952380949923530176898234245186E-04
       -5.052999999999850722076644160552    5.002339252789478546770696176793E-04
       -5.051999999999850388121558353305    5.052791160560763956272056773855E-04
       -5.050999999999850054166472546058    5.103741447376708125285849071417E-04
       -5.049999999999849720211386738811    5.155194932476914789626354362895E-04
       -5.048999999999849386256300931564    5.207156480617039550143343440425E-04
       -5.047999999999849052301215124317    5.259631002488285040491478028457E-04
       -5.046999999999848718346129317069    5.312623455140660444842581888736E-04
       -5.045999999999848384391043509822    5.366138842410029217988576277776E-04
       -5.044999999999848050435957702575    5.420182215348994881135014090034E-04
       -5.043999999999847716480871895328    5.474758672661637903811282512834E-04
       -5.042999999999847382525786088081    5.529873361142153545197408526235E-04
       -5.041999999999847048570700280834    5.585531476117414507315261928966E-04
       -5.040999999999846714615614473587    5.641738261893497431362365368557E-04
       -5.039999999999846380660528666340    5.698499012206212268466520853849E-04
       -5.038999999999846046705442859093    5.755819070675647535287322575925E-04
       -5.037999999999845712750357051846    5.813703831264803011807940080757E-04
       -5.036999999999845378795271244599    5.872158738742309881317171793569E-04
       -5.035999999999845044840185437351    5.931189289149294691094738141146E-04
       -5.034999999999844710885099630104    5.990801030270415323056298895210E-04
       -5.033999999999844376930013822857    6.050999562109108005636404215011E-04
       -5.032999999999844042974928015610    6.111790537367084398187588867302E-04
       -5.031999999999843709019842208363    6.173179661928104768747749275803E-04
       -5.030999999999843375064756401116    6.235172695346074970071392762350E-04
       -5.029999999999843041109670593869    6.297775451337508413607313428884E-04
       -5.028999999999842707154584786622    6.360993798278372557061799419387E-04
       -5.027999999999842373199498979375    6.424833659705380620869030749986E-04
       -5.026999999999842039244413172128    6.489301014821745880803427475314E-04
       -5.025999999999841705289327364881    6.554401899007452746842572466335E-04
       -5.024999999999841371334241557634    6.620142404334077154345883364783E-04
       -5.023999999999841037379155750386    6.686528680084197467231588163372E-04
       -5.022999999999840703424069943139    6.753566933275434924430213889934E-04
       -5.021999999999840369468984135892    6.821263429189160492488452902649E-04
       -5.020999999999840035513898328645    6.889624491903917997623341129554E-04
       -5.019999999999839701558812521398    6.958656504833596063291922817484E-04
       -5.018999999999839367603726714151    7.028365911270379210937231384548E-04
       -5.017999999999839033648640906904    7.098759214932554018062660361466E-04
       -5.016999999999838699693555099657    7.169842980517176838847759334783E-04
       -5.015999999999838365738469292410    7.241623834257657297414079167197E-04
       -5.014999999999838031783383485163    7.314108464486307427041000828183E-04
       -5.013999999999837697828297677916    7.387303622201893318205412342081E-04
       -5.012999999999837363873211870668    7.461216121642228306723443331805E-04
       -5.011999999999837029918126063421    7.535852840861853238485501549349E-04
       -5.010999999999836695963040256174    7.611220722314862357701925610343E-04
       -5.009999999999836362007954448927    7.687326773442892165894013700722E-04
       -5.008999999999836028052868641680    7.764178067268340472165122356785E-04
       -5.007999999999835694097782834433    7.841781742992848160817009883772E-04
       -5.006999999999835360142697027186    7.920145006601100054824393659203E-04
       -5.005999999999835026187611219939    7.999275131469970896019860973070E-04
       -5.004999999999834692232525412692    8.079179458983094504545552361208E-04
       -5.003999999999834358277439605445    8.159865399150864791188997315885E-04
       -5.002999999999834024322353798198    8.241340431235948853563866300931E-04
       -5.001999999999833690367267990950    8.323612104384340345392123694523E-04
       -5.000999999999833356412182183703    8.406688038262000823783171021830E-04
       -4.999999999999833022457096376456    8.490575923697149789831639665749E-04
       -4.998999999999832688502010569209    8.575283523328240285407697562903E-04
       -4.997999999999832354546924761962    8.660818672257672087844149189095E-04
       -4.996999999999832020591838954715    8.747189278711294544224608138450E-04
       -4.995999999999831686636753147468    8.834403324703746750168331658415E-04
       -4.994999999999831352681667340221    8.922468866709687114815996444861E-04
       -4.993999999999831018726581532974    9.011394036340957848507660088444E-04
       -4.992999999999830684771495725727    9.101187041029738583261532447466E-04
       -4.991999999999830350816409918480    9.191856164717738999353491280431E-04
       -4.990999999999830016861324111233    9.283409768551493341723346297556E-04
       -4.989999999999829682906238303985    9.375856291583787183868681225363E-04
       -4.988999999999829348951152496738    9.469204251481292333378347869655E-04
       -4.987999999999829014996066689491    9.563462245238442405170786742019E-04
       -4.986999999999828681040980882244    9.658638949897620619780558293144E-04
       -4.985999999999828347085895074997    9.754743123275694521162604289088E-04
       -4.984999999999828013130809267750    9.851783604696985434390210656375E-04
       -4.983999999999827679175723460503    9.949769315732669410640154339376E-04
       -4.982999999999827345220637653256    1.004870926094674193213007740155E-03
       -4.981999999999827011265551846009    1.014861252864853553498636351549E-03
       -4.980999999999826677310466038762    1.024948829165186949680110828353E-03
       -4.979999999999826343355380231515    1.035134580804091290404111980195E-03
       -4.978999999999826009400294424267    1.045419442194277410973501929448E-03
       -4.977999999999825675445208617020    1.055804356430691199122962053991E-03
       -4.976999999999825341490122809773    1.066290275369140803929379757164E-03
       -4.975999999999825007535037002526    1.076878159705615132027411995352E-03
       -4.974999999999824673579951195279    1.087568979056302304747605447233E-03
       -4.973999999999824339624865388032    1.098363712038310678262287289897E-03
       -4.972999999999824005669779580785    1.109263346351101967718344454283E-03
       -4.971999999999823671714693773538    1.120268878858639077442105325133E-03
       -4.970999999999823337759607966291    1.131381315672256877152834775302E-03
       -4.969999999999823003804522159044    1.142601672234261562036139459053E-03
       -4.968999999999822669849436351797    1.153930973402264234528580288952E-03
       -4.967999999999822335894350544550    1.165370253534256947750002986197E-03
       -4.966999999999822001939264737302    1.176920556574435113711407652204E-03
       -4.965999999999821667984178930055    1.188582936139773215192261268669E-03
       -4.964999999999821334029093122808    1.200358455607361193862026027546E-03
       -4.963999999999821000074007315561    1.212248188202507586178069409755E-03
       -4.962999999999820666118921508314    1.224253217087615478592121931456E-03
       -4.961999999999820332163835701067    1.236374635451839088320924453512E-03
       -4.960999999999819998208749893820    1.248613546601525306489754996164E-03
       -4.959999999999819664253664086573    1.260971064051448877266214942949E-03
       -4.958999999999819330298578279326    1.273448311616846850835571558491E-03
       -4.957999999999818996343492472079    1.286046423506261417515905698394E-03
       -4.956999999999818662388406664832    1.298766544415195026140885659061E-03
       -4.955999999999818328433320857584    1.311609829620584725604071074656E-03
       -4.954999999999817994478235050337    1.324577445076104836862995739466E-03
       -4.953999999999817660523149243090    1.337670567508304460616064268663E-03
       -4.952999999999817326568063435843    1.350890384513586325865297510518E-03
       -4.951999999999816992612977628596    1.364238094656033484577961623074E-03
       -4.950999999999816658657891821349    1.377714907566092092383591705129E-03
       -4.949999999999816324702806014102    1.391322044040117214200313888739E-03
       -4.948999999999815990747720206855    1.405060736140788593684369800485E-03
       -4.947999999999815656792634399608    1.418932227298405060120223275533E-03
       -4.946999999999815322837548592361    1.432937772413063644283415243308E-03
       -4.945999999999814988882462785114    1.447078637957730342170070692021E-03
       -4.944999999999814654927376977867    1.461356102082213802295651561280E-03
       -4.943999999999814320972291170619    1.475771454718042803924693551210E-03
       -4.942999999999813987017205363372    1.490325997684263138742810639314E-03
       -4.941999999999813653062119556125    1.505021044794156064375312276127E-03
       -4.940999999999813319107033748878    1.519857921962886569688944149448E-03
       -4.939999999999812985151947941631    1.534837967316093161260215360642E-03
       -4.938999999999812651196862134384    1.549962531299423074138132960798E-03
       -4.937999999999812317241776327137    1.565232976789022447880461719194E-03
       -4.936999999999811983286690519890    1.580650679202988840438282025502E-03
       -4.935999999999811649331604712643    1.596217026613797355591439774969E-03
       -4.934999999999811315376518905396    1.611933419861702552339233207590E-03
       -4.933999999999810981421433098149    1.627801272669131315076751498339E-03
       -4.932999999999810647466347290901    1.643822011756068419280341075250E-03
       -4.931999999999810313511261483654    1.659997076956448670490007479827E-03
       -4.930999999999809979556175676407    1.676327921335561688120918688583E-03
       -4.929999999999809645601089869160    1.692816011308476706678782797155E-03
       -4.928999999999809311646004061913    1.709462826759498236400824922043E-03
       -4.927999999999808977690918254666    1.726269861162659088535398232978E-03
       -4.926999999999808643735832447419    1.743238621703264209367167936193E-03
       -4.925999999999808309780746640172    1.760370629400486624030475191205E-03
       -4.924999999999807975825660832925    1.777667419231030235260426763944E-03
       -4.923999999999807641870575025678    1.795130540253866415975614323486E-03
       -4.922999999999807307915489218431    1.812761555736054370352450249015E-03
       -4.921999999999806973960403411184    1.830562043279653069646761842648E-03
       -4.920999999999806640005317603936    1.848533594949733870060892826359E-03
       -4.919999999999806306050231796689    1.866677817403505088358905972257E-03
       -4.918999999999805972095145989442    1.884996332020556775166397756038E-03
       -4.917999999999805638140060182195    1.903490775034232624848828940856E-03
       -4.916999999999805304184974374948    1.922162797664142899756178906046E-03
       -4.915999999999804970229888567701    1.941014066249825307727827627957E-03
       -4.914999999999804636274802760454    1.960046262385563807517652179513E-03
       -4.913999999999804302319716953207    1.979261083056374666278021123844E-03
       -4.912999999999803968364631145960    1.998660240775170827964846154146E-03
       -4.911999999999803634409545338713    2.018245463721114567323677846389E-03
       -4.910999999999803300454459531466    2.038018495879164934669880437923E-03
       -4.909999999999802966499373724218    2.057981097180835820814603920326E-03
       -4.908999999999802632544287916971    2.078135043646169195785677885624E-03
       -4.907999999999802298589202109724    2.098482127526937399131234940342E-03
       -4.906999999999801964634116302477    2.119024157451083155423443571408E-03
       -4.905999999999801630679030495230    2.139762958568409458026682301579E-03
       -4.904999999999801296723944687983    2.160700372697526260024059041598E-03
       -4.903999999999800962768858880736    2.181838258474066982728345465148E-03
       -4.902999999999800628813773073489    2.203178491500186117479920255846E-03
       -4.901999999999800294858687266242    2.224722964495346594349101110311E-03
       -4.900999999999799960903601458995    2.246473587448409928168935323356E-03
       -4.899999999999799626948515651748    2.268432287771036948154090850949E-03
       -4.898999999999799292993429844500    2.290601010452413856255393653782E-03
       -4.897999999999798959038344037253    2.312981718215313155229129193913E-03
       -4.896999999999798625083258230006    2.335576391673497252676749980083E-03
       -4.895999999999798291128172422759    2.358387029490482088289748929810E-03
       -4.894999999999797957173086615512    2.381415648539666855831864467063E-03
       -4.893999999999797623218000808265    2.404664284065845432369901146785E-03
       -4.892999999999797289262915001018    2.428134989848106453647069713497E-03
       -4.891999999999796955307829193771    2.451829838364136780748392396845E-03
       -4.890999999999796621352743386524    2.475750920955942235845981258535E-03
       -4.889999999999796287397657579277    2.499900347996989943832879532692E-03
       -4.888999999999795953442571772030    2.524280249060792229165439692906E-03
       -4.887999999999795619487485964783    2.548892773090939874169880141608E-03
       -4.886999999999795285532400157535    2.573740088572596014515614371021E-03
       -4.885999999999794951577314350288    2.598824383705468019090112363756E-03
       -4.884999999999794617622228543041    2.624147866578260823722246186662E-03
       -4.883999999999794283667142735794    2.649712765344633402797569488030E-03
       -4.882999999999793949712056928547    2.675521328400665317659434805364E-03
       -4.881999999999793615756971121300    2.701575824563845484860280521389E-03
       -4.880999999999793281801885314053    2.727878543253600511497847236342E-03
       -4.879999999999792947846799506806    2.754431794673373873338917405817E-03
       -4.878999999999792613891713699559    2.781237909994261139901006174568E-03
       -4.877999999999792279936627892312    2.808299241540227267344143058381E-03
       -4.876999999999791945981542085065    2.835618162974906826534482462421E-03
       -4.875999999999791612026456277817    2.863197069490010585046668722953E-03
       -4.874999999999791278071370470570    2.891038377995343647275383602846E-03
       -4.873999999999790944116284663323    2.919144527310452499890836008944E-03
       -4.872999999999790610161198856076    2.947517978357916575149477722562E-03
       -4.871999999999790276206113048829    2.976161214358290403592111061926E-03
       -4.870999999999789942251027241582    3.005076741026720642258052151874E-03
       -4.869999999999789608295941434335    3.034267086771240580500563766009E-03
       -4.868999999999789274340855627088    3.063734802892764674808745439805E-03
       -4.867999999999788940385769819841    3.093482463786793520976736715511E-03
       -4.866999999999788606430684012594    3.123512667146843141408041333307E-03
       -4.865999999999788272475598205347    3.153828034169613332704518171568E-03
       -4.864999999999787938520512398100    3.184431209761914155498274681122E-03
       -4.863999999999787604565426590852    3.215324862749356638058628732324E-03
       -4.862999999999787270610340783605    3.246511686086825040908898643011E-03
       -4.861999999999786936655254976358    3.277994397070749764411257132224E-03
       -4.860999999999786602700169169111    3.309775737553193042383981037347E-03
       -4.859999999999786268745083361864    3.341858474157760432177166620704E-03
       -4.858999999999785934789997554617    3.374245398497354581079932245302E-03
       -4.857999999999785600834911747370    3.406939327393790351017344164575E-03
       -4.856999999999785266879825940123    3.439943103099279107792707321778E-03
       -4.855999999999784932924740132876    3.473259593519804726280408857519E-03
       -4.854999999999784598969654325629    3.506891692440399985186694209460E-03
       -4.853999999999784265014568518382    3.540842319752346770145301491084E-03
       -4.852999999999783931059482711134    3.575114421682310493488810010376E-03
       -4.851999999999783597104396903887    3.609710971023426077930462696486E-03
       -4.850999999999783263149311096640    3.644634967368352851391222202437E-03
       -4.849999999999782929194225289393    3.679889437344310496036392521546E-03
       -4.848999999999782595239139482146    3.715477434850120337650469792834E-03
       -4.847999999999782261284053674899    3.751402041295256312158912237464E-03
       -4.846999999999781927328967867652    3.787666365840938569042872785531E-03
       -4.845999999999781593373882060405    3.824273545643267109561680427987E-03
       -4.844999999999781259418796253158    3.861226746098432756337803795077E-03
       -4.843999999999780925463710445911    3.898529161090004586942558972851E-03
       -4.842999999999780591508624638664    3.936184013238319852334701209884E-03
       -4.841999999999780257553538831417    3.974194554151998064195350224281E-03
       -4.840999999999779923598453024169    4.012564064681580118520987099373E-03
       -4.839999999999779589643367216922    4.051295855175330619390994257856E-03
       -4.838999999999779255688281409675    4.090393265737210341803642421610E-03
       -4.837999999999778921733195602428    4.129859666487030976644856394842E-03
       -4.836999999999778587778109795181    4.169698457822819913365375299463E-03
       -4.835999999999778253823023987934    4.209913070685414142324543007589E-03
       -4.834999999999777919867938180687    4.250506966825293685141584631992E-03
       -4.833999999999777585912852373440    4.291483639071677104459556773008E-03
       -4.832999999999777251957766566193    4.332846611603896440356731289967E-03
       -4.831999999999776918002680758946    4.374599440225072390087124318825E-03
       -4.830999999999776584047594951699    4.416745712638105343661454327275E-03
       -4.829999999999776250092509144451    4.459289048724004826673716905816E-03
       -4.828999999999775916137423337204    4.502233100822578167055088016468E-03
       -4.827999999999775582182337529957    4.545581554015485324649059606372E-03
       -4.826999999999775248227251722710    4.589338126411692843353851145594E-03
       -4.825999999999774914272165915463    4.633506569435346007790332834020E-03
       -4.824999999999774580317080108216    4.678090668116069612836316338189E-03
       -4.823999999999774246361994300969    4.723094241381725101602828686964E-03
       -4.822999999999773912406908493722    4.768521142353639684363653117316E-03
       -4.821999999999773578451822686475    4.814375258644329989843324568710E-03
       -4.820999999999773244496736879228    4.860660512657739330821815570971E-03
       -4.819999999999772910541651071981    4.907380861892014604908052177734E-03
       -4.818999999999772576586565264734    4.954540299244833238823115806326E-03
       -4.817999999999772242631479457486    5.002142853321306197045270636181E-03
       -4.816999999999771908676393650239    5.050192588744486545115908171510E-03
       -4.815999999999771574721307842992    5.098693606468485302329884945038E-03
       -4.814999999999771240766222035745    5.147650044094237951897152782976E-03
       -4.813999999999770906811136228498    5.197066076187926812746109561658E-03
       -4.812999999999770572856050421251    5.246945914602081824373858154331E-03
       -4.811999999999770238900964614004    5.297293808799401378106797011469E-03
       -4.810999999999769904945878806757    5.348114046179284521154162490575E-03
       -4.809999999999769570990792999510    5.399410952407121370988374309263E-03
       -4.808999999999769237035707192263    5.451188891746352148393039982466E-03
       -4.807999999999768903080621385016    5.503452267393324319477709849480E-03
       -4.806999999999768569125535577768    5.556205521814959989723714528509E-03
       -4.805999999999768235170449770521    5.609453137089269979254080311648E-03
       -4.804999999999767901215363963274    5.663199635248724987668378361150E-03
       -4.803999999999767567260278156027    5.717449578626518542912027243119E-03
       -4.802999999999767233305192348780    5.772207570205737346691332589899E-03
       -4.801999999999766899350106541533    5.827478253971463302562927566441E-03
       -4.800999999999766565395020734286    5.883266315265834982273229769589E-03
       -4.799999999999766231439934927039    5.939576481146089347029626281937E-03
       -4.798999999999765897484849119792    5.996413520745608009832050555588E-03
       -4.797999999999765563529763312545    6.053782245637995794440566754702E-03
       -4.796999999999765229574677505298    6.111687510204212407660673278542E-03
       -4.795999999999764895619591698050    6.170134212002779776351513163490E-03
       -4.794999999999764561664505890803    6.229127292143101478349986876992E-03
       -4.793999999999764227709420083556    6.288671735661904675651623364274E-03
       -4.792999999999763893754334276309    6.348772571902835774870776930356E-03
       -4.791999999999763559799248469062    6.409434874899241040002717539892E-03
       -4.790999999999763225844162661815    6.470663763760147769998898326094E-03
       -4.789999999999762891889076854568    6.532464403059485939795347775316E-03
       -4.788999999999762557933991047321    6.594842003228557243688090494516E-03
       -4.787999999999762223978905240074    6.657801820951796643865971958576E-03
       -4.786999999999761890023819432827    6.721349159565838567165219075150E-03
       -4.785999999999761556068733625580    6.785489369461927648685684033580E-03
       -4.784999999999761222113647818333    6.850227848491684430609627298736E-03
       -4.783999999999760888158562011085    6.915570042376271119033415146760E-03
       -4.782999999999760554203476203838    6.981521445118974746046891510787E-03
       -4.781999999999760220248390396591    7.048087599421232023189087811943E-03
       -4.780999999999759886293304589344    7.115274097102139254367170195792E-03
       -4.779999999999759552338218782097    7.183086579521450777685576127851E-03
       -4.778999999999759218383132974850    7.251530738006123182060047582809E-03
       -4.777999999999758884428047167603    7.320612314280407033340036804248E-03
       -4.776999999999758550472961360356    7.390337100899529478026384055056E-03
       -4.775999999999758216517875553109    7.460710941686998949606834941051E-03
       -4.774999999999757882562789745862    7.531739732175551059467633052691E-03
       -4.773999999999757548607703938615    7.603429420051770366850707461026E-03
       -4.772999999999757214652618131367    7.675786005604419252879022650404E-03
       -4.771999999999756880697532324120    7.748815542176499919502230540047E-03
       -4.770999999999756546742446516873    7.822524136621083340470406142231E-03
       -4.769999999999756212787360709626    7.896917949760929450464530532372E-03
       -4.768999999999755878832274902379    7.972003196851935868938454632371E-03
       -4.767999999999755544877189095132    8.047786148050441179524483459318E-03
       -4.766999999999755210922103287885    8.124273128884418326833838364109E-03
       -4.765999999999754876967017480638    8.201470520728587620951088865695E-03
       -4.764999999999754543011931673391    8.279384761283474503112955744655E-03
       -4.763999999999754209056845866144    8.358022345058450236487956885867E-03
       -4.762999999999753875101760058897    8.437389823858797155420319313635E-03
       -4.761999999999753541146674251650    8.517493807276805412032061326499E-03
       -4.760999999999753207191588444402    8.598340963186953261887524035956E-03
       -4.759999999999752873236502637155    8.679938018245202113742919891592E-03
       -4.758999999999752539281416829908    8.762291758392430629509561867962E-03
       -4.757999999999752205326331022661    8.845409029362049507794196756549E-03
       -4.756999999999751871371245215414    8.929296737191828176039010145359E-03
       -4.755999999999751537416159408167    9.013961848739957677389966761439E-03
       -4.754999999999751203461073600920    9.099411392205408732891669387755E-03
       -4.753999999999750869505987793673    9.185652457652581509561784400830E-03
       -4.752999999999750535550901986426    9.272692197540326891624928862257E-03
       -4.751999999999750201595816179179    9.360537827255321907671259396011E-03
       -4.750999999999749867640730371932    9.449196625649889519360513645552E-03
       -4.749999999999749533685644564684    9.538675935584252363330648449846E-03
       -4.748999999999749199730558757437    9.628983164473275957462305996160E-03
       -4.747999999999748865775472950190    9.720125784837743004862531392973E-03
       -4.746999999999748531820387142943    9.812111334860196959484213152791E-03
       -4.745999999999748197865301335696    9.904947418945354853381246584831E-03
       -4.744999999999747863910215528449    9.998641708285176121773218937960E-03
       -4.743999999999747529955129721202    1.009320194142858742591961629387E-02
       -4.742999999999747196000043913955    1.018863592485593286274259128277E-02
       -4.741999999999746862044958106708    1.028495153355814609175133966801E-02
       -4.740999999999746528089872299461    1.038215671162072070710102877911E-02
       -4.739999999999746194134786492214    1.048025947281250314091494146851E-02
       -4.738999999999745860179700684967    1.057926790117933585344545122098E-02
       -4.737999999999745526224614877719    1.067919015164259244343725185900E-02
       -4.736999999999745192269529070472    1.078003445060267406763188091645E-02
       -4.735999999999744858314443263225    1.088180909654746023051963277339E-02
       -4.734999999999744524359357455978    1.098452246066577986383094867051E-02
       -4.733999999999744190404271648731    1.108818298746594432913070704672E-02
       -4.732999999999743856449185841484    1.119279919539937009909102982874E-02
       -4.731999999999743522494100034237    1.129837967748935009804078788420E-02
       -4.730999999999743188539014226990    1.140493310196497717123875759171E-02
       -4.729999999999742854583928419743    1.151246821290031682738508322927E-02
       -4.728999999999742520628842612496    1.162099383085881537658323736650E-02
       -4.727999999999742186673756805249    1.173051885354302673047932614736E-02
       -4.726999999999741852718670998001    1.184105225644966827291959532431E-02
       -4.725999999999741518763585190754    1.195260309353007172061822416254E-02
       -4.724999999999741184808499383507    1.206518049785606713775187870397E-02
       -4.723999999999740850853413576260    1.217879368229132786005664002005E-02
       -4.722999999999740516898327769013    1.229345194016824224791939457191E-02
       -4.721999999999740182943241961766    1.240916464597032961569844644600E-02
       -4.720999999999739848988156154519    1.252594125602027319565934249113E-02
       -4.719999999999739515033070347272    1.264379130917359789210152598571E-02
       -4.718999999999739181077984540025    1.276272442751803098959229032516E-02
       -4.717999999999738847122898732778    1.288275031707861867369402375516E-02
       -4.716999999999738513167812925531    1.300387876852860183363169710447E-02
       -4.715999999999738179212727118284    1.312611965790614135252134531129E-02
       -4.714999999999737845257641311036    1.324948294733689288515954274317E-02
       -4.713999999999737511302555503789    1.337397868576254214567633482602E-02
       -4.712999999999737177347469696542    1.349961700967526601058210644624E-02
       -4.711999999999736843392383889295    1.362640814385823045951084964145E-02
       -4.710999999999736509437298082048    1.375436240213215657868239816253E-02
       -4.709999999999736175482212274801    1.388349018810797891321229258210E-02
       -4.708999999999735841527126467554    1.401380199594567249610221892908E-02
       -4.707999999999735507572040660307    1.414530841111927977893358843176E-02
       -4.706999999999735173616954853060    1.427802011118821379209720134895E-02
       -4.705999999999734839661869045813    1.441194786657484447345289879649E-02
       -4.704999999999734505706783238566    1.454710254134844796269909750208E-02
       -4.703999999999734171751697431318    1.468349509401556049481563093195E-02
       -4.702999999999733837796611624071    1.482113657831678893428417609357E-02
       -4.701999999999733503841525816824    1.496003814403012999179054531851E-02
       -4.700999999999733169886440009577    1.510021103778085363456007428340E-02
       -4.699999999999732835931354202330    1.524166660385797150700781799060E-02
       -4.698999999999732501976268395083    1.538441628503739097566516136339E-02
       -4.697999999999732168021182587836    1.552847162341176867617065227023E-02
       -4.696999999999731834066096780589    1.567384426122714682905190386464E-02
       -4.695999999999731500111010973342    1.582054594172640354932113382347E-02
       -4.694999999999731166155925166095    1.596858850999955184435386001951E-02
       -4.693999999999730832200839358848    1.611798391384100526124711905140E-02
       -4.692999999999730498245753551601    1.626874420461378936697549590917E-02
       -4.691999999999730164290667744353    1.642088153812083090032913901268E-02
       -4.690999999999729830335581937106    1.657440817548330377895204890137E-02
       -4.689999999999729496380496129859    1.672933648402612910599529527644E-02
       -4.688999999999729162425410322612    1.688567893817068468753639365332E-02
       -4.687999999999728828470324515365    1.704344812033477263302216897500E-02
       -4.686999999999728494515238708118    1.720265672183992136656804916583E-02
       -4.685999999999728160560152900871    1.736331754382603592690159644008E-02
       -4.684999999999727826605067093624    1.752544349817348676157102715933E-02
       -4.683999999999727492649981286377    1.768904760843269252656995149664E-02
       -4.682999999999727158694895479130    1.785414301076125240252956416498E-02
       -4.681999999999726824739809671883    1.802074295486869731641732528260E-02
       -4.680999999999726490784723864635    1.818886080496888782431774700399E-02
       -4.679999999999726156829638057388    1.835851004074014192202213280325E-02
       -4.678999999999725822874552250141    1.852970425829318298904802020388E-02
       -4.677999999999725488919466442894    1.870245717114688011051271132601E-02
       -4.676999999999725154964380635647    1.887678261121196118810239283903E-02
       -4.675999999999724821009294828400    1.905269452978265026787951796905E-02
       -4.674999999999724487054209021153    1.923020699853635398501872089128E-02
       -4.673999999999724153099123213906    1.940933421054145263662249476511E-02
       -4.672999999999723819144037406659    1.959009048127325833266176857705E-02
       -4.671999999999723485188951599412    1.977249024963816798061699842037E-02
       -4.670999999999723151233865792165    1.995654807900612906501613963428E-02
       -4.669999999999722817278779984917    2.014227865825145291633901933892E-02
       -4.668999999999722483323694177670    2.032969680280203791933324453112E-02
       -4.667999999999722149368608370423    2.051881745569708592746849262767E-02
       -4.666999999999721815413522563176    2.070965568865336045578651180676E-02
       -4.665999999999721481458436755929    2.090222670314006297997977412706E-02
       -4.664999999999721147503350948682    2.109654583146240366953172440390E-02
       -4.663999999999720813548265141435    2.129262853785390818828204828606E-02
       -4.662999999999720479593179334188    2.149049041957755076803771032701E-02
       -4.661999999999720145638093526941    2.169014720803576212748708940126E-02
       -4.660999999999719811683007719694    2.189161476988940244203796225975E-02
       -4.659999999999719477727921912447    2.209490910818578263130618211108E-02
       -4.658999999999719143772836105200    2.230004636349574090314895613574E-02
       -4.657999999999718809817750297952    2.250704281505990639322689617075E-02
       -4.656999999999718475862664490705    2.271591488194421928903388163690E-02
       -4.655999999999718141907578683458    2.292667912420472825507644643039E-02
       -4.654999999999717807952492876211    2.313935224406178312039905620168E-02
       -4.653999999999717473997407068964    2.335395108708369915628821900100E-02
       -4.652999999999717140042321261717    2.357049264337990682194323710519E-02
       -4.651999999999716806087235454470    2.378899404880375351156729379909E-02
       -4.650999999999716472132149647223    2.400947258616494342509106729722E-02
       -4.649999999999716138177063839976    2.423194568645175434040694995019E-02
       -4.648999999999715804221978032729    2.445643093006306598158339227211E-02
       -4.647999999999715470266892225482    2.468294604805030406646793039727E-02
       -4.646999999999715136311806418234    2.491150892336934860593622431679E-02
       -4.645999999999714802356720610987    2.514213759214250359930176159651E-02
       -4.644999999999714468401634803740    2.537485024493061139261307346260E-02
       -4.643999999999714134446548996493    2.560966522801537414988359842027E-02
       -4.642999999999713800491463189246    2.584660104469195182619323247764E-02
       -4.641999999999713466536377381999    2.608567635657196848164574021212E-02
       -4.640999999999713132581291574752    2.632690998489694775286373840117E-02
       -4.639999999999712798626205767505    2.657032091186226074874809910398E-02
       -4.638999999999712464671119960258    2.681592828195171820948594643141E-02
       -4.637999999999712130716034153011    2.706375140328286243995847826227E-02
       -4.636999999999711796760948345764    2.731380974896300065091203634893E-02
       -4.635999999999711462805862538517    2.756612295845613236355831077162E-02
       -4.634999999999711128850776731269    2.782071083896081944986100609185E-02
       -4.633999999999710794895690924022    2.807759336679906125855410436998E-02
       -4.632999999999710460940605116775    2.833679068881629972698199537717E-02
       -4.631999999999710126985519309528    2.859832312379265162327612870286E-02
       -4.630999999999709793030433502281    2.886221116386538873554989947934E-02
       -4.629999999999709459075347695034    2.912847547596277703041423023933E-02
       -4.628999999999709125120261887787    2.939713690324943437537363877254E-02
       -4.627999999999708791165176080540    2.966821646658320682510279198141E-02
       -4.626999999999708457210090273293    2.994173536598366061611820043709E-02
       -4.625999999999708123255004466046    3.021771498211232864772313178037E-02
       -4.624999999999707789299918658799    3.049617687776477389927087813248E-02
       -4.623999999999707455344832851551    3.077714279937454611157932049537E-02
       -4.622999999999707121389747044304    3.106063467852914969369315656422E-02
       -4.621999999999706787434661237057    3.134667463349809918282673493195E-02
       -4.620999999999706453479575429810    3.163528497077316981034300624742E-02
       -4.619999999999706119524489622563    3.192648818662089521547287063186E-02
       -4.618999999999705785569403815316    3.222030696864747190133471121953E-02
       -4.617999999999705451614318008069    3.251676419737612594440534508067E-02
       -4.616999999999705117659232200822    3.281588294783700787693447864513E-02
       -4.615999999999704783704146393575    3.311768649116978574520331335407E-02
       -4.614999999999704449749060586328    3.342219829623899185477853279735E-02
       -4.613999999999704115793974779081    3.372944203126217871391290259453E-02
       -4.612999999999703781838888971834    3.403944156545107846412179242179E-02
       -4.611999999999703447883803164586    3.435222097066580743129904362831E-02
       -4.610999999999703113928717357339    3.466780452308217130852341369973E-02
       -4.609999999999702779973631550092    3.498621670487230689294833041458E-02
       -4.608999999999702446018545742845    3.530748220589857711004810880695E-02
       -4.607999999999702112063459935598    3.563162592542102463655240285334E-02
       -4.606999999999701778108374128351    3.595867297381828697755423718263E-02
       -4.605999999999701444153288321104    3.628864867432222279797215946928E-02
       -4.604999999999701110198202513857    3.662157856476629114172993695320E-02
       -4.603999999999700776243116706610    3.695748839934786394989529867416E-02
       -4.602999999999700442288030899363    3.729640415040437473326306871968E-02
       -4.601999999999700108332945092116    3.763835201020369197744130929095E-02
       -4.600999999999699774377859284868    3.798335839274859238035020325697E-02
       -4.599999999999699440422773477621    3.833144993559558372231421685683E-02
       -4.598999999999699106467687670374    3.868265350168811900211096599378E-02
       -4.597999999999698772512601863127    3.903699618120429898349144082204E-02
       -4.596999999999698438557516055880    3.939450529341925744120089802891E-02
       -4.595999999999698104602430248633    3.975520838858222910650042081215E-02
       -4.594999999999697770647344441386    4.011913324980853623458187939832E-02
       -4.593999999999697436692258634139    4.048630789498645216051286865877E-02
       -4.592999999999697102737172826892    4.085676057869924715504339474137E-02
       -4.591999999999696768782087019645    4.123051979416229168018404038776E-02
       -4.590999999999696434827001212398    4.160761427517563337818984336991E-02
       -4.589999999999696100871915405151    4.198807299809185350492057864358E-02
       -4.588999999999695766916829597903    4.237192518379953587448483176559E-02
       -4.587999999999695432961743790656    4.275920029972241770410690264725E-02
       -4.586999999999695099006657983409    4.314992806183425011479215527288E-02
       -4.585999999999694765051572176162    4.354413843668959033239573841456E-02
       -4.584999999999694431096486368915    4.394186164347060885582152423012E-02
       -4.583999999999694097141400561668    4.434312815605007812580495851762E-02
       -4.582999999999693763186314754421    4.474796870507058432764324606978E-02
       -4.581999999999693429231228947174    4.515641428004008722796314145853E-02
       -4.580999999999693095276143139927    4.556849613144406396791907809529E-02
       -4.579999999999692761321057332680    4.598424577287426456839725119607E-02
       -4.578999999999692427365971525433    4.640369498317420404731592498138E-02
       -4.577999999999692093410885718185    4.682687580860155768247565788442E-02
       -4.576999999999691759455799910938    4.725382056500757044226190828340E-02
       -4.575999999999691425500714103691    4.768456184003363323986590671666E-02
       -4.574999999999691091545628296444    4.811913249532510927775064146772E-02
       -4.573999999999690757590542489197    4.855756566876254926024003566454E-02
       -4.572999999999690423635456681950    4.899989477671047588547281748106E-02
       -4.571999999999690089680370874703    4.944615351628383476123573814220E-02
       -4.570999999999689755725285067456    4.989637586763222276697860024797E-02
       -4.569999999999689421770199260209    5.035059609624208815104040581900E-02
       -4.568999999999689087815113452962    5.080884875525694399645004750710E-02
       -4.567999999999688753860027645715    5.127116868781584485548208363070E-02
       -4.566999999999688419904941838467    5.173759102941019594190663610789E-02
       -4.565999999999688085949856031220    5.220815121025903365881148943117E-02
       -4.564999999999687751994770223973    5.268288495770295787323789227230E-02
       -4.563999999999687418039684416726    5.316182829861677144878129297467E-02
       -4.562999999999687084084598609479    5.364501756184106295854974177928E-02
       -4.561999999999686750129512802232    5.413248938063285747857023011420E-02
       -4.560999999999686416174426994985    5.462428069513540485058200601998E-02
       -4.559999999999686082219341187738    5.512042875486735521439740637106E-02
       -4.558999999999685748264255380491    5.562097112123134956540582152229E-02
       -4.557999999999685414309169573244    5.612594567004230289297694866946E-02
       -4.556999999999685080354083765997    5.663539059407542153312675736743E-02
       -4.555999999999684746398997958750    5.714934440563416290226328442259E-02
       -4.554999999999684412443912151502    5.766784593913826251210252848978E-02
       -4.553999999999684078488826344255    5.819093435373196704363252251824E-02
       -4.552999999999683744533740537008    5.871864913591265389136708563456E-02
       -4.551999999999683410578654729761    5.925103010217998983355514042159E-02
       -4.550999999999683076623568922514    5.978811740170575372843586592353E-02
       -4.549999999999682742668483115267    6.032995151902451752556899577939E-02
       -4.548999999999682408713397308020    6.087657327674526885896710837187E-02
       -4.547999999999682074758311500773    6.142802383828423889999825746600E-02
       -4.546999999999681740803225693526    6.198434471061903261457359803899E-02
       -4.545999999999681406848139886279    6.254557774706417938581637372408E-02
       -4.544999999999681072893054079032    6.311176515006838849686232606473E-02
       -4.543999999999680738937968271784    6.368294947403352335157933339360E-02
       -4.542999999999680404982882464537    6.425917362815553035559901218221E-02
       -4.541999999999680071027796657290    6.484048087928756531894691761408E-02
       -4.540999999999679737072710850043    6.542691485482532431916524728877E-02
       -4.539999999999679403117625042796    6.601851954561480106953297308792E-02
       -4.538999999999679069162539235549    6.661533930888280385929078875051E-02
       -4.537999999999678735207453428302    6.721741887119012104356841064146E-02
       -4.536999999999678401252367621055    6.782480333140766814992161926057E-02
       -4.535999999999678067297281813808    6.843753816371578313493273526547E-02
       -4.534999999999677733342196006561    6.905566922062680856875260815286E-02
       -4.533999999999677399387110199314    6.967924273603118279218904262962E-02
       -4.532999999999677065432024392067    7.030830532826715106864412518917E-02
       -4.531999999999676731476938584819    7.094290400321426326435414466687E-02
       -4.530999999999676397521852777572    7.158308615741093561268826306332E-02
       -4.529999999999676063566766970325    7.222889958119621534038401478028E-02
       -4.528999999999675729611681163078    7.288039246187577591129524989810E-02
       -4.527999999999675395656595355831    7.353761338691258697686237155722E-02
       -4.526999999999675061701509548584    7.420061134714228678888048307272E-02
       -4.525999999999674727746423741337    7.486943574001339585244352292648E-02
       -4.524999999999674393791337934090    7.554413637285273264154739081278E-02
       -4.523999999999674059836252126843    7.622476346615594811062521785061E-02
       -4.522999999999673725881166319596    7.691136765690367860237586228322E-02
       -4.521999999999673391926080512349    7.760400000190328939631001503585E-02
       -4.520999999999673057970994705101    7.830271198115651420934568704979E-02
       -4.519999999999672724015908897854    7.900755550125304615960430965060E-02
       -4.518999999999672390060823090607    7.971858289879044101589045112632E-02
       -4.517999999999672056105737283360    8.043584694382047151073322766024E-02
       -4.516999999999671722150651476113    8.115940084332193271698940861825E-02
       -4.515999999999671388195565668866    8.188929824470053686624737565580E-02
       -4.514999999999671054240479861619    8.262559323931556454212454809749E-02
       -4.513999999999670720285394054372    8.336834036603393838227304968314E-02
       -4.512999999999670386330308247125    8.411759461481155275563992290699E-02
       -4.511999999999670052375222439878    8.487341143030235901534297227045E-02
       -4.510999999999669718420136632631    8.563584671549523408273785207712E-02
       -4.509999999999669384465050825384    8.640495683537885440728132380173E-02
       -4.508999999999669050509965018136    8.718079862063482510237122369290E-02
       -4.507999999999668716554879210889    8.796342937135925854619245001231E-02
       -4.506999999999668382599793403642    8.875290686081308000332512619934E-02
       -4.505999999999668048644707596395    8.954928933920108802269055559009E-02
       -4.504999999999667714689621789148    9.035263553748018594546920212451E-02
       -4.503999999999667380734535981901    9.116300467119689554529315955733E-02
       -4.502999999999667046779450174654    9.198045644435440260089364983287E-02
       -4.501999999999666712824364367407    9.280505105330921766793039751064E-02
       -4.500999999999666378869278560160    9.363684919069797940593957719102E-02
       -4.499999999999666044914192752913    9.447591204939434494924910268310E-02
       -4.498999999999665710959106945666    9.532230132649621712204179857508E-02
       -4.497999999999665377004021138418    9.617607922734366932004945738299E-02
       -4.496999999999665043048935331171    9.703730846956767908118024479336E-02
       -4.495999999999664709093849523924    9.790605228716994790083560928906E-02
       -4.494999999999664375138763716677    9.878237443463402933652162118960E-02
       -4.493999999999664041183677909430    9.966633919106801520193528176605E-02
       -4.492999999999663707228592102183    1.005580113643789463839794962041E-01
       -4.491999999999663373273506294936    1.014574562954791425717360198178E-01
       -4.490999999999663039318420487689    1.023647398625249227421818432049E-01
       -4.489999999999662705363334680442    1.032799284851877441582246319740E-01
       -4.488999999999662371408248873195    1.042030891289579819236621460732E-01
       -4.487999999999662037453163065948    1.051342893094816821619730262682E-01
       -4.486999999999661703498077258701    1.060735970969305663746951040594E-01
       -4.485999999999661369542991451453    1.070210811204053980016936975517E-01
       -4.484999999999661035587905644206    1.079768105723730164946516651980E-01
       -4.483999999999660701632819836959    1.089408552131374274818398362186E-01
       -4.482999999999660367677734029712    1.099132853753449490241678176972E-01
       -4.481999999999660033722648222465    1.108941719685237192738469502729E-01
       -4.480999999999659699767562415218    1.118835864836580373804508781177E-01
       -4.479999999999659365812476607971    1.128816009977975931555249644589E-01
       -4.478999999999659031857390800724    1.138882881787017797847738620476E-01
       -4.477999999999658697902304993477    1.149037212895195059214614730081E-01
       -4.476999999999658363947219186230    1.159279741935048124723550699855E-01
       -4.475999999999658029992133378983    1.169611213587683218317891942206E-01
       -4.474999999999657696037047571735    1.180032378630649081419079493571E-01
       -4.473999999999657362081961764488    1.190543993986179771571443097855E-01
       -4.472999999999657028126875957241    1.201146822769803834685120591530E-01
       -4.471999999999656694171790149994    1.211841634339324846880714403596E-01
       -4.470999999999656360216704342747    1.222629204344173325935685170407E-01
       -4.469999999999656026261618535500    1.233510314775135841003361747426E-01
       -4.468999999999655692306532728253    1.244485754014462153271836086788E-01
       -4.467999999999655358351446921006    1.255556316886353163120304543554E-01
       -4.466999999999655024396361113759    1.266722804707832161774661017262E-01
       -4.465999999999654690441275306512    1.277986025340004938577465054550E-01
       -4.464999999999654356486189499265    1.289346793239707356093504131422E-01
       -4.463999999999654022531103692017    1.300805929511546499277585553500E-01
       -4.462999999999653688576017884770    1.312364261960335953816070286848E-01
       -4.461999999999653354620932077523    1.324022625143931319868784157734E-01
       -4.460999999999653020665846270276    1.335781860426464295876769483584E-01
       -4.459999999999652686710760463029    1.347642816031981438662512573501E-01
       -4.458999999999652352755674655782    1.359606347098491485603233286383E-01
       -4.457999999999652018800588848535    1.371673315732420128654212021502E-01
       -4.456999999999651684845503041288    1.383844591063480011783326517616E-01
       -4.455999999999651350890417234041    1.396121049299953176259236897749E-01
       -4.454999999999651016935331426794    1.408503573784395945800440586027E-01
       -4.453999999999650682980245619547    1.420993055049762920916123221104E-01
       -4.452999999999650349025159812300    1.433590390875958409111490254872E-01
       -4.451999999999650015070074005052    1.446296486346813070511529986106E-01
       -4.450999999999649681114988197805    1.459112253907494105575892717752E-01
       -4.449999999999649347159902390558    1.472038613422347319570349100104E-01
       -4.448999999999649013204816583311    1.485076492233179390467512348550E-01
       -4.447999999999648679249730776064    1.498226825217978674942287398153E-01
       -4.446999999999648345294644968817    1.511490554850079548465657808265E-01
       -4.445999999999648011339559161570    1.524868631257774720388908917812E-01
       -4.444999999999647677384473354323    1.538362012284378299575848814129E-01
       -4.443999999999647343429387547076    1.551971663548739055471514802775E-01
       -4.442999999999647009474301739829    1.565698558506214976837611629890E-01
       -4.441999999999646675519215932582    1.579543678510103577039558331307E-01
       -4.440999999999646341564130125334    1.593508012873538493003877647425E-01
       -4.439999999999646007609044318087    1.607592558931851822734415691230E-01
       -4.438999999999645673653958510840    1.621798322105406087167978057550E-01
       -4.437999999999645339698872703593    1.636126315962898591926943936414E-01
       -4.436999999999645005743786896346    1.650577562285145405418518294027E-01
       -4.435999999999644671788701089099    1.665153091129343287946085183648E-01
       -4.434999999999644337833615281852    1.679853940893817343393834562448E-01
       -4.433999999999644003878529474605    1.694681158383253283261637989199E-01
       -4.432999999999643669923443667358    1.709635798874422074611345578887E-01
       -4.431999999999643335968357860111    1.724718926182398637259041151992E-01
       -4.430999999999643002013272052864    1.739931612727278475993841766467E-01
       -4.429999999999642668058186245617    1.755274939601395578492315507901E-01
       -4.428999999999642334103100438369    1.770749996637045464709103725909E-01
       -4.427999999999642000148014631122    1.786357882474715053078284654475E-01
       -4.426999999999641666192928823875    1.802099704631827670198163104942E-01
       -4.425999999999641332237843016628    1.817976579572002648887973919045E-01
       -4.424999999999640998282757209381    1.833989632774835620843134620372E-01
       -4.423999999999640664327671402134    1.850139998806199503889047264238E-01
       -4.422999999999640330372585594887    1.866428821389074510506134174648E-01
       -4.421999999999639996417499787640    1.882857253474909398072156818671E-01
       -4.420999999999639662462413980393    1.899426457315517291490891693684E-01
       -4.419999999999639328507328173146    1.916137604535509963987749415537E-01
       -4.418999999999638994552242365899    1.932991876205273906741410883114E-01
       -4.417999999999638660597156558651    1.949990462914492628243579019909E-01
       -4.416999999999638326642070751404    1.967134564846219624278944593243E-01
       -4.415999999999637992686984944157    1.984425391851507014528976924339E-01
       -4.414999999999637658731899136910    2.001864163524590956022564114392E-01
       -4.413999999999637324776813329663    2.019452109278636608991064349539E-01
       -4.412999999999636990821727522416    2.037190468422054867581039161450E-01
       -4.411999999999636656866641715169    2.055080490235383083863496267440E-01
       -4.410999999999636322911555907922    2.073123434048745328261986742291E-01
       -4.409999999999635988956470100675    2.091320569319888300618970333744E-01
       -4.408999999999635655001384293428    2.109673175712798443015572047443E-01
       -4.407999999999635321046298486181    2.128182543176909691240439315152E-01
       -4.406999999999634987091212678934    2.146849972026899644461650495941E-01
       -4.405999999999634653136126871686    2.165676773023079149105285523547E-01
       -4.404999999999634319181041064439    2.184664267452384178724855701148E-01
       -4.403999999999633985225955257192    2.203813787209970564973104956152E-01
       -4.402999999999633651270869449945    2.223126674881414355233744117868E-01
       -4.401999999999633317315783642698    2.242604283825527788920339844481E-01
       -4.400999999999632983360697835451    2.262247978257788671996308949019E-01
       -4.399999999999632649405612028204    2.282059133334392031500215125561E-01
       -4.398999999999632315450526220957    2.302039135236927935856954263727E-01
       -4.397999999999631981495440413710    2.322189381257687701420877601777E-01
       -4.396999999999631647540354606463    2.342511279885606256812025094405E-01
       -4.395999999999631313585268799216    2.363006250892840109933956682653E-01
       -4.394999999999630979630182991968    2.383675725421990354568890779774E-01
       -4.393999999999630645675097184721    2.404521146073975712553760786250E-01
       -4.392999999999630311720011377474    2.425543966996553946202652696229E-01
       -4.391999999999629977764925570227    2.446745653973502743205870046950E-01
       -4.390999999999629643809839762980    2.468127684514463404674700086616E-01
       -4.389999999999629309854753955733    2.489691547945449001666418098466E-01
       -4.388999999999628975899668148486    2.511438745500022551304653006810E-01
       -4.387999999999628641944582341239    2.533370790411156314725360516604E-01
       -4.386999999999628307989496533992    2.555489208003764445287231410475E-01
       -4.385999999999627974034410726745    2.577795535787927305726441318257E-01
       -4.384999999999627640079324919498    2.600291323552804123586668083590E-01
       -4.383999999999627306124239112251    2.622978133461240646262524478516E-01
       -4.382999999999626972169153305003    2.645857540145076236548504766688E-01
       -4.381999999999626638214067497756    2.668931130801158180254617491300E-01
       -4.380999999999626304258981690509    2.692200505288063205888704487734E-01
       -4.379999999999625970303895883262    2.715667276223536208412667747325E-01
       -4.378999999999625636348810076015    2.739333069082650617964702632889E-01
       -4.377999999999625302393724268768    2.763199522296691523770562071149E-01
       -4.376999999999624968438638461521    2.787268287352767104358974847855E-01
       -4.375999999999624634483552654274    2.811541028894161686757513507473E-01
       -4.374999999999624300528466847027    2.836019424821427103999837981974E-01
       -4.373999999999623966573381039780    2.860705166394213461167339573876E-01
       -4.372999999999623632618295232533    2.885599958333863734871727046993E-01
       -4.371999999999623298663209425285    2.910705518926752222164111572056E-01
       -4.370999999999622964708123618038    2.936023580128393484223181530979E-01
       -4.369999999999622630753037810791    2.961555887668314013261294803669E-01
       -4.368999999999622296797952003544    2.987304201155699945324784039258E-01
       -4.367999999999621962842866196297    3.013270294185817488319401036279E-01
       -4.366999999999621628887780389050    3.039455954447223828829294234311E-01
       -4.365999999999621294932694581803    3.065862983829760746168346940976E-01
       -4.364999999999620960977608774556    3.092493198533345366563196421339E-01
       -4.363999999999620627022522967309    3.119348429177562498360032350320E-01
       -4.362999999999620293067437160062    3.146430520912059658478199253295E-01
       -4.361999999999619959112351352815    3.173741333527754782117824561283E-01
       -4.360999999999619625157265545567    3.201282741568862166836595406494E-01
       -4.359999999999619291202179738320    3.229056634445739981664758033730E-01
       -4.358999999999618957247093931073    3.257064916548568223042536828871E-01
       -4.357999999999618623292008123826    3.285309507361856007356948339293E-01
       -4.356999999999618289336922316579    3.313792341579795963646404288738E-01
       -4.355999999999617955381836509332    3.342515369222459065134955835674E-01
       -4.354999999999617621426750702085    3.371480555752843222272474577039E-01
       -4.353999999999617287471664894838    3.400689882194782298618918048305E-01
       -4.352999999999616953516579087591    3.430145345251716659795704345015E-01
       -4.351999999999616619561493280344    3.459848957426331916842343616736E-01
       -4.350999999999616285606407473097    3.489802747141079186654621935304E-01
       -4.349999999999615951651321665850    3.520008758859572428612239036738E-01
       -4.348999999999615617696235858602    3.550469053208878400518244689010E-01
       -4.347999999999615283741150051355    3.581185707102697013404224435362E-01
       -4.346999999999614949786064244108    3.612160813865446518100554840203E-01
       -4.345999999999614615830978436861    3.643396483357250192902654362115E-01
       -4.344999999999614281875892629614    3.674894842099844516347673106793E-01
       -4.343999999999613947920806822367    3.706658033403397722871375208342E-01
       -4.342999999999613613965721015120    3.738688217494264276474780217541E-01
       -4.341999999999613280010635207873    3.770987571643666380616366495815E-01
       -4.340999999999612946055549400626    3.803558290297314736783107491647E-01
       -4.339999999999612612100463593379    3.836402585205974102855464025197E-01
       -4.338999999999612278145377786132    3.869522685556985863719603457866E-01
       -4.337999999999611944190291978884    3.902920838106745393680796496483E-01
       -4.336999999999611610235206171637    3.936599307314145312908237883676E-01
       -4.335999999999611276280120364390    3.970560375474993519695487975696E-01
       -4.334999999999610942325034557143    4.004806342857405998536535207677E-01
       -4.333999999999610608369948749896    4.039339527838192167585873448843E-01
       -4.332999999999610274414862942649    4.074162267040224993941421871568E-01
       -4.331999999999609940459777135402    4.109276915470816970987755212263E-01
       -4.330999999999609606504691328155    4.144685846661096406684521298303E-01
       -4.329999999999609272549605520908    4.180391452806406227260538344126E-01
       -4.328999999999608938594519713661    4.216396144907711973637276514637E-01
       -4.327999999999608604639433906414    4.252702352914048966603388635122E-01
       -4.326999999999608270684348099167    4.289312525865995318063994545810E-01
       -4.325999999999607936729262291919    4.326229132040190772379162353900E-01
       -4.324999999999607602774176484672    4.363454659094903598237635833357E-01
       -4.323999999999607268819090677425    4.400991614216654412850004973734E-01
       -4.322999999999606934864004870178    4.438842524267902489576442803809E-01
       -4.321999999999606600908919062931    4.477009935935803430773205491278E-01
       -4.320999999999606266953833255684    4.515496415882048197865117344918E-01
       -4.319999999999605932998747448437    4.554304550893783498644040719228E-01
       -4.318999999999605599043661641190    4.593436948035627964692650948564E-01
       -4.317999999999605265088575833943    4.632896234802787449602590186259E-01
       -4.316999999999604931133490026696    4.672685059275280550217246400280E-01
       -4.315999999999604597178404219449    4.712806090273281012237305276358E-01
       -4.314999999999604263223318412201    4.753262017513581461081173529237E-01
       -4.313999999999603929268232604954    4.794055551767190670453544498741E-01
       -4.312999999999603595313146797707    4.835189425018067699291179906140E-01
       -4.311999999999603261358060990460    4.876666390623006219762203272694E-01
       -4.310999999999602927402975183213    4.918489223472673477211003500997E-01
       -4.309999999999602593447889375966    4.960660720153809433163871744910E-01
       -4.308999999999602259492803568719    5.003183699112601079406204007682E-01
       -4.307999999999601925537717761472    5.046061000819233033354294093442E-01
       -4.306999999999601591582631954225    5.089295487933622741394401600701E-01
       -4.305999999999601257627546146978    5.132890045472360274203538210713E-01
       -4.304999999999600923672460339731    5.176847580976844387379287582007E-01
       -4.303999999999600589717374532484    5.221171024682624839385880477494E-01
       -4.302999999999600255762288725236    5.265863329689981497949702315964E-01
       -4.301999999999599921807202917989    5.310927472135720250889789895155E-01
       -4.300999999999599587852117110742    5.356366451366201264505662038573E-01
       -4.299999999999599253897031303495    5.402183290111628455321124420152E-01
       -4.298999999999598919941945496248    5.448381034661575750277506813291E-01
       -4.297999999999598585986859689001    5.494962755041790103405219269916E-01
       -4.296999999999598252031773881754    5.541931545192260166743380978005E-01
       -4.295999999999597918076688074507    5.589290523146557276845669548493E-01
       -4.294999999999597584121602267260    5.637042831212479843117080235970E-01
       -4.293999999999597250166516460013    5.685191636153981153967151840334E-01
       -4.292999999999596916211430652766    5.733740129374413907470398044097E-01
       -4.291999999999596582256344845518    5.782691527101087025641845684731E-01
       -4.290999999999596248301259038271    5.832049070571141413665827712975E-01
       -4.289999999999595914346173231024    5.881816026218771309430621840875E-01
       -4.288999999999595580391087423777    5.931995685863769018908442376414E-01
       -4.287999999999595246436001616530    5.982591366901439666747819501325E-01
       -4.286999999999594912480915809283    6.033606412493870418956021239865E-01
       -4.285999999999594578525830002036    6.085044191762563059455715119839E-01
       -4.284999999999594244570744194789    6.136908099982456565868460529600E-01
       -4.283999999999593910615658387542    6.189201558777330802740834769793E-01
       -4.282999999999593576660572580295    6.241928016316613536673685302958E-01
       -4.281999999999593242705486773048    6.295090947513590773354508201010E-01
       -4.280999999999592908750400965801    6.348693854225035959615297542769E-01
       -4.279999999999592574795315158553    6.402740265452271373192161263432E-01
       -4.278999999999592240840229351306    6.457233737543659479740654205671E-01
       -4.277999999999591906885143544059    6.512177854398539800229173124535E-01
       -4.276999999999591572930057736812    6.567576227672629052278807648690E-01
       -4.275999999999591238974971929565    6.623432496984884565449647197966E-01
       -4.274999999999590905019886122318    6.679750330125839852257740858477E-01
       -4.273999999999590571064800315071    6.736533423267432318937153468141E-01
       -4.272999999999590237109714507824    6.793785501174323115947117912583E-01
       -4.271999999999589903154628700577    6.851510317416724671346628383617E-01
       -4.270999999999589569199542893330    6.909711654584747009266720851883E-01
       -4.269999999999589235244457086083    6.968393324504265073926490003942E-01
       -4.268999999999588901289371278835    7.027559168454329263653335146955E-01
       -4.267999999999588567334285471588    7.087213057386123615799533581594E-01
       -4.266999999999588233379199664341    7.147358892143476083447239943780E-01
       -4.265999999999587899424113857094    7.208000603684943108362404018408E-01
       -4.264999999999587565469028049847    7.269142153307472931089705525665E-01
       -4.263999999999587231513942242600    7.330787532871656519972702881205E-01
       -4.262999999999586897558856435353    7.392940765028581662221540682367E-01
       -4.261999999999586563603770628106    7.455605903448292437474265170749E-01
       -4.260999999999586229648684820859    7.518787033049882939650387925212E-01
       -4.259999999999585895693599013612    7.582488270233214144866451533744E-01
       -4.258999999999585561738513206365    7.646713763112273909428040497005E-01
       -4.257999999999585227783427399117    7.711467691750204522804779116996E-01
       -4.256999999999584893828341591870    7.776754268395988933804119369597E-01
       -4.255999999999584559873255784623    7.842577737722806752174165012548E-01
       -4.254999999999584225918169977376    7.908942377068093332326270683552E-01
       -4.253999999999583891963084170129    7.975852496675297498285317487898E-01
       -4.252999999999583558007998362882    8.043312439937342350759763576207E-01
       -4.251999999999583224052912555635    8.111326583641815801684060716070E-01
       -4.250999999999582890097826748388    8.179899338217897497571584608522E-01
       -4.249999999999582556142740941141    8.249035147985024352124128199648E-01
       -4.248999999999582222187655133894    8.318738491403330215234745992348E-01
       -4.247999999999581888232569326647    8.389013881325837473923456855118E-01
       -4.246999999999581554277483519400    8.459865865252440553234691833495E-01
       -4.245999999999581220322397712152    8.531299025585687978434634715086E-01
       -4.244999999999580886367311904905    8.603317979888358557616356847575E-01
       -4.243999999999580552412226097658    8.675927381142864991403484964394E-01
       -4.242999999999580218457140290411    8.749131918012489350644500518683E-01
       -4.241999999999579884502054483164    8.822936315104454862989769026171E-01
       -4.240999999999579550546968675917    8.897345333234851771919693419477E-01
       -4.239999999999579216591882868670    8.972363769695439472684483916964E-01
       -4.238999999999578882636797061423    9.047996458522324925155544406152E-01
       -4.237999999999578548681711254176    9.124248270766528445818721593241E-01
       -4.236999999999578214726625446929    9.201124114766456862923860171577E-01
       -4.235999999999577880771539639682    9.278628936422304018805107261869E-01
       -4.234999999999577546816453832434    9.356767719472369737587769122911E-01
       -4.233999999999577212861368025187    9.435545485771330564972458887496E-01
       -4.232999999999576878906282217940    9.514967295570457839204436822911E-01
       -4.231999999999576544951196410693    9.595038247799823061257029621629E-01
       -4.230999999999576210996110603446    9.675763480352461698430488468148E-01
       -4.229999999999575877041024796199    9.757148170370564255193812641664E-01
       -4.228999999999575543085938988952    9.839197534533641320564356647083E-01
       -4.227999999999575209130853181705    9.921916829348740307636944635306E-01
       -4.226999999999574875175767374458    1.000531135144268501946385185875E+00
       -4.225999999999574541220681567211    1.008938643785636912753034266643E+00
       -4.224999999999574207265595759964    1.017414746634110800371786353935E+00
       -4.223999999999573873310509952717    1.025959985565707999199958067038E+00
       -4.222999999999573539355424145469    1.034574906587384157674591733667E+00
       -4.221999999999573205400338338222    1.043260059867296085656107607065E+00
       -4.220999999999572871445252530975    1.052015999765276488275844712916E+00
       -4.219999999999572537490166723728    1.060843284863522750782749426435E+00
       -4.218999999999572203535080916481    1.069742477997498442121582229447E+00
       -4.217999999999571869579995109234    1.078714146287053754491580548347E+00
       -4.216999999999571535624909301987    1.087758861167761326171898872417E+00
       -4.215999999999571201669823494740    1.096877198422471888505924653145E+00
       -4.214999999999570867714737687493    1.106069738213090625222889684665E+00
       -4.213999999999570533759651880246    1.115337065112575132275196665432E+00
       -4.212999999999570199804566072999    1.124679768137157198637510191475E+00
       -4.211999999999569865849480265751    1.134098440778789296246031881310E+00
       -4.210999999999569531894394458504    1.143593681037816223167169482622E+00
       -4.209999999999569197939308651257    1.153166091455876784976908311364E+00
       -4.208999999999568863984222844010    1.162816279149034182083255473117E+00
       -4.207999999999568530029137036763    1.172544855841135547080966716749E+00
       -4.206999999999568196074051229516    1.182352437897406405298283971206E+00
       -4.205999999999567862118965422269    1.192239646358277838089634315111E+00
       -4.204999999999567528163879615022    1.202207106973449013409549479547E+00
       -4.203999999999567194208793807775    1.212255450236187304113855134347E+00
       -4.202999999999566860253708000528    1.222385311417866882166549657995E+00
       -4.201999999999566526298622193281    1.232597330602747121020001941361E+00
       -4.200999999999566192343536386034    1.242892152722993914792937175662E+00
       -4.199999999999565858388450578786    1.253270427593943026067790924571E+00
       -4.198999999999565524433364771539    1.263732809949609459110320131003E+00
       -4.197999999999565190478278964292    1.274279959478441970333051358466E+00
       -4.196999999999564856523193157045    1.284912540859328045073084467731E+00
       -4.195999999999564522568107349798    1.295631223797846232059782778379E+00
       -4.194999999999564188613021542551    1.306436683062772496910497466160E+00
       -4.193999999999563854657935735304    1.317329598522837930119067095802E+00
       -4.192999999999563520702849928057    1.328310655183741806339980939811E+00
       -4.191999999999563186747764120810    1.339380543225420883146625783411E+00
       -4.190999999999562852792678313563    1.350539958039577603798875315988E+00
       -4.189999999999562518837592506316    1.361789600267467204020022109034E+00
       -4.188999999999562184882506699068    1.373130175837946831407521131041E+00
       -4.187999999999561850927420891821    1.384562396005788897923594049644E+00
       -4.186999999999561516972335084574    1.396086977390257777287274620903E+00
       -4.185999999999561183017249277327    1.407704642013954732249203516403E+00
       -4.184999999999560849062163470080    1.419416117341929739481543037982E+00
       -4.183999999999560515107077662833    1.431222136321064652975110220723E+00
       -4.182999999999560181151991855586    1.443123437419729038211357874388E+00
       -4.181999999999559847196906048339    1.455120764667708233019993713242E+00
       -4.180999999999559513241820241092    1.467214867696408520103545924940E+00
       -4.179999999999559179286734433845    1.479406501779338078961245628307E+00
       -4.178999999999558845331648626598    1.491696427872868158104324720625E+00
       -4.177999999999558511376562819351    1.504085412657275799830358664622E+00
       -4.176999999999558177421477012103    1.516574228578068561645864065213E+00
       -4.175999999999557843466391204856    1.529163653887593898872410136391E+00
       -4.174999999999557509511305397609    1.541854472686935872971503158624E+00
       -4.173999999999557175556219590362    1.554647474968099185588243926759E+00
       -4.172999999999556841601133783115    1.567543456656484091027436988952E+00
       -4.171999999999556507646047975868    1.580543219653655295786620627041E+00
       -4.170999999999556173690962168621    1.593647571880400848343128927809E+00
       -4.169999999999555839735876361374    1.606857327320091233247012496577E+00
       -4.168999999999555505780790554127    1.620173306062334672716929162561E+00
       -4.167999999999555171825704746880    1.633596334346931300274263776373E+00
       -4.166999999999554837870618939633    1.647127244608131535485995300405E+00
       -4.165999999999554503915533132385    1.660766875519195551191842241678E+00
       -4.164999999999554169960447325138    1.674516072037261382732253878203E+00
       -4.163999999999553836005361517891    1.688375685448519014641988178482E+00
       -4.162999999999553502050275710644    1.702346573413693109344535514538E+00
       -4.161999999999553168095189903397    1.716429600013841483274745769450E+00
       -4.160999999999552834140104096150    1.730625635796462669091511088482E+00
       -4.159999999999552500185018288903    1.744935557821923222121540675289E+00
       -4.158999999999552166229932481656    1.759360249710200774231338982645E+00
       -4.157999999999551832274846674409    1.773900601687945943751856248127E+00
       -4.156999999999551498319760867162    1.788557510635870650972378825827E+00
       -4.155999999999551164364675059915    1.803331880136454845597882012953E+00
       -4.154999999999550830409589252668    1.818224620521984080667721173086E+00
       -4.153999999999550496454503445420    1.833236648922913492043562655454E+00
       -4.152999999999550162499417638173    1.848368889316560848001813610608E+00
       -4.151999999999549828544331830926    1.863622272576135774357908303500E+00
       -4.150999999999549494589246023679    1.878997736520098937873513023078E+00
       -4.149999999999549160634160216432    1.894496225961862734266105690040E+00
       -4.148999999999548826679074409185    1.910118692759828595839621812047E+00
       -4.147999999999548492723988601938    1.925866095867764471449845586903E+00
       -4.146999999999548158768902794691    1.941739401385529584231903754699E+00
       -4.145999999999547824813816987444    1.957739582610139805751714447979E+00
       -4.144999999999547490858731180197    1.973867620087184748811637291510E+00
       -4.143999999999547156903645372950    1.990124501662593914375065651257E+00
       -4.142999999999546822948559565702    2.006511222534754779189825057983E+00
       -4.141999999999546488993473758455    2.023028785306985710690241830889E+00
       -4.140999999999546155038387951208    2.039678200040365929623931151582E+00
       -4.139999999999545821083302143961    2.056460484306924740849353838712E+00
       -4.138999999999545487128216336714    2.073376663243190698437956598355E+00
       -4.137999999999545153173130529467    2.090427769604107588463648426114E+00
       -4.136999999999544819218044722220    2.107614843817315453122773760697E+00
       -4.135999999999544485262958914973    2.124938934037798432541421789210E+00
       -4.134999999999544151307873107726    2.142401096202904753340590104926E+00
       -4.133999999999543817352787300479    2.160002394087739752137622417649E+00
       -4.132999999999543483397701493232    2.177743899360937263054438517429E+00
       -4.131999999999543149442615685984    2.195626691640803151983618590748E+00
       -4.130999999999542815487529878737    2.213651858551846096645476791309E+00
       -4.129999999999542481532444071490    2.231820495781684954295087663922E+00
       -4.128999999999542147577358264243    2.250133707138346039755560923368E+00
       -4.127999999999541813622272456996    2.268592604607947649242305487860E+00
       -4.126999999999541479667186649749    2.287198308412772718156702467240E+00
       -4.125999999999541145712100842502    2.305951947069734941919705306645E+00
       -4.124999999999540811757015035255    2.324854657449242800737465586280E+00
       -4.123999999999540477801929228008    2.343907584834459711942145077046E+00
       -4.122999999999540143846843420761    2.363111882980961198086333752144E+00
       -4.121999999999539809891757613514    2.382468714176801505288949556416E+00
       -4.120999999999539475936671806267    2.401979249302980790048422932159E+00
       -4.119999999999539141981585999019    2.421644667894321756307363102678E+00
       -4.118999999999538808026500191772    2.441466158200757519125545513816E+00
       -4.117999999999538474071414384525    2.461444917249034247674899233971E+00
       -4.116999999999538140116328577278    2.481582150904825034842815512093E+00
       -4.115999999999537806161242770031    2.501879073935268316120072995545E+00
       -4.114999999999537472206156962784    2.522336910071921955989182606572E+00
       -4.113999999999537138251071155537    2.542956892074145436311027879128E+00
       -4.112999999999536804295985348290    2.563740261792906593996121955570E+00
       -4.111999999999536470340899541043    2.584688270235018237030999443959E+00
       -4.110999999999536136385813733796    2.605802177627807303395002236357E+00
       -4.109999999999535802430727926549    2.627083253484215674689039587975E+00
       -4.108999999999535468475642119301    2.648532776668345967152617959073E+00
       -4.107999999999535134520556312054    2.670152035461438977392845117720E+00
       -4.106999999999534800565470504807    2.691942327628300546393802505918E+00
       -4.105999999999534466610384697560    2.713904960484169848200508567970E+00
       -4.104999999999534132655298890313    2.736041250962040649596929142717E+00
       -4.103999999999533798700213083066    2.758352525680431099885936419014E+00
       -4.102999999999533464745127275819    2.780840121011610044376993755577E+00
       -4.101999999999533130790041468572    2.803505383150277197046307264827E+00
       -4.100999999999532796834955661325    2.826349668182709606867319962475E+00
       -4.099999999999532462879869854078    2.849374342156364647848931781482E+00
       -4.098999999999532128924784046831    2.872580781149952855457740952261E+00
       -4.097999999999531794969698239584    2.895970371343979721245887049008E+00
       -4.096999999999531461014612432336    2.919544509091758222041335102404E+00
       -4.095999999999531127059526625089    2.943304600990895636414279579185E+00
       -4.094999999999530793104440817842    2.967252063955262642025445529725E+00
       -4.093999999999530459149355010595    2.991388325287436700250509602483E+00
       -4.092999999999530125194269203348    3.015714822751636603470615227707E+00
       -4.091999999999529791239183396101    3.040233004647136638709525868762E+00
       -4.090999999999529457284097588854    3.064944329882178131185810343595E+00
       -4.089999999999529123329011781607    3.089850268048367709639023814816E+00
       -4.088999999999528789373925974360    3.114952299495575616106179950293E+00
       -4.087999999999528455418840167113    3.140251915407334060148514254251E+00
       -4.086999999999528121463754359866    3.165750617876735617528538568877E+00
       -4.085999999999527787508668552618    3.191449919982837002407904947177E+00
       -4.084999999999527453553582745371    3.217351345867575318493436498102E+00
       -4.083999999999527119598496938124    3.243456430813193236417646403424E+00
       -4.082999999999526785643411130877    3.269766721320181090959522407502E+00
       -4.081999999999526451688325323630    3.296283775185735898105576779926E+00
       -4.080999999999526117733239516383    3.323009161582743509200099651935E+00
       -4.079999999999525783778153709136    3.349944461139285678541455126833E+00
       -4.078999999999525449823067901889    3.377091266018672932602839864558E+00
       -4.077999999999525115867982094642    3.404451180000013010840120841749E+00
       -4.076999999999524781912896287395    3.432025818559314878086752287345E+00
       -4.075999999999524447957810480148    3.459816808951123867643673293060E+00
       -4.074999999999524114002724672901    3.487825790290705718632580101257E+00
       -4.073999999999523780047638865653    3.516054413636773290363635169342E+00
       -4.072999999999523446092553058406    3.544504342074763059144970611669E+00
       -4.071999999999523112137467251159    3.573177250800659621177146618720E+00
       -4.070999999999522778182381443912    3.602074827205377971495181554928E+00
       -4.069999999999522444227295636665    3.631198770959707111671832535649E+00
       -4.068999999999522110272209829418    3.660550794099812321746867382899E+00
       -4.067999999999521776317124022171    3.690132621113302313631265860749E+00
       -4.066999999999521442362038214924    3.719945989025870147770547191612E+00
       -4.065999999999521108406952407677    3.749992647488505248531964753056E+00
       -4.064999999999520774451866600430    3.780274358865279182850827055518E+00
       -4.063999999999520440496780793183    3.810792898321713195741722302046E+00
       -4.062999999999520106541694985935    3.841550053913731055388325330568E+00
       -4.061999999999519772586609178688    3.872547626677196319633367238566E+00
       -4.060999999999519438631523371441    3.903787430718042017474544991273E+00
       -4.059999999999519104676437564194    3.935271293302996298280049813911E+00
       -4.058999999999518770721351756947    3.967001054950903160545294667827E+00
       -4.057999999999518436766265949700    3.998978569524648030153457511915E+00
       -4.056999999999518102811180142453    4.031205704323685523604581248946E+00
       -4.055999999999517768856094335206    4.063684340177180054354266758310E+00
       -4.054999999999517434901008527959    4.096416371537758394083539315034E+00
       -4.053999999999517100945922720712    4.129403706575879517970406595850E+00
       -4.052999999999516766990836913465    4.162648267274827063033626473043E+00
       -4.051999999999516433035751106218    4.196151989526319958656586095458E+00
       -4.050999999999516099080665298970    4.229916823226757216502846858930E+00
       -4.049999999999515765125579491723    4.263944732374096879823355266126E+00
       -4.048999999999515431170493684476    4.298237695165369132155319675803E+00
       -4.047999999999515097215407877229    4.332797704094823565412752941484E+00
       -4.046999999999514763260322069982    4.367626766052730147293914342299E+00
       -4.045999999999514429305236262735    4.402726902424825006221453804756E+00
       -4.044999999999514095350150455488    4.438100149192402810172097815666E+00
       -4.043999999999513761395064648241    4.473748557033077055677949829260E+00
       -4.042999999999513427439978840994    4.509674191422188727074171765707E+00
       -4.041999999999513093484893033747    4.545879132734886418631958804326E+00
       -4.040999999999512759529807226500    4.582365476348876143219968071207E+00
       -4.039999999999512425574721419252    4.619135332747833722066843620269E+00
       -4.038999999999512091619635612005    4.656190827625504624620589311235E+00
       -4.037999999999511757664549804758    4.693534101990480600363753183046E+00
       -4.036999999999511423709463997511    4.731167312271660208011780923698E+00
       -4.035999999999511089754378190264    4.769092630424402123878735437756E+00
       -4.034999999999510755799292383017    4.807312244037365900339864310808E+00
       -4.033999999999510421844206575770    4.845828356440056161602569773095E+00
       -4.032999999999510087889120768523    4.884643186811066684072102361824E+00
       -4.031999999999509753934034961276    4.923758970287029690382496482925E+00
       -4.030999999999509419978949154029    4.963177958072277462520105473232E+00
       -4.029999999999509086023863346782    5.002902417549218050396575563354E+00
       -4.028999999999508752068777539534    5.042934632389430404941776941996E+00
       -4.027999999999508418113691732287    5.083276902665486041144049522700E+00
       -4.026999999999508084158605925040    5.123931544963493678324084612541E+00
       -4.025999999999507750203520117793    5.164900892496377515783478884259E+00
       -4.024999999999507416248434310546    5.206187295217899801968997053336E+00
       -4.023999999999507082293348503299    5.247793119937413486297828058014E+00
       -4.022999999999506748338262696052    5.289720750435373375353265146259E+00
       -4.021999999999506414383176888805    5.331972587579586253525576466927E+00
       -4.020999999999506080428091081558    5.374551049442223060736978368368E+00
       -4.019999999999505746473005274311    5.417458571417593127250711404486E+00
       -4.018999999999505412517919467064    5.460697606340675136493700847495E+00
       -4.017999999999505078562833659817    5.504270624606426132174874510383E+00
       -4.016999999999504744607747852569    5.548180114289856135201262077317E+00
       -4.015999999999504410652662045322    5.592428581266886133960269944509E+00
       -4.014999999999504076697576238075    5.637018549335989447968131571542E+00
       -4.013999999999503742742490430828    5.681952560340618241241372743389E+00
       -4.012999999999503408787404623581    5.727233174292425843532328144647E+00
       -4.011999999999503074832318816334    5.772862969495288432142388046486E+00
       -4.010999999999502740877233009087    5.818844542670126074312975106295E+00
       -4.009999999999502406922147201840    5.865180509080528459264769480797E+00
       -4.008999999999502072967061394593    5.911873502659197754383058054373E+00
       -4.007999999999501739011975587346    5.958926176135206809192368382355E+00
       -4.006999999999501405056889780099    6.006341201162083365261423750781E+00
       -4.005999999999501071101803972851    6.054121268446714942967901151860E+00
       -4.004999999999500737146718165604    6.102269087879088615977707377169E+00
       -4.003999999999500403191632358357    6.150787388662871002509291429305E+00
       -4.002999999999500069236546551110    6.199678919446824920669314451516E+00
       -4.001999999999499735281460743863    6.248946448457080471428071177797E+00
       -4.000999999999499401326374936616    6.298592763630253443807305302471E+00
       -3.999999999999499511460498979432    6.348620672747418147707776370225E+00
       -3.998999999999499621594623022247    6.399033003568952437944972189143E+00
       -3.997999999999499731728747065063    6.449832603970247824065609165700E+00
       -3.996999999999499841862871107878    6.501022342078286442301759961993E+00
       -3.995999999999499951996995150694    6.552605106409102653231002477696E+00
       -3.994999999999500062131119193509    6.604583806006129265142590156756E+00
       -3.993999999999500172265243236325    6.656961370579428383109643618809E+00
       -3.992999999999500282399367279140    6.709740750645821094622078817338E+00
       -3.991999999999500392533491321956    6.762924917669912439066592924064E+00
       -3.990999999999500502667615364771    6.816516864206027648265262541827E+00
       -3.989999999999500612801739407587    6.870519604041054329002236045199E+00
       -3.988999999999500722935863450402    6.924936172338203022036395850591E+00
       -3.987999999999500833069987493218    6.979769625781691466670508816605E+00
       -3.986999999999500943204111536033    7.035023042722347241806346573867E+00
       -3.985999999999501053338235578849    7.090699523324158981552045588614E+00
       -3.984999999999501163472359621665    7.146802189711751296385955356527E+00
       -3.983999999999501273606483664480    7.203334186118810045229565730551E+00
       -3.982999999999501383740607707296    7.260298679037456182072673982475E+00
       -3.981999999999501493874731750111    7.317698857368580611648667400004E+00
       -3.980999999999501604008855792927    7.375537932573129396018885017838E+00
       -3.979999999999501714142979835742    7.433819138824367733775488886749E+00
       -3.978999999999501824277103878558    7.492545733161106724651290278416E+00
       -3.977999999999501934411227921373    7.551720995641916012175443029264E+00
       -3.976999999999502044545351964189    7.611348229500315198947646422312E+00
       -3.975999999999502154679476007004    7.671430761300956469028733408777E+00
       -3.974999999999502264813600049820    7.731971941096809075588680570945E+00
       -3.973999999999502374947724092635    7.792975142587338588384682225296E+00
       -3.972999999999502485081848135451    7.854443763277700440994522068650E+00
       -3.971999999999502595215972178266    7.916381224638938896021045366069E+00
       -3.970999999999502705350096221082    7.978790972269221626334001484793E+00
       -3.969999999999502815484220263897    8.041676476056082378818246070296E+00
       -3.968999999999502925618344306713    8.105041230339709912300349969883E+00
       -3.967999999999503035752468349528    8.168888754077265446085220901296E+00
       -3.966999999999503145886592392344    8.233222591008251711741650069598E+00
       -3.965999999999503256020716435160    8.298046309820932719958364032209E+00
       -3.964999999999503366154840477975    8.363363504319808683362680312712E+00
       -3.963999999999503476288964520791    8.429177793594149648015445563942E+00
       -3.962999999999503586423088563606    8.495492822187609149864329083357E+00
       -3.961999999999503696557212606422    8.562312260268903685300756478682E+00
       -3.960999999999503806691336649237    8.629639803803582864816235087346E+00
       -3.959999999999503916825460692053    8.697479174726883144330713548698E+00
       -3.958999999999504026959584734868    8.765834121117679345047690731008E+00
       -3.957999999999504137093708777684    8.834708417373533961836074013263E+00
       -3.956999999999504247227832820499    8.904105864386869129134538525250E+00
       -3.955999999999504357361956863315    8.974030289722229269955278141424E+00
       -3.954999999999504467496080906130    9.044485547794691271406009036582E+00
       -3.953999999999504577630204948946    9.115475520049379554166080197319E+00
       -3.952999999999504687764328991761    9.187004115142135773908194096293E+00
       -3.951999999999504797898453034577    9.259075269121314732956307125278E+00
       -3.950999999999504908032577077392    9.331692945610734923889140191022E+00
       -3.949999999999505018166701120208    9.404861135993790810516657074913E+00
       -3.948999999999505128300825163024    9.478583859598712635374795354437E+00
       -3.947999999999505238434949205839    9.552865163885005728161559090950E+00
       -3.946999999999505348569073248655    9.627709124631062209687115682755E+00
       -3.945999999999505458703197291470    9.703119846122955749478933284990E+00
       -3.944999999999505568837321334286    9.779101461344426482469316397328E+00
       -3.943999999999505678971445377101    9.855658132168059637479018419981E+00
       -3.942999999999505789105569419917    9.932794049547668535637967579532E+00
       -3.941999999999505899239693462732    1.001051343371189261688414262608E+01
       -3.940999999999506009373817505548    1.008882053435901404725427710218E+01
       -3.939999999999506119507941548363    1.016771963085297869611167698167E+01
       -3.938999999999506229642065591179    1.024721503242067832673001248622E+01
       -3.937999999999506339776189633994    1.032731107835045492038261727430E+01
       -3.936999999999506449910313676810    1.040801213819185910836040420691E+01
       -3.935999999999506560044437719625    1.048932261195665560649104008917E+01
       -3.934999999999506670178561762441    1.057124693032109696844145219075E+01
       -3.933999999999506780312685805256    1.065378955482945499966263014358E+01
       -3.932999999999506890446809848072    1.073695497809884180639983242145E+01
       -3.931999999999507000580933890888    1.082074772402530982162716099992E+01
       -3.930999999999507110715057933703    1.090517234799123436062018299708E+01
       -3.929999999999507220849181976519    1.099023343707400712787602969911E+01
       -3.928999999999507330983306019334    1.107593561025603001723993656924E+01
       -3.927999999999507441117430062150    1.116228351863601631066558184102E+01
       -3.926999999999507551251554104965    1.124928184564163125003233290045E+01
       -3.925999999999507661385678147781    1.133693530724344356030997005291E+01
       -3.924999999999507771519802190596    1.142524865217021634578031807905E+01
       -3.923999999999507881653926233412    1.151422666212555512288417958189E+01
       -3.922999999999507991788050276227    1.160387415200589877883885492338E+01
       -3.921999999999508101922174319043    1.169419597011986766688096395228E+01
       -3.920999999999508212056298361858    1.178519699840898660170296352590E+01
       -3.919999999999508322190422404674    1.187688215266978275508336082567E+01
       -3.918999999999508432324546447489    1.196925638277727266256533766864E+01
       -3.917999999999508542458670490305    1.206232467290982768304274941329E+01
       -3.916999999999508652592794533120    1.215609204177545343839028646471E+01
       -3.915999999999508762726918575936    1.225056354283947257499676197767E+01
       -3.914999999999508872861042618752    1.234574426455362150534256215906E+01
       -3.913999999999508982995166661567    1.244163933058657889318965317216E+01
       -3.912999999999509093129290704383    1.253825390005591522424310824135E+01
       -3.911999999999509203263414747198    1.263559316776150254213462176267E+01
       -3.910999999999509313397538790014    1.273366236442035592801858001621E+01
       -3.909999999999509423531662832829    1.283246675690294580363115528598E+01
       -3.908999999999509533665786875645    1.293201164847097039967138698557E+01
       -3.907999999999509643799910918460    1.303230237901659904764528619125E+01
       -3.906999999999509753934034961276    1.313334432530321116416871518595E+01
       -3.905999999999509864068159004091    1.323514290120761671687432681210E+01
       -3.904999999999509974202283046907    1.333770355796378659363199403742E+01
       -3.903999999999510084336407089722    1.344103178440808576965537213255E+01
       -3.902999999999510194470531132538    1.354513310722602348334930866258E+01
       -3.901999999999510304604655175353    1.365001309120053818446649529506E+01
       -3.900999999999510414738779218169    1.375567733946180659643232502276E+01
       -3.899999999999510524872903260984    1.386213149373861597268842160702E+01
       -3.898999999999510635007027303800    1.396938123461126757263173203683E+01
       -3.897999999999510745141151346616    1.407743228176605398971332760993E+01
       -3.896999999999510855275275389431    1.418629039425131388441059243632E+01
       -3.895999999999510965409399432247    1.429596137073504991121808416210E+01
       -3.894999999999511075543523475062    1.440645104976415957764857012080E+01
       -3.893999999999511185677647517878    1.451776531002524350810745090712E+01
       -3.892999999999511295811771560693    1.462991007060702663977735937806E+01
       -3.891999999999511405945895603509    1.474289129126440656136765028350E+01
       -3.890999999999511516080019646324    1.485671497268411478387406532420E+01
       -3.889999999999511626214143689140    1.497138715675202647048536164220E+01
       -3.888999999999511736348267731955    1.508691392682210441478218854172E+01
       -3.887999999999511846482391774771    1.520330140798700213622396404389E+01
       -3.886999999999511956616515817586    1.532055576735032964563743007602E+01
       -3.885999999999512066750639860402    1.543868321430059609156160149723E+01
       -3.884999999999512176884763903217    1.555769000078682928744910896057E+01
       -3.883999999999512287018887946033    1.567758242159589343600600841455E+01
       -3.882999999999512397153011988848    1.579836681463150149795637844363E+01
       -3.881999999999512507287136031664    1.592004956119495062694113585167E+01
       -3.880999999999512617421260074480    1.604263708626756823605319368653E+01
       -3.879999999999512727555384117295    1.616613585879490244678891031072E+01
       -3.878999999999512837689508160111    1.629055239197263915684743551537E+01
       -3.877999999999512947823632202926    1.641589324353427770120106288232E+01
       -3.876999999999513057957756245742    1.654216501604057043550710659474E+01
       -3.875999999999513168091880288557    1.666937435717072446550446329638E+01
       -3.874999999999513278226004331373    1.679752796001540104953164700419E+01
       -3.873999999999513388360128374188    1.692663256337149135788422427140E+01
       -3.872999999999513498494252417004    1.705669495203868990529372240417E+01
       -3.871999999999513608628376459819    1.718772195711790118366479873657E+01
       -3.870999999999513718762500502635    1.731972045631144396793388295919E+01
       -3.869999999999513828896624545450    1.745269737422511724389551091008E+01
       -3.868999999999513939030748588266    1.758665968267207802000484662130E+01
       -3.867999999999514049164872631081    1.772161440097858786657525342889E+01
       -3.866999999999514159298996673897    1.785756859629162818237091414630E+01
       -3.865999999999514269433120716712    1.799452938388836997773978509940E+01
       -3.864999999999514379567244759528    1.813250392748756212313310243189E+01
       -3.863999999999514489701368802343    1.827149943956278121959257987328E+01
       -3.862999999999514599835492845159    1.841152318165759282919680117629E+01
       -3.861999999999514709969616887975    1.855258246470266669803095282987E+01
       -3.860999999999514820103740930790    1.869468464933476070655160583556E+01
       -3.859999999999514930237864973606    1.883783714621769433961162576452E+01
       -3.858999999999515040371989016421    1.898204741636524772729899268597E+01
       -3.857999999999515150506113059237    1.912732297146603599458103417419E+01
       -3.856999999999515260640237102052    1.927367137421031628718992578797E+01
       -3.855999999999515370774361144868    1.942110023861884116058718063869E+01
       -3.854999999999515480908485187683    1.956961723037364464516940643080E+01
       -3.853999999999515591042609230499    1.971923006715087467455305159092E+01
       -3.852999999999515701176733273314    1.986994651895562213894663727842E+01
       -3.851999999999515811310857316130    2.002177440845879630160197848454E+01
       -3.850999999999515921444981358945    2.017472161133600394578024861403E+01
       -3.849999999999516031579105401761    2.032879605660852462278853636235E+01
       -3.848999999999516141713229444576    2.048400572698631094681331887841E+01
       -3.847999999999516251847353487392    2.064035865921307788539706962183E+01
       -3.846999999999516361981477530207    2.079786294441348104555800091475E+01
       -3.845999999999516472115601573023    2.095652672844239106098029878922E+01
       -3.844999999999516582249725615839    2.111635821223625697484749252908E+01
       -3.843999999999516692383849658654    2.127736565216662967259253491648E+01
       -3.842999999999516802517973701470    2.143955736039578141571837477386E+01
       -3.841999999999516912652097744285    2.160294170523447832010788260959E+01
       -3.840999999999517022786221787101    2.176752711150192709510520217009E+01
       -3.839999999999517132920345829916    2.193332206088786051623173989356E+01
       -3.838999999999517243054469872732    2.210033509231683979123772587627E+01
       -3.837999999999517353188593915547    2.226857480231470276521577034146E+01
       -3.836999999999517463322717958363    2.243804984537727165161413722672E+01
       -3.835999999999517573456842001178    2.260876893434123502402144367807E+01
       -3.834999999999517683590966043994    2.278074084075728222842371906154E+01
       -3.833999999999517793725090086809    2.295397439526546179422439308837E+01
       -3.832999999999517903859214129625    2.312847848797280647659135865979E+01
       -3.831999999999518013993338172440    2.330426206883322493013110943139E+01
       -3.830999999999518124127462215256    2.348133414802967422474466729909E+01
       -3.829999999999518234261586258071    2.365970379635860609823794220574E+01
       -3.828999999999518344395710300887    2.383938014561675799996010027826E+01
       -3.827999999999518454529834343703    2.402037238899022497662372188643E+01
       -3.826999999999518564663958386518    2.420268978144586213829825283028E+01
       -3.825999999999518674798082429334    2.438634164012505323171353666112E+01
       -3.824999999999518784932206472149    2.457133734473983821544607053511E+01
       -3.823999999999518895066330514965    2.475768633797137852070591179654E+01
       -3.822999999999519005200454557780    2.494539812587082394657045369968E+01
       -3.821999999999519115334578600596    2.513448227826258118966507026926E+01
       -3.820999999999519225468702643411    2.532494842914998400829063029960E+01
       -3.819999999999519335602826686227    2.551680627712337923185259569436E+01
       -3.818999999999519445736950729042    2.571006558577067124815584975295E+01
       -3.817999999999519555871074771858    2.590473618409028233600110979751E+01
       -3.816999999999519666005198814673    2.610082796690661410821121535264E+01
       -3.815999999999519776139322857489    2.629835089528794611624107346870E+01
       -3.814999999999519886273446900304    2.649731499696685688149955240078E+01
       -3.813999999999519996407570943120    2.669773036676312472081917803735E+01
       -3.812999999999520106541694985935    2.689960716700915099863777868450E+01
       -3.811999999999520216675819028751    2.710295562797793422760150860995E+01
       -3.810999999999520326809943071567    2.730778604831355949045246234164E+01
       -3.809999999999520436944067114382    2.751410879546426713204709812999E+01
       -3.808999999999520547078191157198    2.772193430611809361607811297290E+01
       -3.807999999999520657212315200013    2.793127308664108454649976920336E+01
       -3.806999999999520767346439242829    2.814213571351813669707553344779E+01
       -3.805999999999520877480563285644    2.835453283379642641648388234898E+01
       -3.804999999999520987614687328460    2.856847516553148835782849346288E+01
       -3.803999999999521097748811371275    2.878397349823590189998867572285E+01
       -3.802999999999521207882935414091    2.900103869333071315850247628987E+01
       -3.801999999999521318017059456906    2.921968168459943626658059656620E+01
       -3.800999999999521428151183499722    2.943991347864482577278977259994E+01
       -3.799999999999521538285307542537    2.966174515534829936314054066315E+01
       -3.798999999999521648419431585353    2.988518786833208906728032161482E+01
       -3.797999999999521758553555628168    3.011025284542413515964653925039E+01
       -3.796999999999521868687679670984    3.033695138912572986100713023916E+01
       -3.795999999999521978821803713799    3.056529487708189662953373044729E+01
       -3.794999999999522088955927756615    3.079529476255456899025375605561E+01
       -3.793999999999522199090051799431    3.102696257489857600830873707309E+01
       -3.792999999999522309224175842246    3.126030992004039887888211524114E+01
       -3.791999999999522419358299885062    3.149534848095978389892479754053E+01
       -3.790999999999522529492423927877    3.173209001817416918811431969516E+01
       -3.789999999999522639626547970693    3.197054637022596779161176527850E+01
       -3.788999999999522749760672013508    3.221072945417274269175322842784E+01
       -3.787999999999522859894796056324    3.245265126608025951782110496424E+01
       -3.786999999999522970028920099139    3.269632388151838853218578151427E+01
       -3.785999999999523080163044141955    3.294175945606000510679223225452E+01
       -3.784999999999523190297168184770    3.318897022578277500315380166285E+01
       -3.783999999999523300431292227586    3.343796850777389551012674928643E+01
       -3.782999999999523410565416270401    3.368876670063777822861084132455E+01
       -3.781999999999523520699540313217    3.394137728500673034659484983422E+01
       -3.780999999999523630833664356032    3.419581282405467703711110516451E+01
       -3.779999999999523740967788398848    3.445208596401383971397081040777E+01
       -3.778999999999523851101912441663    3.471020943469444119955369387753E+01
       -3.777999999999523961236036484479    3.497019605000745201550671481527E+01
       -3.776999999999524071370160527295    3.523205870849046306148011353798E+01
       -3.775999999999524181504284570110    3.549581039383655678420836920850E+01
       -3.774999999999524291638408612926    3.576146417542631894548321724869E+01
       -3.773999999999524401772532655741    3.602903320886294835645458078943E+01
       -3.772999999999524511906656698557    3.629853073651047878911413135938E+01
       -3.771999999999524622040780741372    3.656997008803518411923505482264E+01
       -3.770999999999524732174904784188    3.684336468095010985734916175716E+01
       -3.769999999999524842309028827003    3.711872802116277370032548788004E+01
       -3.768999999999524952443152869819    3.739607370352612036867867573164E+01
       -3.767999999999525062577276912634    3.767541541239263125362413120456E+01
       -3.766999999999525172711400955450    3.795676692217168834986296133138E+01
       -3.765999999999525282845524998265    3.824014209789016405238726292737E+01
       -3.764999999999525392979649041081    3.852555489575630787157933809794E+01
       -3.763999999999525503113773083896    3.881301936372690164489540620707E+01
       -3.762999999999525613247897126712    3.910254964207771166684324271046E+01
       -3.761999999999525723382021169527    3.939415996397725194810846005566E+01
       -3.760999999999525833516145212343    3.968786465606388702553886105306E+01
       -3.759999999999525943650269255158    3.998367813902630274469629512168E+01
       -3.758999999999526053784393297974    4.028161492818731659326658700593E+01
       -3.757999999999526163918517340790    4.058168963409111285045582917519E+01
       -3.756999999999526274052641383605    4.088391696309387413066360750236E+01
       -3.755999999999526384186765426421    4.118831171795780932143316022120E+01
       -3.754999999999526494320889469236    4.149488879844863475909733097069E+01
       -3.753999999999526604455013512052    4.180366320193656548553917673416E+01
       -3.752999999999526714589137554867    4.211465002400071711008422425948E+01
       -3.751999999999526824723261597683    4.242786445903707459592624218203E+01
       -3.750999999999526934857385640498    4.274332180086991428424880723469E+01
       -3.749999999999527044991509683314    4.306103744336677863202567095868E+01
       -3.748999999999527155125633726129    4.338102688105704629606407252140E+01
       -3.747999999999527265259757768945    4.370330570975402650901742163114E+01
       -3.746999999999527375393881811760    4.402788962718069143420507316478E+01
       -3.745999999999527485528005854576    4.435479443359894702325618709438E+01
       -3.744999999999527595662129897391    4.468403603244261290683425613679E+01
       -3.743999999999527705796253940207    4.501563043095402605331400991417E+01
       -3.742999999999527815930377983022    4.534959374082429661712012602948E+01
       -3.741999999999527926064502025838    4.568594217883727282014660886489E+01
       -3.740999999999528036198626068654    4.602469206751718644454740569927E+01
       -3.739999999999528146332750111469    4.636585983578004999117183615454E+01
       -3.738999999999528256466874154285    4.670946201958880550364483497106E+01
       -3.737999999999528366600998197100    4.705551526261222505809200811200E+01
       -3.736999999999528476735122239916    4.740403631688761976192836300470E+01
       -3.735999999999528586869246282731    4.775504204348730041829185211100E+01
       -3.734999999999528697003370325547    4.810854941318893196466888184659E+01
       -3.733999999999528807137494368362    4.846457550714969642058349563740E+01
       -3.732999999999528917271618411178    4.882313751758434960947852232493E+01
       -3.731999999999529027405742453993    4.918425274844712902222454431467E+01
       -3.730999999999529137539866496809    4.954793861611761229823969188146E+01
       -3.729999999999529247673990539624    4.991421265009048369165611802600E+01
       -3.728999999999529357808114582440    5.028309249366919431167843868025E+01
       -3.727999999999529467942238625255    5.065459590466374351080958149396E+01
       -3.726999999999529578076362668071    5.102874075609226878214030875824E+01
       -3.725999999999529688210486710886    5.140554503688677101536086411215E+01
       -3.724999999999529798344610753702    5.178502685260281879209287581034E+01
       -3.723999999999529908478734796518    5.216720442613335961823395336978E+01
       -3.722999999999530018612858839333    5.255209609842652440647725597955E+01
       -3.721999999999530128746982882149    5.293972032920760995011733029969E+01
       -3.720999999999530238881106924964    5.333009569770509727959506562911E+01
       -3.719999999999530349015230967780    5.372324090338089064289306406863E+01
       -3.718999999999530459149355010595    5.411917476666467763379841926508E+01
       -3.717999999999530569283479053411    5.451791622969245310059704934247E+01
       -3.716999999999530679417603096226    5.491948435704929210032787523232E+01
       -3.715999999999530789551727139042    5.532389833651631505517798359506E+01
       -3.714999999999530899685851181857    5.573117747982190195443763514049E+01
       -3.713999999999531009819975224673    5.614134122339721244543397915550E+01
       -3.712999999999531119954099267488    5.655440912913595497002461343072E+01
       -3.711999999999531230088223310304    5.697040088515847600092456559651E+01
       -3.710999999999531340222347353119    5.738933630658024043214027187787E+01
       -3.709999999999531450356471395935    5.781123533628461785838226205669E+01
       -3.708999999999531560490595438750    5.823611804570003158687541144900E+01
       -3.707999999999531670624719481566    5.866400463558156985754976631142E+01
       -3.706999999999531780758843524382    5.909491543679701663904779707082E+01
       -3.705999999999531890892967567197    5.952887091111730200054807937704E+01
       -3.704999999999532001027091610013    5.996589165201142890282426378690E+01
       -3.703999999999532111161215652828    6.040599838544591904110347968526E+01
       -3.702999999999532221295339695644    6.084921197068877773972417344339E+01
       -3.701999999999532331429463738459    6.129555340111800632030281121843E+01
       -3.700999999999532441563587781275    6.174504380503463352170001599006E+01
       -3.699999999999532551697711824090    6.219770444648039386947857565247E+01
       -3.698999999999532661831835866906    6.265355672606001036228917655535E+01
       -3.697999999999532771965959909721    6.311262218176808147518386249430E+01
       -3.696999999999532882100083952537    6.357492248982065774498551036231E+01
       -3.695999999999532992234207995352    6.404047946549152925399539526552E+01
       -3.694999999999533102368332038168    6.450931506395315295776526909322E+01
       -3.693999999999533212502456080983    6.498145138112241170347260776907E+01
       -3.692999999999533322636580123799    6.545691065451100598693301435560E+01
       -3.691999999999533432770704166614    6.593571526408078398162615485489E+01
       -3.690999999999533542904828209430    6.641788773310372562264092266560E+01
       -3.689999999999533653038952252246    6.690345072902681522464263252914E+01
       -3.688999999999533763173076295061    6.739242706434185947728110477328E+01
       -3.687999999999533873307200337877    6.788483969746005186607362702489E+01
       -3.686999999999533983441324380692    6.838071173359151089243823662400E+01
       -3.685999999999534093575448423508    6.888006642562976367116789333522E+01
       -3.684999999999534203709572466323    6.938292717504111806192668154836E+01
       -3.683999999999534313843696509139    6.988931753275915070844348520041E+01
       -3.682999999999534423977820551954    7.039926120008405519001826178282E+01
       -3.681999999999534534111944594770    7.091278202958710608072578907013E+01
       -3.680999999999534644246068637585    7.142990402602015365118859335780E+01
       -3.679999999999534754380192680401    7.195065134723017763462848961353E+01
       -3.678999999999534864514316723216    7.247504830507907058745331596583E+01
       -3.677999999999534974648440766032    7.300311936636839504899398889393E+01
       -3.676999999999535084782564808847    7.353488915376939871748618315905E+01
       -3.675999999999535194916688851663    7.407038244675823079887777566910E+01
       -3.674999999999535305050812894478    7.460962418255635952846205327660E+01
       -3.673999999999535415184936937294    7.515263945707616244362725410610E+01
       -3.672999999999535525319060980109    7.569945352587188835968845523894E+01
       -3.671999999999535635453185022925    7.625009180509582051854522433132E+01
       -3.670999999999535745587309065741    7.680457987245989670554990880191E+01
       -3.669999999999535855721433108556    7.736294346820253053920168895274E+01
       -3.668999999999535965855557151372    7.792520849606080446392297744751E+01
       -3.667999999999536075989681194187    7.849140102424826181959360837936E+01
       -3.666999999999536186123805237003    7.906154728643792850562022067606E+01
       -3.665999999999536296257929279818    7.963567368275087687834457028657E+01
       -3.664999999999536406392053322634    8.021380678075024661666247993708E+01
       -3.663999999999536516526177365449    8.079597331644083624269114807248E+01
       -3.662999999999536626660301408265    8.138220019527418003235652577132E+01
       -3.661999999999536736794425451080    8.197251449315916715931962244213E+01
       -3.660999999999536846928549493896    8.256694345747834518078889232129E+01
       -3.659999999999536957062673536711    8.316551450810976575667154975235E+01
       -3.658999999999537067196797579527    8.376825523845459997573925647885E+01
       -3.657999999999537177330921622342    8.437519341647029591513273771852E+01
       -3.656999999999537287465045665158    8.498635698570950580688077025115E+01
       -3.655999999999537397599169707973    8.560177406636478281143354251981E+01
       -3.654999999999537507733293750789    8.622147295631901897650095634162E+01
       -3.653999999999537617867417793605    8.684548213220168122461473103613E+01
       -3.652999999999537728001541836420    8.747383025045087379112374037504E+01
       -3.651999999999537838135665879236    8.810654614838125553433201275766E+01
       -3.650999999999537948269789922051    8.874365884525778369606996420771E+01
       -3.649999999999538058403913964867    8.938519754337556832979316823184E+01
       -3.648999999999538168538038007682    9.003119162914538264885777607560E+01
       -3.647999999999538278672162050498    9.068167067418539772916119545698E+01
       -3.646999999999538388806286093313    9.133666443641880050563486292958E+01
       -3.645999999999538498940410136129    9.199620286117746559284569229931E+01
       -3.644999999999538609074534178944    9.266031608231162408628733828664E+01
       -3.643999999999538719208658221760    9.332903442330578513974614907056E+01
       -3.642999999999538829342782264575    9.400238839840065452335693407804E+01
       -3.641999999999538939476906307391    9.468040871372119227089569903910E+01
       -3.640999999999539049611030350206    9.536312626841097994656593073159E+01
       -3.639999999999539159745154393022    9.605057215577264173589355777949E+01
       -3.638999999999539269879278435837    9.674277766441471726466261316091E+01
       -3.637999999999539380013402478653    9.743977427940458824195957276970E+01
       -3.636999999999539490147526521469    9.814159368342782840954896528274E+01
       -3.635999999999539600281650564284    9.884826775795394837587082292885E+01
       -3.634999999999539710415774607100    9.955982858440839322611282113940E+01
       -3.633999999999539820549898649915    1.002763084453510202820325503126E+02
       -3.632999999999539930684022692731    1.009977398256609717464016284794E+02
       -3.631999999999540040818146735546    1.017241554137279990754905156791E+02
       -3.630999999999540150952270778362    1.024555881026503811881411820650E+02
       -3.629999999999540261086394821177    1.031920709914392659811710473150E+02
       -3.628999999999540371220518863993    1.039336373862296625247836345807E+02
       -3.627999999999540481354642906808    1.046803208014979418294387869537E+02
       -3.626999999999540591488766949624    1.054321549612859598710201680660E+02
       -3.625999999999540701622890992439    1.061891738004320018262660596520E+02
       -3.624999999999540811757015035255    1.069514114658082064579502912238E+02
       -3.623999999999540921891139078070    1.077189023175648969754547579214E+02
       -3.622999999999541032025263120886    1.084916809303815057319297920913E+02
       -3.621999999999541142159387163701    1.092697820947244053968461230397E+02
       -3.620999999999541252293511206517    1.100532408181115613388101337478E+02
       -3.619999999999541362427635249333    1.108420923263839767969329841435E+02
       -3.618999999999541472561759292148    1.116363720649841013710101833567E+02
       -3.617999999999541582695883334964    1.124361157002411175653833197430E+02
       -3.616999999999541692830007377779    1.132413591206631906516122398898E+02
       -3.615999999999541802964131420595    1.140521384382367671150859678164E+02
       -3.614999999999541913098255463410    1.148684899897328079987346427515E+02
       -3.613999999999542023232379506226    1.156904503380201845175179187208E+02
       -3.612999999999542133366503549041    1.165180562733860938351426739246E+02
       -3.611999999999542243500627591857    1.173513448148636371115571819246E+02
       -3.610999999999542353634751634672    1.181903532115665882429311750457E+02
       -3.609999999999542463768875677488    1.190351189440313248724123695865E+02
       -3.608999999999542573902999720303    1.198856797255660353584971744567E+02
       -3.607999999999542684037123763119    1.207420735036071448575967224315E+02
       -3.606999999999542794171247805934    1.216043384610830457859265152365E+02
       -3.605999999999542904305371848750    1.224725130177853031909762648866E+02
       -3.604999999999543014439495891565    1.233466358317470508154656272382E+02
       -3.603999999999543124573619934381    1.242267458006289757577178534120E+02
       -3.602999999999543234707743977197    1.251128820631125790896476246417E+02
       -3.601999999999543344841868020012    1.260050840003010250711668049917E+02
       -3.600999999999543454975992062828    1.269033912371275505392986815423E+02
       -3.599999999999543565110116105643    1.278078436437713492068724008277E+02
       -3.598999999999543675244240148459    1.287184813370810729793447535485E+02
       -3.597999999999543785378364191274    1.296353446820060355548775987700E+02
       -3.596999999999543895512488234090    1.305584742930349761991237755865E+02
       -3.595999999999544005646612276905    1.314879110356426110683969454840E+02
       -3.594999999999544115780736319721    1.324236960277438583943876437843E+02
       -3.593999999999544225914860362536    1.333658706411558512172632617876E+02
       -3.592999999999544336048984405352    1.343144765030679650408274028450E+02
       -3.591999999999544446183108448167    1.352695554975194056623877258971E+02
       -3.590999999999544556317232490983    1.362311497668848119246831629425E+02
       -3.589999999999544666451356533798    1.371993017133678165464516496286E+02
       -3.588999999999544776585480576614    1.381740540005026787184760905802E+02
       -3.587999999999544886719604619429    1.391554495546636474045953946188E+02
       -3.586999999999544996853728662245    1.401435315665826237818691879511E+02
       -3.585999999999545106987852705061    1.411383434928747817593830404803E+02
       -3.584999999999545217121976747876    1.421399290575723171059507876635E+02
       -3.583999999999545327256100790692    1.431483322536665525603893911466E+02
       -3.582999999999545437390224833507    1.441635973446578873335965909064E+02
       -3.581999999999545547524348876323    1.451857688661142162800388177857E+02
       -3.580999999999545657658472919138    1.462148916272376482083927839994E+02
       -3.579999999999545767792596961954    1.472510107124394664879218908027E+02
       -3.578999999999545877926721004769    1.482941714829235024808440357447E+02
       -3.577999999999545988060845047585    1.493444195782778649572719587013E+02
       -3.576999999999546098194969090400    1.504018009180751960229827091098E+02
       -3.575999999999546208329093133216    1.514663617034811124995030695572E+02
       -3.574999999999546318463217176031    1.525381484188716854077938478440E+02
       -3.573999999999546428597341218847    1.536172078334588775305746821687E+02
       -3.572999999999546538731465261662    1.547035870029251896085042972118E+02
       -3.571999999999546648865589304478    1.557973332710663783018389949575E+02
       -3.570999999999546758999713347293    1.568984942714433827859465964139E+02
       -3.569999999999546869133837390109    1.580071179290424936425552004948E+02
       -3.568999999999546979267961432924    1.591232524619446735414385329932E+02
       -3.567999999999547089402085475740    1.602469463830034612783492775634E+02
       -3.566999999999547199536209518556    1.613782485015317433862946927547E+02
       -3.565999999999547309670333561371    1.625172079249975638504110975191E+02
       -3.564999999999547419804457604187    1.636638740607286877093429211527E+02
       -3.563999999999547529938581647002    1.648182966176262027602206217125E+02
       -3.562999999999547640072705689818    1.659805256078872162106563337147E+02
       -3.561999999999547750206829732633    1.671506113487365325909195234999E+02
       -3.560999999999547860340953775449    1.683286044641674266131303738803E+02
       -3.559999999999547970475077818264    1.695145558866915678208897588775E+02
       -3.558999999999548080609201861080    1.707085168590982675596023909748E+02
       -3.557999999999548190743325903895    1.719105389362226503635611152276E+02
       -3.556999999999548300877449946711    1.731206739867234318808186799288E+02
       -3.555999999999548411011573989526    1.743389741948697917450772365555E+02
       -3.554999999999548521145698032342    1.755654920623376824551087338477E+02
       -3.553999999999548631279822075157    1.768002804100156311051250668243E+02
       -3.552999999999548741413946117973    1.780433923798198634358413983136E+02
       -3.551999999999548851548070160788    1.792948814365190344233269570395E+02
       -3.550999999999548961682194203604    1.805548013695682243451301474124E+02
       -3.549999999999549071816318246420    1.818232062949529392881231615320E+02
       -3.548999999999549181950442289235    1.831001506570425476638774853200E+02
       -3.547999999999549292084566332051    1.843856892304532095749891595915E+02
       -3.546999999999549402218690374866    1.856798771219207537797046825290E+02
       -3.545999999999549512352814417682    1.869827697721832748811721103266E+02
       -3.544999999999549622486938460497    1.882944229578734507413173560053E+02
       -3.543999999999549732621062503313    1.896148927934208074930211296305E+02
       -3.542999999999549842755186546128    1.909442357329639321505965199322E+02
       -3.541999999999549952889310588944    1.922825085722724054448917740956E+02
       -3.540999999999550063023434631759    1.936297684506790801606257446110E+02
       -3.539999999999550173157558674575    1.949860728530219660115108126774E+02
       -3.538999999999550283291682717390    1.963514796115966305478650610894E+02
       -3.537999999999550393425806760206    1.977260469081183202888496452942E+02
       -3.536999999999550503559930803021    1.991098332756947115740331355482E+02
       -3.535999999999550613694054845837    2.005028976008084384829999180511E+02
       -3.534999999999550723828178888652    2.019052991253101936308667063713E+02
       -3.533999999999550833962302931468    2.033170974484221744660317199305E+02
       -3.532999999999550944096426974284    2.047383525287515908530622255057E+02
       -3.531999999999551054230551017099    2.061691246863148023749090498313E+02
       -3.530999999999551164364675059915    2.076094746045720853544480632991E+02
       -3.529999999999551274498799102730    2.090594633324725180045788874850E+02
       -3.528999999999551384632923145546    2.105191522865097226713260170072E+02
       -3.527999999999551494767047188361    2.119886032527881809528480516747E+02
       -3.526999999999551604901171231177    2.134678783891001216943550389260E+02
       -3.525999999999551715035295273992    2.149570402270131523891905089840E+02
       -3.524999999999551825169419316808    2.164561516739686339860782027245E+02
       -3.523999999999551935303543359623    2.179652760153909696327900746837E+02
       -3.522999999999552045437667402439    2.194844769168074094523035455495E+02
       -3.521999999999552155571791445254    2.210138184259793945329874986783E+02
       -3.520999999999552265705915488070    2.225533649750440758907643612474E+02
       -3.519999999999552375840039530885    2.241031813826674863321386510506E+02
       -3.518999999999552485974163573701    2.256633328562085694102279376239E+02
       -3.517999999999552596108287616516    2.272338849938940654737962177023E+02
       -3.516999999999552706242411659332    2.288149037870047664000594522804E+02
       -3.515999999999552816376535702148    2.304064556220730821678444044665E+02
       -3.514999999999552926510659744963    2.320086072830916918974253349006E+02
       -3.513999999999553036644783787779    2.336214259537335067307139979675E+02
       -3.512999999999553146778907830594    2.352449792195831150820595212281E+02
       -3.511999999999553256913031873410    2.368793350703795965728204464540E+02
       -3.510999999999553367047155916225    2.385245619022707614931277930737E+02
       -3.509999999999553477181279959041    2.401807285200788726342580048367E+02
       -3.508999999999553587315404001856    2.418479041395779631784535013139E+02
       -3.507999999999553697449528044672    2.435261583897829211764474166557E+02
       -3.506999999999553807583652087487    2.452155613152500563955982215703E+02
       -3.505999999999553917717776130303    2.469161833783895474425662541762E+02
       -3.504999999999554027851900173118    2.486280954617894849434378556907E+02
       -3.503999999999554137986024215934    2.503513688705517949983914149925E+02
       -3.502999999999554248120148258749    2.520860753346403271279996261001E+02
       -3.501999999999554358254272301565    2.538322870112404814335604896769E+02
       -3.500999999999554468388396344380    2.555900764871311139359022490680E+02
       -3.499999999999554578522520387196    2.573595167810683506104396656156E+02
       -3.498999999999554688656644430012    2.591406813461815090704476460814E+02
       -3.497999999999554798790768472827    2.609336440723811847419710829854E+02
       -3.496999999999554908924892515643    2.627384792887796720606274902821E+02
       -3.495999999999555019059016558458    2.645552617661236354251741431653E+02
       -3.494999999999555129193140601274    2.663840667192388309558737091720E+02
       -3.493999999999555239327264644089    2.682249698094874474918469786644E+02
       -3.492999999999555349461388686905    2.700780471472378394537372514606E+02
       -3.491999999999555459595512729720    2.719433752943467652585241012275E+02
       -3.490999999999555569729636772536    2.738210312666541312864865176380E+02
       -3.489999999999555679863760815351    2.757110925364903550871531479061E+02
       -3.488999999999555789997884858167    2.776136370351963478242396377027E+02
       -3.487999999999555900132008900982    2.795287431556563433332485146821E+02
       -3.486999999999556010266132943798    2.814564897548432327312184497714E+02
       -3.485999999999556120400256986613    2.833969561563769730128115043044E+02
       -3.484999999999556230534381029429    2.853502221530958422590629197657E+02
       -3.483999999999556340668505072244    2.873163680096404277719557285309E+02
       -3.482999999999556450802629115060    2.892954744650509155690087936819E+02
       -3.481999999999556560936753157876    2.912876227353771128036896698177E+02
       -3.480999999999556671070877200691    2.932928945163021126063540577888E+02
       -3.479999999999556781205001243507    2.953113719857784644773346371949E+02
       -3.478999999999556891339125286322    2.973431378066778734137187711895E+02
       -3.477999999999557001473249329138    2.993882751294544277698150835931E+02
       -3.476999999999557111607373371953    3.014468675948207874171203002334E+02
       -3.475999999999557221741497414769    3.035189993364381280116504058242E+02
       -3.474999999999557331875621457584    3.056047549836191592476097866893E+02
       -3.473999999999557442009745500400    3.077042196640448992184246890247E+02
       -3.472999999999557552143869543215    3.098174790064952048851409927011E+02
       -3.471999999999557662277993586031    3.119446191435926039048354141414E+02
       -3.470999999999557772412117628846    3.140857267145599962532287463546E+02
       -3.469999999999557882546241671662    3.162408888679921119546634145081E+02
       -3.468999999999557992680365714477    3.184101932646408386062830686569E+02
       -3.467999999999558102814489757293    3.205937280802143050095764920115E+02
       -3.466999999999558212948613800108    3.227915820081900619697989895940E+02
       -3.465999999999558323082737842924    3.250038442626423602632712572813E+02
       -3.464999999999558433216861885739    3.272306045810830710252048447728E+02
       -3.463999999999558543350985928555    3.294719532273170443659182637930E+02
       -3.462999999999558653485109971371    3.317279809943117925286060199142E+02
       -3.461999999999558763619234014186    3.339987792070812702149851247668E+02
       -3.460999999999558873753358057002    3.362844397255838657656568102539E+02
       -3.459999999999558983887482099817    3.385850549476347168820211663842E+02
       -3.458999999999559094021606142633    3.409007178118331466976087540388E+02
       -3.457999999999559204155730185448    3.432315218005037422699388116598E+02
       -3.456999999999559314289854228264    3.455775609426522123612812720239E+02
       -3.455999999999559424423978271079    3.479389298169361381951603107154E+02
       -3.454999999999559534558102313895    3.503157235546505035017617046833E+02
       -3.453999999999559644692226356710    3.527080378427277764785685576499E+02
       -3.452999999999559754826350399526    3.551159689267524299793876707554E+02
       -3.451999999999559864960474442341    3.575396136139910368001437745988E+02
       -3.450999999999559975094598485157    3.599790692764371442535775713623E+02
       -3.449999999999560085228722527972    3.624344338538708143460098654032E+02
       -3.448999999999560195362846570788    3.649058058569335116771981120110E+02
       -3.447999999999560305496970613603    3.673932843702182253764476627111E+02
       -3.446999999999560415631094656419    3.698969690553745977013022638857E+02
       -3.445999999999560525765218699235    3.724169601542295140461646951735E+02
       -3.444999999999560635899342742050    3.749533584919226996134966611862E+02
       -3.443999999999560746033466784866    3.775062654800582322422997094691E+02
       -3.442999999999560856167590827681    3.800757831198711755860131233931E+02
       -3.441999999999560966301714870497    3.826620140054097873871796764433E+02
       -3.440999999999561076435838913312    3.852650613267335302225546911359E+02
       -3.439999999999561186569962956128    3.878850288731265436581452377141E+02
       -3.438999999999561296704086998943    3.905220210363272599352058023214E+02
       -3.437999999999561406838211041759    3.931761428137729126319754868746E+02
       -3.436999999999561516972335084574    3.958474998118612120379111729562E+02
       -3.435999999999561627106459127390    3.985361982492266861299867741764E+02
       -3.434999999999561737240583170205    4.012423449600340745746507309377E+02
       -3.433999999999561847374707213021    4.039660473972871841397136449814E+02
       -3.432999999999561957508831255836    4.067074136361542286977055482566E+02
       -3.431999999999562067642955298652    4.094665523773091990733519196510E+02
       -3.430999999999562177777079341467    4.122435729502896037956816144288E+02
       -3.429999999999562287911203384283    4.150385853168704670679289847612E+02
       -3.428999999999562398045327427099    4.178517000744548113289056345820E+02
       -3.427999999999562508179451469914    4.206830284594809654663549736142E+02
       -3.426999999999562618313575512730    4.235326823508457891875877976418E+02
       -3.425999999999562728447699555545    4.264007742733449504157761111856E+02
       -3.424999999999562838581823598361    4.292874174011300283382297493517E+02
       -3.423999999999562948715947641176    4.321927255611821010461426340044E+02
       -3.422999999999563058850071683992    4.351168132368024998868349939585E+02
       -3.421999999999563168984195726807    4.380597955711200484074652194977E+02
       -3.420999999999563279118319769623    4.410217883706159227585885673761E+02
       -3.419999999999563389252443812438    4.440029081086647693155100569129E+02
       -3.418999999999563499386567855254    4.470032719290935574463219381869E+02
       -3.417999999999563609520691898069    4.500229976497577126792748458683E+02
       -3.416999999999563719654815940885    4.530622037661339618352940306067E+02
       -3.415999999999563829788939983700    4.561210094549310269940178841352E+02
       -3.414999999999563939923064026516    4.591995345777177135460078716278E+02
       -3.413999999999564050057188069331    4.622978996845682786442921496928E+02
       -3.412999999999564160191312112147    4.654162260177256484894314780831E+02
       -3.411999999999564270325436154963    4.685546355152819160139188170433E+02
       -3.410999999999564380459560197778    4.717132508148769147737766616046E+02
       -3.409999999999564490593684240594    4.748921952574141869263257831335E+02
       -3.408999999999564600727808283409    4.780915928907957095361780375242E+02
       -3.407999999999564710861932326225    4.813115684736731054726988077164E+02
       -3.406999999999564820996056369040    4.845522474792186358172330074012E+02
       -3.405999999999564931130180411856    4.878137560989125631749629974365E+02
       -3.404999999999565041264304454671    4.910962212463498417491791769862E+02
       -3.403999999999565151398428497487    4.943997705610647699359105899930E+02
       -3.402999999999565261532552540302    4.977245324123739464994287118316E+02
       -3.401999999999565371666676583118    5.010706359032373029549489729106E+02
       -3.400999999999565481800800625933    5.044382108741381216532317921519E+02
       -3.399999999999565591934924668749    5.078273879069813574460567906499E+02
       -3.398999999999565702069048711564    5.112382983290106039930833503604E+02
       -3.397999999999565812203172754380    5.146710742167438183969352394342E+02
       -3.396999999999565922337296797195    5.181258483999276904796715825796E+02
       -3.395999999999566032471420840011    5.216027544655112251348327845335E+02
       -3.394999999999566142605544882827    5.251019267616377419471973553300E+02
       -3.393999999999566252739668925642    5.286235004016562015749514102936E+02
       -3.392999999999566362873792968458    5.321676112681514041469199582934E+02
       -3.391999999999566473007917011273    5.357343960169944239169126376510E+02
       -3.390999999999566583142041054089    5.393239920814103243174031376839E+02
       -3.389999999999566693276165096904    5.429365376760667913913493975997E+02
       -3.388999999999566803410289139720    5.465721718011818666127510368824E+02
       -3.387999999999566913544413182535    5.502310342466510064696194604039E+02
       -3.386999999999567023678537225351    5.539132655961932414356851950288E+02
       -3.385999999999567133812661268166    5.576190072315177985728951171041E+02
       -3.384999999999567243946785310982    5.613484013365102782699977979064E+02
       -3.383999999999567354080909353797    5.651015909014379303698660805821E+02
       -3.382999999999567464215033396613    5.688787197271760760486358776689E+02
       -3.381999999999567574349157439428    5.726799324294534017099067568779E+02
       -3.380999999999567684483281482244    5.765053744431177165097324177623E+02
       -3.379999999999567794617405525059    5.803551920264219461387256160378E+02
       -3.378999999999567904751529567875    5.842295322653305902349529787898E+02
       -3.377999999999568014885653610690    5.881285430778452791855670511723E+02
       -3.376999999999568125019777653506    5.920523732183521588012808933854E+02
       -3.375999999999568235153901696322    5.960011722819892838742816820741E+02
       -3.374999999999568345288025739137    5.999750907090337932459078729153E+02
       -3.373999999999568455422149781953    6.039742797893113674945197999477E+02
       -3.372999999999568565556273824768    6.079988916666245586384320631623E+02
       -3.371999999999568675690397867584    6.120490793432029477116884663701E+02
       -3.370999999999568785824521910399    6.161249966841744480916531756520E+02
       -3.369999999999568895958645953215    6.202267984220568450837163254619E+02
       -3.368999999999569006092769996030    6.243546401612702538841404020786E+02
       -3.367999999999569116226894038846    6.285086783826716327894246205688E+02
       -3.366999999999569226361018081661    6.326890704481099874101346358657E+02
       -3.365999999999569336495142124477    6.368959746050031753838993608952E+02
       -3.364999999999569446629266167292    6.411295499909354020928731188178E+02
       -3.363999999999569556763390210108    6.453899566382767716277157887816E+02
       -3.362999999999569666897514252923    6.496773554788244382507400587201E+02
       -3.361999999999569777031638295739    6.539919083484651309845503419638E+02
       -3.360999999999569887165762338554    6.583337779918592786998488008976E+02
       -3.359999999999569997299886381370    6.627031280671478725707856938243E+02
       -3.358999999999570107434010424186    6.671001231506802469084504991770E+02
       -3.357999999999570217568134467001    6.715249287417643699882319197059E+02
       -3.356999999999570327702258509817    6.759777112674387353763449937105E+02
       -3.355999999999570437836382552632    6.804586380872669906239025294781E+02
       -3.354999999999570547970506595448    6.849678774981546212075045332313E+02
       -3.353999999999570658104630638263    6.895055987391879170900210738182E+02
       -3.352999999999570768238754681079    6.940719719964956766489194706082E+02
       -3.351999999999570878372878723894    6.986671684081329658511094748974E+02
       -3.350999999999570988507002766710    7.032913600689876147953327745199E+02
       -3.349999999999571098641126809525    7.079447200357099063694477081299E+02
       -3.348999999999571208775250852341    7.126274223316643201542319729924E+02
       -3.347999999999571318909374895156    7.173396419519049231894314289093E+02
       -3.346999999999571429043498937972    7.220815548681730433600023388863E+02
       -3.345999999999571539177622980787    7.268533380339183622709242627025E+02
       -3.344999999999571649311747023603    7.316551693893434276105836033821E+02
       -3.343999999999571759445871066418    7.364872278664709028817014768720E+02
       -3.342999999999571869579995109234    7.413496933942342366208322346210E+02
       -3.341999999999571979714119152050    7.462427469035924332274589687586E+02
       -3.340999999999572089848243194865    7.511665703326677885343087837100E+02
       -3.339999999999572199982367237681    7.561213466319070448662387207150E+02
       -3.338999999999572310116491280496    7.611072597692664203350432217121E+02
       -3.337999999999572420250615323312    7.661244947354202849965076893568E+02
       -3.336999999999572530384739366127    7.711732375489948481117608025670E+02
       -3.335999999999572640518863408943    7.762536752618248101498465985060E+02
       -3.334999999999572750652987451758    7.813659959642332069051917642355E+02
       -3.333999999999572860787111494574    7.865103887903380837087752297521E+02
       -3.332999999999572970921235537389    7.916870439233805427647894248366E+02
       -3.331999999999573081055359580205    7.968961526010789384599775075912E+02
       -3.330999999999573191189483623020    8.021379071210076290299184620380E+02
       -3.329999999999573301323607665836    8.074125008459984655928565189242E+02
       -3.328999999999573411457731708651    8.127201282095693386509083211422E+02
       -3.327999999999573521591855751467    8.180609847213761440798407420516E+02
       -3.326999999999573631725979794282    8.234352669726893054757965728641E+02
       -3.325999999999573741860103837098    8.288431726418959897273452952504E+02
       -3.324999999999573851994227879914    8.342849005000271063181571662426E+02
       -3.323999999999573962128351922729    8.397606504163090903603006154299E+02
       -3.322999999999574072262475965545    8.452706233637418336002156138420E+02
       -3.321999999999574182396600008360    8.508150214247009444079594686627E+02
       -3.320999999999574292530724051176    8.563940477965657009917777031660E+02
       -3.319999999999574402664848093991    8.620079067973729252116754651070E+02
       -3.318999999999574512798972136807    8.676568038714960948709631338716E+02
       -3.317999999999574622933096179622    8.733409455953503766068024560809E+02
       -3.316999999999574733067220222438    8.790605396831233520060777664185E+02
       -3.315999999999574843201344265253    8.848157949925314369465922936797E+02
       -3.314999999999574953335468308069    8.906069215306029036582913249731E+02
       -3.313999999999575063469592350884    8.964341304594863686361350119114E+02
       -3.312999999999575173603716393700    9.022976341022858832729980349541E+02
       -3.311999999999575283737840436515    9.081976459489226272125961259007E+02
       -3.310999999999575393871964479331    9.141343806620225223014131188393E+02
       -3.309999999999575504006088522146    9.201080540828297671396285295486E+02
       -3.308999999999575614140212564962    9.261188832371485659678000956774E+02
       -3.307999999999575724274336607778    9.321670863413105507788714021444E+02
       -3.306999999999575834408460650593    9.382528828081690335238818079233E+02
       -3.305999999999575944542584693409    9.443764932531198610377032309771E+02
       -3.304999999999576054676708736224    9.505381395001506916742073372006E+02
       -3.303999999999576164810832779040    9.567380445879155104194069281220E+02
       -3.302999999999576274944956821855    9.629764327758380204613786190748E+02
       -3.301999999999576385079080864671    9.692535295502414101065369322896E+02
       -3.300999999999576495213204907486    9.755695616305054045369615778327E+02
       -3.299999999999576605347328950302    9.819247569752517392771551385522E+02
       -3.298999999999576715481452993117    9.883193447885562363808276131749E+02
       -3.297999999999576825615577035933    9.947535555261895297007868066430E+02
       -3.296999999999576935749701078748    1.001227620901885302373557351530E+03
       -3.295999999999577045883825121564    1.007741773893636263892403803766E+03
       -3.294999999999577156017949164379    1.014296248750018321516108699143E+03
       -3.293999999999577266152073207195    1.020891280996542946013505570590E+03
       -3.292999999999577376286197250010    1.027527107442037959117442369461E+03
       -3.291999999999577486420321292826    1.034203966185056060567148961127E+03
       -3.290999999999577596554445335642    1.040922096620312458981061354280E+03
       -3.289999999999577706688569378457    1.047681739445151151812751777470E+03
       -3.288999999999577816822693421273    1.054483136666039172268938273191E+03
       -3.287999999999577926956817464088    1.061326531605089940057951025665E+03
       -3.286999999999578037090941506904    1.068212168906616625463357195258E+03
       -3.285999999999578147225065549719    1.075140294543712343511288054287E+03
       -3.284999999999578257359189592535    1.082111155824861725704977288842E+03
       -3.283999999999578367493313635350    1.089125001400580231347703374922E+03
       -3.282999999999578477627437678166    1.096182081270083017443539574742E+03
       -3.281999999999578587761561720981    1.103282646787983367175911553204E+03
       -3.280999999999578697895685763797    1.110426950671020676963962614536E+03
       -3.279999999999578808029809806612    1.117615247004818911591428332031E+03
       -3.278999999999578918163933849428    1.124847791250673253671266138554E+03
       -3.277999999999579028298057892243    1.132124840252367675930145196617E+03
       -3.276999999999579138432181935059    1.139446652243022072070743888617E+03
       -3.275999999999579248566305977874    1.146813486851970310453907586634E+03
       -3.274999999999579358700430020690    1.154225605111666936863912269473E+03
       -3.273999999999579468834554063505    1.161683269464625709588290192187E+03
       -3.272999999999579578968678106321    1.169186743770388147822814062238E+03
       -3.271999999999579689102802149137    1.176736293312520729159587062895E+03
       -3.270999999999579799236926191952    1.184332184805647102621151134372E+03
       -3.269999999999579909371050234768    1.191974686402505767546244896948E+03
       -3.268999999999580019505174277583    1.199664067701042768021579831839E+03
       -3.267999999999580129639298320399    1.207400599751533036396722309291E+03
       -3.266999999999580239773422363214    1.215184555063734478608239442110E+03
       -3.265999999999580349907546406030    1.223016207614071163334301672876E+03
       -3.264999999999580460041670448845    1.230895832852850162453250959516E+03
       -3.263999999999580570175794491661    1.238823707711507495332625694573E+03
       -3.262999999999580680309918534476    1.246800110609887724422151222825E+03
       -3.261999999999580790444042577292    1.254825321463554473666590638459E+03
       -3.260999999999580900578166620107    1.262899621691131869738455861807E+03
       -3.259999999999581010712290662923    1.271023294221679634574684314430E+03
       -3.258999999999581120846414705738    1.279196623502097281743772327900E+03
       -3.257999999999581230980538748554    1.287419895504564237853628583252E+03
       -3.256999999999581341114662791369    1.295693397734008158295182511210E+03
       -3.255999999999581451248786834185    1.304017419235609622774063609540E+03
       -3.254999999999581561382910877001    1.312392250602335479925386607647E+03
       -3.253999999999581671517034919816    1.320818183982508116969256661832E+03
       -3.252999999999581781651158962632    1.329295513087405197438783943653E+03
       -3.251999999999581891785283005447    1.337824533198893050212063826621E+03
       -3.250999999999582001919407048263    1.346405541177092345606070011854E+03
       -3.249999999999582112053531091078    1.355038835468077877521864138544E+03
       -3.248999999999582222187655133894    1.363724716111610632651718333364E+03
       -3.247999999999582332321779176709    1.372463484748903056242852471769E+03
       -3.246999999999582442455903219525    1.381255444630419333407189697027E+03
       -3.245999999999582552590027262340    1.390100900623706138503621332347E+03
       -3.244999999999582662724151305156    1.399000159221260673803044483066E+03
       -3.243999999999582772858275347971    1.407953528548429630973259918392E+03
       -3.242999999999582882992399390787    1.416961318371342713362537324429E+03
       -3.241999999999582993126523433602    1.426023840104881173829198814929E+03
       -3.240999999999583103260647476418    1.435141406820679094380466267467E+03
       -3.239999999999583213394771519233    1.444314333255160136104677803814E+03
       -3.238999999999583323528895562049    1.453542935817607485660118982196E+03
       -3.237999999999583433663019604865    1.462827532598268817309872247279E+03
       -3.236999999999583543797143647680    1.472168443376496270502684637904E+03
       -3.235999999999583653931267690496    1.481565989628920988252502866089E+03
       -3.234999999999583764065391733311    1.491020494537660397327272221446E+03
       -3.233999999999583874199515776127    1.500532282998563687215209938586E+03
       -3.232999999999583984333639818942    1.510101681629491395142395049334E+03
       -3.231999999999584094467763861758    1.519729018778628187646972946823E+03
       -3.230999999999584204601887904573    1.529414624532833840930834412575E+03
       -3.229999999999584314736011947389    1.539158830726026963020558468997E+03
       -3.228999999999584424870135990204    1.548961970947606914705829694867E+03
       -3.227999999999584535004260033020    1.558824380550909836529172025621E+03
       -3.226999999999584645138384075835    1.568746396661699691321700811386E+03
       -3.225999999999584755272508118651    1.578728358186697960263700224459E+03
       -3.224999999999584865406632161466    1.588770605822146080754464492202E+03
       -3.223999999999584975540756204282    1.598873482062406537806964479387E+03
       -3.222999999999585085674880247097    1.609037331208600335230585187674E+03
       -3.221999999999585195809004289913    1.619262499377277663370477966964E+03
       -3.220999999999585305943128332729    1.629549334509130403603194281459E+03
       -3.219999999999585416077252375544    1.639898186377736010399530641735E+03
       -3.218999999999585526211376418360    1.650309406598341411154251545668E+03
       -3.217999999999585636345500461175    1.660783348636683740551234222949E+03
       -3.216999999999585746479624503991    1.671320367817845635727280750871E+03
       -3.215999999999585856613748546806    1.681920821335151913444860838354E+03
       -3.214999999999585966747872589622    1.692585068259098534326767548919E+03
       -3.213999999999586076881996632437    1.703313469546322949099703691900E+03
       -3.212999999999586187016120675253    1.714106388048610824625939130783E+03
       -3.211999999999586297150244718068    1.724964188521939149723039008677E+03
       -3.210999999999586407284368760884    1.735887237635559813497820869088E+03
       -3.209999999999586517418492803699    1.746875903981117744478979147971E+03
       -3.208999999999586627552616846515    1.757930558081810431758640334010E+03
       -3.207999999999586737686740889330    1.769051572401584735416690818965E+03
       -3.206999999999586847820864932146    1.780239321354368712491123005748E+03
       -3.205999999999586957954988974961    1.791494181313348008188768289983E+03
       -3.204999999999587068089113017777    1.802816530620274988905293866992E+03
       -3.203999999999587178223237060593    1.814206749594820621496182866395E+03
       -3.202999999999587288357361103408    1.825665220543962277588434517384E+03
       -3.201999999999587398491485146224    1.837192327771413829395896755159E+03
       -3.200999999999587508625609189039    1.848788457587091215827967971563E+03
       -3.199999999999587618759733231855    1.860453998316620300101931206882E+03
       -3.198999999999587728893857274670    1.872189340310881561890710145235E+03
       -3.197999999999587839027981317486    1.883994875955596171479555778205E+03
       -3.196999999999587949162105360301    1.895870999680950717447558417916E+03
       -3.195999999999588059296229403117    1.907818107971262406863388605416E+03
       -3.194999999999588169430353445932    1.919836599374683828500565141439E+03
       -3.193999999999588279564477488748    1.931926874512947279072250239551E+03
       -3.192999999999588389698601531563    1.944089336091149107232922688127E+03
       -3.191999999999588499832725574379    1.956324388907575894336332567036E+03
       -3.190999999999588609966849617194    1.968632439863569743465632200241E+03
       -3.189999999999588720100973660010    1.981013897973434495725086890161E+03
       -3.188999999999588830235097702825    1.993469174374382419046014547348E+03
       -3.187999999999588940369221745641    2.005998682336520914759603329003E+03
       -3.186999999999589050503345788456    2.018602837272882879915414378047E+03
       -3.185999999999589160637469831272    2.031282056749495268377359025180E+03
       -3.184999999999589270771593874088    2.044036760495489943423308432102E+03
       -3.183999999999589380905717916903    2.056867370413257049222011119127E+03
       -3.182999999999589491039841959719    2.069774310588638400076888501644E+03
       -3.181999999999589601173966002534    2.082758007301161342184059321880E+03
       -3.180999999999589711308090045350    2.095818889034318999620154500008E+03
       -3.179999999999589821442214088165    2.108957386485885763249825686216E+03
       -3.178999999999589931576338130981    2.122173932578280982852447777987E+03
       -3.177999999999590041710462173796    2.135468962468970858026295900345E+03
       -3.176999999999590151844586216612    2.148842913560914894333109259605E+03
       -3.175999999999590261978710259427    2.162296225513053286704234778881E+03
       -3.174999999999590372112834302243    2.175829340250838868087157607079E+03
       -3.173999999999590482246958345058    2.189442701976809075858909636736E+03
       -3.172999999999590592381082387874    2.203136757181201573985163122416E+03
       -3.171999999999590702515206430689    2.216911954652615349914412945509E+03
       -3.170999999999590812649330473505    2.230768745488711829239036887884E+03
       -3.169999999999590922783454516320    2.244707583106959646102041006088E+03
       -3.168999999999591032917578559136    2.258728923255424888338893651962E+03
       -3.167999999999591143051702601952    2.272833224023604998365044593811E+03
       -3.166999999999591253185826644767    2.287020945853301782335620373487E+03
       -3.165999999999591363319950687583    2.301292551549542622524313628674E+03
       -3.164999999999591473454074730398    2.315648506291546254942659288645E+03
       -3.163999999999591583588198773214    2.330089277643728564726188778877E+03
       -3.162999999999591693722322816029    2.344615335566755675245076417923E+03
       -3.161999999999591803856446858845    2.359227152428640692960470914841E+03
       -3.160999999999591913990570901660    2.373925203015885017521213740110E+03
       -3.159999999999592024124694944476    2.388709964544665126595646142960E+03
       -3.158999999999592134258818987291    2.403581916672060287964995950460E+03
       -3.157999999999592244392943030107    2.418541541507332112814765423536E+03
       -3.156999999999592354527067072922    2.433589323623242307803593575954E+03
       -3.155999999999592464661191115738    2.448725750067420449340716004372E+03
       -3.154999999999592574795315158553    2.463951310373773594619706273079E+03
       -3.153999999999592684929439201369    2.479266496573944095871411263943E+03
       -3.152999999999592795063563244184    2.494671803208811979857273399830E+03
       -3.151999999999592905197687287000    2.510167727340042802097741514444E+03
       -3.150999999999593015331811329816    2.525754768561682794825173914433E+03
       -3.149999999999593125465935372631    2.541433429011797670682426542044E+03
       -3.148999999999593235600059415447    2.557204213384159629640635102987E+03
       -3.147999999999593345734183458262    2.573067628939980750146787613630E+03
       -3.146999999999593455868307501078    2.589024185519690945511683821678E+03
       -3.145999999999593566002431543893    2.605074395554766852001193910837E+03
       -3.144999999999593676136555586709    2.621218774079600734694395214319E+03
       -3.143999999999593786270679629524    2.637457838743422144034411758184E+03
       -3.142999999999593896404803672340    2.653792109822265047114342451096E+03
       -3.141999999999594006538927715155    2.670222110230981343192979693413E+03
       -3.140999999999594116673051757971    2.686748365535301672935020178556E+03
       -3.139999999999594226807175800786    2.703371403963944430870469659567E+03
       -3.138999999999594336941299843602    2.720091756420772981073241680861E+03
       -3.137999999999594447075423886417    2.736909956497000166564248502254E+03
       -3.136999999999594557209547929233    2.753826540483438293449580669403E+03
       -3.135999999999594667343671972048    2.770842047382801865751389414072E+03
       -3.134999999999594777477796014864    2.787957018922056704468559473753E+03
       -3.133999999999594887611920057680    2.805171999564814541372470557690E+03
       -3.132999999999594997746044100495    2.822487536523778544506058096886E+03
       -3.131999999999595107880168143311    2.839904179773239775386173278093E+03
       -3.130999999999595218014292186126    2.857422482061619120941031724215E+03
       -3.129999999999595328148416228942    2.875042998924057428666856139898E+03
       -3.128999999999595438282540271757    2.892766288695059301971923559904E+03
       -3.127999999999595548416664314573    2.910592912521182370255701243877E+03
       -3.126999999999595658550788357388    2.928523434373776581196580082178E+03
       -3.125999999999595768684912400204    2.946558421061774424742907285690E+03
       -3.124999999999595878819036443019    2.964698442244529360323213040829E+03
       -3.123999999999595988953160485835    2.982944070444703356770332902670E+03
       -3.122999999999596099087284528650    3.001295881061208092432934790850E+03
       -3.121999999999596209221408571466    3.019754452382192539516836404800E+03
       -3.120999999999596319355532614281    3.038320365598082389624323695898E+03
       -3.119999999999596429489656657097    3.056994204814671320491470396519E+03
       -3.118999999999596539623780699912    3.075776557066258646955247968435E+03
       -3.117999999999596649757904742728    3.094668012328842451097443699837E+03
       -3.116999999999596759892028785544    3.113669163533360915607772767544E+03
       -3.115999999999596870026152828359    3.132780606578984588850289583206E+03
       -3.114999999999596980160276871175    3.152002940346461400622501969337E+03
       -3.113999999999597090294400913990    3.171336766711512609617784619331E+03
       -3.112999999999597200428524956806    3.190782690558277863601688295603E+03
       -3.111999999999597310562648999621    3.210341319792817557754460722208E+03
       -3.110999999999597420696773042437    3.230013265356658848759252578020E+03
       -3.109999999999597530830897085252    3.249799141240400786045938730240E+03
       -3.108999999999597640965021128068    3.269699564497368555748835206032E+03
       -3.107999999999597751099145170883    3.289715155257319565862417221069E+03
       -3.106999999999597861233269213699    3.309846536740203191584441810846E+03
       -3.105999999999597971367393256514    3.330094335269972361857071518898E+03
       -3.104999999999598081501517299330    3.350459180288446077611297369003E+03
       -3.103999999999598191635641342145    3.370941704369230137672275304794E+03
       -3.102999999999598301769765384961    3.391542543231684248894453048706E+03
       -3.101999999999598411903889427776    3.412262335754947343957610428333E+03
       -3.100999999999598522038013470592    3.433101723992012921371497213840E+03
       -3.099999999999598632172137513408    3.454061353183858955162577331066E+03
       -3.098999999999598742306261556223    3.475141871773633283737581223249E+03
       -3.097999999999598852440385599039    3.496343931420890839945059269667E+03
       -3.096999999999598962574509641854    3.517668187015881812840234488249E+03
       -3.095999999999599072708633684670    3.539115296693900745594874024391E+03
       -3.094999999999599182842757727485    3.560685921849686565110459923744E+03
       -3.093999999999599292976881770301    3.582380727151872633839957416058E+03
       -3.092999999999599403111005813116    3.604200380557499556744005531073E+03
       -3.091999999999599513245129855932    3.626145553326574372476898133755E+03
       -3.090999999999599623379253898747    3.648216920036692499706987291574E+03
       -3.089999999999599733513377941563    3.670415158597708796150982379913E+03
       -3.088999999999599843647501984378    3.692740950266465006279759109020E+03
       -3.087999999999599953781626027194    3.715194979661576326179783791304E+03
       -3.086999999999600063915750070009    3.737777934778265262139029800892E+03
       -3.085999999999600174049874112825    3.760490507003260063356719911098E+03
       -3.084999999999600284183998155640    3.783333391129745905345771461725E+03
       -3.083999999999600394318122198456    3.806307285372366095543839037418E+03
       -3.082999999999600504452246241271    3.829412891382289672037586569786E+03
       -3.081999999999600614586370284087    3.852650914262325386516749858856E+03
       -3.080999999999600724720494326903    3.876022062582099351857323199511E+03
       -3.079999999999600834854618369718    3.899527048393286349892150610685E+03
       -3.078999999999600944988742412534    3.923166587244894799368921667337E+03
       -3.077999999999601055122866455349    3.946941398198616298031993210316E+03
       -3.076999999999601165256990498165    3.970852203844222458428703248501E+03
       -3.075999999999601275391114540980    3.994899730315027227334212511778E+03
       -3.074999999999601385525238583796    4.019084707303403774858452379704E+03
       -3.073999999999601495659362626611    4.043407868076354134245775640011E+03
       -3.072999999999601605793486669427    4.067869949491146144282538443804E+03
       -3.071999999999601715927610712242    4.092471692010995866439770907164E+03
       -3.070999999999601826061734755058    4.117213839720820033107884228230E+03
       -3.069999999999601936195858797873    4.142097140343038518039975315332E+03
       -3.068999999999602046329982840689    4.167122345253439561929553747177E+03
       -3.067999999999602156464106883504    4.192290209497100477165076881647E+03
       -3.066999999999602266598230926320    4.217601491804367469740100204945E+03
       -3.065999999999602376732354969135    4.243056954606895487813744693995E+03
       -3.064999999999602486866479011951    4.268657364053742639953270554543E+03
       -3.063999999999602597000603054767    4.294403490027533734973985701799E+03
       -3.062999999999602707134727097582    4.320296106160669296514242887497E+03
       -3.061999999999602817268851140398    4.346335989851607337186578661203E+03
       -3.060999999999602927402975183213    4.372523922281192426453344523907E+03
       -3.059999999999603037537099226029    4.398860688429053880099672824144E+03
       -3.058999999999603147671223268844    4.425347077090058519388549029827E+03
       -3.057999999999603257805347311660    4.451983880890825275855604559183E+03
       -3.056999999999603367939471354475    4.478771896306299822754226624966E+03
       -3.055999999999603478073595397291    4.505711923676387414161581546068E+03
       -3.054999999999603588207719440106    4.532804767222649388713762164116E+03
       -3.053999999999603698341843482922    4.560051235065059699991252273321E+03
       -3.052999999999603808475967525737    4.587452139238819654565304517746E+03
       -3.051999999999603918610091568553    4.615008295711236314673442393541E+03
       -3.050999999999604028744215611368    4.642720524398659108555875718594E+03
       -3.049999999999604138878339654184    4.670589649183483743399847298861E+03
       -3.048999999999604249012463696999    4.698616497931207049987278878689E+03
       -3.047999999999604359146587739815    4.726801902507554586918558925390E+03
       -3.046999999999604469280711782631    4.755146698795660995529033243656E+03
       -3.045999999999604579414835825446    4.783651726713317657413426786661E+03
       -3.044999999999604689548959868262    4.812317830230280378600582480431E+03
       -3.043999999999604799683083911077    4.841145857385640738357324153185E+03
       -3.042999999999604909817207953893    4.870136660305257464642636477947E+03
       -3.041999999999605019951331996708    4.899291095219251474190969020128E+03
       -3.040999999999605130085456039524    4.928610022479564577224664390087E+03
       -3.039999999999605240219580082339    4.958094306577576389827299863100E+03
       -3.038999999999605350353704125155    4.987744816161790367914363741875E+03
       -3.037999999999605460487828167970    5.017562424055579867854248732328E+03
       -3.036999999999605570621952210786    5.047548007274997871718369424343E+03
       -3.035999999999605680756076253601    5.077702447046650377160403877497E+03
       -3.034999999999605790890200296417    5.108026628825635270914062857628E+03
       -3.033999999999605901024324339232    5.138521442313537590962368994951E+03
       -3.032999999999606011158448382048    5.169187781476499367272481322289E+03
       -3.031999999999606121292572424863    5.200026544563342213223222643137E+03
       -3.030999999999606231426696467679    5.231038634123764495598152279854E+03
       -3.029999999999606341560820510495    5.262224957026596712239552289248E+03
       -3.028999999999606451694944553310    5.293586424478124172310344874859E+03
       -3.027999999999606561829068596126    5.325123952040471522195730358362E+03
       -3.026999999999606671963192638941    5.356838459650054574012756347656E+03
       -3.025999999999606782097316681757    5.388730871636097617738414555788E+03
       -3.024999999999606892231440724572    5.420802116739212578977458178997E+03
       -3.023999999999607002365564767388    5.453053128130047298327554017305E+03
       -3.022999999999607112499688810203    5.485484843427997475373558700085E+03
       -3.021999999999607222633812853019    5.518098204719982277310919016600E+03
       -3.020999999999607332767936895834    5.550894158579289069166406989098E+03
       -3.019999999999607442902060938650    5.583873656084485446626786142588E+03
       -3.018999999999607553036184981465    5.617037652838391295517794787884E+03
       -3.017999999999607663170309024281    5.650387108987123610859271138906E+03
       -3.016999999999607773304433067096    5.683922989239203161559998989105E+03
       -3.015999999999607883438557109912    5.717646262884730276709888130426E+03
       -3.014999999999607993572681152727    5.751557903814624296501278877258E+03
       -3.013999999999608103706805195543    5.785658890539933963736984878778E+03
       -3.012999999999608213840929238359    5.819950206211213298956863582134E+03
       -3.011999999999608323975053281174    5.854432838637962959182914346457E+03
       -3.010999999999608434109177323990    5.889107780308140718261711299419E+03
       -3.009999999999608544243301366805    5.923976028407741068804170936346E+03
       -3.008999999999608654377425409621    5.959038584840442126733250916004E+03
       -3.007999999999608764511549452436    5.994296456247314381471369415522E+03
       -3.006999999999608874645673495252    6.029750654026604024693369865417E+03
       -3.005999999999608984779797538067    6.065402194353581762698013335466E+03
       -3.004999999999609094913921580883    6.101252098200464388355612754822E+03
       -3.003999999999609205048045623698    6.137301391356394560716580599546E+03
       -3.002999999999609315182169666514    6.173551104447502439143136143684E+03
       -3.001999999999609425316293709329    6.210002272957027344091329723597E+03
       -3.000999999999609535450417752145    6.246655937245508539490401744843E+03
       -2.999999999999609645584541794960    6.283513142571048774698283523321E+03
       -2.998999999999609755718665837776    6.320574939109645129065029323101E+03
       -2.997999999999609865852789880591    6.357842381975590797082986682653E+03
       -2.996999999999609975986913923407    6.395316531241940538166090846062E+03
       -2.995999999999610086121037966223    6.432998451961056161962915211916E+03
       -2.994999999999610196255162009038    6.470889214185215678298845887184E+03
       -2.993999999999610306389286051854    6.508989892987291568715590983629E+03
       -2.992999999999610416523410094669    6.547301568481499998597428202629E+03
       -2.991999999999610526657534137485    6.585825325844224607862997800112E+03
       -2.990999999999610636791658180300    6.624562255334902147296816110611E+03
       -2.989999999999610746925782223116    6.663513452316991788393352180719E+03
       -2.988999999999610857059906265931    6.702680017278999002883210778236E+03
       -2.987999999999610967194030308747    6.742063055855586753750685602427E+03
       -2.986999999999611077328154351562    6.781663678848748531891033053398E+03
       -2.985999999999611187462278394378    6.821483002249050514365080744028E+03
       -2.984999999999611297596402437193    6.861522147256951939198188483715E+03
       -2.983999999999611407730526480009    6.901782240304194601776544004679E+03
       -2.982999999999611517864650522824    6.942264413075263291830196976662E+03
       -2.981999999999611627998774565640    6.982969802528915352013427764177E+03
       -2.980999999999611738132898608455    7.023899550919792091008275747299E+03
       -2.979999999999611848267022651271    7.065054805820090223278384655714E+03
       -2.978999999999611958401146694086    7.106436720141316982335411012173E+03
       -2.977999999999612068535270736902    7.148046452156107079645153135061E+03
       -2.976999999999612178669394779718    7.189885165520117880078032612801E+03
       -2.975999999999612288803518822533    7.231954029294000974914524704218E+03
       -2.974999999999612398937642865349    7.274254217965441057458519935608E+03
       -2.973999999999612509071766908164    7.316786911471271196205634623766E+03
       -2.972999999999612619205890950980    7.359553295219657229608856141567E+03
       -2.971999999999612729340014993795    7.402554560112360377388540655375E+03
       -2.970999999999612839474139036611    7.445791902567068973439745604992E+03
       -2.969999999999612949608263079426    7.489266524539813872252125293016E+03
       -2.968999999999613059742387122242    7.532979633547440244001336395741E+03
       -2.967999999999613169876511165057    7.576932442690172138100024312735E+03
       -2.966999999999613280010635207873    7.621126170674240711377933621407E+03
       -2.965999999999613390144759250688    7.665562041834585215838160365820E+03
       -2.964999999999613500278883293504    7.710241286157641297904774546623E+03
       -2.963999999999613610413007336319    7.755165139304183867352548986673E+03
       -2.962999999999613720547131379135    7.800334842632264553685672581196E+03
       -2.961999999999613830681255421950    7.845751643220216465124394744635E+03
       -2.960999999999613940815379464766    7.891416793889728069189004600048E+03
       -2.959999999999614050949503507582    7.937331553228997108817566186190E+03
       -2.958999999999614161083627550397    7.983497185615964554017409682274E+03
       -2.957999999999614271217751593213    8.029914961241619494103360921144E+03
       -2.956999999999614381351875636028    8.076586156133384065469726920128E+03
       -2.955999999999614491485999678844    8.123512052178563862980809062719E+03
       -2.954999999999614601620123721659    8.170693937147883843863382935524E+03
       -2.953999999999614711754247764475    8.218133104719097900670021772385E+03
       -2.952999999999614821888371807290    8.265830854500676650786772370338E+03
       -2.951999999999614932022495850106    8.313788492055573442485183477402E+03
       -2.950999999999615042156619892921    8.362007328925054025603458285332E+03
       -2.949999999999615152290743935737    8.410488682652619900181889533997E+03
       -2.948999999999615262424867978552    8.459233876807997148716822266579E+03
       -2.947999999999615372558992021368    8.508244241011208941927179694176E+03
       -2.946999999999615482693116064183    8.557521110956728080054745078087E+03
       -2.945999999999615592827240106999    8.607065828437695017782971262932E+03
       -2.944999999999615702961364149814    8.656879741370219562668353319168E+03
       -2.943999999999615813095488192630    8.706964203817762609105557203293E+03
       -2.942999999999615923229612235446    8.757320576015597907826304435730E+03
       -2.941999999999616033363736278261    8.807950224395346594974398612976E+03
       -2.940999999999616143497860321077    8.858854521609588118735700845718E+03
       -2.939999999999616253631984363892    8.910034846556558477459475398064E+03
       -2.938999999999616363766108406708    8.961492584404910303419455885887E+03
       -2.937999999999616473900232449523    9.013229126618574809981510043144E+03
       -2.936999999999616584034356492339    9.065245870981689222389832139015E+03
       -2.935999999999616694168480535154    9.117544221623593330150470137596E+03
       -2.934999999999616804302604577970    9.170125589043927902821451425552E+03
       -2.933999999999616914436728620785    9.222991390137791313463822007179E+03
       -2.932999999999617024570852663601    9.276143048220987111562862992287E+03
       -2.931999999999617134704976706416    9.329581993055355269461870193481E+03
       -2.930999999999617244839100749232    9.383309660874161636456847190857E+03
       -2.929999999999617354973224792047    9.437327494407596532255411148071E+03
       -2.928999999999617465107348834863    9.491636942908331548096612095833E+03
       -2.927999999999617575241472877678    9.546239462177160021383315324783E+03
       -2.926999999999617685375596920494    9.601136514588724821805953979492E+03
       -2.925999999999617795509720963310    9.656329569117326173000037670135E+03
       -2.924999999999617905643845006125    9.711820101362798595800995826721E+03
       -2.923999999999618015777969048941    9.767609593576482438948005437851E+03
       -2.922999999999618125912093091756    9.823699534687264531385153532028E+03
       -2.921999999999618236046217134572    9.880091420327706146053969860077E+03
       -2.920999999999618346180341177387    9.936786752860258275177329778671E+03
       -2.919999999999618456314465220203    9.993787041403542389161884784698E+03
       -2.918999999999618566448589263018    1.005109380185872214497067034245E+04
       -2.917999999999618676582713305834    1.010870855693595876800827682018E+04
       -2.916999999999618786716837348649    1.016663283618094283156096935272E+04
       -2.915999999999618896850961391465    1.022486817600150970974937081337E+04
       -2.914999999999619006985085434280    1.028341611969433506601490080357E+04
       -2.913999999999619117119209477096    1.034227821747171401511877775192E+04
       -2.912999999999619227253333519911    1.040145602648842759663239121437E+04
       -2.911999999999619337387457562727    1.046095111086868564598262310028E+04
       -2.910999999999619447521581605542    1.052076504173314242507331073284E+04
       -2.909999999999619557655705648358    1.058089939722601775429211556911E+04
       -2.908999999999619667789829691174    1.064135576254227999015711247921E+04
       -2.907999999999619777923953733989    1.070213572995492722839117050171E+04
       -2.906999999999619888058077776805    1.076324089884233762859366834164E+04
       -2.905999999999619998192201819620    1.082467287571571432636119425297E+04
       -2.904999999999620108326325862436    1.088643327424660674296319484711E+04
       -2.903999999999620218460449905251    1.094852371529451920650899410248E+04
       -2.902999999999620328594573948067    1.101094582693460324662737548351E+04
       -2.901999999999620438728697990882    1.107370124448542264872230589390E+04
       -2.900999999999620548862822033698    1.113679161053682037163525819778E+04
       -2.899999999999620658996946076513    1.120021857497785458690486848354E+04
       -2.898999999999620769131070119329    1.126398379502482566749677062035E+04
       -2.897999999999620879265194162144    1.132808893524939048802480101585E+04
       -2.896999999999620989399318204960    1.139253566760675676050595939159E+04
       -2.895999999999621099533442247775    1.145732567146395012969151139259E+04
       -2.894999999999621209667566290591    1.152246063362819040776230394840E+04
       -2.893999999999621319801690333406    1.158794224837533693062141537666E+04
       -2.892999999999621429935814376222    1.165377221747841394972056150436E+04
       -2.891999999999621540069938419037    1.171995225023623424931429326534E+04
       -2.890999999999621650204062461853    1.178648406350210279924795031548E+04
       -2.889999999999621760338186504669    1.185336938171259680530056357384E+04
       -2.888999999999621870472310547484    1.192060993691644398495554924011E+04
       -2.887999999999621980606434590300    1.198820746880348815466277301311E+04
       -2.886999999999622090740558633115    1.205616372473372757667675614357E+04
       -2.885999999999622200874682675931    1.212448045976643697940744459629E+04
       -2.884999999999622311008806718746    1.219315943668939144117757678032E+04
       -2.883999999999622421142930761562    1.226220242604817394749261438847E+04
       -2.882999999999622531277054804377    1.233161120617555206990800797939E+04
       -2.881999999999622641411178847193    1.240138756322095287032425403595E+04
       -2.880999999999622751545302890008    1.247153329118003239273093640804E+04
       -2.879999999999622861679426932824    1.254205019192431063856929540634E+04
       -2.878999999999622971813550975639    1.261294007523090840550139546394E+04
       -2.877999999999623081947675018455    1.268420475881237507564947009087E+04
       -2.876999999999623192081799061270    1.275584606834659280139021575451E+04
       -2.875999999999623302215923104086    1.282786583750675708870403468609E+04
       -2.874999999999623412350047146901    1.290026590799147015786729753017E+04
       -2.873999999999623522484171189717    1.297304812955491070169955492020E+04
       -2.872999999999623632618295232533    1.304621436003708004136569797993E+04
       -2.871999999999623742752419275348    1.311976646539414650760591030121E+04
       -2.870999999999623852886543318164    1.319370631972888077143579721451E+04
       -2.869999999999623963020667360979    1.326803580532116757240146398544E+04
       -2.868999999999624073154791403795    1.334275681265861203428357839584E+04
       -2.867999999999624183288915446610    1.341787124046723693027161061764E+04
       -2.866999999999624293423039489426    1.349338099574225634569302201271E+04
       -2.865999999999624403557163532241    1.356928799377895484212785959244E+04
       -2.864999999999624513691287575057    1.364559415820363574312068521976E+04
       -2.863999999999624623825411617872    1.372230142100467492127791047096E+04
       -2.862999999999624733959535660688    1.379941172256364734494127333164E+04
       -2.861999999999624844093659703503    1.387692701168655185028910636902E+04
       -2.860999999999624954227783746319    1.395484924563511958695016801357E+04
       -2.859999999999625064361907789134    1.403318039015822432702407240868E+04
       -2.858999999999625174496031831950    1.411192241952335825772024691105E+04
       -2.857999999999625284630155874765    1.419107731654822055133990943432E+04
       -2.856999999999625394764279917581    1.427064707263237505685538053513E+04
       -2.855999999999625504898403960397    1.435063368778901349287480115891E+04
       -2.854999999999625615032528003212    1.443103917067679503816179931164E+04
       -2.853999999999625725166652046028    1.451186553863178050960414111614E+04
       -2.852999999999625835300776088843    1.459311481769946476561017334461E+04
       -2.851999999999625945434900131659    1.467478904266688186908140778542E+04
       -2.850999999999626055569024174474    1.475689025709481575177051126957E+04
       -2.849999999999626165703148217290    1.483942051335008363821543753147E+04
       -2.848999999999626275837272260105    1.492238187263792860903777182102E+04
       -2.847999999999626385971396302921    1.500577640503448128583841025829E+04
       -2.846999999999626496105520345736    1.508960618951933793141506612301E+04
       -2.845999999999626606239644388552    1.517387331400819675764068961143E+04
       -2.844999999999626716373768431367    1.525857987538561428664252161980E+04
       -2.843999999999626826507892474183    1.534372797953783810953609645367E+04
       -2.842999999999626936642016516998    1.542931974138572695665061473846E+04
       -2.841999999999627046776140559814    1.551535728491776171722449362278E+04
       -2.840999999999627156910264602629    1.560184274322315468452870845795E+04
       -2.839999999999627267044388645445    1.568877825852505338843911886215E+04
       -2.838999999999627377178512688261    1.577616598221382082556374371052E+04
       -2.837999999999627487312636731076    1.586400807488041755277663469315E+04
       -2.836999999999627597446760773892    1.595230670634986017830669879913E+04
       -2.835999999999627707580884816707    1.604106405571479263016954064369E+04
       -2.834999999999627817715008859523    1.613028231136913382215425372124E+04
       -2.833999999999627927849132902338    1.621996367104181626928038895130E+04
       -2.832999999999628037983256945154    1.631011034183063020464032888412E+04
       -2.831999999999628148117380987969    1.640072454023614045581780374050E+04
       -2.830999999999628258251505030785    1.649180849219571246067062020302E+04
       -2.829999999999628368385629073600    1.658336443311760740471072494984E+04
       -2.828999999999628478519753116416    1.667539460791519377380609512329E+04
       -2.827999999999628588653877159231    1.676790127104123894241638481617E+04
       -2.826999999999628698788001202047    1.686088668652228807331994175911E+04
       -2.825999999999628808922125244862    1.695435312799315215670503675938E+04
       -2.824999999999628919056249287678    1.704830287873146153287962079048E+04
       -2.823999999999629029190373330493    1.714273823169232855434529483318E+04
       -2.822999999999629139324497373309    1.723766148954311211127787828445E+04
       -2.821999999999629249458621416125    1.733307496469825491658411920071E+04
       -2.820999999999629359592745458940    1.742898097935422265436500310898E+04
       -2.819999999999629469726869501756    1.752538186552453043987043201923E+04
       -2.818999999999629579860993544571    1.762227996507485659094527363777E+04
       -2.817999999999629689995117587387    1.771967762975828009075485169888E+04
       -2.816999999999629800129241630202    1.781757722125057625817134976387E+04
       -2.815999999999629910263365673018    1.791598111118562155752442777157E+04
       -2.814999999999630020397489715833    1.801489168119087844388559460640E+04
       -2.813999999999630130531613758649    1.811431132292298207175917923450E+04
       -2.812999999999630240665737801464    1.821424243810342159122228622437E+04
       -2.811999999999630350799861844280    1.831468743855432330747134983540E+04
       -2.810999999999630460933985887095    1.841564874623430659994482994080E+04
       -2.809999999999630571068109929911    1.851712879327443442889489233494E+04
       -2.808999999999630681202233972726    1.861913002201427298132330179214E+04
       -2.807999999999630791336358015542    1.872165488503804590436629951000E+04
       -2.806999999999630901470482058357    1.882470584521085402229800820351E+04
       -2.805999999999631011604606101173    1.892828537571502602077089250088E+04
       -2.804999999999631121738730143989    1.903239596008652733871713280678E+04
       -2.803999999999631231872854186804    1.913704009225148547557182610035E+04
       -2.802999999999631342006978229620    1.924222027656280988594517111778E+04
       -2.801999999999631452141102272435    1.934793902783688463387079536915E+04
       -2.800999999999631562275226315251    1.945419887139038473833352327347E+04
       -2.799999999999631672409350358066    1.956100234307715072645805776119E+04
       -2.798999999999631782543474400882    1.966835198932518687797710299492E+04
       -2.797999999999631892677598443697    1.977625036717373950523324310780E+04
       -2.796999999999632002811722486513    1.988470004431046982062980532646E+04
       -2.795999999999632112945846529328    1.999370359910872866748832166195E+04
       -2.794999999999632223079970572144    2.010326362066492583835497498512E+04
       -2.793999999999632333214094614959    2.021338270883597942884080111980E+04
       -2.792999999999632443348218657775    2.032406347427686705486848950386E+04
       -2.791999999999632553482342700590    2.043530853847826438141055405140E+04
       -2.790999999999632663616466743406    2.054712053380430006654933094978E+04
       -2.789999999999632773750590786221    2.065950210353037618915550410748E+04
       -2.788999999999632883884714829037    2.077245590188111964380368590355E+04
       -2.787999999999632994018838871852    2.088598459406836991547606885433E+04
       -2.786999999999633104152962914668    2.100009085632933420129120349884E+04
       -2.785999999999633214287086957484    2.111477737596476436010561883450E+04
       -2.784999999999633324421211000299    2.123004685137728665722534060478E+04
       -2.783999999999633434555335043115    2.134590199210979699273593723774E+04
       -2.782999999999633544689459085930    2.146234551888395799323916435242E+04
       -2.781999999999633654823583128746    2.157938016363878341508097946644E+04
       -2.780999999999633764957707171561    2.169700866956933168694376945496E+04
       -2.779999999999633875091831214377    2.181523379116547221201471984386E+04
       -2.778999999999633985225955257192    2.193405829425076808547601103783E+04
       -2.777999999999634095360079300008    2.205348495602144612348638474941E+04
       -2.776999999999634205494203342823    2.217351656508546147961169481277E+04
       -2.775999999999634315628327385639    2.229415592150164957274682819843E+04
       -2.774999999999634425762451428454    2.241540583681897987844422459602E+04
       -2.773999999999634535896575471270    2.253726913411591158364899456501E+04
       -2.772999999999634646030699514085    2.265974864803983655292540788651E+04
       -2.771999999999634756164823556901    2.278284722484660233021713793278E+04
       -2.770999999999634866298947599716    2.290656772244015883188694715500E+04
       -2.769999999999634976433071642532    2.303091301041228507529012858868E+04
       -2.768999999999635086567195685348    2.315588597008240321883931756020E+04
       -2.767999999999635196701319728163    2.328148949453751629334874451160E+04
       -2.766999999999635306835443770979    2.340772648867219686508178710938E+04
       -2.765999999999635416969567813794    2.353459986922871394199319183826E+04
       -2.764999999999635527103691856610    2.366211256483721808763220906258E+04
       -2.763999999999635637237815899425    2.379026751605605022632516920567E+04
       -2.762999999999635747371939942241    2.391906767541213775984942913055E+04
       -2.761999999999635857506063985056    2.404851600744147799559868872166E+04
       -2.760999999999635967640188027872    2.417861548872971616219729185104E+04
       -2.759999999999636077774312070687    2.430936910795282528852112591267E+04
       -2.758999999999636187908436113503    2.444077986591790249804034829140E+04
       -2.757999999999636298042560156318    2.457285077560399440699256956577E+04
       -2.756999999999636408176684199134    2.470558486220308986958116292953E+04
       -2.755999999999636518310808241949    2.483898516316118548274971544743E+04
       -2.754999999999636628444932284765    2.497305472821941657457500696182E+04
       -2.753999999999636738579056327580    2.510779661945531188393943011761E+04
       -2.752999999999636848713180370396    2.524321391132415010361000895500E+04
       -2.751999999999636958847304413212    2.537930969070038918289355933666E+04
       -2.750999999999637068981428456027    2.551608705691920476965606212616E+04
       -2.749999999999637179115552498843    2.565354912181810141191817820072E+04
       -2.748999999999637289249676541658    2.579169900977866927860304713249E+04
       -2.747999999999637399383800584474    2.593053985776836998411454260349E+04
       -2.746999999999637509517924627289    2.607007481538248975994065403938E+04
       -2.745999999999637619652048670105    2.621030704488610717817209661007E+04
       -2.744999999999637729786172712920    2.635123972125622094608843326569E+04
       -2.743999999999637839920296755736    2.649287603222395046032033860683E+04
       -2.742999999999637950054420798551    2.663521917831682367250323295593E+04
       -2.741999999999638060188544841367    2.677827237290116681833751499653E+04
       -2.740999999999638170322668884182    2.692203884222458873409777879715E+04
       -2.739999999999638280456792926998    2.706652182545856703654862940311E+04
       -2.738999999999638390590916969813    2.721172457474112889030948281288E+04
       -2.737999999999638500725041012629    2.735765035521958998288027942181E+04
       -2.736999999999638610859165055444    2.750430244509344629477709531784E+04
       -2.735999999999638720993289098260    2.765168413565733862924389541149E+04
       -2.734999999999638831127413141076    2.779979873134408262558281421661E+04
       -2.733999999999638941261537183891    2.794864954976782246376387774944E+04
       -2.732999999999639051395661226707    2.809823992176729370839893817902E+04
       -2.731999999999639161529785269522    2.824857319144913708441890776157E+04
       -2.730999999999639271663909312338    2.839965271623134321998804807663E+04
       -2.729999999999639381798033355153    2.855148186688678470090962946415E+04
       -2.728999999999639491932157397969    2.870406402758682816056534647942E+04
       -2.727999999999639602066281440784    2.885740259594506278517656028271E+04
       -2.726999999999639712200405483600    2.901150098306110885459929704666E+04
       -2.725999999999639822334529526415    2.916636261356452087056823074818E+04
       -2.724999999999639932468653569231    2.932199092565877072047442197800E+04
       -2.723999999999640042602777612046    2.947838937116537636029534041882E+04
       -2.722999999999640152736901654862    2.963556141556805960135534405708E+04
       -2.721999999999640262871025697677    2.979351053805704941623844206333E+04
       -2.720999999999640373005149740493    2.995224023157346528023481369019E+04
       -2.719999999999640483139273783308    3.011175400285377327236346900463E+04
       -2.718999999999640593273397826124    3.027205537247434403980150818825E+04
       -2.717999999999640703407521868940    3.043314787489614172955043613911E+04
       -2.716999999999640813541645911755    3.059503505850945657584816217422E+04
       -2.715999999999640923675769954571    3.075772048567874662694521248341E+04
       -2.714999999999641033809893997386    3.092120773278760316316038370132E+04
       -2.713999999999641143944018040202    3.108550039028377432259730994701E+04
       -2.712999999999641254078142083017    3.125060206272430514218285679817E+04
       -2.711999999999641364212266125833    3.141651636882074308232404291630E+04
       -2.710999999999641474346390168648    3.158324694148445996688678860664E+04
       -2.709999999999641584480514211464    3.175079742787207578658126294613E+04
       -2.708999999999641694614638254279    3.191917148943094798596575856209E+04
       -2.707999999999641804748762297095    3.208837280194478444173000752926E+04
       -2.706999999999641914882886339910    3.225840505557932192459702491760E+04
       -2.705999999999642025017010382726    3.242927195492812097654677927494E+04
       -2.704999999999642135151134425541    3.260097721905841899570077657700E+04
       -2.703999999999642245285258468357    3.277352458155713975429534912109E+04
       -2.702999999999642355419382511172    3.294691779057691746857017278671E+04
       -2.701999999999642465553506553988    3.312116060888228821568191051483E+04
       -2.700999999999642575687630596804    3.329625681389593228232115507126E+04
       -2.699999999999642685821754639619    3.347221019774499291088432073593E+04
       -2.698999999999642795955878682435    3.364902456730754056479781866074E+04
       -2.697999999999642906090002725250    3.382670374425906629767268896103E+04
       -2.696999999999643016224126768066    3.400525156511913519352674484253E+04
       -2.695999999999643126358250810881    3.418467188129809801466763019562E+04
       -2.694999999999643236492374853697    3.436496855914387560915201902390E+04
       -2.693999999999643346626498896512    3.454614547998887428548187017441E+04
       -2.692999999999643456760622939328    3.472820654019694484304636716843E+04
       -2.691999999999643566894746982143    3.491115565121051622554659843445E+04
       -2.690999999999643677028871024959    3.509499673959772917442023754120E+04
       -2.689999999999643787162995067774    3.527973374709971540141850709915E+04
       -2.688999999999643897297119110590    3.546537063067793496884405612946E+04
       -2.687999999999644007431243153405    3.565191136256164463702589273453E+04
       -2.686999999999644117565367196221    3.583935993029543897137045860291E+04
       -2.685999999999644227699491239036    3.602772033678689331281930208206E+04
       -2.684999999999644337833615281852    3.621699660035426495596766471863E+04
       -2.683999999999644447967739324667    3.640719275477429619058966636658E+04
       -2.682999999999644558101863367483    3.659831284933013375848531723022E+04
       -2.681999999999644668235987410299    3.679036094885933562181890010834E+04
       -2.680999999999644778370111453114    3.698334113380195049103349447250E+04
       -2.679999999999644888504235495930    3.717725750024869921617209911346E+04
       -2.678999999999644998638359538745    3.737211415998921438585966825485E+04
       -2.677999999999645108772483581561    3.756791524056042544543743133545E+04
       -2.676999999999645218906607624376    3.776466488529500202275812625885E+04
       -2.675999999999645329040731667192    3.796236725336989911738783121109E+04
       -2.674999999999645439174855710007    3.816102651985497504938393831253E+04
       -2.673999999999645549308979752823    3.836064687576169671956449747086E+04
       -2.672999999999645659443103795638    3.856123252809197583701461553574E+04
       -2.671999999999645769577227838454    3.876278769988704880233854055405E+04
       -2.670999999999645879711351881269    3.896531663027647300623357295990E+04
       -2.669999999999645989845475924085    3.916882357452719588764011859894E+04
       -2.668999999999646099979599966900    3.937331280409271130338311195374E+04
       -2.667999999999646210113724009716    3.957878860666233231313526630402E+04
       -2.666999999999646320247848052531    3.978525528621052217204123735428E+04
       -2.665999999999646430381972095347    3.999271716304634173866361379623E+04
       -2.664999999999646540516096138163    4.020117857386294053867459297180E+04
       -2.663999999999646650650220180978    4.041064387178720789961516857147E+04
       -2.662999999999646760784344223794    4.062111742642940953373908996582E+04
       -2.661999999999646870918468266609    4.083260362393302784767001867294E+04
       -2.660999999999646981052592309425    4.104510686702461680397391319275E+04
       -2.659999999999647091186716352240    4.125863157506372954230755567551E+04
       -2.658999999999647201320840395056    4.147318218409302062354981899261E+04
       -2.657999999999647311454964437871    4.168876314688834827393293380737E+04
       -2.656999999999647421589088480687    4.190537893300900759641081094742E+04
       -2.655999999999647531723212523502    4.212303402884802198968827724457E+04
       -2.654999999999647641857336566318    4.234173293768256553448736667633E+04
       -2.653999999999647751991460609133    4.256148017972442903555929660797E+04
       -2.652999999999647862125584651949    4.278228029217060247901827096939E+04
       -2.651999999999647972259708694764    4.300413782925391569733619689941E+04
       -2.650999999999648082393832737580    4.322705736229376634582877159119E+04
       -2.649999999999648192527956780395    4.345104347974697884637862443924E+04
       -2.648999999999648302662080823211    4.367610078725869243498891592026E+04
       -2.647999999999648412796204866027    4.390223390771338017657399177551E+04
       -2.646999999999648522930328908842    4.412944748128589708358049392700E+04
       -2.645999999999648633064452951658    4.435774616549270285759121179581E+04
       -2.644999999999648743198576994473    4.458713463524308463092893362045E+04
       -2.643999999999648853332701037289    4.481761758289048157166689634323E+04
       -2.642999999999648963466825080104    4.504919971828391135204583406448E+04
       -2.641999999999649073600949122920    4.528188576881951303221285343170E+04
       -2.640999999999649183735073165735    4.551568047949210449587553739548E+04
       -2.639999999999649293869197208551    4.575058861294685630127787590027E+04
       -2.638999999999649404003321251366    4.598661494953105284366756677628E+04
       -2.637999999999649514137445294182    4.622376428734595538116991519928E+04
       -2.636999999999649624271569336997    4.646204144229870871640741825104E+04
       -2.635999999999649734405693379813    4.670145124815434974152594804764E+04
       -2.634999999999649844539817422628    4.694199855658790329471230506897E+04
       -2.633999999999649954673941465444    4.718368823723653622437268495560E+04
       -2.632999999999650064808065508259    4.742652517775184242054820060730E+04
       -2.631999999999650174942189551075    4.767051428385215695016086101532E+04
       -2.630999999999650285076313593891    4.791566047937498660758137702942E+04
       -2.629999999999650395210437636706    4.816196870632951322477310895920E+04
       -2.628999999999650505344561679522    4.840944392494915518909692764282E+04
       -2.627999999999650615478685722337    4.865809111374423082452267408371E+04
       -2.626999999999650725612809765153    4.890791526955473818816244602203E+04
       -2.625999999999650835746933807968    4.915892140760314941871911287308E+04
       -2.624999999999650945881057850784    4.941111456154732150025665760040E+04
       -2.623999999999651056015181893599    4.966449978353347978554666042328E+04
       -2.622999999999651166149305936415    4.991908214424930338282138109207E+04
       -2.621999999999651276283429979230    5.017486673297703964635729789734E+04
       -2.620999999999651386417554022046    5.043185865764673508238047361374E+04
       -2.619999999999651496551678064861    5.069006304488953901454806327820E+04
       -2.618999999999651606685802107677    5.094948504009108000900596380234E+04
       -2.617999999999651716819926150492    5.121012980744492961093783378601E+04
       -2.616999999999651826954050193308    5.147200253000615339260548353195E+04
       -2.615999999999651937088174236123    5.173510840974490565713495016098E+04
       -2.614999999999652047222298278939    5.199945266760014055762439966202E+04
       -2.613999999999652157356422321755    5.226504054353338142391294240952E+04
       -2.612999999999652267490546364570    5.253187729658256284892559051514E+04
       -2.611999999999652377624670407386    5.279996820491594553459435701370E+04
       -2.610999999999652487758794450201    5.306931856588611844927072525024E+04
       -2.609999999999652597892918493017    5.333993369608408829662948846817E+04
       -2.608999999999652708027042535832    5.361181893139342719223350286484E+04
       -2.607999999999652818161166578648    5.388497962704449309967458248138E+04
       -2.606999999999652928295290621463    5.415942115766875213012099266052E+04
       -2.605999999999653038429414664279    5.443514891735314449761062860489E+04
       -2.604999999999653148563538707094    5.471216831969456688966602087021E+04
       -2.603999999999653258697662749910    5.499048479785435483790934085846E+04
       -2.602999999999653368831786792725    5.527010380461292515974491834641E+04
       -2.601999999999653478965910835541    5.555103081242443295195698738098E+04
       -2.600999999999653589100034878356    5.583327131347150134388357400894E+04
       -2.599999999999653699234158921172    5.611683081972006766591221094131E+04
       -2.598999999999653809368282963987    5.640171486297431692946702241898E+04
       -2.597999999999653919502407006803    5.668792899493157165125012397766E+04
       -2.596999999999654029636531049618    5.697547878723739995621144771576E+04
       -2.595999999999654139770655092434    5.726436983154069457668811082840E+04
       -2.594999999999654249904779135250    5.755460773954886826686561107635E+04
       -2.593999999999654360038903178065    5.784619814308310742489993572235E+04
       -2.592999999999654470173027220881    5.813914669413366937078535556793E+04
       -2.591999999999654580307151263696    5.843345906491533969528973102570E+04
       -2.590999999999654690441275306512    5.872914094792287505697458982468E+04
       -2.589999999999654800575399349327    5.902619805598650418687611818314E+04
       -2.588999999999654910709523392143    5.932463612232755986042320728302E+04
       -2.587999999999655020843647434958    5.962446090061419818084686994553E+04
       -2.586999999999655130977771477774    5.992567816501707420684397220612E+04
       -2.585999999999655241111895520589    6.022829371026517765130847692490E+04
       -2.584999999999655351246019563405    6.053231335170171223580837249756E+04
       -2.583999999999655461380143606220    6.083774292534006235655397176743E+04
       -2.582999999999655571514267649036    6.114458828791981795802712440491E+04
       -2.581999999999655681648391691851    6.145285531696282851044088602066E+04
       -2.580999999999655791782515734667    6.176254991082934429869055747986E+04
       -2.579999999999655901916639777482    6.207367798877427412662655115128E+04
       -2.578999999999656012050763820298    6.238624549100344302132725715637E+04
       -2.577999999999656122184887863114    6.270025837872992269694805145264E+04
       -2.576999999999656232319011905929    6.301572263423047843389213085175E+04
       -2.575999999999656342453135948745    6.333264426090203050989657640457E+04
       -2.574999999999656452587259991560    6.365102928331820294260978698730E+04
       -2.573999999999656562721384034376    6.397088374728591588791459798813E+04
       -2.572999999999656672855508077191    6.429221371990205079782754182816E+04
       -2.571999999999656782989632120007    6.461502528961020288988947868347E+04
       -2.570999999999656893123756162822    6.493932456625747727230191230774E+04
       -2.569999999999657003257880205638    6.526511768115134327672421932220E+04
       -2.568999999999657113392004248453    6.559241078711653244681656360626E+04
       -2.567999999999657223526128291269    6.592121005855206749401986598969E+04
       -2.566999999999657333660252334084    6.625152169148821849375963211060E+04
       -2.565999999999657443794376376900    6.658335190364372101612389087677E+04
       -2.564999999999657553928500419715    6.691670693448281963355839252472E+04
       -2.563999999999657664062624462531    6.725159304527257336303591728210E+04
       -2.562999999999657774196748505346    6.758801651914016110822558403015E+04
       -2.561999999999657884330872548162    6.792598366113009979017078876495E+04
       -2.560999999999657994464996590978    6.826550079826178262010216712952E+04
       -2.559999999999658104599120633793    6.860657427958684274926781654358E+04
       -2.558999999999658214733244676609    6.894921047624672064557671546936E+04
       -2.557999999999658324867368719424    6.929341578153026057407259941101E+04
       -2.556999999999658435001492762240    6.963919661093127797357738018036E+04
       -2.555999999999658545135616805055    6.998655940220624324865639209747E+04
       -2.554999999999658655269740847871    7.033551061543205287307500839233E+04
       -2.553999999999658765403864890686    7.068605673306382959708571434021E+04
       -2.552999999999658875537988933502    7.103820425999280996620655059814E+04
       -2.551999999999658985672112976317    7.139195972360420273616909980774E+04
       -2.550999999999659095806237019133    7.174732967383513459935784339905E+04
       -2.549999999999659205940361061948    7.210432068323271232657134532928E+04
       -2.548999999999659316074485104764    7.246293934701205580495297908783E+04
       -2.547999999999659426208609147579    7.282319228311450569890439510345E+04
       -2.546999999999659536342733190395    7.318508613226568559184670448303E+04
       -2.545999999999659646476857233210    7.354862755803376785479485988617E+04
       -2.544999999999659756610981276026    7.391382324688773951493203639984E+04
       -2.543999999999659866745105318842    7.428067990825575543567538261414E+04
       -2.542999999999659976879229361657    7.464920427458354970440268516541E+04
       -2.541999999999660087013353404473    7.501940310139278881251811981201E+04
       -2.540999999999660197147477447288    7.539128316733959945850074291229E+04
       -2.539999999999660307281601490104    7.576485127427303814329206943512E+04
       -2.538999999999660417415725532919    7.614011424729370628483593463898E+04
       -2.537999999999660527549849575735    7.651707893481242354027926921844E+04
       -2.536999999999660637683973618550    7.689575220860878471285104751587E+04
       -2.535999999999660747818097661366    7.727614096389000769704580307007E+04
       -2.534999999999660857952221704181    7.765825211934954859316349029541E+04
       -2.533999999999660968086345746997    7.804209261722603696398437023163E+04
       -2.532999999999661078220469789812    7.842766942336206557229161262512E+04
       -2.531999999999661188354593832628    7.881498952726306742988526821136E+04
       -2.530999999999661298488717875443    7.920405994215636746957898139954E+04
       -2.529999999999661408622841918259    7.959488770505003049038350582123E+04
       -2.528999999999661518756965961074    7.998747987679200014099478721619E+04
       -2.527999999999661628891090003890    8.038184354212909238412976264954E+04
       -2.526999999999661739025214046706    8.077798580976616358384490013123E+04
       -2.525999999999661849159338089521    8.117591381242522038519382476807E+04
       -2.524999999999661959293462132337    8.157563470690470421686768531799E+04
       -2.523999999999662069427586175152    8.197715567413863027468323707581E+04
       -2.522999999999662179561710217968    8.238048391925590112805366516113E+04
       -2.521999999999662289695834260783    8.278562667163962032645940780640E+04
       -2.520999999999662399829958303599    8.319259118498646421357989311218E+04
       -2.519999999999662509964082346414    8.360138473736608284525573253632E+04
       -2.518999999999662620098206389230    8.401201463128047180362045764923E+04
       -2.517999999999662730232330432045    8.442448819372348953038454055786E+04
       -2.516999999999662840366454474861    8.483881277624037466011941432953E+04
       -2.515999999999662950500578517676    8.525499575498726335354149341583E+04
       -2.514999999999663060634702560492    8.567304453079076483845710754395E+04
       -2.513999999999663170768826603307    8.609296652920753695070743560791E+04
       -2.512999999999663280902950646123    8.651476920058403629809617996216E+04
       -2.511999999999663391037074688938    8.693846002011609380133450031281E+04
       -2.510999999999663501171198731754    8.736404648790866485796868801117E+04
       -2.509999999999663611305322774570    8.779153612903555040247738361359E+04
       -2.508999999999663721439446817385    8.822093649359920527786016464233E+04
       -2.507999999999663831573570860201    8.865225515679054660722613334656E+04
       -2.506999999999663941707694903016    8.908549971894873306155204772949E+04
       -2.505999999999664051841818945832    8.952067780562111875042319297791E+04
       -2.504999999999664161975942988647    8.995779706762311980128288269043E+04
       -2.503999999999664272110067031463    9.039686518109811004251241683960E+04
       -2.502999999999664382244191074278    9.083788984757734579034149646759E+04
       -2.501999999999664492378315117094    9.128087879404006525874137878418E+04
       -2.500999999999664602512439159909    9.172583977297338424250483512878E+04
       -2.499999999999664712646563202725    9.217278056243236642330884933472E+04
       -2.498999999999664822780687245540    9.262170896610006457194685935974E+04
       -2.497999999999664932914811288356    9.307263281334767816588282585144E+04
       -2.496999999999665043048935331171    9.352555995929459459148347377777E+04
       -2.495999999999665153183059373987    9.398049828486851765774190425873E+04
       -2.494999999999665263317183416802    9.443745569686562521383166313171E+04
       -2.493999999999665373451307459618    9.489644012801078497432172298431E+04
       -2.492999999999665483585431502433    9.535745953701774124056100845337E+04
       -2.491999999999665593719555545249    9.582052190864933072589337825775E+04
       -2.490999999999665703853679588065    9.628563525377769838087260723114E+04
       -2.489999999999665813987803630880    9.675280760944460052996873855591E+04
       -2.488999999999665924121927673696    9.722204703892164980061352252960E+04
       -2.487999999999666034256051716511    9.769336163177058915607631206512E+04
       -2.486999999999666144390175759327    9.816675950390368234366178512573E+04
       -2.485999999999666254524299802142    9.864224879764398792758584022522E+04
       -2.484999999999666364658423844958    9.911983768178572063334286212921E+04
       -2.483999999999666474792547887773    9.959953435165461269207298755646E+04
       -2.482999999999666584926671930589    1.000813470291683042887598276138E+05
       -2.481999999999666695060795973404    1.005652839628967631142586469650E+05
       -2.480999999999666805194920016220    1.010513534281226166058331727982E+05
       -2.479999999999666915329044059035    1.015395637269016588106751441956E+05
       -2.478999999999667025463168101851    1.020299231881232117302715778351E+05
       -2.477999999999667135597292144666    1.025224401675705739762634038925E+05
       -2.476999999999667245731416187482    1.030171230479815276339650154114E+05
       -2.475999999999667355865540230297    1.035139802391087578143924474716E+05
       -2.474999999999667465999664273113    1.040130201777803013101220130920E+05
       -2.473999999999667576133788315929    1.045142513279600825626403093338E+05
       -2.472999999999667686267912358744    1.050176821808083332143723964691E+05
       -2.471999999999667796402036401560    1.055233212547421862836927175522E+05
       -2.470999999999667906536160444375    1.060311770954961248207837343216E+05
       -2.469999999999668016670284487191    1.065412582761824887711554765701E+05
       -2.468999999999668126804408530006    1.070535733973519818391650915146E+05
       -2.467999999999668236938532572822    1.075681310870541492477059364319E+05
       -2.466999999999668347072656615637    1.080849400008979719132184982300E+05
       -2.465999999999668457206780658453    1.086040088221123442053794860840E+05
       -2.464999999999668567340904701268    1.091253462616066099144518375397E+05
       -2.463999999999668677475028744084    1.096489610580310691148042678833E+05
       -2.462999999999668787609152786899    1.101748619778375141322612762451E+05
       -2.461999999999668897743276829715    1.107030578153397946152836084366E+05
       -2.460999999999669007877400872530    1.112335573927742661908268928528E+05
       -2.459999999999669118011524915346    1.117663695603603264316916465759E+05
       -2.458999999999669228145648958161    1.123015031963609799277037382126E+05
       -2.457999999999669338279773000977    1.128389672071433742530643939972E+05
       -2.456999999999669448413897043793    1.133787705272391613107174634933E+05
       -2.455999999999669558548021086608    1.139209221194051206111907958984E+05
       -2.454999999999669668682145129424    1.144654309746836661361157894135E+05
       -2.453999999999669778816269172239    1.150123061124632949940860271454E+05
       -2.452999999999669888950393215055    1.155615565805390651803463697433E+05
       -2.451999999999669999084517257870    1.161131914551730733364820480347E+05
       -2.450999999999670109218641300686    1.166672198411549325101077556610E+05
       -2.449999999999670219352765343501    1.172236508718621917068958282471E+05
       -2.448999999999670329486889386317    1.177824937093208427540957927704E+05
       -2.447999999999670439621013429132    1.183437575442657107487320899963E+05
       -2.446999999999670549755137471948    1.189074515962009027134627103806E+05
       -2.445999999999670659889261514763    1.194735851134601398371160030365E+05
       -2.444999999999670770023385557579    1.200421673732672061305493116379E+05
       -2.443999999999670880157509600394    1.206132076817963388748466968536E+05
       -2.442999999999670990291633643210    1.211867153742325317580252885818E+05
       -2.441999999999671100425757686025    1.217626998148319835308939218521E+05
       -2.440999999999671210559881728841    1.223411703969822847284376621246E+05
       -2.439999999999671320694005771657    1.229221365432627790141850709915E+05
       -2.438999999999671430828129814472    1.235056077055048954207450151443E+05
       -2.437999999999671540962253857288    1.240915933648524223826825618744E+05
       -2.436999999999671651096377900103    1.246801030318216362502425909042E+05
       -2.435999999999671761230501942919    1.252711462463616044260561466217E+05
       -2.434999999999671871364625985734    1.258647325779144302941858768463E+05
       -2.433999999999671981498750028550    1.264608716254752944223582744598E+05
       -2.432999999999672091632874071365    1.270595730176527868025004863739E+05
       -2.431999999999672201766998114181    1.276608464127288316376507282257E+05
       -2.430999999999672311901122156996    1.282647014987189322710037231445E+05
       -2.429999999999672422035246199812    1.288711479934322414919734001160E+05
       -2.428999999999672532169370242627    1.294801956445315445307642221451E+05
       -2.427999999999672642303494285443    1.300918542295932711567729711533E+05
       -2.426999999999672752437618328258    1.307061335561674495693296194077E+05
       -2.425999999999672862571742371074    1.313230434618377767037600278854E+05
       -2.424999999999672972705866413889    1.319425938142814848106354475021E+05
       -2.423999999999673082839990456705    1.325647945113291789311915636063E+05
       -2.422999999999673192974114499521    1.331896554810247325804084539413E+05
       -2.421999999999673303108238542336    1.338171866816850670147687196732E+05
       -2.420999999999673413242362585152    1.344473981019599887076765298843E+05
       -2.419999999999673523376486627967    1.350802997608919686172157526016E+05
       -2.418999999999673633510610670783    1.357159017079758050385862588882E+05
       -2.417999999999673743644734713598    1.363542140232182282488793134689E+05
       -2.416999999999673853778858756414    1.369952468171976215671747922897E+05
       -2.415999999999673963912982799229    1.376390102311235677916556596756E+05
       -2.414999999999674074047106842045    1.382855144368963374290615320206E+05
       -2.413999999999674184181230884860    1.389347696371665515471249818802E+05
       -2.412999999999674294315354927676    1.395867860653945535887032747269E+05
       -2.411999999999674404449478970491    1.402415739859098393935710191727E+05
       -2.410999999999674514583603013307    1.408991436939704290125519037247E+05
       -2.409999999999674624717727056122    1.415595055158221221063286066055E+05
       -2.408999999999674734851851098938    1.422226698087579279672354459763E+05
       -2.407999999999674844985975141753    1.428886469611771462950855493546E+05
       -2.406999999999674955120099184569    1.435574473926446225959807634354E+05
       -2.405999999999675065254223227385    1.442290815539498871657997369766E+05
       -2.404999999999675175388347270200    1.449035599271662940736860036850E+05
       -2.403999999999675285522471313016    1.455808930257099855225533246994E+05
       -2.402999999999675395656595355831    1.462610913943987980019301176071E+05
       -2.401999999999675505790719398647    1.469441656095111684408038854599E+05
       -2.400999999999675615924843441462    1.476301262788452149834483861923E+05
       -2.399999999999675726058967484278    1.483189840417773521039634943008E+05
       -2.398999999999675836193091527093    1.490107495693211385514587163925E+05
       -2.397999999999675946327215569909    1.497054335641858924645930528641E+05
       -2.396999999999676056461339612724    1.504030467608353064861148595810E+05
       -2.395999999999676166595463655540    1.511035999255461210850626230240E+05
       -2.394999999999676276729587698355    1.518071038564666814636439085007E+05
       -2.393999999999676386863711741171    1.525135693836751452181488275528E+05
       -2.392999999999676496997835783986    1.532230073692381556611508131027E+05
       -2.391999999999676607131959826802    1.539354287072689330670982599258E+05
       -2.390999999999676717266083869617    1.546508443239856569562107324600E+05
       -2.389999999999676827400207912433    1.553692651777696155477315187454E+05
       -2.388999999999676937534331955248    1.560907022592233552131801843643E+05
       -2.387999999999677047668455998064    1.568151665912286553066223859787E+05
       -2.386999999999677157802580040880    1.575426692290046194102615118027E+05
       -2.385999999999677267936704083695    1.582732212601655337493866682053E+05
       -2.384999999999677378070828126511    1.590068338047786091919988393784E+05
       -2.383999999999677488204952169326    1.597435180154218978714197874069E+05
       -2.382999999999677598339076212142    1.604832850772419187705963850021E+05
       -2.381999999999677708473200254957    1.612261462080113415140658617020E+05
       -2.380999999999677818607324297773    1.619721126581863791216164827347E+05
       -2.379999999999677928741448340588    1.627211957109643553849309682846E+05
       -2.378999999999678038875572383404    1.634734066823410394135862588882E+05
       -2.377999999999678149009696426219    1.642287569211679801810532808304E+05
       -2.376999999999678259143820469035    1.649872578092097246553748846054E+05
       -2.375999999999678369277944511850    1.657489207612009195145219564438E+05
       -2.374999999999678479412068554666    1.665137572249034710694104433060E+05
       -2.373999999999678589546192597481    1.672817786811633559409528970718E+05
       -2.372999999999678699680316640297    1.680529966439677227754145860672E+05
       -2.371999999999678809814440683112    1.688274226605014118831604719162E+05
       -2.370999999999678919948564725928    1.696050683112038823310285806656E+05
       -2.369999999999679030082688768744    1.703859452098257315810769796371E+05
       -2.368999999999679140216812811559    1.711700650034853315446525812149E+05
       -2.367999999999679250350936854375    1.719574393727251735981553792953E+05
       -2.366999999999679360485060897190    1.727480800315682718064635992050E+05
       -2.365999999999679470619184940006    1.735419987275743915233761072159E+05
       -2.364999999999679580753308982821    1.743392072418961615767329931259E+05
       -2.363999999999679690887433025637    1.751397173893352446611970663071E+05
       -2.362999999999679801021557068452    1.759435410183982166927307844162E+05
       -2.361999999999679911155681111268    1.767506900113524461630731821060E+05
       -2.360999999999680021289805154083    1.775611762842819734942167997360E+05
       -2.359999999999680131423929196899    1.783750117871430993545800447464E+05
       -2.358999999999680241558053239714    1.791922085038197983521968126297E+05
       -2.357999999999680351692177282530    1.800127784521794237662106752396E+05
       -2.356999999999680461826301325345    1.808367336841280048247426748276E+05
       -2.355999999999680571960425368161    1.816640862856654857750982046127E+05
       -2.354999999999680682094549410976    1.824948483769407903309911489487E+05
       -2.353999999999680792228673453792    1.833290321123069443274289369583E+05
       -2.352999999999680902362797496608    1.841666496803760237526148557663E+05
       -2.351999999999681012496921539423    1.850077133040739863645285367966E+05
       -2.350999999999681122631045582239    1.858522352406952122692018747330E+05
       -2.349999999999681232765169625054    1.867002277819573355372995138168E+05
       -2.348999999999681342899293667870    1.875517032540555519517511129379E+05
       -2.347999999999681453033417710685    1.884066740177171595860272645950E+05
       -2.346999999999681563167541753501    1.892651524682555755134671926498E+05
       -2.345999999999681673301665796316    1.901271510356247017625719308853E+05
       -2.344999999999681783435789839132    1.909926821844727674033492803574E+05
       -2.343999999999681893569913881947    1.918617584141963452566415071487E+05
       -2.342999999999682003704037924763    1.927343922589940193574875593185E+05
       -2.341999999999682113838161967578    1.936105962879201688338071107864E+05
       -2.340999999999682223972286010394    1.944903831049382861237972974777E+05
       -2.339999999999682334106410053209    1.953737653489746444392949342728E+05
       -2.338999999999682444240534096025    1.962607556939713249448686838150E+05
       -2.337999999999682554374658138840    1.971513668489394767675548791885E+05
       -2.336999999999682664508782181656    1.980456115580124605912715196609E+05
       -2.335999999999682774642906224472    1.989435026004984683822840452194E+05
       -2.334999999999682884777030267287    1.998450527909334341529756784439E+05
       -2.333999999999682994911154310103    2.007502749791337118949741125107E+05
       -2.332999999999683105045278352918    2.016591820502484042663127183914E+05
       -2.331999999999683215179402395734    2.025717869248117494862526655197E+05
       -2.330999999999683325313526438549    2.034881025587954500224441289902E+05
       -2.329999999999683435447650481365    2.044081419436607684474438428879E+05
       -2.328999999999683545581774524180    2.053319181064102740492671728134E+05
       -2.327999999999683655715898566996    2.062594441096397640649229288101E+05
       -2.326999999999683765850022609811    2.071907330515899520833045244217E+05
       -2.325999999999683875984146652627    2.081257980661978654097765684128E+05
       -2.324999999999683986118270695442    2.090646523231483006384223699570E+05
       -2.323999999999684096252394738258    2.100073090279250463936477899551E+05
       -2.322999999999684206386518781073    2.109537814218618732411414384842E+05
       -2.321999999999684316520642823889    2.119040827821934653911739587784E+05
       -2.320999999999684426654766866704    2.128582264221063524018973112106E+05
       -2.319999999999684536788890909520    2.138162256907893170136958360672E+05
       -2.318999999999684646923014952336    2.147780939734840940218418836594E+05
       -2.317999999999684757057138995151    2.157438446915354870725423097610E+05
       -2.316999999999684867191263037967    2.167134913024415436666458845139E+05
       -2.315999999999684977325387080782    2.176870472999037301633507013321E+05
       -2.314999999999685087459511123598    2.186645262138765829149633646011E+05
       -2.313999999999685197593635166413    2.196459416106175340246409177780E+05
       -2.312999999999685307727759209229    2.206313070927362714428454637527E+05
       -2.311999999999685417861883252044    2.216206362992443318944424390793E+05
       -2.310999999999685527996007294860    2.226139429056039953138679265976E+05
       -2.309999999999685638130131337675    2.236112406237777031492441892624E+05
       -2.308999999999685748264255380491    2.246125432022764871362596750259E+05
       -2.307999999999685858398379423306    2.256178644262089801486581563950E+05
       -2.306999999999685968532503466122    2.266272181173299031797796487808E+05
       -2.305999999999686078666627508937    2.276406181340883194934576749802E+05
       -2.304999999999686188800751551753    2.286580783716758305672556161880E+05
       -2.303999999999686298934875594568    2.296796127620745974127203226089E+05
       -2.302999999999686409068999637384    2.307052352741053618956357240677E+05
       -2.301999999999686519203123680199    2.317349599134747695643454790115E+05
       -2.300999999999686629337247723015    2.327688007228230999317020177841E+05
       -2.299999999999686739471371765831    2.338067717817714728880673646927E+05
       -2.298999999999686849605495808646    2.348488872069689969066530466080E+05
       -2.297999999999686959739619851462    2.358951611521396844182163476944E+05
       -2.296999999999687069873743894277    2.369456078081291925627738237381E+05
       -2.295999999999687180007867937093    2.380002414029514475259929895401E+05
       -2.294999999999687290141991979908    2.390590762018349778372794389725E+05
       -2.293999999999687400276116022724    2.401221265072691312525421380997E+05
       -2.292999999999687510410240065539    2.411894066590501170139759778976E+05
       -2.291999999999687620544364108355    2.422609310343266406562179327011E+05
       -2.290999999999687730678488151170    2.433367140476457716431468725204E+05
       -2.289999999999687840812612193986    2.444167701509982289280742406845E+05
       -2.288999999999687950946736236801    2.455011138338637247215956449509E+05
       -2.287999999999688061080860279617    2.465897596232557843904942274094E+05
       -2.286999999999688171214984322432    2.476827220837667409796267747879E+05
       -2.285999999999688281349108365248    2.487800158176123804878443479538E+05
       -2.284999999999688391483232408063    2.498816554646762961056083440781E+05
       -2.283999999999688501617356450879    2.509876557025542424526065587997E+05
       -2.282999999999688611751480493695    2.520980312465980241540819406509E+05
       -2.281999999999688721885604536510    2.532127968499593262095004320145E+05
       -2.280999999999688832019728579326    2.543319673036334279458969831467E+05
       -2.279999999999688942153852622141    2.554555574365025095175951719284E+05
       -2.278999999999689052287976664957    2.565835821153789584059268236160E+05
       -2.277999999999689162422100707772    2.577160562450482684653252363205E+05
       -2.276999999999689272556224750588    2.588529947683117061387747526169E+05
       -2.275999999999689382690348793403    2.599944126660290930885821580887E+05
       -2.274999999999689492824472836219    2.611403249571610067505389451981E+05
       -2.273999999999689602958596879034    2.622907466988109517842531204224E+05
       -2.272999999999689713092720921850    2.634456929862672695890069007874E+05
       -2.271999999999689823226844964665    2.646051789530445821583271026611E+05
       -2.270999999999689933360969007481    2.657692197709255851805210113525E+05
       -2.269999999999690043495093050296    2.669378306500021135434508323669E+05
       -2.268999999999690153629217093112    2.681110268387161195278167724609E+05
       -2.267999999999690263763341135927    2.692888236239005345851182937622E+05
       -2.266999999999690373897465178743    2.704712363308197818696498870850E+05
       -2.265999999999690484031589221559    2.716582803232100559398531913757E+05
       -2.264999999999690594165713264374    2.728499710033193696290254592896E+05
       -2.263999999999690704299837307190    2.740463238119477173313498497009E+05
       -2.262999999999690814433961350005    2.752473542284861905500292778015E+05
       -2.261999999999690924568085392821    2.764530777709566755220293998718E+05
       -2.260999999999691034702209435636    2.776635099960510851815342903137E+05
       -2.259999999999691144836333478452    2.788786664991700090467929840088E+05
       -2.258999999999691254970457521267    2.800985629144614795222878456116E+05
       -2.257999999999691365104581564083    2.813232149148592725396156311035E+05
       -2.256999999999691475238705606898    2.825526382121214410290122032166E+05
       -2.255999999999691585372829649714    2.837868485568678006529808044434E+05
       -2.254999999999691695506953692529    2.850258617386178812012076377869E+05
       -2.253999999999691805641077735345    2.862696935858281794935464859009E+05
       -2.252999999999691915775201778160    2.875183599659294122830033302307E+05
       -2.251999999999692025909325820976    2.887718767853636527433991432190E+05
       -2.250999999999692136043449863791    2.900302599896205356344580650330E+05
       -2.249999999999692246177573906607    2.912935255632741609588265419006E+05
       -2.248999999999692356311697949423    2.925616895300188334658741950989E+05
       -2.247999999999692466445821992238    2.938347679527051514014601707458E+05
       -2.246999999999692576579946035054    2.951127769333757460117340087891E+05
       -2.245999999999692686714070077869    2.963957326133004389703273773193E+05
       -2.244999999999692796848194120685    2.976836511730115162208676338196E+05
       -2.243999999999692906982318163500    2.989765488323385361582040786743E+05
       -2.242999999999693017116442206316    3.002744418504429049789905548096E+05
       -2.241999999999693127250566249131    3.015773465258519863709807395935E+05
       -2.240999999999693237384690291947    3.028852791964934440329670906067E+05
       -2.239999999999693347518814334762    3.041982562397287692874670028687E+05
       -2.238999999999693457652938377578    3.055162940723869251087307929993E+05
       -2.237999999999693567787062420393    3.068394091507974080741405487061E+05
       -2.236999999999693677921186463209    3.081676179708233103156089782715E+05
       -2.235999999999693788055310506024    3.095009370678939158096909523010E+05
       -2.234999999999693898189434548840    3.108393830170369474217295646667E+05
       -2.233999999999694008323558591655    3.121829724329109303653240203857E+05
       -2.232999999999694118457682634471    3.135317219698367407545447349548E+05
       -2.231999999999694228591806677287    3.148856483218292705714702606201E+05
       -2.230999999999694338725930720102    3.162447682226287433877587318420E+05
       -2.229999999999694448860054762918    3.176090984457314480096101760864E+05
       -2.228999999999694558994178805733    3.189786558044205885380506515503E+05
       -2.227999999999694669128302848549    3.203534571517965523526072502136E+05
       -2.226999999999694779262426891364    3.217335193808068288490176200867E+05
       -2.225999999999694889396550934180    3.231188594242760445922613143921E+05
       -2.224999999999694999530674976995    3.245094942549351835623383522034E+05
       -2.223999999999695109664799019811    3.259054408854509238153696060181E+05
       -2.222999999999695219798923062626    3.273067163684545084834098815918E+05
       -2.221999999999695329933047105442    3.287133377965702675282955169678E+05
       -2.220999999999695440067171148257    3.301253223024437902495265007019E+05
       -2.219999999999695550201295191073    3.315426870587700977921485900879E+05
       -2.218999999999695660335419233888    3.329654492783211171627044677734E+05
       -2.217999999999695770469543276704    3.343936262139730388298630714417E+05
       -2.216999999999695880603667319519    3.358272351587333250790834426880E+05
       -2.215999999999695990737791362335    3.372662934457674855366349220276E+05
       -2.214999999999696100871915405151    3.387108184484255034476518630981E+05
       -2.213999999999696211006039447966    3.401608275802679127082228660583E+05
       -2.212999999999696321140163490782    3.416163382950912928208708763123E+05
       -2.211999999999696431274287533597    3.430773680869541130959987640381E+05
       -2.210999999999696541408411576413    3.445439344902015291154384613037E+05
       -2.209999999999696651542535619228    3.460160550794905284419655799866E+05
       -2.208999999999696761676659662044    3.474937474698140285909175872803E+05
       -2.207999999999696871810783704859    3.489770293165252078324556350708E+05
       -2.206999999999696981944907747675    3.504659183153612539172172546387E+05
       -2.205999999999697092079031790490    3.519604322024669963866472244263E+05
       -2.204999999999697202213155833306    3.534605887544178403913974761963E+05
       -2.203999999999697312347279876121    3.549664057882425840944051742554E+05
       -2.202999999999697422481403918937    3.564779011614461196586489677429E+05
       -2.201999999999697532615527961752    3.579950927720315521582961082458E+05
       -2.200999999999697642749652004568    3.595179985585217364132404327393E+05
       -2.199999999999697752883776047383    3.610466364999809302389621734619E+05
       -2.198999999999697863017900090199    3.625810246160358656197786331177E+05
       -2.197999999999697973152024133014    3.641211809668965870514512062073E+05
       -2.196999999999698083286148175830    3.656671236533765913918614387512E+05
       -2.195999999999698193420272218646    3.672188708169133169576525688171E+05
       -2.194999999999698303554396261461    3.687764406395875848829746246338E+05
       -2.193999999999698413688520304277    3.703398513441430404782295227051E+05
       -2.192999999999698523822644347092    3.719091211940052453428506851196E+05
       -2.191999999999698633956768389908    3.734842684933001874014735221863E+05
       -2.190999999999698744090892432723    3.750653115868727909401059150696E+05
       -2.189999999999698854225016475539    3.766522688603046117350459098816E+05
       -2.188999999999698964359140518354    3.782451587399316485971212387085E+05
       -2.187999999999699074493264561170    3.798439996928612235933542251587E+05
       -2.186999999999699184627388603985    3.814488102269893279299139976501E+05
       -2.185999999999699294761512646801    3.830596088910166872665286064148E+05
       -2.184999999999699404895636689616    3.846764142744650598615407943726E+05
       -2.183999999999699515029760732432    3.862992450076930690556764602661E+05
       -2.182999999999699625163884775247    3.879281197619113372638821601868E+05
       -2.181999999999699735298008818063    3.895630572491976199671626091003E+05
       -2.180999999999699845432132860878    3.912040762225114740431308746338E+05
       -2.179999999999699955566256903694    3.928511954757083440199494361877E+05
       -2.178999999999700065700380946510    3.945044338435535319149494171143E+05
       -2.177999999999700175834504989325    3.961638102017357014119625091553E+05
       -2.176999999999700285968629032141    3.978293434668799163773655891418E+05
       -2.175999999999700396102753074956    3.995010525965605629608035087585E+05
       -2.174999999999700506236877117772    4.011789565893133403733372688293E+05
       -2.173999999999700616371001160587    4.028630744846472516655921936035E+05
       -2.172999999999700726505125203403    4.045534253630564780905842781067E+05
       -2.171999999999700836639249246218    4.062500283460310893133282661438E+05
       -2.170999999999700946773373289034    4.079529025960682192817330360413E+05
       -2.169999999999701056907497331849    4.096620673166821943596005439758E+05
       -2.168999999999701167041621374665    4.113775417524146614596247673035E+05
       -2.167999999999701277175745417480    4.130993451888436684384942054749E+05
       -2.166999999999701387309869460296    4.148274969525935593992471694946E+05
       -2.165999999999701497443993503111    4.165620164113430073484778404236E+05
       -2.164999999999701607578117545927    4.183029229738338617607951164246E+05
       -2.163999999999701717712241588742    4.200502360898790648207068443298E+05
       -2.162999999999701827846365631558    4.218039752503697527572512626648E+05
       -2.161999999999701937980489674374    4.235641599872829392552375793457E+05
       -2.160999999999702048114613717189    4.253308098736878018826246261597E+05
       -2.159999999999702158248737760005    4.271039445237522013485431671143E+05
       -2.158999999999702268382861802820    4.288835835927487351000308990479E+05
       -2.157999999999702378516985845636    4.306697467770597431808710098267E+05
       -2.156999999999702488651109888451    4.324624538141824305057525634766E+05
       -2.155999999999702598785233931267    4.342617244827336398884654045105E+05
       -2.154999999999702708919357974082    4.360675786024540429934859275818E+05
       -2.153999999999702819053482016898    4.378800360342120984569191932678E+05
       -2.152999999999702929187606059713    4.396991166800069622695446014404E+05
       -2.151999999999703039321730102529    4.415248404829715145751833915710E+05
       -2.150999999999703149455854145344    4.433572274273748043924570083618E+05
       -2.149999999999703259589978188160    4.451962975386242615059018135071E+05
       -2.148999999999703369724102230975    4.470420708832673262804746627808E+05
       -2.147999999999703479858226273791    4.488945675689923809841275215149E+05
       -2.146999999999703589992350316606    4.507538077446295646950602531433E+05
       -2.145999999999703700126474359422    4.526198116001508897170424461365E+05
       -2.144999999999703810260598402238    4.544925993666703579947352409363E+05
       -2.143999999999703920394722445053    4.563721913164433790370821952820E+05
       -2.142999999999704030528846487869    4.582586077628654893487691879272E+05
       -2.141999999999704140662970530684    4.601518690604708390310406684875E+05
       -2.140999999999704250797094573500    4.620519956049302127212285995483E+05
       -2.139999999999704360931218616315    4.639590078330488177016377449036E+05
       -2.138999999999704471065342659131    4.658729262227633735164999961853E+05
       -2.137999999999704581199466701946    4.677937712931387359276413917542E+05
       -2.136999999999704691333590744762    4.697215636043639387935400009155E+05
       -2.135999999999704801467714787577    4.716563237577480031177401542664E+05
       -2.134999999999704911601838830393    4.735980723957155132666230201721E+05
       -2.133999999999705021735962873208    4.755468302018012618646025657654E+05
       -2.132999999999705131870086916024    4.775026179006445454433560371399E+05
       -2.131999999999705242004210958839    4.794654562579829944297671318054E+05
       -2.130999999999705352138335001655    4.814353660806460538879036903381E+05
       -2.129999999999705462272459044470    4.834123682165479985997080802917E+05
       -2.128999999999705572406583087286    4.853964835546804824844002723694E+05
       -2.127999999999705682540707130102    4.873877330251041566953063011169E+05
       -2.126999999999705792674831172917    4.893861375989407533779740333557E+05
       -2.125999999999705902808955215733    4.913917182883635396137833595276E+05
       -2.124999999999706012943079258548    4.934044961465882370248436927795E+05
       -2.123999999999706123077203301364    4.954244922678627772256731987000E+05
       -2.122999999999706233211327344179    4.974517277874572901055216789246E+05
       -2.121999999999706343345451386995    4.994862238816529279574751853943E+05
       -2.120999999999706453479575429810    5.015280017677305731922388076782E+05
       -2.119999999999706563613699472626    5.035770827039587311446666717529E+05
       -2.118999999999706673747823515441    5.056334879895813064649701118469E+05
       -2.117999999999706783881947558257    5.076972389648047974333167076111E+05
       -2.116999999999706894016071601072    5.097683570107846753671765327454E+05
       -2.115999999999707004150195643888    5.118468635496118804439902305603E+05
       -2.114999999999707114284319686703    5.139327800442980369552969932556E+05
       -2.113999999999707224418443729519    5.160261279987606685608625411987E+05
       -2.112999999999707334552567772334    5.181269289578080642968416213989E+05
       -2.111999999999707444686691815150    5.202352045071229804307222366333E+05
       -2.110999999999707554820815857965    5.223509762732465751469135284424E+05
       -2.109999999999707664954939900781    5.244742659235609462484717369080E+05
       -2.108999999999707775089063943597    5.266050951662724837660789489746E+05
       -2.107999999999707885223187986412    5.287434857503933599218726158142E+05
       -2.106999999999707995357312029228    5.308894594657232519239187240601E+05
       -2.105999999999708105491436072043    5.330430381428300170227885246277E+05
       -2.104999999999708215625560114859    5.352042436530308332294225692749E+05
       -2.103999999999708325759684157674    5.373730979083717102184891700745E+05
       -2.102999999999708435893808200490    5.395496228616067674010992050171E+05
       -2.101999999999708546027932243305    5.417338405061775119975209236145E+05
       -2.100999999999708656162056286121    5.439257728761911857873201370239E+05
       -2.099999999999708766296180328936    5.461254420463981805369257926941E+05
       -2.098999999999708876430304371752    5.483328701321699190884828567505E+05
       -2.097999999999708986564428414567    5.505480792894753394648432731628E+05
       -2.096999999999709096698552457383    5.527710917148571461439132690430E+05
       -2.095999999999709206832676500198    5.550019296454075956717133522034E+05
       -2.094999999999709316966800543014    5.572406153587433509528636932373E+05
       -2.093999999999709427100924585829    5.594871711729805683717131614685E+05
       -2.092999999999709537235048628645    5.617416194467088207602500915527E+05
       -2.091999999999709647369172671461    5.640039825789643218740820884705E+05
       -2.090999999999709757503296714276    5.662742830092031508684158325195E+05
       -2.089999999999709867637420757092    5.685525432172735454514622688293E+05
       -2.088999999999709977771544799907    5.708387857233879622071981430054E+05
       -2.087999999999710087905668842723    5.731330330880944384261965751648E+05
       -2.086999999999710198039792885538    5.754353079122470226138830184937E+05
       -2.085999999999710308173916928354    5.777456328369762049987912178040E+05
       -2.084999999999710418308040971169    5.800640305436586495488882064819E+05
       -2.083999999999710528442165013985    5.823905237538857618346810340881E+05
       -2.082999999999710638576289056800    5.847251352294327225536108016968E+05
       -2.081999999999710748710413099616    5.870678877722261240705847740173E+05
       -2.080999999999710858844537142431    5.894188042243113741278648376465E+05
       -2.079999999999710968978661185247    5.917779074678196338936686515808E+05
       -2.078999999999711079112785228062    5.941452204249340575188398361206E+05
       -2.077999999999711189246909270878    5.965207660578553332015872001648E+05
       -2.076999999999711299381033313693    5.989045673687669914215803146362E+05
       -2.075999999999711409515157356509    6.012966473997995490208268165588E+05
       -2.074999999999711519649281399325    6.036970292329944204539060592651E+05
       -2.073999999999711629783405442140    6.061057359902675962075591087341E+05
       -2.072999999999711739917529484956    6.085227908333721570670604705811E+05
       -2.071999999999711850051653527771    6.109482169638603227213025093079E+05
       -2.070999999999711960185777570587    6.133820376230450347065925598145E+05
       -2.069999999999712070319901613402    6.158242760919613065198063850403E+05
       -2.068999999999712180454025656218    6.182749556913261767476797103882E+05
       -2.067999999999712290588149699033    6.207340997814988950267434120178E+05
       -2.066999999999712400722273741849    6.232017317624397110193967819214E+05
       -2.065999999999712510856397784664    6.256778750736688962206244468689E+05
       -2.064999999999712620990521827480    6.281625531942241359502077102661E+05
       -2.063999999999712731124645870295    6.306557896426186198368668556213E+05
       -2.062999999999712841258769913111    6.331576079767970368266105651855E+05
       -2.061999999999712951392893955926    6.356680317940929671749472618103E+05
       -2.060999999999713061527017998742    6.381870847311830148100852966309E+05
       -2.059999999999713171661142041557    6.407147904640428023412823677063E+05
       -2.058999999999713281795266084373    6.432511727079006377607583999634E+05
       -2.057999999999713391929390127189    6.457962552171918796375393867493E+05
       -2.056999999999713502063514170004    6.483500617855116724967956542969E+05
       -2.055999999999713612197638212820    6.509126162455674493685364723206E+05
       -2.054999999999713722331762255635    6.534839424691309686750173568726E+05
       -2.053999999999713832465886298451    6.560640643669894197955727577209E+05
       -2.052999999999713942600010341266    6.586530058888962958008050918579E+05
       -2.051999999999714052734134384082    6.612507910235211020335555076599E+05
       -2.050999999999714162868258426897    6.638574437983990646898746490479E+05
       -2.049999999999714273002382469713    6.664729882798792095854878425598E+05
       -2.048999999999714383136506512528    6.690974485730733722448348999023E+05
       -2.047999999999714493270630555344    6.717308488218028796836733818054E+05
       -2.046999999999714603404754598159    6.743732132085459306836128234863E+05
       -2.045999999999714713538878640975    6.770245659543838119134306907654E+05
       -2.044999999999714823673002683790    6.796849313189461827278137207031E+05
       -2.043999999999714933807126726606    6.823543336003561271354556083679E+05
       -2.042999999999715043941250769421    6.850327971351742744445800781250E+05
       -2.041999999999715154075374812237    6.877203462983426870778203010559E+05
       -2.040999999999715264209498855053    6.904170055031275842338800430298E+05
       -2.039999999999715374343622897868    6.931227992010620655491948127747E+05
       -2.038999999999715484477746940684    6.958377518818874377757310867310E+05
       -2.037999999999715594611870983499    6.985618880734945414587855339050E+05
       -2.036999999999715704745995026315    7.012952323418639134615659713745E+05
       -2.035999999999715814880119069130    7.040378092910052509978413581848E+05
       -2.034999999999715925014243111946    7.067896435628971084952354431152E+05
       -2.033999999999716035148367154761    7.095507598374247318133711814880E+05
       -2.032999999999716145282491197577    7.123211828323183581233024597168E+05
       -2.031999999999716255416615240392    7.151009373030898859724402427673E+05
       -2.030999999999716365550739283208    7.178900480429690796881914138794E+05
       -2.029999999999716475684863326023    7.206885398828400066122412681580E+05
       -2.028999999999716585818987368839    7.234964376911756116896867752075E+05
       -2.027999999999716695953111411654    7.263137663739720592275261878967E+05
       -2.026999999999716806087235454470    7.291405508746826089918613433838E+05
       -2.025999999999716916221359497285    7.319768161741507938131690025330E+05
       -2.024999999999717026355483540101    7.348225872905422002077102661133E+05
       -2.023999999999717136489607582917    7.376778892792769474908709526062E+05
       -2.022999999999717246623731625732    7.405427472329600714147090911865E+05
       -2.021999999999717356757855668548    7.434171862813121406361460685730E+05
       -2.020999999999717466891979711363    7.463012315910989418625831604004E+05
       -2.019999999999717577026103754179    7.491949083660600008442997932434E+05
       -2.018999999999717687160227796994    7.520982418468375690281391143799E+05
       -2.017999999999717797294351839810    7.550112573109035147354006767273E+05
       -2.016999999999717907428475882625    7.579339800724864471703767776489E+05
       -2.015999999999718017562599925441    7.608664354824979091063141822815E+05
       -2.014999999999718127696723968256    7.638086489284578710794448852539E+05
       -2.013999999999718237830848011072    7.667606458344192942604422569275E+05
       -2.012999999999718347964972053887    7.697224516608922276645898818970E+05
       -2.011999999999718458099096096703    7.726940919047676725313067436218E+05
       -2.010999999999718568233220139518    7.756755920992398168891668319702E+05
       -2.009999999999718678367344182334    7.786669778137280372902750968933E+05
       -2.008999999999718788501468225149    7.816682746537979692220687866211E+05
       -2.007999999999718898635592267965    7.846795082610823446884751319885E+05
       -2.006999999999719008769716310780    7.877007043132006656378507614136E+05
       -2.005999999999719118903840353596    7.907318885236786445602774620056E+05
       -2.004999999999719229037964396412    7.937730866418660152703523635864E+05
       -2.003999999999719339172088439227    7.968243244528548093512654304504E+05
       -2.002999999999719449306212482043    7.998856277773957699537277221680E+05
       -2.001999999999719559440336524858    8.029570224718147655948996543884E+05
       -2.000999999999719669574460567674    8.060385344279289711266756057739E+05
       -1.999999999999719779708584610489    8.091301895729602547362446784973E+05
       -1.998999999999719889842708653305    8.122320138694506604224443435669E+05
       -1.997999999999719999976832696120    8.153440333151748636737465858459E+05
       -1.996999999999720110110956738936    8.184662739430530928075313568115E+05
       -1.995999999999720220245080781751    8.215987618210631189867854118347E+05
       -1.994999999999720330379204824567    8.247415230521506164222955703735E+05
       -1.993999999999720440513328867382    8.278945837741406867280602455139E+05
       -1.992999999999720550647452910198    8.310579701596468221396207809448E+05
       -1.991999999999720660781576953013    8.342317084159801015630364418030E+05
       -1.990999999999720770915700995829    8.374158247850569896399974822998E+05
       -1.989999999999720881049825038644    8.406103455433073686435818672180E+05
       -1.988999999999720991183949081460    8.438152970015804748982191085815E+05
       -1.987999999999721101318073124276    8.470307055050517665222287178040E+05
       -1.986999999999721211452197167091    8.502565974331272300332784652710E+05
       -1.985999999999721321586321209907    8.534929991993481526151299476624E+05
       -1.984999999999721431720445252722    8.567399372512949630618095397949E+05
       -1.983999999999721541854569295538    8.599974380704899085685610771179E+05
       -1.982999999999721651988693338353    8.632655281722994986921548843384E+05
       -1.981999999999721762122817381169    8.665442341058357851579785346985E+05
       -1.980999999999721872256941423984    8.698335824538567103445529937744E+05
       -1.979999999999721982391065466800    8.731335998326666885986924171448E+05
       -1.978999999999722092525189509615    8.764443128920150920748710632324E+05
       -1.977999999999722202659313552431    8.797657483149947365745902061462E+05
       -1.976999999999722312793437595246    8.830979328179399017244577407837E+05
       -1.975999999999722422927561638062    8.864408931503231870010495185852E+05
       -1.974999999999722533061685680877    8.897946560946507379412651062012E+05
       -1.973999999999722643195809723693    8.931592484663586365059018135071E+05
       -1.972999999999722753329933766508    8.965346971137062646448612213135E+05
       -1.971999999999722863464057809324    8.999210289176708320155739784241E+05
       -1.970999999999722973598181852140    9.033182707918400410562753677368E+05
       -1.969999999999723083732305894955    9.067264496823045192286372184753E+05
       -1.968999999999723193866429937771    9.101455925675490871071815490723E+05
       -1.967999999999723304000553980586    9.135757264583435608074069023132E+05
       -1.966999999999723414134678023402    9.170168783976321574300527572632E+05
       -1.965999999999723524268802066217    9.204690754604226676747202873230E+05
       -1.964999999999723634402926109033    9.239323447536751627922058105469E+05
       -1.963999999999723744537050151848    9.274067134161888388916850090027E+05
       -1.962999999999723854671174194664    9.308922086184888612478971481323E+05
       -1.961999999999723964805298237479    9.343888575627125101163983345032E+05
       -1.960999999999724074939422280295    9.378966874824946280568838119507E+05
       -1.959999999999724185073546323110    9.414157256428507389500737190247E+05
       -1.958999999999724295207670365926    9.449459993400617968291044235229E+05
       -1.957999999999724405341794408741    9.484875359015559079125523567200E+05
       -1.956999999999724515475918451557    9.520403626857909839600324630737E+05
       -1.955999999999724625610042494372    9.556045070821353001520037651062E+05
       -1.954999999999724735744166537188    9.591799965107480529695749282837E+05
       -1.953999999999724845878290580004    9.627668584224589867517352104187E+05
       -1.952999999999724956012414622819    9.663651202986468560993671417236E+05
       -1.951999999999725066146538665635    9.699748096511171897873282432556E+05
       -1.950999999999725176280662708450    9.735959540219795890152454376221E+05
       -1.949999999999725286414786751266    9.772285809835238615050911903381E+05
       -1.948999999999725396548910794081    9.808727181380954571068286895752E+05
       -1.947999999999725506683034836897    9.845283931179697392508387565613E+05
       -1.946999999999725616817158879712    9.881956335852267220616340637207E+05
       -1.945999999999725726951282922528    9.918744672316230135038495063782E+05
       -1.944999999999725837085406965343    9.955649217784646898508071899414E+05
       -1.943999999999725947219531008159    9.992670249764783075079321861267E+05
       -1.942999999999726057353655050974    1.002980804605681914836168289185E+06
       -1.941999999999726167487779093790    1.006706288475253968499600887299E+06
       -1.940999999999726277621903136605    1.010443504423402249813079833984E+06
       -1.939999999999726387756027179421    1.014192480317232548259198665619E+06
       -1.938999999999726497890151222236    1.017953244052615482360124588013E+06
       -1.937999999999726608024275265052    1.021725823554052389226853847504E+06
       -1.936999999999726718158399307868    1.025510246774541912600398063660E+06
       -1.935999999999726828292523350683    1.029306541695443796925246715546E+06
       -1.934999999999726938426647393499    1.033114736326343612745404243469E+06
       -1.933999999999727048560771436314    1.036934858704914920963346958160E+06
       -1.932999999999727158694895479130    1.040766936896782135590910911560E+06
       -1.931999999999727268829019521945    1.044610998995381058193743228912E+06
       -1.930999999999727378963143564761    1.048467073121820343658328056335E+06
       -1.929999999999727489097267607576    1.052335187424740288406610488892E+06
       -1.928999999999727599231391650392    1.056215370080172782763838768005E+06
       -1.927999999999727709365515693207    1.060107649291398003697395324707E+06
       -1.926999999999727819499639736023    1.064012053288802271708846092224E+06
       -1.925999999999727929633763778838    1.067928610329734161496162414551E+06
       -1.924999999999728039767887821654    1.071857348698359681293368339539E+06
       -1.923999999999728149902011864469    1.075798296705517452210187911987E+06
       -1.922999999999728260036135907285    1.079751482688571559265255928040E+06
       -1.921999999999728370170259950100    1.083716935011265333741903305054E+06
       -1.920999999999728480304383992916    1.087694682063572807237505912781E+06
       -1.919999999999728590438508035732    1.091684752261550165712833404541E+06
       -1.918999999999728700572632078547    1.095687174047185806557536125183E+06
       -1.917999999999728810706756121363    1.099701975888249929994344711304E+06
       -1.916999999999728920840880164178    1.103729186278142267838120460510E+06
       -1.915999999999729030975004206994    1.107768833735741209238767623901E+06
       -1.914999999999729141109128249809    1.111820946805249201133847236633E+06
       -1.913999999999729251243252292625    1.115885554056039545685052871704E+06
       -1.912999999999729361377376335440    1.119962684082501800730824470520E+06
       -1.911999999999729471511500378256    1.124052365503885783255100250244E+06
       -1.910999999999729581645624421071    1.128154626964143710210919380188E+06
       -1.909999999999729691779748463887    1.132269497131774667650461196899E+06
       -1.908999999999729801913872506702    1.136397004699664888903498649597E+06
       -1.907999999999729912047996549518    1.140537178384928032755851745605E+06
       -1.906999999999730022182120592333    1.144690046928746858611702919006E+06
       -1.905999999999730132316244635149    1.148855639096210710704326629639E+06
       -1.904999999999730242450368677964    1.153033983676153933629393577576E+06
       -1.903999999999730352584492720780    1.157225109480993822216987609863E+06
       -1.902999999999730462718616763595    1.161429045346565311774611473083E+06
       -1.901999999999730572852740806411    1.165645820131958462297916412354E+06
       -1.900999999999730682986864849227    1.169875462719351751729846000671E+06
       -1.899999999999730793120988892042    1.174118002013845834881067276001E+06
       -1.898999999999730903255112934858    1.178373466943296836689114570618E+06
       -1.897999999999731013389236977673    1.182641886458148248493671417236E+06
       -1.896999999999731123523361020489    1.186923289531260961666703224182E+06
       -1.895999999999731233657485063304    1.191217705157744698226451873779E+06
       -1.894999999999731343791609106120    1.195525162354786181822419166565E+06
       -1.893999999999731453925733148935    1.199845690161478240042924880981E+06
       -1.892999999999731564059857191751    1.204179317638647044077515602112E+06
       -1.891999999999731674193981234566    1.208526073868677951395511627197E+06
       -1.890999999999731784328105277382    1.212885987955342745408415794373E+06
       -1.889999999999731894462229320197    1.217259089023622684180736541748E+06
       -1.888999999999732004596353363013    1.221645406219533411785960197449E+06
       -1.887999999999732114730477405828    1.226044968709948007017374038696E+06
       -1.886999999999732224864601448644    1.230457805682418635115027427673E+06
       -1.885999999999732334998725491459    1.234883946344997268170118331909E+06
       -1.884999999999732445132849534275    1.239323419926055939868092536926E+06
       -1.883999999999732555266973577091    1.243776255674107000231742858887E+06
       -1.882999999999732665401097619906    1.248242482857621507719159126282E+06
       -1.881999999999732775535221662722    1.252722130764846224337816238403E+06
       -1.880999999999732885669345705537    1.257215228703620145097374916077E+06
       -1.879999999999732995803469748353    1.261721806001190096139907836914E+06
       -1.878999999999733105937593791168    1.266241892004025867208838462830E+06
       -1.877999999999733216071717833984    1.270775516077634878456592559814E+06
       -1.876999999999733326205841876799    1.275322707606374053284525871277E+06
       -1.875999999999733436339965919615    1.279883495993261691182851791382E+06
       -1.874999999999733546474089962430    1.284457910659789340570569038391E+06
       -1.873999999999733656608214005246    1.289045981045731808990240097046E+06
       -1.872999999999733766742338048061    1.293647736608956707641482353210E+06
       -1.871999999999733876876462090877    1.298263206825232598930597305298E+06
       -1.870999999999733987010586133692    1.302892421188036678358912467957E+06
       -1.869999999999734097144710176508    1.307535409208360593765974044800E+06
       -1.868999999999734207278834219323    1.312192200414516730234026908875E+06
       -1.867999999999734317412958262139    1.316862824351943563669919967651E+06
       -1.866999999999734427547082304955    1.321547310583008220419287681580E+06
       -1.865999999999734537681206347770    1.326245688686809502542018890381E+06
       -1.864999999999734647815330390586    1.330957988258979981765151023865E+06
       -1.863999999999734757949454433401    1.335684238911488093435764312744E+06
       -1.862999999999734868083578476217    1.340424470272436970844864845276E+06
       -1.861999999999734978217702519032    1.345178711985863745212554931641E+06
       -1.860999999999735088351826561848    1.349946993711538380011916160583E+06
       -1.859999999999735198485950604663    1.354729345124760176986455917358E+06
       -1.858999999999735308620074647479    1.359525795916154747828841209412E+06
       -1.857999999999735418754198690294    1.364336375791469123214483261108E+06
       -1.856999999999735528888322733110    1.369161114471366861835122108459E+06
       -1.855999999999735639022446775925    1.374000041691220365464687347412E+06
       -1.854999999999735749156570818741    1.378853187200905522331595420837E+06
       -1.853999999999735859290694861556    1.383720580764591228216886520386E+06
       -1.852999999999735969424818904372    1.388602252160531235858798027039E+06
       -1.851999999999736079558942947187    1.393498231180854141712188720703E+06
       -1.850999999999736189693066990003    1.398408547631351975724101066589E+06
       -1.849999999999736299827191032819    1.403333231331268325448036193848E+06
       -1.848999999999736409961315075634    1.408272312113085063174366950989E+06
       -1.847999999999736520095439118450    1.413225819822308141738176345825E+06
       -1.846999999999736630229563161265    1.418193784317253855988383293152E+06
       -1.845999999999736740363687204081    1.423176235468831844627857208252E+06
       -1.844999999999736850497811246896    1.428173203160329489037394523621E+06
       -1.843999999999736960631935289712    1.433184717287193052470684051514E+06
       -1.842999999999737070766059332527    1.438210807756809750571846961975E+06
       -1.841999999999737180900183375343    1.443251504488287959247827529907E+06
       -1.840999999999737291034307418158    1.448306837412236491218209266663E+06
       -1.839999999999737401168431460974    1.453376836470543406903743743896E+06
       -1.838999999999737511302555503789    1.458461531616153428331017494202E+06
       -1.837999999999737621436679546605    1.463560952812845353037118911743E+06
       -1.836999999999737731570803589420    1.468675130035006208345293998718E+06
       -1.835999999999737841704927632236    1.473804093267407268285751342773E+06
       -1.834999999999737951839051675051    1.478947872504977742210030555725E+06
       -1.833999999999738061973175717867    1.484106497752576600760221481323E+06
       -1.832999999999738172107299760683    1.489279999024765333160758018494E+06
       -1.831999999999738282241423803498    1.494468406345579307526350021362E+06
       -1.830999999999738392375547846314    1.499671749748296337202191352844E+06
       -1.829999999999738502509671889129    1.504890059275207575410604476929E+06
       -1.828999999999738612643795931945    1.510123364977383753284811973572E+06
       -1.827999999999738722777919974760    1.515371696914442814886569976807E+06
       -1.826999999999738832912044017576    1.520635085154317086562514305115E+06
       -1.825999999999738943046168060391    1.525913559773017186671495437622E+06
       -1.824999999999739053180292103207    1.531207150854396866634488105774E+06
       -1.823999999999739163314416146022    1.536515888489916920661926269531E+06
       -1.822999999999739273448540188838    1.541839802778406767174601554871E+06
       -1.821999999999739383582664231653    1.547178923825825564563274383545E+06
       -1.820999999999739493716788274469    1.552533281745023326948285102844E+06
       -1.819999999999739603850912317284    1.557902906655500642955303192139E+06
       -1.818999999999739713985036360100    1.563287828683166066184639930725E+06
       -1.817999999999739824119160402915    1.568688077960094437003135681152E+06
       -1.816999999999739934253284445731    1.574103684624283807352185249329E+06
       -1.815999999999740044387408488546    1.579534678819410502910614013672E+06
       -1.814999999999740154521532531362    1.584981090694583253934979438782E+06
       -1.813999999999740264655656574178    1.590442950404098257422447204590E+06
       -1.812999999999740374789780616993    1.595920288107191910967230796814E+06
       -1.811999999999740484923904659809    1.601413133967790752649307250977E+06
       -1.810999999999740595058028702624    1.606921518154264194890856742859E+06
       -1.809999999999740705192152745440    1.612445470839173998683691024780E+06
       -1.808999999999740815326276788255    1.617985022199022816494107246399E+06
       -1.807999999999740925460400831071    1.623540202414002269506454467773E+06
       -1.806999999999741035594524873886    1.629111041667740093544125556946E+06
       -1.805999999999741145728648916702    1.634697570147045888006687164307E+06
       -1.804999999999741255862772959517    1.640299818041655467823147773743E+06
       -1.803999999999741365996897002333    1.645917815543977078050374984741E+06
       -1.802999999999741476131021045148    1.651551592848833417519927024841E+06
       -1.801999999999741586265145087964    1.657201180153202265501022338867E+06
       -1.800999999999741696399269130779    1.662866607655959902331233024597E+06
       -1.799999999999741806533393173595    1.668547905557621270418167114258E+06
       -1.798999999999741916667517216410    1.674245104060077806934714317322E+06
       -1.797999999999742026801641259226    1.679958233366336207836866378784E+06
       -1.796999999999742136935765302042    1.685687323680256726220250129700E+06
       -1.795999999999742247069889344857    1.691432405206288676708936691284E+06
       -1.794999999999742357204013387673    1.697193508149205939844250679016E+06
       -1.793999999999742467338137430488    1.702970662713841535151004791260E+06
       -1.792999999999742577472261473304    1.708763899104821262881159782410E+06
       -1.791999999999742687606385516119    1.714573247526296414434909820557E+06
       -1.790999999999742797740509558935    1.720398738181674620136618614197E+06
       -1.789999999999742907874633601750    1.726240401273351628333330154419E+06
       -1.788999999999743018008757644566    1.732098267002438893541693687439E+06
       -1.787999999999743128142881687381    1.737972365568494889885187149048E+06
       -1.786999999999743238277005730197    1.743862727169249905273318290710E+06
       -1.785999999999743348411129773012    1.749769382000335492193698883057E+06
       -1.784999999999743458545253815828    1.755692360255008796229958534241E+06
       -1.783999999999743568679377858643    1.761631692123877815902233123779E+06
       -1.782999999999743678813501901459    1.767587407794624334201216697693E+06
       -1.781999999999743788947625944274    1.773559537451728247106075286865E+06
       -1.780999999999743899081749987090    1.779548111276188166812062263489E+06
       -1.779999999999744009215874029906    1.785553159445242956280708312988E+06
       -1.778999999999744119349998072721    1.791574712132091866806149482727E+06
       -1.777999999999744229484122115537    1.797612799505612812936305999756E+06
       -1.776999999999744339618246158352    1.803667451730081578716635704041E+06
       -1.775999999999744449752370201168    1.809738698964888229966163635254E+06
       -1.774999999999744559886494243983    1.815826571364252595230937004089E+06
       -1.773999999999744670020618286799    1.821931099076940678060054779053E+06
       -1.772999999999744780154742329614    1.828052312245977809652686119080E+06
       -1.771999999999744890288866372430    1.834190241008362732827663421631E+06
       -1.770999999999745000422990415245    1.840344915494778892025351524353E+06
       -1.769999999999745110557114458061    1.846516365829307120293378829956E+06
       -1.768999999999745220691238500876    1.852704622129133669659495353699E+06
       -1.767999999999745330825362543692    1.858909714504262432456016540527E+06
       -1.766999999999745440959486586507    1.865131673057220643386244773865E+06
       -1.765999999999745551093610629323    1.871370527882767841219902038574E+06
       -1.764999999999745661227734672138    1.877626309067602967843413352966E+06
       -1.763999999999745771361858714954    1.883899046690068207681179046631E+06
       -1.762999999999745881495982757770    1.890188770819854224100708961487E+06
       -1.761999999999745991630106800585    1.896495511517703533172607421875E+06
       -1.760999999999746101764230843401    1.902819298835114808753132820129E+06
       -1.759999999999746211898354886216    1.909160162814041599631309509277E+06
       -1.758999999999746322032478929032    1.915518133486595237627625465393E+06
       -1.757999999999746432166602971847    1.921893240874743554741144180298E+06
       -1.756999999999746542300727014663    1.928285514990010997280478477478E+06
       -1.755999999999746652434851057478    1.934694985833174549043178558350E+06
       -1.754999999999746762568975100294    1.941121683393961517140269279480E+06
       -1.753999999999746872703099143109    1.947565637650745920836925506592E+06
       -1.752999999999746982837223185925    1.954026878570242552086710929871E+06
       -1.751999999999747092971347228740    1.960505436107201967388391494751E+06
       -1.750999999999747203105471271556    1.967001340204102220013737678528E+06
       -1.749999999999747313239595314371    1.973514620790841523557901382446E+06
       -1.748999999999747423373719357187    1.980045307784430449828505516052E+06
       -1.747999999999747533507843400002    1.986593431088680401444435119629E+06
       -1.746999999999747643641967442818    1.993159020593893947079777717590E+06
       -1.745999999999747753776091485634    1.999742106176552828401327133179E+06
       -1.744999999999747863910215528449    2.006342717699004570022225379944E+06
       -1.743999999999747974044339571265    2.012960885009149555116891860962E+06
       -1.742999999999748084178463614080    2.019596637940126238390803337097E+06
       -1.741999999999748194312587656896    2.026250006309995893388986587524E+06
       -1.740999999999748304446711699711    2.032921019921425962820649147034E+06
       -1.739999999999748414580835742527    2.039609708561371546238660812378E+06
       -1.738999999999748524714959785342    2.046316102000758750364184379578E+06
       -1.737999999999748634849083828158    2.053040229994163848459720611572E+06
       -1.736999999999748744983207870973    2.059782122279494302347302436829E+06
       -1.735999999999748855117331913789    2.066541808577666524797677993774E+06
       -1.734999999999748965251455956604    2.073319318592283641919493675232E+06
       -1.733999999999749075385579999420    2.080114682009312789887189865112E+06
       -1.732999999999749185519704042235    2.086927928496761014685034751892E+06
       -1.731999999999749295653828085051    2.093759087704350706189870834351E+06
       -1.730999999999749405787952127866    2.100608189263192005455493927002E+06
       -1.729999999999749515922076170682    2.107475262785457540303468704224E+06
       -1.728999999999749626056200213498    2.114360337864053435623645782471E+06
       -1.727999999999749736190324256313    2.121263444072291720658540725708E+06
       -1.726999999999749846324448299129    2.128184610963558778166770935059E+06
       -1.725999999999749956458572341944    2.135123868070986587554216384888E+06
       -1.724999999999750066592696384760    2.142081244907121174037456512451E+06
       -1.723999999999750176726820427575    2.149056770963588263839483261108E+06
       -1.722999999999750286860944470391    2.156050475710760802030563354492E+06
       -1.721999999999750396995068513206    2.163062388597423676401376724243E+06
       -1.720999999999750507129192556022    2.170092539050439372658729553223E+06
       -1.719999999999750617263316598837    2.177140956474411766976118087769E+06
       -1.718999999999750727397440641653    2.184207670251348055899143218994E+06
       -1.717999999999750837531564684468    2.191292709740321617573499679565E+06
       -1.716999999999750947665688727284    2.198396104277132079005241394043E+06
       -1.715999999999751057799812770099    2.205517883173965383321046829224E+06
       -1.714999999999751167933936812915    2.212658075719052925705909729004E+06
       -1.713999999999751278068060855730    2.219816711176330689340829849243E+06
       -1.712999999999751388202184898546    2.226993818785094656050205230713E+06
       -1.711999999999751498336308941361    2.234189427759658079594373703003E+06
       -1.710999999999751608470432984177    2.241403567289007827639579772949E+06
       -1.709999999999751718604557026993    2.248636266536456067115068435669E+06
       -1.708999999999751828738681069808    2.255887554639296606183052062988E+06
       -1.707999999999751938872805112624    2.263157460708454716950654983521E+06
       -1.706999999999752049006929155439    2.270446013828142546117305755615E+06
       -1.705999999999752159141053198255    2.277753243055506143718957901001E+06
       -1.704999999999752269275177241070    2.285079177420277148485183715820E+06
       -1.703999999999752379409301283886    2.292423845924421679228544235229E+06
       -1.702999999999752489543425326701    2.299787277541787363588809967041E+06
       -1.701999999999752599677549369517    2.307169501217751298099756240845E+06
       -1.700999999999752709811673412332    2.314570545868867076933383941650E+06
       -1.699999999999752819945797455148    2.321990440382509026676416397095E+06
       -1.698999999999752930079921497963    2.329429213616514578461647033691E+06
       -1.697999999999753040214045540779    2.336886894398832228034734725952E+06
       -1.696999999999753150348169583594    2.344363511527160182595252990723E+06
       -1.695999999999753260482293626410    2.351859093768590595573186874390E+06
       -1.694999999999753370616417669225    2.359373669859248213469982147217E+06
       -1.693999999999753480750541712041    2.366907268503931816667318344116E+06
       -1.692999999999753590884665754857    2.374459918375751934945583343506E+06
       -1.691999999999753701018789797672    2.382031648115770425647497177124E+06
       -1.690999999999753811152913840488    2.389622486332636326551437377930E+06
       -1.689999999999753921287037883303    2.397232461602221708744764328003E+06
       -1.688999999999754031421161926119    2.404861602467259392142295837402E+06
       -1.687999999999754141555285968934    2.412509937436974141746759414673E+06
       -1.686999999999754251689410011750    2.420177494986718520522117614746E+06
       -1.685999999999754361823534054565    2.427864303557605948299169540405E+06
       -1.684999999999754471957658097381    2.435570391556140966713428497314E+06
       -1.683999999999754582091782140196    2.443295787353851366788148880005E+06
       -1.682999999999754692225906183012    2.451040519286917522549629211426E+06
       -1.681999999999754802360030225827    2.458804615655802655965089797974E+06
       -1.680999999999754912494154268643    2.466588104724879376590251922607E+06
       -1.679999999999755022628278311458    2.474391014722057152539491653442E+06
       -1.678999999999755132762402354274    2.482213373838410712778568267822E+06
       -1.677999999999755242896526397089    2.490055210227804724127054214478E+06
       -1.676999999999755353030650439905    2.497916552006517536938190460205E+06
       -1.675999999999755463164774482721    2.505797427252866793423891067505E+06
       -1.674999999999755573298898525536    2.513697864006832242012023925781E+06
       -1.673999999999755683433022568352    2.521617890269675757735967636108E+06
       -1.672999999999755793567146611167    2.529557534003566019237041473389E+06
       -1.671999999999755903701270653983    2.537516823131196666508913040161E+06
       -1.670999999999756013835394696798    2.545495785535406321287155151367E+06
       -1.669999999999756123969518739614    2.553494449058797676116228103638E+06
       -1.668999999999756234103642782429    2.561512841503355652093887329102E+06
       -1.667999999999756344237766825245    2.569550990630062762647867202759E+06
       -1.666999999999756454371890868060    2.577608924158516339957714080811E+06
       -1.665999999999756564506014910876    2.585686669766544830054044723511E+06
       -1.664999999999756674640138953691    2.593784255089821293950080871582E+06
       -1.663999999999756784774262996507    2.601901707721476908773183822632E+06
       -1.662999999999756894908387039322    2.610039055211714468896389007568E+06
       -1.661999999999757005042511082138    2.618196325067420024424791336060E+06
       -1.660999999999757115176635124953    2.626373544751772657036781311035E+06
       -1.659999999999757225310759167769    2.634570741683856118470430374146E+06
       -1.658999999999757335444883210585    2.642787943238267675042152404785E+06
       -1.657999999999757445579007253400    2.651025176744727883487939834595E+06
       -1.656999999999757555713131296216    2.659282469487686641514301300049E+06
       -1.655999999999757665847255339031    2.667559848705931100994348526001E+06
       -1.654999999999757775981379381847    2.675857341592190787196159362793E+06
       -1.653999999999757886115503424662    2.684174975292744580656290054321E+06
       -1.652999999999757996249627467478    2.692512776907023042440414428711E+06
       -1.651999999999758106383751510293    2.700870773487213533371686935425E+06
       -1.650999999999758216517875553109    2.709248992037862539291381835938E+06
       -1.649999999999758326651999595924    2.717647459515477064996957778931E+06
       -1.648999999999758436786123638740    2.726066202828127890825271606445E+06
       -1.647999999999758546920247681555    2.734505248835048172622919082642E+06
       -1.646999999999758657054371724371    2.742964624346232973039150238037E+06
       -1.645999999999758767188495767186    2.751444356122037861496210098267E+06
       -1.644999999999758877322619810002    2.759944470872777514159679412842E+06
       -1.643999999999758987456743852817    2.768464995258321519941091537476E+06
       -1.642999999999759097590867895633    2.777005955887692980468273162842E+06
       -1.641999999999759207724991938449    2.785567379318663384765386581421E+06
       -1.640999999999759317859115981264    2.794149292057346552610397338867E+06
       -1.639999999999759427993240024080    2.802751720557791646569967269897E+06
       -1.638999999999759538127364066895    2.811374691221578978002071380615E+06
       -1.637999999999759648261488109711    2.820018230397409293800592422485E+06
       -1.636999999999759758395612152526    2.828682364380697719752788543701E+06
       -1.635999999999759868529736195342    2.837367119413163978606462478638E+06
       -1.634999999999759978663860238157    2.846072521682421676814556121826E+06
       -1.633999999999760088797984280973    2.854798597321568522602319717407E+06
       -1.632999999999760198932108323788    2.863545372408773750066757202148E+06
       -1.631999999999760309066232366604    2.872312872966866474598646163940E+06
       -1.630999999999760419200356409419    2.881101124962923116981983184814E+06
       -1.629999999999760529334480452235    2.889910154307852033525705337524E+06
       -1.628999999999760639468604495050    2.898739986855980940163135528564E+06
       -1.627999999999760749602728537866    2.907590648404639679938554763794E+06
       -1.626999999999760859736852580681    2.916462164693744853138923645020E+06
       -1.625999999999760969870976623497    2.925354561405383516103029251099E+06
       -1.624999999999761080005100666313    2.934267864163395017385482788086E+06
       -1.623999999999761190139224709128    2.943202098532952833920717239380E+06
       -1.622999999999761300273348751944    2.952157290020144544541835784912E+06
       -1.621999999999761410407472794759    2.961133464071553666144609451294E+06
       -1.620999999999761520541596837575    2.970130646073835901916027069092E+06
       -1.619999999999761630675720880390    2.979148861353301908820867538452E+06
       -1.618999999999761740809844923206    2.988188135175491683185100555420E+06
       -1.617999999999761850943968966021    2.997248492744753602892160415649E+06
       -1.616999999999761961078093008837    3.006329959203821606934070587158E+06
       -1.615999999999762071212217051652    3.015432559633387718349695205688E+06
       -1.614999999999762181346341094468    3.024556319051682017743587493896E+06
       -1.613999999999762291480465137283    3.033701262414041440933942794800E+06
       -1.612999999999762401614589180099    3.042867414612486958503723144531E+06
       -1.611999999999762511748713222914    3.052054800475297030061483383179E+06
       -1.610999999999762621882837265730    3.061263444766575470566749572754E+06
       -1.609999999999762732016961308545    3.070493372185827698558568954468E+06
       -1.608999999999762842151085351361    3.079744607367527671158313751221E+06
       -1.607999999999762952285209394176    3.089017174880690407007932662964E+06
       -1.606999999999763062419333436992    3.098311099228440783917903900146E+06
       -1.605999999999763172553457479808    3.107626404847580473870038986206E+06
       -1.604999999999763282687581522623    3.116963116108159534633159637451E+06
       -1.603999999999763392821705565439    3.126321257313039619475603103638E+06
       -1.602999999999763502955829608254    3.135700852697462774813175201416E+06
       -1.601999999999763613089953651070    3.145101926428618375211954116821E+06
       -1.600999999999763723224077693885    3.154524502605204470455646514893E+06
       -1.599999999999763833358201736701    3.163968605256996583193540573120E+06
       -1.598999999999763943492325779516    3.173434258344408124685287475586E+06
       -1.597999999999764053626449822332    3.182921485758056398481130599976E+06
       -1.596999999999764163760573865147    3.192430311318323947489261627197E+06
       -1.595999999999764273894697907963    3.201960758774918969720602035522E+06
       -1.594999999999764384028821950778    3.211512851806438528001308441162E+06
       -1.593999999999764494162945993594    3.221086614019929897040128707886E+06
       -1.592999999999764604297070036409    3.230682068950447253882884979248E+06
       -1.591999999999764714431194079225    3.240299240060613024979829788208E+06
       -1.590999999999764824565318122040    3.249938150740177370607852935791E+06
       -1.589999999999764934699442164856    3.259598824305573944002389907837E+06
       -1.588999999999765044833566207672    3.269281283999479375779628753662E+06
       -1.587999999999765154967690250487    3.278985552990368101745843887329E+06
       -1.586999999999765265101814293303    3.288711654372068122029304504395E+06
       -1.585999999999765375235938336118    3.298459611163318622857332229614E+06
       -1.584999999999765485370062378934    3.308229446307323873043060302734E+06
       -1.583999999999765595504186421749    3.318021182671307120472192764282E+06
       -1.582999999999765705638310464565    3.327834843046064488589763641357E+06
       -1.581999999999765815772434507380    3.337670450145517010241746902466E+06
       -1.580999999999765925906558550196    3.347528026606264524161815643311E+06
       -1.579999999999766036040682593011    3.357407594987135846167802810669E+06
       -1.578999999999766146174806635827    3.367309177768741734325885772705E+06
       -1.577999999999766256308930678642    3.377232797353022266179323196411E+06
       -1.576999999999766366443054721458    3.387178476062801666557788848877E+06
       -1.575999999999766476577178764273    3.397146236141333822160959243774E+06
       -1.574999999999766586711302807089    3.407136099751851521432399749756E+06
       -1.573999999999766696845426849904    3.417148088977115694433450698853E+06
       -1.572999999999766806979550892720    3.427182225818962790071964263916E+06
       -1.571999999999766917113674935536    3.437238532197853084653615951538E+06
       -1.570999999999767027247798978351    3.447317029952414333820343017578E+06
       -1.569999999999767137381923021167    3.457417740838989149779081344604E+06
       -1.568999999999767247516047063982    3.467540686531181447207927703857E+06
       -1.567999999999767357650171106798    3.477685888619400095194578170776E+06
       -1.566999999999767467784295149613    3.487853368610402569174766540527E+06
       -1.565999999999767577918419192429    3.498043147926840465515851974487E+06
       -1.564999999999767688052543235244    3.508255247906800359487533569336E+06
       -1.563999999999767798186667278060    3.518489689803349319845438003540E+06
       -1.562999999999767908320791320875    3.528746494784074835479259490967E+06
       -1.561999999999768018454915363691    3.539025683930625673383474349976E+06
       -1.560999999999768128589039406506    3.549327278238254599273204803467E+06
       -1.559999999999768238723163449322    3.559651298615358304232358932495E+06
       -1.558999999999768348857287492137    3.569997765883017331361770629883E+06
       -1.557999999999768458991411534953    3.580366700774536002427339553833E+06
       -1.556999999999768569125535577768    3.590758123934981413185596466064E+06
       -1.555999999999768679259659620584    3.601172055920719634741544723511E+06
       -1.554999999999768789393783663400    3.611608517198956571519374847412E+06
       -1.553999999999768899527907706215    3.622067528147274162620306015015E+06
       -1.552999999999769009662031749031    3.632549109053167514503002166748E+06
       -1.551999999999769119796155791846    3.643053280113581102341413497925E+06
       -1.550999999999769229930279834662    3.653580061434444971382617950439E+06
       -1.549999999999769340064403877477    3.664129473030209075659513473511E+06
       -1.548999999999769450198527920293    3.674701534823379479348659515381E+06
       -1.547999999999769560332651963108    3.685296266644052695482969284058E+06
       -1.546999999999769670466776005924    3.695913688229451887309551239014E+06
       -1.545999999999769780600900048739    3.706553819223454687744379043579E+06
       -1.544999999999769890735024091555    3.717216679176131263375282287598E+06
       -1.543999999999770000869148134370    3.727902287543276790529489517212E+06
       -1.542999999999770111003272177186    3.738610663685942068696022033691E+06
       -1.541999999999770221137396220001    3.749341826869964133948087692261E+06
       -1.540999999999770331271520262817    3.760095796265500597655773162842E+06
       -1.539999999999770441405644305632    3.770872590946558397263288497925E+06
       -1.538999999999770551539768348448    3.781672229890524409711360931396E+06
       -1.537999999999770661673892391264    3.792494731977696996182203292847E+06
       -1.536999999999770771808016434079    3.803340115990815684199333190918E+06
       -1.535999999999770881942140476895    3.814208400614587124437093734741E+06
       -1.534999999999770992076264519710    3.825099604435216635465621948242E+06
       -1.533999999999771102210388562526    3.836013745939936954528093338013E+06
       -1.532999999999771212344512605341    3.846950843516534194350242614746E+06
       -1.531999999999771322478636648157    3.857910915452875662595033645630E+06
       -1.530999999999771432612760690972    3.868893979936439543962478637695E+06
       -1.529999999999771542746884733788    3.879900055053838994354009628296E+06
       -1.528999999999771652881008776603    3.890929158790348097681999206543E+06
       -1.527999999999771763015132819419    3.901981309029430616647005081177E+06
       -1.526999999999771873149256862234    3.913056523552265018224716186523E+06
       -1.525999999999771983283380905050    3.924154820037266705185174942017E+06
       -1.524999999999772093417504947865    3.935276216059615835547447204590E+06
       -1.523999999999772203551628990681    3.946420729090782348066568374634E+06
       -1.522999999999772313685753033496    3.957588376498048193752765655518E+06
       -1.521999999999772423819877076312    3.968779175544031430035829544067E+06
       -1.520999999999772533954001119127    3.979993143386210314929485321045E+06
       -1.519999999999772644088125161943    3.991230297076446469873189926147E+06
       -1.518999999999772754222249204759    4.002490653560505248606204986572E+06
       -1.517999999999772864356373247574    4.013774229677582625299692153931E+06
       -1.516999999999772974490497290390    4.025081042159823700785636901855E+06
       -1.515999999999773084624621333205    4.036411107631847728043794631958E+06
       -1.514999999999773194758745376021    4.047764442610266618430614471436E+06
       -1.513999999999773304892869418836    4.059141063503206241875886917114E+06
       -1.512999999999773415026993461652    4.070540986609829589724540710449E+06
       -1.511999999999773525161117504467    4.081964228119855280965566635132E+06
       -1.510999999999773635295241547283    4.093410804113079793751239776611E+06
       -1.509999999999773745429365590098    4.104880730558895040303468704224E+06
       -1.508999999999773855563489632914    4.116374023315810598433017730713E+06
       -1.507999999999773965697613675729    4.127890698130969423800706863403E+06
       -1.506999999999774075831737718545    4.139430770639671944081783294678E+06
       -1.505999999999774185965861761360    4.150994256364890839904546737671E+06
       -1.504999999999774296099985804176    4.162581170716791413724422454834E+06
       -1.503999999999774406234109846991    4.174191528992251027375459671021E+06
       -1.502999999999774516368233889807    4.185825346374374814331531524658E+06
       -1.501999999999774626502357932623    4.197482637932013720273971557617E+06
       -1.500999999999774736636481975438    4.209163418619285337626934051514E+06
       -1.499999999999774846770606018254    4.220867703275086358189582824707E+06
       -1.498999999999774956904730061069    4.232595506622613407671451568604E+06
       -1.497999999999775067038854103885    4.244346843268878757953643798828E+06
       -1.496999999999775177172978146700    4.256121727704226039350032806396E+06
       -1.495999999999775287307102189516    4.267920174301849678158760070801E+06
       -1.494999999999775397441226232331    4.279742197317308746278285980225E+06
       -1.493999999999775507575350275147    4.291587810888042673468589782715E+06
       -1.492999999999775617709474317962    4.303457029032886959612369537354E+06
       -1.491999999999775727843598360778    4.315349865651590749621391296387E+06
       -1.490999999999775837977722403593    4.327266334524332545697689056396E+06
       -1.489999999999775948111846446409    4.339206449311232194304466247559E+06
       -1.488999999999776058245970489224    4.351170223551868461072444915771E+06
       -1.487999999999776168380094532040    4.363157670664794743061065673828E+06
       -1.486999999999776278514218574855    4.375168803947051055729389190674E+06
       -1.485999999999776388648342617671    4.387203636573681607842445373535E+06
       -1.484999999999776498782466660487    4.399262181597246788442134857178E+06
       -1.483999999999776608916590703302    4.411344451947338879108428955078E+06
       -1.482999999999776719050714746118    4.423450460430095903575420379639E+06
       -1.481999999999776829184838788933    4.435580219727715477347373962402E+06
       -1.480999999999776939318962831749    4.447733742397970519959926605225E+06
       -1.479999999999777049453086874564    4.459911040873719379305839538574E+06
       -1.478999999999777159587210917380    4.472112127462419681251049041748E+06
       -1.477999999999777269721334960195    4.484337014345645904541015625000E+06
       -1.476999999999777379855459003011    4.496585713578601367771625518799E+06
       -1.475999999999777489989583045826    4.508858237089630216360092163086E+06
       -1.474999999999777600123707088642    4.521154596679729409515857696533E+06
       -1.473999999999777710257831131457    4.533474804022062569856643676758E+06
       -1.472999999999777820391955174273    4.545818870661477558314800262451E+06
       -1.471999999999777930526079217088    4.558186808014012873172760009766E+06
       -1.470999999999778040660203259904    4.570578627366415224969387054443E+06
       -1.469999999999778150794327302719    4.582994339875649660825729370117E+06
       -1.468999999999778260928451345535    4.595433956568413414061069488525E+06
       -1.467999999999778371062575388351    4.607897488340647891163825988770E+06
       -1.466999999999778481196699431166    4.620384945957052521407604217529E+06
       -1.465999999999778591330823473982    4.632896340050596743822097778320E+06
       -1.464999999999778701464947516797    4.645431681122033856809139251709E+06
       -1.463999999999778811599071559613    4.657990979539409279823303222656E+06
       -1.462999999999778921733195602428    4.670574245537578128278255462646E+06
       -1.461999999999779031867319645244    4.683181489217713475227355957031E+06
       -1.460999999999779142001443688059    4.695812720546823926270008087158E+06
       -1.459999999999779252135567730875    4.708467949357261881232261657715E+06
       -1.458999999999779362269691773690    4.721147185346235521137714385986E+06
       -1.457999999999779472403815816506    4.733850438075324520468711853027E+06
       -1.456999999999779582537939859321    4.746577716969992034137248992920E+06
       -1.455999999999779692672063902137    4.759329031319094821810722351074E+06
       -1.454999999999779802806187944952    4.772104390274397097527980804443E+06
       -1.453999999999779912940311987768    4.784903802850082516670227050781E+06
       -1.452999999999780023074436030583    4.797727277922268025577068328857E+06
       -1.451999999999780133208560073399    4.810574824228515848517417907715E+06
       -1.450999999999780243342684116215    4.823446450367347337305545806885E+06
       -1.449999999999780353476808159030    4.836342164797753095626831054688E+06
       -1.448999999999780463610932201846    4.849261975838706828653812408447E+06
       -1.447999999999780573745056244661    4.862205891668679192662239074707E+06
       -1.446999999999780683879180287477    4.875173920325149782001972198486E+06
       -1.445999999999780794013304330292    4.888166069704119116067886352539E+06
       -1.444999999999780904147428373108    4.901182347559624351561069488525E+06
       -1.443999999999781014281552415923    4.914222761503253132104873657227E+06
       -1.442999999999781124415676458739    4.927287319003651849925518035889E+06
       -1.441999999999781234549800501554    4.940376027386045083403587341309E+06
       -1.440999999999781344683924544370    4.953488893831743858754634857178E+06
       -1.439999999999781454818048587185    4.966625925377661362290382385254E+06
       -1.438999999999781564952172630001    4.979787128915828652679920196533E+06
       -1.437999999999781675086296672816    4.992972511192906647920608520508E+06
       -1.436999999999781785220420715632    5.006182078809699974954128265381E+06
       -1.435999999999781895354544758447    5.019415838220672681927680969238E+06
       -1.434999999999782005488668801263    5.032673795733460225164890289307E+06
       -1.433999999999782115622792844079    5.045955957508385181427001953125E+06
       -1.432999999999782225756916886894    5.059262329557972960174083709717E+06
       -1.431999999999782335891040929710    5.072592917746463790535926818848E+06
       -1.430999999999782446025164972525    5.085947727789332158863544464111E+06
       -1.429999999999782556159289015341    5.099326765252795070409774780273E+06
       -1.428999999999782666293413058156    5.112730035553337074816226959229E+06
       -1.427999999999782776427537100972    5.126157543957218527793884277344E+06
       -1.426999999999782886561661143787    5.139609295579991303384304046631E+06
       -1.425999999999782996695785186603    5.153085295386018231511116027832E+06
       -1.424999999999783106829909229418    5.166585548187986947596073150635E+06
       -1.423999999999783216964033272234    5.180110058646427467465400695801E+06
       -1.422999999999783327098157315049    5.193658831269231624901294708252E+06
       -1.421999999999783437232281357865    5.207231870411165058612823486328E+06
       -1.420999999999783547366405400680    5.220829180273386649787425994873E+06
       -1.419999999999783657500529443496    5.234450764902966096997261047363E+06
       -1.418999999999783767634653486311    5.248096628192399628460407257080E+06
       -1.417999999999783877768777529127    5.261766773879129439592361450195E+06
       -1.416999999999783987902901571942    5.275461205545063130557537078857E+06
       -1.415999999999784098037025614758    5.289179926616089418530464172363E+06
       -1.414999999999784208171149657574    5.302922940361599437892436981201E+06
       -1.413999999999784318305273700389    5.316690249894008040428161621094E+06
       -1.412999999999784428439397743205    5.330481858168263919651508331299E+06
       -1.411999999999784538573521786020    5.344297767981378361582756042480E+06
       -1.410999999999784648707645828836    5.358137981971942819654941558838E+06
       -1.409999999999784758841769871651    5.372002502619648352265357971191E+06
       -1.408999999999784868975893914467    5.385891332244806922972202301025E+06
       -1.407999999999784979110017957282    5.399804473007870838046073913574E+06
       -1.406999999999785089244142000098    5.413741926908955909311771392822E+06
       -1.405999999999785199378266042913    5.427703695787360891699790954590E+06
       -1.404999999999785309512390085729    5.441689781321092508733272552490E+06
       -1.403999999999785419646514128544    5.455700185026388615369796752930E+06
       -1.402999999999785529780638171360    5.469734908257233910262584686279E+06
       -1.401999999999785639914762214175    5.483793952204890549182891845703E+06
       -1.400999999999785750048886256991    5.497877317897419445216655731201E+06
       -1.399999999999785860183010299806    5.511985006199203431606292724609E+06
       -1.398999999999785970317134342622    5.526117017810470424592494964600E+06
       -1.397999999999786080451258385438    5.540273353266822174191474914551E+06
       -1.396999999999786190585382428253    5.554454012938753701746463775635E+06
       -1.395999999999786300719506471069    5.568658997031183913350105285645E+06
       -1.394999999999786410853630513884    5.582888305582978762686252593994E+06
       -1.393999999999786520987754556700    5.597141938466478139162063598633E+06
       -1.392999999999786631121878599515    5.611419895387024618685245513916E+06
       -1.391999999999786741256002642331    5.625722175882488489151000976562E+06
       -1.390999999999786851390126685146    5.640048779322798363864421844482E+06
       -1.389999999999786961524250727962    5.654399704909466207027435302734E+06
       -1.388999999999787071658374770777    5.668774951675114221870899200439E+06
       -1.387999999999787181792498813593    5.683174518483007326722145080566E+06
       -1.386999999999787291926622856408    5.697598404026587493717670440674E+06
       -1.385999999999787402060746899224    5.712046606828995048999786376953E+06
       -1.384999999999787512194870942039    5.726519125242603011429309844971E+06
       -1.383999999999787622328994984855    5.741015957448549568653106689453E+06
       -1.382999999999787732463119027670    5.755537101456268690526485443115E+06
       -1.381999999999787842597243070486    5.770082555103020742535591125488E+06
       -1.380999999999787952731367113302    5.784652316053426824510097503662E+06
       -1.379999999999788062865491156117    5.799246381799003109335899353027E+06
       -1.378999999999788172999615198933    5.813864749657693319022655487061E+06
       -1.377999999999788283133739241748    5.828507416773403063416481018066E+06
       -1.376999999999788393267863284564    5.843174380115536041557788848877E+06
       -1.375999999999788503401987327379    5.857865636478528380393981933594E+06
       -1.374999999999788613536111370195    5.872581182481381110846996307373E+06
       -1.373999999999788723670235413010    5.887321014567205682396888732910E+06
       -1.372999999999788833804359455826    5.902085129002750851213932037354E+06
       -1.371999999999788943938483498641    5.916873521877948194742202758789E+06
       -1.370999999999789054072607541457    5.931686189105450175702571868896E+06
       -1.369999999999789164206731584272    5.946523126420164480805397033691E+06
       -1.368999999999789274340855627088    5.961384329378795810043811798096E+06
       -1.367999999999789384474979669903    5.976269793359387665987014770508E+06
       -1.366999999999789494609103712719    5.991179513560862280428409576416E+06
       -1.365999999999789604743227755534    6.006113485002560541033744812012E+06
       -1.364999999999789714877351798350    6.021071702523787505924701690674E+06
       -1.363999999999789825011475841166    6.036054160783352330327033996582E+06
       -1.362999999999789935145599883981    6.051060854259113781154155731201E+06
       -1.361999999999790045279723926797    6.066091777247523888945579528809E+06
       -1.360999999999790155413847969612    6.081146923863169737160205841064E+06
       -1.359999999999790265547972012428    6.096226288038324564695358276367E+06
       -1.358999999999790375682096055243    6.111329863522491417825222015381E+06
       -1.357999999999790485816220098059    6.126457643881950527429580688477E+06
       -1.356999999999790595950344140874    6.141609622499306686222553253174E+06
       -1.355999999999790706084468183690    6.156785792573034763336181640625E+06
       -1.354999999999790816218592226505    6.171986147117034532129764556885E+06
       -1.353999999999790926352716269321    6.187210678960176184773445129395E+06
       -1.352999999999791036486840312136    6.202459380745853297412395477295E+06
       -1.351999999999791146620964354952    6.217732244931533932685852050781E+06
       -1.350999999999791256755088397767    6.233029263788309879601001739502E+06
       -1.349999999999791366889212440583    6.248350429400453343987464904785E+06
       -1.348999999999791477023336483398    6.263695733664968051016330718994E+06
       -1.347999999999791587157460526214    6.279065168291145935654640197754E+06
       -1.346999999999791697291584569030    6.294458724800120107829570770264E+06
       -1.345999999999791807425708611845    6.309876394524421542882919311523E+06
       -1.344999999999791917559832654661    6.325318168607537634670734405518E+06
       -1.343999999999792027693956697476    6.340784038003467023372650146484E+06
       -1.342999999999792137828080740292    6.356273993476280011236667633057E+06
       -1.341999999999792247962204783107    6.371788025599677115678787231445E+06
       -1.340999999999792358096328825923    6.387326124756547622382640838623E+06
       -1.339999999999792468230452868738    6.402888281138533726334571838379E+06
       -1.338999999999792578364576911554    6.418474484745589084923267364502E+06
       -1.337999999999792688498700954369    6.434084725385546684265136718750E+06
       -1.336999999999792798632824997185    6.449718992673675529658794403076E+06
       -1.335999999999792908766949040000    6.465377276032248511910438537598E+06
       -1.334999999999793018901073082816    6.481059564690108411014080047607E+06
       -1.333999999999793129035197125631    6.496765847682232037186622619629E+06
       -1.332999999999793239169321168447    6.512496113849301822483539581299E+06
       -1.331999999999793349303445211262    6.528250351837266236543655395508E+06
       -1.330999999999793459437569254078    6.544028550096913240849971771240E+06
       -1.329999999999793569571693296893    6.559830696883441880345344543457E+06
       -1.328999999999793679705817339709    6.575656780256028287112712860107E+06
       -1.327999999999793789839941382525    6.591506788077402859926223754883E+06
       -1.326999999999793899974065425340    6.607380708013416267931461334229E+06
       -1.325999999999794010108189468156    6.623278527532616630196571350098E+06
       -1.324999999999794120242313510971    6.639200233905826695263385772705E+06
       -1.323999999999794230376437553787    6.655145814205713570117950439453E+06
       -1.322999999999794340510561596602    6.671115255306371487677097320557E+06
       -1.321999999999794450644685639418    6.687108543882893398404121398926E+06
       -1.320999999999794560778809682233    6.703125666410951875150203704834E+06
       -1.319999999999794670912933725049    6.719166609166378155350685119629E+06
       -1.318999999999794781047057767864    6.735231358224743045866489410400E+06
       -1.317999999999794891181181810680    6.751319899460941553115844726562E+06
       -1.316999999999795001315305853495    6.767432218548768199980258941650E+06
       -1.315999999999795111449429896311    6.783568300960505381226539611816E+06
       -1.314999999999795221583553939126    6.799728131966507993638515472412E+06
       -1.313999999999795331717677981942    6.815911696634786203503608703613E+06
       -1.312999999999795441851802024757    6.832118979830593802034854888916E+06
       -1.311999999999795551985926067573    6.848349966216018423438072204590E+06
       -1.310999999999795662120050110389    6.864604640249568037688732147217E+06
       -1.309999999999795772254174153204    6.880882986185761168599128723145E+06
       -1.308999999999795882388298196020    6.897184988074715249240398406982E+06
       -1.307999999999795992522422238835    6.913510629761738702654838562012E+06
       -1.306999999999796102656546281651    6.929859894886928610503673553467E+06
       -1.305999999999796212790670324466    6.946232766884766519069671630859E+06
       -1.304999999999796322924794367282    6.962629228983703069388866424561E+06
       -1.303999999999796433058918410097    6.979049264205764979124069213867E+06
       -1.302999999999796543193042452913    6.995492855366148985922336578369E+06
       -1.301999999999796653327166495728    7.011959985072821378707885742188E+06
       -1.300999999999796763461290538544    7.028450635726115666329860687256E+06
       -1.299999999999796873595414581359    7.044964789518335834145545959473E+06
       -1.298999999999796983729538624175    7.061502428433357737958431243896E+06
       -1.297999999999797093863662666990    7.078063534246234223246574401855E+06
       -1.296999999999797203997786709806    7.094648088522798381745815277100E+06
       -1.295999999999797314131910752621    7.111256072619268670678138732910E+06
       -1.294999999999797424266034795437    7.127887467681855894625186920166E+06
       -1.293999999999797534400158838253    7.144542254646373912692070007324E+06
       -1.292999999999797644534282881068    7.161220414237844757735729217529E+06
       -1.291999999999797754668406923884    7.177921926970114931464195251465E+06
       -1.290999999999797864802530966699    7.194646773145464248955249786377E+06
       -1.289999999999797974936655009515    7.211394932854216545820236206055E+06
       -1.288999999999798085070779052330    7.228166385974357835948467254639E+06
       -1.287999999999798195204903095146    7.244961112171152606606483459473E+06
       -1.286999999999798305339027137961    7.261779090896758250892162322998E+06
       -1.285999999999798415473151180777    7.278620301389843225479125976562E+06
       -1.284999999999798525607275223592    7.295484722675207071006298065186E+06
       -1.283999999999798635741399266408    7.312372333563402295112609863281E+06
       -1.282999999999798745875523309223    7.329283112650352530181407928467E+06
       -1.281999999999798856009647352039    7.346217038316981866955757141113E+06
       -1.280999999999798966143771394854    7.363174088728838600218296051025E+06
       -1.279999999999799076277895437670    7.380154241835715249180793762207E+06
       -1.278999999999799186412019480485    7.397157475371283479034900665283E+06
       -1.277999999999799296546143523301    7.414183766852715983986854553223E+06
       -1.276999999999799406680267566117    7.431233093580321408808231353760E+06
       -1.275999999999799516814391608932    7.448305432637171819806098937988E+06
       -1.274999999999799626948515651748    7.465400760888739489018917083740E+06
       -1.273999999999799737082639694563    7.482519054982529953122138977051E+06
       -1.272999999999799847216763737379    7.499660291347716934978961944580E+06
       -1.271999999999799957350887780194    7.516824446194775402545928955078E+06
       -1.270999999999800067485011823010    7.534011495515127666294574737549E+06
       -1.269999999999800177619135865825    7.551221415080774575471878051758E+06
       -1.268999999999800287753259908641    7.568454180443945340812206268311E+06
       -1.267999999999800397887383951456    7.585709766936732456088066101074E+06
       -1.266999999999800508021507994272    7.602988149670739658176898956299E+06
       -1.265999999999800618155632037087    7.620289303536726161837577819824E+06
       -1.264999999999800728289756079903    7.637613203204254619777202606201E+06
       -1.263999999999800838423880122718    7.654959823121339082717895507812E+06
       -1.262999999999800948558004165534    7.672329137514091096818447113037E+06
       -1.261999999999801058692128208349    7.689721120386375114321708679199E+06
       -1.260999999999801168826252251165    7.707135745519463904201984405518E+06
       -1.259999999999801278960376293981    7.724572986471682786941528320312E+06
       -1.258999999999801389094500336796    7.742032816578074358403682708740E+06
       -1.257999999999801499228624379612    7.759515208950053900480270385742E+06
       -1.256999999999801609362748422427    7.777020136475066654384136199951E+06
       -1.255999999999801719496872465243    7.794547571816245093941688537598E+06
       -1.254999999999801829630996508058    7.812097487412077374756336212158E+06
       -1.253999999999801939765120550874    7.829669855476064607501029968262E+06
       -1.252999999999802049899244593689    7.847264647996385581791400909424E+06
       -1.251999999999802160033368636505    7.864881836735567077994346618652E+06
       -1.250999999999802270167492679320    7.882521393230150453746318817139E+06
       -1.249999999999802380301616722136    7.900183288790361955761909484863E+06
       -1.248999999999802490435740764951    7.917867494499781168997287750244E+06
       -1.247999999999802600569864807767    7.935573981215016916394233703613E+06
       -1.246999999999802710703988850582    7.953302719565375708043575286865E+06
       -1.245999999999802820838112893398    7.971053679952545091509819030762E+06
       -1.244999999999802930972236936213    7.988826832550263963639736175537E+06
       -1.243999999999803041106360979029    8.006622147304005920886993408203E+06
       -1.242999999999803151240485021845    8.024439593930662609636783599854E+06
       -1.241999999999803261374609064660    8.042279141918219625949859619141E+06
       -1.240999999999803371508733107476    8.060140760525441728532314300537E+06
       -1.239999999999803481642857150291    8.078024418781561776995658874512E+06
       -1.238999999999803591776981193107    8.095930085485964082181453704834E+06
       -1.237999999999803701911105235922    8.113857729207873344421386718750E+06
       -1.236999999999803812045229278738    8.131807318286051042377948760986E+06
       -1.235999999999803922179353321553    8.149778820828480646014213562012E+06
       -1.234999999999804032313477364369    8.167772204712067730724811553955E+06
       -1.233999999999804142447601407184    8.185787437582328915596008300781E+06
       -1.232999999999804252581725450000    8.203824486853093840181827545166E+06
       -1.231999999999804362715849492815    8.221883319706203415989875793457E+06
       -1.230999999999804472849973535631    8.239963903091208077967166900635E+06
       -1.229999999999804582984097578446    8.258066203725075349211692810059E+06
       -1.228999999999804693118221621262    8.276190188091889955103397369385E+06
       -1.227999999999804803252345664077    8.294335822442559525370597839355E+06
       -1.226999999999804913386469706893    8.312503072794524021446704864502E+06
       -1.225999999999805023520593749708    8.330691904931465163826942443848E+06
       -1.224999999999805133654717792524    8.348902284403017722070217132568E+06
       -1.223999999999805243788841835340    8.367134176524480804800987243652E+06
       -1.222999999999805353922965878155    8.385387546376536600291728973389E+06
       -1.221999999999805464057089920971    8.403662358804959803819656372070E+06
       -1.220999999999805574191213963786    8.421958578420344740152359008789E+06
       -1.219999999999805684325338006602    8.440276169597815722227096557617E+06
       -1.218999999999805794459462049417    8.458615096476759761571884155273E+06
       -1.217999999999805904593586092233    8.476975322960544377565383911133E+06
       -1.216999999999806014727710135048    8.495356812716241925954818725586E+06
       -1.215999999999806124861834177864    8.513759529174361377954483032227E+06
       -1.214999999999806234995958220679    8.532183435528572648763656616211E+06
       -1.213999999999806345130082263495    8.550628494735442101955413818359E+06
       -1.212999999999806455264206306310    8.569094669514164328575134277344E+06
       -1.211999999999806565398330349126    8.587581922346297651529312133789E+06
       -1.210999999999806675532454391941    8.606090215475499629974365234375E+06
       -1.209999999999806785666578434757    8.624619510907262563705444335938E+06
       -1.208999999999806895800702477572    8.643169770408660173416137695312E+06
       -1.207999999999807005934826520388    8.661740955508090555667877197266E+06
       -1.206999999999807116068950563204    8.680333027495015412569046020508E+06
       -1.205999999999807226203074606019    8.698945947419706732034683227539E+06
       -1.204999999999807336337198648835    8.717579676092997193336486816406E+06
       -1.203999999999807446471322691650    8.736234174086030572652816772461E+06
       -1.202999999999807556605446734466    8.754909401730019599199295043945E+06
       -1.201999999999807666739570777281    8.773605319115985184907913208008E+06
       -1.200999999999807776873694820097    8.792321886094525456428527832031E+06
       -1.199999999999807887007818862912    8.811059062275566160678863525391E+06
       -1.198999999999807997141942905728    8.829816807028125971555709838867E+06
       -1.197999999999808107276066948543    8.848595079480078071355819702148E+06
       -1.196999999999808217410190991359    8.867393838517904281616210937500E+06
       -1.195999999999808327544315034174    8.886213042786478996276855468750E+06
       -1.194999999999808437678439076990    8.905052650688819587230682373047E+06
       -1.193999999999808547812563119805    8.923912620385866612195968627930E+06
       -1.192999999999808657946687162621    8.942792909796256572008132934570E+06
       -1.191999999999808768080811205436    8.961693476596083492040634155273E+06
       -1.190999999999808878214935248252    8.980614278218694031238555908203E+06
       -1.189999999999808988349059291068    8.999555271854449063539505004883E+06
       -1.188999999999809098483183333883    9.018516414450507611036300659180E+06
       -1.187999999999809208617307376699    9.037497662710614502429962158203E+06
       -1.186999999999809318751431419514    9.056498973094880580902099609375E+06
       -1.185999999999809428885555462330    9.075520301819570362567901611328E+06
       -1.184999999999809539019679505145    9.094561604856893420219421386719E+06
       -1.183999999999809649153803547961    9.113622837934788316488265991211E+06
       -1.182999999999809759287927590776    9.132703956536713987588882446289E+06
       -1.181999999999809869422051633592    9.151804915901456028223037719727E+06
       -1.180999999999809979556175676407    9.170925671022910624742507934570E+06
       -1.179999999999810089690299719223    9.190066176649890840053558349609E+06
       -1.178999999999810199824423762038    9.209226387285925447940826416016E+06
       -1.177999999999810309958547804854    9.228406257189061492681503295898E+06
       -1.176999999999810420092671847669    9.247605740371670573949813842773E+06
       -1.175999999999810530226795890485    9.266824790600255131721496582031E+06
       -1.174999999999810640360919933300    9.286063361395262181758880615234E+06
       -1.173999999999810750495043976116    9.305321406030885875225067138672E+06
       -1.172999999999810860629168018932    9.324598877534896135330200195312E+06
       -1.171999999999810970763292061747    9.343895728688441216945648193359E+06
       -1.170999999999811080897416104563    9.363211912025868892669677734375E+06
       -1.169999999999811191031540147378    9.382547379834547638893127441406E+06
       -1.168999999999811301165664190194    9.401902084154695272445678710938E+06
       -1.167999999999811411299788233009    9.421275976779200136661529541016E+06
       -1.166999999999811521433912275825    9.440669009253442287445068359375E+06
       -1.165999999999811631568036318640    9.460081132875129580497741699219E+06
       -1.164999999999811741702160361456    9.479512298694130033254623413086E+06
       -1.163999999999811851836284404271    9.498962457512300461530685424805E+06
       -1.162999999999811961970408447087    9.518431559883322566747665405273E+06
       -1.161999999999812072104532489902    9.537919556112550199031829833984E+06
       -1.160999999999812182238656532718    9.557426396256837993860244750977E+06
       -1.159999999999812292372780575533    9.576952030124392360448837280273E+06
       -1.158999999999812402506904618349    9.596496407274615019559860229492E+06
       -1.157999999999812512641028661164    9.616059477017942816019058227539E+06
       -1.156999999999812622775152703980    9.635641188415709882974624633789E+06
       -1.155999999999812732909276746796    9.655241490279991179704666137695E+06
       -1.154999999999812843043400789611    9.674860331173457205295562744141E+06
       -1.153999999999812953177524832427    9.694497659409236162900924682617E+06
       -1.152999999999813063311648875242    9.714153423050764948129653930664E+06
       -1.151999999999813173445772918058    9.733827569911658763885498046875E+06
       -1.150999999999813283579896960873    9.753520047555565834045410156250E+06
       -1.149999999999813393714021003689    9.773230803296044468879699707031E+06
       -1.148999999999813503848145046504    9.792959784196417778730392456055E+06
       -1.147999999999813613982269089320    9.812706937069654464721679687500E+06
       -1.146999999999813724116393132135    9.832472208478238433599472045898E+06
       -1.145999999999813834250517174951    9.852255544734042137861251831055E+06
       -1.144999999999813944384641217766    9.872056891898203641176223754883E+06
       -1.143999999999814054518765260582    9.891876195781014859676361083984E+06
       -1.142999999999814164652889303397    9.911713401941798627376556396484E+06
       -1.141999999999814274787013346213    9.931568455688789486885070800781E+06
       -1.140999999999814384921137389028    9.951441302079025655984878540039E+06
       -1.139999999999814495055261431844    9.971331885918237268924713134766E+06
       -1.138999999999814605189385474660    9.991240151760742068290710449219E+06
       -1.137999999999814715323509517475    1.001116604390933364629745483398E+07
       -1.136999999999814825457633560291    1.003110950641518086194992065430E+07
       -1.135999999999814935591757603106    1.005107048307772725820541381836E+07
       -1.134999999999815045725881645922    1.007104891744459420442581176758E+07
       -1.133999999999815155860005688737    1.009104475281148403882980346680E+07
       -1.132999999999815265994129731553    1.011105793222209066152572631836E+07
       -1.131999999999815376128253774368    1.013108839846799895167350769043E+07
       -1.130999999999815486262377817184    1.015113609408860281109809875488E+07
       -1.129999999999815596396501859999    1.017120096137102320790290832520E+07
       -1.128999999999815706530625902815    1.019128294235001876950263977051E+07
       -1.127999999999815816664749945630    1.021138197880790382623672485352E+07
       -1.126999999999815926798873988446    1.023149801227447763085365295410E+07
       -1.125999999999816036932998031261    1.025163098402693867683410644531E+07
       -1.124999999999816147067122074077    1.027178083508981391787528991699E+07
       -1.123999999999816257201246116892    1.029194750623489171266555786133E+07
       -1.122999999999816367335370159708    1.031213093798115104436874389648E+07
       -1.121999999999816477469494202523    1.033233107059470191597938537598E+07
       -1.120999999999816587603618245339    1.035254784408871084451675415039E+07
       -1.119999999999816697737742288155    1.037278119822334870696067810059E+07
       -1.118999999999816807871866330970    1.039303107250572368502616882324E+07
       -1.117999999999816918005990373786    1.041329740618983656167984008789E+07
       -1.116999999999817028140114416601    1.043358013827651739120483398438E+07
       -1.115999999999817138274238459417    1.045387920751338079571723937988E+07
       -1.114999999999817248408362502232    1.047419455239478126168251037598E+07
       -1.113999999999817358542486545048    1.049452611116176098585128784180E+07
       -1.112999999999817468676610587863    1.051487382180200889706611633301E+07
       -1.111999999999817578810734630679    1.053523762204982340335845947266E+07
       -1.110999999999817688944858673494    1.055561744938607141375541687012E+07
       -1.109999999999817799078982716310    1.057601324103814736008644104004E+07
       -1.108999999999817909213106759125    1.059642493397995457053184509277E+07
       -1.107999999999818019347230801941    1.061685246493186801671981811523E+07
       -1.106999999999818129481354844756    1.063729577036070823669433593750E+07
       -1.105999999999818239615478887572    1.065775478647971153259277343750E+07
       -1.104999999999818349749602930387    1.067822944924851506948471069336E+07
       -1.103999999999818459883726973203    1.069871969437313452363014221191E+07
       -1.102999999999818570017851016019    1.071922545730595290660858154297E+07
       -1.101999999999818680151975058834    1.073974667324569821357727050781E+07
       -1.100999999999818790286099101650    1.076028327713743597269058227539E+07
       -1.099999999999818900420223144465    1.078083520367256179451942443848E+07
       -1.098999999999819010554347187281    1.080140238728879392147064208984E+07
       -1.097999999999819120688471230096    1.082198476217016577720642089844E+07
       -1.096999999999819230822595272912    1.084258226224702969193458557129E+07
       -1.095999999999819340956719315727    1.086319482119606435298919677734E+07
       -1.094999999999819451090843358543    1.088382237244027107954025268555E+07
       -1.093999999999819561224967401358    1.090446484914898499846458435059E+07
       -1.092999999999819671359091444174    1.092512218423788622021675109863E+07
       -1.091999999999819781493215486989    1.094579431036901101469993591309E+07
       -1.090999999999819891627339529805    1.096648115995076298713684082031E+07
       -1.089999999999820001761463572620    1.098718266513793542981147766113E+07
       -1.088999999999820111895587615436    1.100789875783173739910125732422E+07
       -1.087999999999820222029711658251    1.102862936967981234192848205566E+07
       -1.086999999999820332163835701067    1.104937443207626417279243469238E+07
       -1.085999999999820442297959743883    1.107013387616168707609176635742E+07
       -1.084999999999820552432083786698    1.109090763282319903373718261719E+07
       -1.083999999999820662566207829514    1.111169563269447535276412963867E+07
       -1.082999999999820772700331872329    1.113249780615578591823577880859E+07
       -1.081999999999820882834455915145    1.115331408333403989672660827637E+07
       -1.080999999999820992968579957960    1.117414439410281926393508911133E+07
       -1.079999999999821103102704000776    1.119498866808243095874786376953E+07
       -1.078999999999821213236828043591    1.121584683463995903730392456055E+07
       -1.077999999999821323370952086407    1.123671882288930937647819519043E+07
       -1.076999999999821433505076129222    1.125760456169127300381660461426E+07
       -1.075999999999821543639200172038    1.127850397965357080101966857910E+07
       -1.074999999999821653773324214853    1.129941700513092055916786193848E+07
       -1.073999999999821763907448257669    1.132034356622509658336639404297E+07
       -1.072999999999821874041572300484    1.134128359078500047326087951660E+07
       -1.071999999999821984175696343300    1.136223700640672817826271057129E+07
       -1.070999999999822094309820386115    1.138320374043363705277442932129E+07
       -1.069999999999822204443944428931    1.140418371995641663670539855957E+07
       -1.068999999999822314578068471747    1.142517687181317806243896484375E+07
       -1.067999999999822424712192514562    1.144618312258952111005783081055E+07
       -1.066999999999822534846316557378    1.146720239861862733960151672363E+07
       -1.065999999999822644980440600193    1.148823462598133832216262817383E+07
       -1.064999999999822755114564643009    1.150927973050624132156372070312E+07
       -1.063999999999822865248688685824    1.153033763776976987719535827637E+07
       -1.062999999999822975382812728640    1.155140827309628948569297790527E+07
       -1.061999999999823085516936771455    1.157249156155819818377494812012E+07
       -1.060999999999823195651060814271    1.159358742797602713108062744141E+07
       -1.059999999999823305785184857086    1.161469579691853746771812438965E+07
       -1.058999999999823415919308899902    1.163581659270283579826354980469E+07
       -1.057999999999823526053432942717    1.165694973939447104930877685547E+07
       -1.056999999999823636187556985533    1.167809516080755740404129028320E+07
       -1.055999999999823746321681028348    1.169925278050487861037254333496E+07
       -1.054999999999823856455805071164    1.172042252179800719022750854492E+07
       -1.053999999999823966589929113979    1.174160430774742737412452697754E+07
       -1.052999999999824076724053156795    1.176279806116265803575515747070E+07
       -1.051999999999824186858177199611    1.178400370460237190127372741699E+07
       -1.050999999999824296992301242426    1.180522116037453338503837585449E+07
       -1.049999999999824407126425285242    1.182645035053652897477149963379E+07
       -1.048999999999824517260549328057    1.184769119689529761672019958496E+07
       -1.047999999999824627394673370873    1.186894362100746855139732360840E+07
       -1.046999999999824737528797413688    1.189020754417949914932250976562E+07
       -1.045999999999824847662921456504    1.191148288746782764792442321777E+07
       -1.044999999999824957797045499319    1.193276957167901471257209777832E+07
       -1.043999999999825067931169542135    1.195406751736988499760627746582E+07
       -1.042999999999825178065293584950    1.197537664484769850969314575195E+07
       -1.041999999999825288199417627766    1.199669687417028099298477172852E+07
       -1.040999999999825398333541670581    1.201802812514620274305343627930E+07
       -1.039999999999825508467665713397    1.203937031733492761850357055664E+07
       -1.038999999999825618601789756212    1.206072337004698440432548522949E+07
       -1.037999999999825728735913799028    1.208208720234413072466850280762E+07
       -1.036999999999825838870037841843    1.210346173303952440619468688965E+07
       -1.035999999999825949004161884659    1.212484688069789484143257141113E+07
       -1.034999999999826059138285927474    1.214624256363571807742118835449E+07
       -1.033999999999826169272409970290    1.216764869992140308022499084473E+07
       -1.032999999999826279406534013106    1.218906520737546309828758239746E+07
       -1.031999999999826389540658055921    1.221049200357070937752723693848E+07
       -1.030999999999826499674782098737    1.223192900583242997527122497559E+07
       -1.029999999999826609808906141552    1.225337613123859837651252746582E+07
       -1.028999999999826719943030184368    1.227483329662004858255386352539E+07
       -1.027999999999826830077154227183    1.229630041856068000197410583496E+07
       -1.026999999999826940211278269999    1.231777741339765861630439758301E+07
       -1.025999999999827050345402312814    1.233926419722161814570426940918E+07
       -1.024999999999827160479526355630    1.236076068587686493992805480957E+07
       -1.023999999999827270613650398445    1.238226679496159404516220092773E+07
       -1.022999999999827380747774441261    1.240378243982809782028198242188E+07
       -1.021999999999827490881898484076    1.242530753558297827839851379395E+07
       -1.020999999999827601016022526892    1.244684199708737060427665710449E+07
       -1.019999999999827711150146569707    1.246838573895715549588203430176E+07
       -1.018999999999827821284270612523    1.248993867556319385766983032227E+07
       -1.017999999999827931418394655338    1.251150072103155031800270080566E+07
       -1.016999999999828041552518698154    1.253307178924371674656867980957E+07
       -1.015999999999828151686642740970    1.255465179383686184883117675781E+07
       -1.014999999999828261820766783785    1.257624064820405840873718261719E+07
       -1.013999999999828371954890826601    1.259783826549451798200607299805E+07
       -1.012999999999828482089014869416    1.261944455861384049057960510254E+07
       -1.011999999999828592223138912232    1.264105944022426381707191467285E+07
       -1.010999999999828702357262955047    1.266268282274490594863891601562E+07
       -1.009999999999828812491386997863    1.268431461835201457142829895020E+07
       -1.008999999999828922625511040678    1.270595473897923156619071960449E+07
       -1.007999999999829032759635083494    1.272760309631784260272979736328E+07
       -1.006999999999829142893759126309    1.274925960181704908609390258789E+07
       -1.005999999999829253027883169125    1.277092416668421402573585510254E+07
       -1.004999999999829363162007211940    1.279259670188515260815620422363E+07
       -1.003999999999829473296131254756    1.281427711814438179135322570801E+07
       -1.002999999999829583430255297571    1.283596532594541460275650024414E+07
       -1.001999999999829693564379340387    1.285766123553101718425750732422E+07
       -1.000999999999829803698503383202    1.287936475690350309014320373535E+07
       -0.999999999999829802810324963502    1.290107579982500523328781127930E+07
       -0.998999999999829801922146543802    1.292279427381777390837669372559E+07
       -0.997999999999829801033968124102    1.294452008816445618867874145508E+07
       -0.996999999999829800145789704402    1.296625315190838649868965148926E+07
       -0.995999999999829799257611284702    1.298799337385389581322669982910E+07
       -0.994999999999829798369432865002    1.300974066256660223007202148438E+07
       -0.993999999999829797481254445302    1.303149492637370526790618896484E+07
       -0.992999999999829796593076025601    1.305325607336429879069328308105E+07
       -0.991999999999829795704897605901    1.307502401138968393206596374512E+07
       -0.990999999999829794816719186201    1.309679864806367084383964538574E+07
       -0.989999999999829793928540766501    1.311857989076289534568786621094E+07
       -0.988999999999829793040362346801    1.314036764662713930010795593262E+07
       -0.987999999999829792152183927101    1.316216182255964726209640502930E+07
       -0.986999999999829791264005507401    1.318396232522745057940483093262E+07
       -0.985999999999829790375827087701    1.320576906106169894337654113770E+07
       -0.984999999999829789487648668000    1.322758193625798076391220092773E+07
       -0.983999999999829788599470248300    1.324940085677666962146759033203E+07
       -0.982999999999829787711291828600    1.327122572834324836730957031250E+07
       -0.981999999999829786823113408900    1.329305645644865930080413818359E+07
       -0.980999999999829785934934989200    1.331489294634963199496269226074E+07
       -0.979999999999829785046756569500    1.333673510306904464960098266602E+07
       -0.978999999999829784158578149800    1.335858283139625936746597290039E+07
       -0.977999999999829783270399730100    1.338043603588748350739479064941E+07
       -0.976999999999829782382221310399    1.340229462086612358689308166504E+07
       -0.975999999999829781494042890699    1.342415849042314291000366210938E+07
       -0.974999999999829780605864470999    1.344602754841741919517517089844E+07
       -0.973999999999829779717686051299    1.346790169847611337900161743164E+07
       -0.972999999999829778829507631599    1.348978084399503469467163085938E+07
       -0.971999999999829777941329211899    1.351166488813901320099830627441E+07
       -0.970999999999829777053150792199    1.353355373384227231144905090332E+07
       -0.969999999999829776164972372499    1.355544728380880877375602722168E+07
       -0.968999999999829775276793952798    1.357734544051277264952659606934E+07
       -0.967999999999829774388615533098    1.359924810619884729385375976562E+07
       -0.966999999999829773500437113398    1.362115518288263678550720214844E+07
       -0.965999999999829772612258693698    1.364306657235106453299522399902E+07
       -0.964999999999829771724080273998    1.366498217616275325417518615723E+07
       -0.963999999999829770835901854298    1.368690189564843475818634033203E+07
       -0.962999999999829769947723434598    1.370882563191133737564086914062E+07
       -0.961999999999829769059545014898    1.373075328582759574055671691895E+07
       -0.960999999999829768171366595197    1.375268475804664939641952514648E+07
       -0.959999999999829767283188175497    1.377461994899166375398635864258E+07
       -0.958999999999829766395009755797    1.379655875885992869734764099121E+07
       -0.957999999999829765506831336097    1.381850108762328326702117919922E+07
       -0.956999999999829764618652916397    1.384044683502853289246559143066E+07
       -0.955999999999829763730474496697    1.386239590059787034988403320312E+07
       -0.954999999999829762842296076997    1.388434818362929672002792358398E+07
       -0.953999999999829761954117657297    1.390630358319704979658126831055E+07
       -0.952999999999829761065939237596    1.392826199815204367041587829590E+07
       -0.951999999999829760177760817896    1.395022332712230086326599121094E+07
       -0.950999999999829759289582398196    1.397218746851338446140289306641E+07
       -0.949999999999829758401403978496    1.399415432050883769989013671875E+07
       -0.948999999999829757513225558796    1.401612378107063099741935729980E+07
       -0.947999999999829756625047139096    1.403809574793961271643638610840E+07
       -0.946999999999829755736868719396    1.406007011863595992326736450195E+07
       -0.945999999999829754848690299696    1.408204679045962542295455932617E+07
       -0.944999999999829753960511879995    1.410402566049079596996307373047E+07
       -0.943999999999829753072333460295    1.412600662559035792946815490723E+07
       -0.942999999999829752184155040595    1.414798958240035176277160644531E+07
       -0.941999999999829751295976620895    1.416997442734444513916969299316E+07
       -0.940999999999829750407798201195    1.419196105662839859724044799805E+07
       -0.939999999999829749519619781495    1.421394936624054238200187683105E+07
       -0.938999999999829748631441361795    1.423593925195224955677986145020E+07
       -0.937999999999829747743262942095    1.425793060931841656565666198730E+07
       -0.936999999999829746855084522394    1.427992333367794007062911987305E+07
       -0.935999999999829745966906102694    1.430191732015420868992805480957E+07
       -0.934999999999829745078727682994    1.432391246365558728575706481934E+07
       -0.933999999999829744190549263294    1.434590865887591615319252014160E+07
       -0.932999999999829743302370843594    1.436790580029499903321266174316E+07
       -0.931999999999829742414192423894    1.438990378217909857630729675293E+07
       -0.930999999999829741526014004194    1.441190249858145043253898620605E+07
       -0.929999999999829740637835584494    1.443390184334275126457214355469E+07
       -0.928999999999829739749657164793    1.445590171009167656302452087402E+07
       -0.927999999999829738861478745093    1.447790199224539101123809814453E+07
       -0.926999999999829737973300325393    1.449990258301006630063056945801E+07
       -0.925999999999829737085121905693    1.452190337538138777017593383789E+07
       -0.924999999999829736196943485993    1.454390426214508339762687683105E+07
       -0.923999999999829735308765066293    1.456590513587744161486625671387E+07
       -0.922999999999829734420586646593    1.458790588894584402441978454590E+07
       -0.921999999999829733532408226893    1.460990641350928694009780883789E+07
       -0.920999999999829732644229807192    1.463190660151892527937889099121E+07
       -0.919999999999829731756051387492    1.465390634471860155463218688965E+07
       -0.918999999999829730867872967792    1.467590553464538976550102233887E+07
       -0.917999999999829729979694548092    1.469790406263013184070587158203E+07
       -0.916999999999829729091516128392    1.471990181979799270629882812500E+07
       -0.915999999999829728203337708692    1.474189869706900417804718017578E+07
       -0.914999999999829727315159288992    1.476389458515861257910728454590E+07
       -0.913999999999829726426980869292    1.478588937457824125885963439941E+07
       -0.912999999999829725538802449591    1.480788295563584566116333007812E+07
       -0.911999999999829724650624029891    1.482987521843647956848144531250E+07
       -0.910999999999829723762445610191    1.485186605288285017013549804688E+07
       -0.909999999999829722874267190491    1.487385534867589920759201049805E+07
       -0.908999999999829721986088770791    1.489584299531536176800727844238E+07
       -0.907999999999829721097910351091    1.491782888210035115480422973633E+07
       -0.906999999999829720209731931391    1.493981289812992513179779052734E+07
       -0.905999999999829719321553511691    1.496179493230367824435234069824E+07
       -0.904999999999829718433375091990    1.498377487332231923937797546387E+07
       -0.903999999999829717545196672290    1.500575260968825966119766235352E+07
       -0.902999999999829716657018252590    1.502772802970620244741439819336E+07
       -0.901999999999829715768839832890    1.504970102148374170064926147461E+07
       -0.900999999999829714880661413190    1.507167147293194755911827087402E+07
       -0.899999999999829713992482993490    1.509363927176597714424133300781E+07
       -0.898999999999829713104304573790    1.511560430550566688179969787598E+07
       -0.897999999999829712216126154090    1.513756646147614717483520507812E+07
       -0.896999999999829711327947734389    1.515952562680844590067863464355E+07
       -0.895999999999829710439769314689    1.518148168844010680913925170898E+07
       -0.894999999999829709551590894989    1.520343453311579674482345581055E+07
       -0.893999999999829708663412475289    1.522538404738793149590492248535E+07
       -0.892999999999829707775234055589    1.524733011761729419231414794922E+07
       -0.891999999999829706887055635889    1.526927262997366115450859069824E+07
       -0.890999999999829705998877216189    1.529121147043642401695251464844E+07
       -0.889999999999829705110698796489    1.531314652479522675275802612305E+07
       -0.888999999999829704222520376788    1.533507767865059897303581237793E+07
       -0.887999999999829703334341957088    1.535700481741459295153617858887E+07
       -0.886999999999829702446163537388    1.537892782631142437458038330078E+07
       -0.885999999999829701557985117688    1.540084659037811309099197387695E+07
       -0.884999999999829700669806697988    1.542276099446513131260871887207E+07
       -0.883999999999829699781628278288    1.544467092323705554008483886719E+07
       -0.882999999999829698893449858588    1.546657626117321476340293884277E+07
       -0.881999999999829698005271438888    1.548847689256834983825683593750E+07
       -0.880999999999829697117093019187    1.551037270153327286243438720703E+07
       -0.879999999999829696228914599487    1.553226357199553027749061584473E+07
       -0.878999999999829695340736179787    1.555414938770006224513053894043E+07
       -0.877999999999829694452557760087    1.557603003220986947417259216309E+07
       -0.876999999999829693564379340387    1.559790538890669867396354675293E+07
       -0.875999999999829692676200920687    1.561977534099170565605163574219E+07
       -0.874999999999829691788022500987    1.564163977148612961173057556152E+07
       -0.873999999999829690899844081287    1.566349856323198229074478149414E+07
       -0.872999999999829690011665661586    1.568535159889272972941398620605E+07
       -0.871999999999829689123487241886    1.570719876095397397875785827637E+07
       -0.870999999999829688235308822186    1.572903993172415345907211303711E+07
       -0.869999999999829687347130402486    1.575087499333522468805313110352E+07
       -0.868999999999829686458951982786    1.577270382774336263537406921387E+07
       -0.867999999999829685570773563086    1.579452631672966107726097106934E+07
       -0.866999999999829684682595143386    1.581634234190083295106887817383E+07
       -0.865999999999829683794416723686    1.583815178468991443514823913574E+07
       -0.864999999999829682906238303985    1.585995452635697647929191589355E+07
       -0.863999999999829682018059884285    1.588175044798983260989189147949E+07
       -0.862999999999829681129881464585    1.590353943050475418567657470703E+07
       -0.861999999999829680241703044885    1.592532135464719310402870178223E+07
       -0.860999999999829679353524625185    1.594709610099248960614204406738E+07
       -0.859999999999829678465346205485    1.596886354994661360979080200195E+07
       -0.858999999999829677577167785785    1.599062358174686878919601440430E+07
       -0.857999999999829676688989366085    1.601237607646264135837554931641E+07
       -0.856999999999829675800810946384    1.603412091399612650275230407715E+07
       -0.855999999999829674912632526684    1.605585797408305853605270385742E+07
       -0.854999999999829674024454106984    1.607758713629345223307609558105E+07
       -0.853999999999829673136275687284    1.609930828003234788775444030762E+07
       -0.852999999999829672248097267584    1.612102128454055264592170715332E+07
       -0.851999999999829671359918847884    1.614272602889538928866386413574E+07
       -0.850999999999829670471740428184    1.616442239201144129037857055664E+07
       -0.849999999999829669583562008484    1.618611025264131650328636169434E+07
       -0.848999999999829668695383588783    1.620778948937639221549034118652E+07
       -0.847999999999829667807205169083    1.622945998064758628606796264648E+07
       -0.846999999999829666919026749383    1.625112160472610592842102050781E+07
       -0.845999999999829666030848329683    1.627277423972422629594802856445E+07
       -0.844999999999829665142669909983    1.629441776359605044126510620117E+07
       -0.843999999999829664254491490283    1.631605205413828417658805847168E+07
       -0.842999999999829663366313070583    1.633767698899100348353385925293E+07
       -0.841999999999829662478134650883    1.635929244563844427466392517090E+07
       -0.840999999999829661589956231182    1.638089830140976980328559875488E+07
       -0.839999999999829660701777811482    1.640249443347986415028572082520E+07
       -0.838999999999829659813599391782    1.642408071887011080980300903320E+07
       -0.837999999999829658925420972082    1.644565703444918245077133178711E+07
       -0.836999999999829658037242552382    1.646722325693383440375328063965E+07
       -0.835999999999829657149064132682    1.648877926288970187306404113770E+07
       -0.834999999999829656260885712982    1.651032492873209342360496520996E+07
       -0.833999999999829655372707293282    1.653186013072679564356803894043E+07
       -0.832999999999829654484528873581    1.655338474499086663126945495605E+07
       -0.831999999999829653596350453881    1.657489864749345555901527404785E+07
       -0.830999999999829652708172034181    1.659640171405660361051559448242E+07
       -0.829999999999829651819993614481    1.661789382035605981945991516113E+07
       -0.828999999999829650931815194781    1.663937484192209318280220031738E+07
       -0.827999999999829650043636775081    1.666084465414031594991683959961E+07
       -0.826999999999829649155458355381    1.668230313225249201059341430664E+07
       -0.825999999999829648267279935681    1.670375015135737508535385131836E+07
       -0.824999999999829647379101515980    1.672518558641152828931808471680E+07
       -0.823999999999829646490923096280    1.674660931223015114665031433105E+07
       -0.822999999999829645602744676580    1.676802120348791778087615966797E+07
       -0.821999999999829644714566256880    1.678942113471980765461921691895E+07
       -0.820999999999829643826387837180    1.681080898032194375991821289062E+07
       -0.819999999999829642938209417480    1.683218461455243453383445739746E+07
       -0.818999999999829642050030997780    1.685354791153222322463989257812E+07
       -0.817999999999829641161852578080    1.687489874524591490626335144043E+07
       -0.816999999999829640273674158379    1.689623698954264819622039794922E+07
       -0.815999999999829639385495738679    1.691756251813693717122077941895E+07
       -0.814999999999829638497317318979    1.693887520460952073335647583008E+07
       -0.813999999999829637609138899279    1.696017492240822687745094299316E+07
       -0.812999999999829636720960479579    1.698146154484882950782775878906E+07
       -0.811999999999829635832782059879    1.700273494511592015624046325684E+07
       -0.810999999999829634944603640179    1.702399499626376479864120483398E+07
       -0.809999999999829634056425220479    1.704524157121716812252998352051E+07
       -0.808999999999829633168246800778    1.706647454277236014604568481445E+07
       -0.807999999999829632280068381078    1.708769378359785303473472595215E+07
       -0.806999999999829631391889961378    1.710889916623533517122268676758E+07
       -0.805999999999829630503711541678    1.713009056310054287314414978027E+07
       -0.804999999999829629615533121978    1.715126784648413211107254028320E+07
       -0.803999999999829628727354702278    1.717243088855258002877235412598E+07
       -0.802999999999829627839176282578    1.719357956134906411170959472656E+07
       -0.801999999999829626950997862878    1.721471373679436370730400085449E+07
       -0.800999999999829626062819443177    1.723583328668773174285888671875E+07
       -0.799999999999829625174641023477    1.725693808270780369639396667480E+07
       -0.798999999999829624286462603777    1.727802799641349911689758300781E+07
       -0.797999999999829623398284184077    1.729910289924491569399833679199E+07
       -0.796999999999829622510105764377    1.732016266252424567937850952148E+07
       -0.795999999999829621621927344677    1.734120715745666250586509704590E+07
       -0.794999999999829620733748924977    1.736223625513124465942382812500E+07
       -0.793999999999829619845570505277    1.738324982652188464999198913574E+07
       -0.792999999999829618957392085576    1.740424774248819798231124877930E+07
       -0.791999999999829618069213665876    1.742522987377644702792167663574E+07
       -0.790999999999829617181035246176    1.744619609102045744657516479492E+07
       -0.789999999999829616292856826476    1.746714626474254205822944641113E+07
       -0.788999999999829615404678406776    1.748808026535442471504211425781E+07
       -0.787999999999829614516499987076    1.750899796315817162394523620605E+07
       -0.786999999999829613628321567376    1.752989922834711521863937377930E+07
       -0.785999999999829612740143147676    1.755078393100678548216819763184E+07
       -0.784999999999829611851964727975    1.757165194111585617065429687500E+07
       -0.783999999999829610963786308275    1.759250312854707613587379455566E+07
       -0.782999999999829610075607888575    1.761333736306821554899215698242E+07
       -0.781999999999829609187429468875    1.763415451434298977255821228027E+07
       -0.780999999999829608299251049175    1.765495445193202793598175048828E+07
       -0.779999999999829607411072629475    1.767573704529381170868873596191E+07
       -0.778999999999829606522894209775    1.769650216378562897443771362305E+07
       -0.777999999999829605634715790075    1.771724967666451260447502136230E+07
       -0.776999999999829604746537370374    1.773797945308822393417358398438E+07
       -0.775999999999829603858358950674    1.775869136211618408560752868652E+07
       -0.774999999999829602970180530974    1.777938527271044999361038208008E+07
       -0.773999999999829602082002111274    1.780006105373666808009147644043E+07
       -0.772999999999829601193823691574    1.782071857396505028009414672852E+07
       -0.771999999999829600305645271874    1.784135770207133516669273376465E+07
       -0.770999999999829599417466852174    1.786197830663776397705078125000E+07
       -0.769999999999829598529288432474    1.788258025615404918789863586426E+07
       -0.768999999999829597641110012773    1.790316341901835054159164428711E+07
       -0.767999999999829596752931593073    1.792372766353825107216835021973E+07
       -0.766999999999829595864753173373    1.794427285793174803256988525391E+07
       -0.765999999999829594976574753673    1.796479887032822147011756896973E+07
       -0.764999999999829594088396333973    1.798530556876943260431289672852E+07
       -0.763999999999829593200217914273    1.800579282121049985289573669434E+07
       -0.762999999999829592312039494573    1.802626049552089720964431762695E+07
       -0.761999999999829591423861074873    1.804670845948543772101402282715E+07
       -0.760999999999829590535682655172    1.806713658080527931451797485352E+07
       -0.759999999999829589647504235472    1.808754472709891572594642639160E+07
       -0.758999999999829588759325815772    1.810793276590318232774734497070E+07
       -0.757999999999829587871147396072    1.812830056467424705624580383301E+07
       -0.756999999999829586982968976372    1.814864799078862369060516357422E+07
       -0.755999999999829586094790556672    1.816897491154417768120765686035E+07
       -0.754999999999829585206612136972    1.818928119416113197803497314453E+07
       -0.753999999999829584318433717272    1.820956670578308030962944030762E+07
       -0.752999999999829583430255297571    1.822983131347799301147460937500E+07
       -0.751999999999829582542076877871    1.825007488423924520611763000488E+07
       -0.750999999999829581653898458171    1.827029728498663008213043212891E+07
       -0.749999999999829580765720038471    1.829049838256737962365150451660E+07
       -0.748999999999829579877541618771    1.831067804375718533992767333984E+07
       -0.747999999999829578989363199071    1.833083613526122644543647766113E+07
       -0.746999999999829578101184779371    1.835097252371519804000854492188E+07
       -0.745999999999829577213006359671    1.837108707568633183836936950684E+07
       -0.744999999999829576324827939970    1.839117965767443180084228515625E+07
       -0.743999999999829575436649520270    1.841125013611290976405143737793E+07
       -0.742999999999829574548471100570    1.843129837736982852220535278320E+07
       -0.741999999999829573660292680870    1.845132424774893000721931457520E+07
       -0.740999999999829572772114261170    1.847132761349067836999893188477E+07
       -0.739999999999829571883935841470    1.849130834077330306172370910645E+07
       -0.738999999999829570995757421770    1.851126629571384191513061523438E+07
       -0.737999999999829570107579002070    1.853120134436919912695884704590E+07
       -0.736999999999829569219400582369    1.855111335273717343807220458984E+07
       -0.735999999999829568331222162669    1.857100218675753101706504821777E+07
       -0.734999999999829567443043742969    1.859086771231304854154586791992E+07
       -0.733999999999829566554865323269    1.861070979523056373000144958496E+07
       -0.732999999999829565666686903569    1.863052830128204077482223510742E+07
       -0.731999999999829564778508483869    1.865032309618562832474708557129E+07
       -0.730999999999829563890330064169    1.867009404560671746730804443359E+07
       -0.729999999999829563002151644469    1.868984101515901461243629455566E+07
       -0.728999999999829562113973224768    1.870956387040559947490692138672E+07
       -0.727999999999829561225794805068    1.872926247685999795794486999512E+07
       -0.726999999999829560337616385368    1.874893669998724758625030517578E+07
       -0.725999999999829559449437965668    1.876858640520497038960456848145E+07
       -0.724999999999829558561259545968    1.878821145788444578647613525391E+07
       -0.723999999999829557673081126268    1.880781172335169836878776550293E+07
       -0.722999999999829556784902706568    1.882738706688856333494186401367E+07
       -0.721999999999829555896724286868    1.884693735373376682400703430176E+07
       -0.720999999999829555008545867167    1.886646244908401370048522949219E+07
       -0.719999999999829554120367447467    1.888596221809506788849830627441E+07
       -0.718999999999829553232189027767    1.890543652588284015655517578125E+07
       -0.717999999999829552344010608067    1.892488523752447590231895446777E+07
       -0.716999999999829551455832188367    1.894430821805945038795471191406E+07
       -0.715999999999829550567653768667    1.896370533249064907431602478027E+07
       -0.714999999999829549679475348967    1.898307644578547030687332153320E+07
       -0.713999999999829548791296929267    1.900242142287691310048103332520E+07
       -0.712999999999829547903118509566    1.902174012866467982530593872070E+07
       -0.711999999999829547014940089866    1.904103242801627889275550842285E+07
       -0.710999999999829546126761670166    1.906029818576811999082565307617E+07
       -0.709999999999829545238583250466    1.907953726672662422060966491699E+07
       -0.708999999999829544350404830766    1.909874953566931933164596557617E+07
       -0.707999999999829543462226411066    1.911793485734594985842704772949E+07
       -0.706999999999829542574047991366    1.913709309647958725690841674805E+07
       -0.705999999999829541685869571666    1.915622411776774749159812927246E+07
       -0.704999999999829540797691151965    1.917532778588348627090454101562E+07
       -0.703999999999829539909512732265    1.919440396547653153538703918457E+07
       -0.702999999999829539021334312565    1.921345252117438614368438720703E+07
       -0.701999999999829538133155892865    1.923247331758345291018486022949E+07
       -0.700999999999829537244977473165    1.925146621929015219211578369141E+07
       -0.699999999999829536356799053465    1.927043109086203947663307189941E+07
       -0.698999999999829535468620633765    1.928936779684892296791076660156E+07
       -0.697999999999829534580442214065    1.930827620178400352597236633301E+07
       -0.696999999999829533692263794364    1.932715617018499225378036499023E+07
       -0.695999999999829532804085374664    1.934600756655523553490638732910E+07
       -0.694999999999829531915906954964    1.936483025538484752178192138672E+07
       -0.693999999999829531027728535264    1.938362410115184262394905090332E+07
       -0.692999999999829530139550115564    1.940238896832327544689178466797E+07
       -0.691999999999829529251371695864    1.942112472135635837912559509277E+07
       -0.690999999999829528363193276164    1.943983122469960898160934448242E+07
       -0.689999999999829527475014856464    1.945850834279398247599601745605E+07
       -0.688999999999829526586836436763    1.947715594007401168346405029297E+07
       -0.687999999999829525698658017063    1.949577388096895441412925720215E+07
       -0.686999999999829524810479597363    1.951436202990393340587615966797E+07
       -0.685999999999829523922301177663    1.953292025130107626318931579590E+07
       -0.684999999999829523034122757963    1.955144840958066284656524658203E+07
       -0.683999999999829522145944338263    1.956994636916227266192436218262E+07
       -0.682999999999829521257765918563    1.958841399446593225002288818359E+07
       -0.681999999999829520369587498863    1.960685114991327002644538879395E+07
       -0.680999999999829519481409079162    1.962525769992866367101669311523E+07
       -0.679999999999829518593230659462    1.964363350894039496779441833496E+07
       -0.678999999999829517705052239762    1.966197844138180464506149291992E+07
       -0.677999999999829516816873820062    1.968029236169244721531867980957E+07
       -0.676999999999829515928695400362    1.969857513431925326585769653320E+07
       -0.675999999999829515040516980662    1.971682662371768429875373840332E+07
       -0.674999999999829514152338560962    1.973504669435289502143859863281E+07
       -0.673999999999829513264160141262    1.975323521070088818669319152832E+07
       -0.672999999999829512375981721561    1.977139203724968433380126953125E+07
       -0.671999999999829511487803301861    1.978951703850048407912254333496E+07
       -0.670999999999829510599624882161    1.980761007896884530782699584961E+07
       -0.669999999999829509711446462461    1.982567102318583801388740539551E+07
       -0.668999999999829508823268042761    1.984369973569920659065246582031E+07
       -0.667999999999829507935089623061    1.986169608107456192374229431152E+07
       -0.666999999999829507046911203361    1.987965992389653623104095458984E+07
       -0.665999999999829506158732783661    1.989759112876996025443077087402E+07
       -0.664999999999829505270554363960    1.991548956032104045152664184570E+07
       -0.663999999999829504382375944260    1.993335508319852128624916076660E+07
       -0.662999999999829503494197524560    1.995118756207487732172012329102E+07
       -0.661999999999829502606019104860    1.996898686164749041199684143066E+07
       -0.660999999999829501717840685160    1.998675284663981944322586059570E+07
       -0.659999999999829500829662265460    2.000448538180258497595787048340E+07
       -0.658999999999829499941483845760    2.002218433191495388746261596680E+07
       -0.657999999999829499053305426060    2.003984956178570911288261413574E+07
       -0.656999999999829498165127006359    2.005748093625445663928985595703E+07
       -0.655999999999829497276948586659    2.007507832019278779625892639160E+07
       -0.654999999999829496388770166959    2.009264157850547879934310913086E+07
       -0.653999999999829495500591747259    2.011017057613168284296989440918E+07
       -0.652999999999829494612413327559    2.012766517804609984159469604492E+07
       -0.651999999999829493724234907859    2.014512524926018342375755310059E+07
       -0.650999999999829492836056488159    2.016255065482331812381744384766E+07
       -0.649999999999829491947878068459    2.017994125982401892542839050293E+07
       -0.648999999999829491059699648758    2.019729692939113080501556396484E+07
       -0.647999999999829490171521229058    2.021461752869501337409019470215E+07
       -0.646999999999829489283342809358    2.023190292294873297214508056641E+07
       -0.645999999999829488395164389658    2.024915297740926966071128845215E+07
       -0.644999999999829487506985969958    2.026636755737870931625366210938E+07
       -0.643999999999829486618807550258    2.028354652820543572306632995605E+07
       -0.642999999999829485730629130558    2.030068975528533756732940673828E+07
       -0.641999999999829484842450710858    2.031779710406300053000450134277E+07
       -0.640999999999829483954272291157    2.033486844003292173147201538086E+07
       -0.639999999999829483066093871457    2.035190362874070182442665100098E+07
       -0.638999999999829482177915451757    2.036890253578425198793411254883E+07
       -0.637999999999829481289737032057    2.038586502681499347090721130371E+07
       -0.636999999999829480401558612357    2.040279096753907203674316406250E+07
       -0.635999999999829479513380192657    2.041968022371854260563850402832E+07
       -0.634999999999829478625201772957    2.043653266117259860038757324219E+07
       -0.633999999999829477737023353257    2.045334814577877148985862731934E+07
       -0.632999999999829476848844933556    2.047012654347413778305053710938E+07
       -0.631999999999829475960666513856    2.048686772025652602314949035645E+07
       -0.630999999999829475072488094156    2.050357154218573868274688720703E+07
       -0.629999999999829474184309674456    2.052023787538474425673484802246E+07
       -0.628999999999829473296131254756    2.053686658604089915752410888672E+07
       -0.627999999999829472407952835056    2.055345754040716215968132019043E+07
       -0.626999999999829471519774415356    2.057001060480330884456634521484E+07
       -0.625999999999829470631595995656    2.058652564561713114380836486816E+07
       -0.624999999999829469743417575955    2.060300252930567413568496704102E+07
       -0.623999999999829468855239156255    2.061944112239642813801765441895E+07
       -0.622999999999829467967060736555    2.063584129148855805397033691406E+07
       -0.621999999999829467078882316855    2.065220290325412526726722717285E+07
       -0.620999999999829466190703897155    2.066852582443929463624954223633E+07
       -0.619999999999829465302525477455    2.068480992186555638909339904785E+07
       -0.618999999999829464414347057755    2.070105506243094056844711303711E+07
       -0.617999999999829463526168638055    2.071726111311124637722969055176E+07
       -0.616999999999829462637990218354    2.073342794096125662326812744141E+07
       -0.615999999999829461749811798654    2.074955541311595216393470764160E+07
       -0.614999999999829460861633378954    2.076564339679174125194549560547E+07
       -0.613999999999829459973454959254    2.078169175928767397999763488770E+07
       -0.612999999999829459085276539554    2.079770036798667907714843750000E+07
       -0.611999999999829458197098119854    2.081366909035677090287208557129E+07
       -0.610999999999829457308919700154    2.082959779395228624343872070312E+07
       -0.609999999999829456420741280454    2.084548634641509130597114562988E+07
       -0.608999999999829455532562860753    2.086133461547581851482391357422E+07
       -0.607999999999829454644384441053    2.087714246895509585738182067871E+07
       -0.606999999999829453756206021353    2.089290977476476132869720458984E+07
       -0.605999999999829452868027601653    2.090863640090909227728843688965E+07
       -0.604999999999829451979849181953    2.092432221548602730035781860352E+07
       -0.603999999999829451091670762253    2.093996708668841049075126647949E+07
       -0.602999999999829450203492342553    2.095557088280519843101501464844E+07
       -0.601999999999829449315313922853    2.097113347222268953919410705566E+07
       -0.600999999999829448427135503152    2.098665472342576831579208374023E+07
       -0.599999999999829447538957083452    2.100213450499911233782768249512E+07
       -0.598999999999829446650778663752    2.101757268562843650579452514648E+07
       -0.597999999999829445762600244052    2.103296913410171493887901306152E+07
       -0.596999999999829444874421824352    2.104832371931041777133941650391E+07
       -0.595999999999829443986243404652    2.106363631025072559714317321777E+07
       -0.594999999999829443098064984952    2.107890677602477371692657470703E+07
       -0.593999999999829442209886565252    2.109413498584188148379325866699E+07
       -0.592999999999829441321708145551    2.110932080901976674795150756836E+07
       -0.591999999999829440433529725851    2.112446411498579755425453186035E+07
       -0.590999999999829439545351306151    2.113956477327821403741836547852E+07
       -0.589999999999829438657172886451    2.115462265354735776782035827637E+07
       -0.588999999999829437768994466751    2.116963762555690109729766845703E+07
       -0.587999999999829436880816047051    2.118460955918507650494575500488E+07
       -0.586999999999829435992637627351    2.119953832442592084407806396484E+07
       -0.585999999999829435104459207651    2.121442379139049723744392395020E+07
       -0.584999999999829434216280787950    2.122926583030813187360763549805E+07
       -0.583999999999829433328102368250    2.124406431152763590216636657715E+07
       -0.582999999999829432439923948550    2.125881910551854968070983886719E+07
       -0.581999999999829431551745528850    2.127353008287237212061882019043E+07
       -0.580999999999829430663567109150    2.128819711430378258228302001953E+07
       -0.579999999999829429775388689450    2.130282007065188512206077575684E+07
       -0.578999999999829428887210269750    2.131739882288143783807754516602E+07
       -0.577999999999829427999031850050    2.133193324208408966660499572754E+07
       -0.576999999999829427110853430349    2.134642319947959482669830322266E+07
       -0.575999999999829426222675010649    2.136086856641706451773643493652E+07
       -0.574999999999829425334496590949    2.137526921437618881464004516602E+07
       -0.573999999999829424446318171249    2.138962501496847346425056457520E+07
       -0.572999999999829423558139751549    2.140393583993846923112869262695E+07
       -0.571999999999829422669961331849    2.141820156116500869393348693848E+07
       -0.570999999999829421781782912149    2.143242205066243559122085571289E+07
       -0.569999999999829420893604492449    2.144659718058183416724205017090E+07
       -0.568999999999829420005426072748    2.146072682321226596832275390625E+07
       -0.567999999999829419117247653048    2.147481085098199173808097839355E+07
       -0.566999999999829418229069233348    2.148884913645970821380615234375E+07
       -0.565999999999829417340890813648    2.150284155235579237341880798340E+07
       -0.564999999999829416452712393948    2.151678797152350842952728271484E+07
       -0.563999999999829415564533974248    2.153068826696025952696800231934E+07
       -0.562999999999829414676355554548    2.154454231180880963802337646484E+07
       -0.561999999999829413788177134848    2.155834997935851290822029113770E+07
       -0.560999999999829412899998715147    2.157211114304654300212860107422E+07
       -0.559999999999829412011820295447    2.158582567645912244915962219238E+07
       -0.558999999999829411123641875747    2.159949345333276689052581787109E+07
       -0.557999999999829410235463456047    2.161311434755549207329750061035E+07
       -0.556999999999829409347285036347    2.162668823316805809736251831055E+07
       -0.555999999999829408459106616647    2.164021498436519876122474670410E+07
       -0.554999999999829407570928196947    2.165369447549683600664138793945E+07
       -0.553999999999829406682749777246    2.166712658106931671500205993652E+07
       -0.552999999999829405794571357546    2.168051117574664950370788574219E+07
       -0.551999999999829404906392937846    2.169384813435171172022819519043E+07
       -0.550999999999829404018214518146    2.170713733186750113964080810547E+07
       -0.549999999999829403130036098446    2.172037864343833550810813903809E+07
       -0.548999999999829402241857678746    2.173357194437109678983688354492E+07
       -0.547999999999829401353679259046    2.174671711013645306229591369629E+07
       -0.546999999999829400465500839346    2.175981401637008041143417358398E+07
       -0.545999999999829399577322419645    2.177286253887389227747917175293E+07
       -0.544999999999829398689143999945    2.178586255361725389957427978516E+07
       -0.543999999999829397800965580245    2.179881393673821166157722473145E+07
       -0.542999999999829396912787160545    2.181171656454472243785858154297E+07
       -0.541999999999829396024608740845    2.182457031351586803793907165527E+07
       -0.540999999999829395136430321145    2.183737506030307710170745849609E+07
       -0.539999999999829394248251901445    2.185013068173134699463844299316E+07
       -0.538999999999829393360073481745    2.186283705480047315359115600586E+07
       -0.537999999999829392471895062044    2.187549405668625608086585998535E+07
       -0.536999999999829391583716642344    2.188810156474172323942184448242E+07
       -0.535999999999829390695538222644    2.190065945649835094809532165527E+07
       -0.534999999999829389807359802944    2.191316760966728627681732177734E+07
       -0.533999999999829388919181383244    2.192562590214055404067039489746E+07
       -0.532999999999829388031002963544    2.193803421199228614568710327148E+07
       -0.531999999999829387142824543844    2.195039241747992858290672302246E+07
       -0.530999999999829386254646124144    2.196270039704545587301254272461E+07
       -0.529999999999829385366467704443    2.197495802931659296154975891113E+07
       -0.528999999999829384478289284743    2.198716519310802221298217773438E+07
       -0.527999999999829383590110865043    2.199932176742259785532951354980E+07
       -0.526999999999829382701932445343    2.201142763145256042480468750000E+07
       -0.525999999999829381813754025643    2.202348266458073630928993225098E+07
       -0.524999999999829380925575605943    2.203548674638176709413528442383E+07
       -0.523999999999829380037397186243    2.204743975662330910563468933105E+07
       -0.522999999999829379149218766543    2.205934157526724040508270263672E+07
       -0.521999999999829378261040346842    2.207119208247086778283119201660E+07
       -0.520999999999829377372861927142    2.208299115858814120292663574219E+07
       -0.519999999999829376484683507442    2.209473868417085334658622741699E+07
       -0.518999999999829375596505087742    2.210643453996984660625457763672E+07
       -0.517999999999829374708326668042    2.211807860693622007966041564941E+07
       -0.516999999999829373820148248342    2.212967076622252166271209716797E+07
       -0.515999999999829372931969828642    2.214121089918396249413490295410E+07
       -0.514999999999829372043791408942    2.215269888737961649894714355469E+07
       -0.513999999999829371155612989241    2.216413461257361248135566711426E+07
       -0.512999999999829370267434569541    2.217551795673634111881256103516E+07
       -0.511999999999829369379256149841    2.218684880204564705491065979004E+07
       -0.510999999999829368491077730141    2.219812703088802844285964965820E+07
       -0.509999999999829367602899310441    2.220935252585983648896217346191E+07
       -0.508999999999829366714720890741    2.222052516976846009492874145508E+07
       -0.507999999999829365826542471041    2.223164484563353285193443298340E+07
       -0.506999999999829364938364051341    2.224271143668811768293380737305E+07
       -0.505999999999829364050185631640    2.225372482637989893555641174316E+07
       -0.504999999999829363162007211940    2.226468489837236702442169189453E+07
       -0.503999999999829362273828792240    2.227559153654601797461509704590E+07
       -0.502999999999829361385650372540    2.228644462499953806400299072266E+07
       -0.501999999999829360497471952840    2.229724404805098846554756164551E+07
       -0.500999999999829359609293533140    2.230798969023898243904113769531E+07
       -0.499999999999829358721115113440    2.231868143632388487458229064941E+07
       -0.498999999999829357832936693740    2.232931917128898203372955322266E+07
       -0.497999999999829356944758274039    2.233990278034168109297752380371E+07
       -0.496999999999829356056579854339    2.235043214891466498374938964844E+07
       -0.495999999999829355168401434639    2.236090716266709193587303161621E+07
       -0.494999999999829354280223014939    2.237132770748576521873474121094E+07
       -0.493999999999829353392044595239    2.238169366948630288243293762207E+07
       -0.492999999999829352503866175539    2.239200493501432240009307861328E+07
       -0.491999999999829351615687755839    2.240226139064661785960197448730E+07
       -0.490999999999829350727509336139    2.241246292319231480360031127930E+07
       -0.489999999999829349839330916438    2.242260941969405487179756164551E+07
       -0.488999999999829348951152496738    2.243270076742916554212570190430E+07
       -0.487999999999829348062974077038    2.244273685391082242131233215332E+07
       -0.486999999999829347174795657338    2.245271756688921153545379638672E+07
       -0.485999999999829346286617237638    2.246264279435270652174949645996E+07
       -0.484999999999829345398438817938    2.247251242452901601791381835938E+07
       -0.483999999999829344510260398238    2.248232634588636830449104309082E+07
       -0.482999999999829343622081978538    2.249208444713465124368667602539E+07
       -0.481999999999829342733903558837    2.250178661722656711935997009277E+07
       -0.480999999999829341845725139137    2.251143274535880982875823974609E+07
       -0.479999999999829340957546719437    2.252102272097321227192878723145E+07
       -0.478999999999829340069368299737    2.253055643375789374113082885742E+07
       -0.477999999999829339181189880037    2.254003377364842221140861511230E+07
       -0.476999999999829338293011460337    2.254945463082895427942276000977E+07
       -0.475999999999829337404833040637    2.255881889573339745402336120605E+07
       -0.474999999999829336516654620937    2.256812645904655009508132934570E+07
       -0.473999999999829335628476201236    2.257737721170524135231971740723E+07
       -0.472999999999829334740297781536    2.258657104489947855472564697266E+07
       -0.471999999999829333852119361836    2.259570785007360205054283142090E+07
       -0.470999999999829332963940942136    2.260478751892741024494171142578E+07
       -0.469999999999829332075762522436    2.261380994341730698943138122559E+07
       -0.468999999999829331187584102736    2.262277501575743407011032104492E+07
       -0.467999999999829330299405683036    2.263168262842080369591712951660E+07
       -0.466999999999829329411227263336    2.264053267414044588804244995117E+07
       -0.465999999999829328523048843635    2.264932504591052606701850891113E+07
       -0.464999999999829327634870423935    2.265805963698748499155044555664E+07
       -0.463999999999829326746692004235    2.266673634089114889502525329590E+07
       -0.462999999999829325858513584535    2.267535505140588432550430297852E+07
       -0.461999999999829324970335164835    2.268391566258169338107109069824E+07
       -0.460999999999829324082156745135    2.269241806873536109924316406250E+07
       -0.459999999999829323193978325435    2.270086216445156559348106384277E+07
       -0.458999999999829322305799905735    2.270924784458398073911666870117E+07
       -0.457999999999829321417621486034    2.271757500425641611218452453613E+07
       -0.456999999999829320529443066334    2.272584353886392712593078613281E+07
       -0.455999999999829319641264646634    2.273405334407391771674156188965E+07
       -0.454999999999829318753086226934    2.274220431582725793123245239258E+07
       -0.453999999999829317864907807234    2.275029635033939406275749206543E+07
       -0.452999999999829316976729387534    2.275832934410145133733749389648E+07
       -0.451999999999829316088550967834    2.276630319388134405016899108887E+07
       -0.450999999999829315200372548134    2.277421779672487080097198486328E+07
       -0.449999999999829314312194128433    2.278207304995681717991828918457E+07
       -0.448999999999829313424015708733    2.278986885118205845355987548828E+07
       -0.447999999999829312535837289033    2.279760509828665480017662048340E+07
       -0.446999999999829311647658869333    2.280528168943894654512405395508E+07
       -0.445999999999829310759480449633    2.281289852309064194560050964355E+07
       -0.444999999999829309871302029933    2.282045549797790497541427612305E+07
       -0.443999999999829308983123610233    2.282795251312244310975074768066E+07
       -0.442999999999829308094945190533    2.283538946783261001110076904297E+07
       -0.441999999999829307206766770832    2.284276626170446351170539855957E+07
       -0.440999999999829306318588351132    2.285008279462286829948425292969E+07
       -0.439999999999829305430409931432    2.285733896676256135106086730957E+07
       -0.438999999999829304542231511732    2.286453467858923226594924926758E+07
       -0.437999999999829303654053092032    2.287166983086060360074043273926E+07
       -0.436999999999829302765874672332    2.287874432462749630212783813477E+07
       -0.435999999999829301877696252632    2.288575806123490259051322937012E+07
       -0.434999999999829300989517832932    2.289271094232305139303207397461E+07
       -0.433999999999829300101339413231    2.289960286982847377657890319824E+07
       -0.432999999999829299213160993531    2.290643374598506093025207519531E+07
       -0.431999999999829298324982573831    2.291320347332513704895973205566E+07
       -0.430999999999829297436804154131    2.291991195468050986528396606445E+07
       -0.429999999999829296548625734431    2.292655909318352863192558288574E+07
       -0.428999999999829295660447314731    2.293314479226813465356826782227E+07
       -0.427999999999829294772268895031    2.293966895567091181874275207520E+07
       -0.426999999999829293884090475331    2.294613148743214458227157592773E+07
       -0.425999999999829292995912055630    2.295253229189684614539146423340E+07
       -0.424999999999829292107733635930    2.295887127371582388877868652344E+07
       -0.423999999999829291219555216230    2.296514833784670010209083557129E+07
       -0.422999999999829290331376796530    2.297136338955496251583099365234E+07
       -0.421999999999829289443198376830    2.297751633441499993205070495605E+07
       -0.420999999999829288555019957130    2.298360707831113040447235107422E+07
       -0.419999999999829287666841537430    2.298963552743863686919212341309E+07
       -0.418999999999829286778663117730    2.299560158830479532480239868164E+07
       -0.417999999999829285890484698029    2.300150516772989556193351745605E+07
       -0.416999999999829285002306278329    2.300734617284826934337615966797E+07
       -0.415999999999829284114127858629    2.301312451110931113362312316895E+07
       -0.414999999999829283225949438929    2.301884009027849882841110229492E+07
       -0.413999999999829282337771019229    2.302449281843840703368186950684E+07
       -0.412999999999829281449592599529    2.303008260398970544338226318359E+07
       -0.411999999999829280561414179829    2.303560935565219447016716003418E+07
       -0.410999999999829279673235760129    2.304107298246579617261886596680E+07
       -0.409999999999829278785057340428    2.304647339379156008362770080566E+07
       -0.408999999999829277896878920728    2.305181049931267648935317993164E+07
       -0.407999999999829277008700501028    2.305708420903545990586280822754E+07
       -0.406999999999829276120522081328    2.306229443329035490751266479492E+07
       -0.405999999999829275232343661628    2.306744108273292705416679382324E+07
       -0.404999999999829274344165241928    2.307252406834485381841659545898E+07
       -0.403999999999829273455986822228    2.307754330143491551280021667480E+07
       -0.402999999999829272567808402528    2.308249869363997876644134521484E+07
       -0.401999999999829271679629982827    2.308739015692598000168800354004E+07
       -0.400999999999829270791451563127    2.309221760358890891075134277344E+07
       -0.399999999999829269903273143427    2.309698094625576958060264587402E+07
       -0.398999999999829269015094723727    2.310168009788557142019271850586E+07
       -0.397999999999829268126916304027    2.310631497177029028534889221191E+07
       -0.396999999999829267238737884327    2.311088548153585195541381835938E+07
       -0.395999999999829266350559464627    2.311539154114307835698127746582E+07
       -0.394999999999829265462381044927    2.311983306488865613937377929688E+07
       -0.393999999999829264574202625226    2.312420996740610525012016296387E+07
       -0.392999999999829263686024205526    2.312852216366672515869140625000E+07
       -0.391999999999829262797845785826    2.313276956898054853081703186035E+07
       -0.390999999999829261909667366126    2.313695209899730235338211059570E+07
       -0.389999999999829261021488946426    2.314106966970733925700187683105E+07
       -0.388999999999829260133310526726    2.314512219744259864091873168945E+07
       -0.387999999999829259245132107026    2.314910959887753799557685852051E+07
       -0.386999999999829258356953687326    2.315303179103007167577743530273E+07
       -0.385999999999829257468775267625    2.315688869126250222325325012207E+07
       -0.384999999999829256580596847925    2.316068021728246659040451049805E+07
       -0.383999999999829255692418428225    2.316440628714386001229286193848E+07
       -0.382999999999829254804240008525    2.316806681924775242805480957031E+07
       -0.381999999999829253916061588825    2.317166173234331980347633361816E+07
       -0.380999999999829253027883169125    2.317519094552876800298690795898E+07
       -0.379999999999829252139704749425    2.317865437825224176049232482910E+07
       -0.378999999999829251251526329725    2.318205195031273365020751953125E+07
       -0.377999999999829250363347910024    2.318538358186100795865058898926E+07
       -0.376999999999829249475169490324    2.318864919340050220489501953125E+07
       -0.375999999999829248586991070624    2.319184870578822866082191467285E+07
       -0.374999999999829247698812650924    2.319498204023566842079162597656E+07
       -0.373999999999829246810634231224    2.319804911830968782305717468262E+07
       -0.372999999999829245922455811524    2.320104986193342506885528564453E+07
       -0.371999999999829245034277391824    2.320398419338716939091682434082E+07
       -0.370999999999829244146098972124    2.320685203530926257371902465820E+07
       -0.369999999999829243257920552423    2.320965331069697812199592590332E+07
       -0.368999999999829242369742132723    2.321238794290740042924880981445E+07
       -0.367999999999829241481563713023    2.321505585565831139683723449707E+07
       -0.366999999999829240593385293323    2.321765697302905470132827758789E+07
       -0.365999999999829239705206873623    2.322019121946140751242637634277E+07
       -0.364999999999829238817028453923    2.322265851976045221090316772461E+07
       -0.363999999999829237928850034223    2.322505879909544810652732849121E+07
       -0.362999999999829237040671614523    2.322739198300068080425262451172E+07
       -0.361999999999829236152493194822    2.322965799737631902098655700684E+07
       -0.360999999999829235264314775122    2.323185676848927885293960571289E+07
       -0.359999999999829234376136355422    2.323398822297406569123268127441E+07
       -0.358999999999829233487957935722    2.323605228783362358808517456055E+07
       -0.357999999999829232599779516022    2.323804889044018462300300598145E+07
       -0.356999999999829231711601096322    2.323997795853611081838607788086E+07
       -0.355999999999829230823422676622    2.324183942023471370339393615723E+07
       -0.354999999999829229935244256922    2.324363320402111113071441650391E+07
       -0.353999999999829229047065837221    2.324535923875303938984870910645E+07
       -0.352999999999829228158887417521    2.324701745366168767213821411133E+07
       -0.351999999999829227270708997821    2.324860777835251763463020324707E+07
       -0.350999999999829226382530578121    2.325013014280608296394348144531E+07
       -0.349999999999829225494352158421    2.325158447737884894013404846191E+07
       -0.348999999999829224606173738721    2.325297071280400454998016357422E+07
       -0.347999999999829223717995319021    2.325428878019226714968681335449E+07
       -0.346999999999829222829816899321    2.325553861103268712759017944336E+07
       -0.345999999999829221941638479620    2.325672013719345256686210632324E+07
       -0.344999999999829221053460059920    2.325783329092268645763397216797E+07
       -0.343999999999829220165281640220    2.325887800484924390912055969238E+07
       -0.342999999999829219277103220520    2.325985421198348701000213623047E+07
       -0.341999999999829218388924800820    2.326076184571809694170951843262E+07
       -0.340999999999829217500746381120    2.326160083982883393764495849609E+07
       -0.339999999999829216612567961420    2.326237112847533449530601501465E+07
       -0.338999999999829215724389541720    2.326307264620187133550643920898E+07
       -0.337999999999829214836211122019    2.326370532793813571333885192871E+07
       -0.336999999999829213948032702319    2.326426910899999737739562988281E+07
       -0.335999999999829213059854282619    2.326476392509028688073158264160E+07
       -0.334999999999829212171675862919    2.326518971229953318834304809570E+07
       -0.333999999999829211283497443219    2.326554640710673853754997253418E+07
       -0.332999999999829210395319023519    2.326583394638011604547500610352E+07
       -0.331999999999829209507140603819    2.326605226737785711884498596191E+07
       -0.330999999999829208618962184119    2.326620130774886161088943481445E+07
       -0.329999999999829207730783764418    2.326628100553349032998085021973E+07
       -0.328999999999829206842605344718    2.326629129916429519653320312500E+07
       -0.327999999999829205954426925018    2.326623212746675685048103332520E+07
       -0.326999999999829205066248505318    2.326610342966000735759735107422E+07
       -0.325999999999829204178070085618    2.326590514535757526755332946777E+07
       -0.324999999999829203289891665918    2.326563721456808596849441528320E+07
       -0.323999999999829202401713246218    2.326529957769599929451942443848E+07
       -0.322999999999829201513534826518    2.326489217554231733083724975586E+07
       -0.321999999999829200625356406817    2.326441494930528476834297180176E+07
       -0.320999999999829199737177987117    2.326386784058111160993576049805E+07
       -0.319999999999829198848999567417    2.326325079136465862393379211426E+07
       -0.318999999999829197960821147717    2.326256374405016005039215087891E+07
       -0.317999999999829197072642728017    2.326180664143189415335655212402E+07
       -0.316999999999829196184464308317    2.326097942670489102602005004883E+07
       -0.315999999999829195296285888617    2.326008204346561059355735778809E+07
       -0.314999999999829194408107468917    2.325911443571263551712036132812E+07
       -0.313999999999829193519929049216    2.325807654784733429551124572754E+07
       -0.312999999999829192631750629516    2.325696832467454671859741210938E+07
       -0.311999999999829191743572209816    2.325578971140326187014579772949E+07
       -0.310999999999829190855393790116    2.325454065364726632833480834961E+07
       -0.309999999999829189967215370416    2.325322109742582961916923522949E+07
       -0.308999999999829189079036950716    2.325183098916433751583099365234E+07
       -0.307999999999829188190858531016    2.325037027569496259093284606934E+07
       -0.306999999999829187302680111316    2.324883890425731986761093139648E+07
       -0.305999999999829186414501691615    2.324723682249910011887550354004E+07
       -0.304999999999829185526323271915    2.324556397847671806812286376953E+07
       -0.303999999999829184638144852215    2.324382032065595313906669616699E+07
       -0.302999999999829183749966432515    2.324200579791257530450820922852E+07
       -0.301999999999829182861788012815    2.324012035953297838568687438965E+07
       -0.300999999999829181973609593115    2.323816395521481335163116455078E+07
       -0.299999999999829181085431173415    2.323613653506759926676750183105E+07
       -0.298999999999829180197252753715    2.323403804961334913969039916992E+07
       -0.297999999999829179309074334014    2.323186844978718087077140808105E+07
       -0.296999999999829178420895914314    2.322962768693792074918746948242E+07
       -0.295999999999829177532717494614    2.322731571282872185111045837402E+07
       -0.294999999999829176644539074914    2.322493247963764518499374389648E+07
       -0.293999999999829175756360655214    2.322247793995827063918113708496E+07
       -0.292999999999829174868182235514    2.321995204680029302835464477539E+07
       -0.291999999999829173980003815814    2.321735475359008833765983581543E+07
       -0.290999999999829173091825396114    2.321468601417131721973419189453E+07
       -0.289999999999829172203646976413    2.321194578280549868941307067871E+07
       -0.288999999999829171315468556713    2.320913401417258381843566894531E+07
       -0.287999999999829170427290137013    2.320625066337152197957038879395E+07
       -0.286999999999829169539111717313    2.320329568592084199190139770508E+07
       -0.285999999999829168650933297613    2.320026903775919601321220397949E+07
       -0.284999999999829167762754877913    2.319717067524592578411102294922E+07
       -0.283999999999829166874576458213    2.319400055516162142157554626465E+07
       -0.282999999999829165986398038513    2.319075863470866531133651733398E+07
       -0.281999999999829165098219618812    2.318744487151176854968070983887E+07
       -0.280999999999829164210041199112    2.318405922361852973699569702148E+07
       -0.279999999999829163321862779412    2.318060164949995651841163635254E+07
       -0.278999999999829162433684359712    2.317707210805100202560424804688E+07
       -0.277999999999829161545505940012    2.317347055859108641743659973145E+07
       -0.276999999999829160657327520312    2.316979696086463332176208496094E+07
       -0.275999999999829159769149100612    2.316605127504157647490501403809E+07
       -0.274999999999829158880970680912    2.316223346171787381172180175781E+07
       -0.273999999999829157992792261211    2.315834348191602155566215515137E+07
       -0.272999999999829157104613841511    2.315438129708556085824966430664E+07
       -0.271999999999829156216435421811    2.315034686910356953740119934082E+07
       -0.270999999999829155328257002111    2.314624016027516871690750122070E+07
       -0.269999999999829154440078582411    2.314206113333400711417198181152E+07
       -0.268999999999829153551900162711    2.313780975144275277853012084961E+07
       -0.267999999999829152663721743011    2.313348597819357737898826599121E+07
       -0.266999999999829151775543323311    2.312908977760862559080123901367E+07
       -0.265999999999829150887364903610    2.312462111414049938321113586426E+07
       -0.264999999999829149999186483910    2.312007995267271995544433593750E+07
       -0.263999999999829149111008064210    2.311546625852018967270851135254E+07
       -0.262999999999829148222829644510    2.311077999742966145277023315430E+07
       -0.261999999999829147334651224810    2.310602113558019325137138366699E+07
       -0.260999999999829146446472805110    2.310118963958358764648437500000E+07
       -0.259999999999829145558294385410    2.309628547648485377430915832520E+07
       -0.258999999999829144670115965710    2.309130861376263201236724853516E+07
       -0.257999999999829143781937546009    2.308625901932964846491813659668E+07
       -0.256999999999829142893759126309    2.308113666153313964605331420898E+07
       -0.255999999999829142005580706609    2.307594150915528461337089538574E+07
       -0.254999999999829141117402286909    2.307067353141362220048904418945E+07
       -0.253999999999829140229223867209    2.306533269796146824955940246582E+07
       -0.252999999999829139341045447509    2.305991897888834029436111450195E+07
       -0.251999999999829138452867027809    2.305443234472035989165306091309E+07
       -0.250999999999829137564688608109    2.304887276642065495252609252930E+07
       -0.249999999999829136676510188408    2.304324021538976952433586120605E+07
       -0.248999999999829135788331768708    2.303753466346605867147445678711E+07
       -0.247999999999829134900153349008    2.303175608292606845498085021973E+07
       -0.246999999999829134011974929308    2.302590444648493081331253051758E+07
       -0.245999999999829133123796509608    2.301997972729673609137535095215E+07
       -0.244999999999829132235618089908    2.301398189895492047071456909180E+07
       -0.243999999999829131347439670208    2.300791093549264594912528991699E+07
       -0.242999999999829130459261250508    2.300176681138314306735992431641E+07
       -0.241999999999829129571082830807    2.299554950154009833931922912598E+07
       -0.240999999999829128682904411107    2.298925898131799697875976562500E+07
       -0.239999999999829127794725991407    2.298289522651248797774314880371E+07
       -0.238999999999829126906547571707    2.297645821336071938276290893555E+07
       -0.237999999999829126018369152007    2.296994791854168847203254699707E+07
       -0.236999999999829125130190732307    2.296336431917658448219299316406E+07
       -0.235999999999829124242012312607    2.295670739282912388443946838379E+07
       -0.234999999999829123353833892907    2.294997711750587821006774902344E+07
       -0.233999999999829122465655473206    2.294317347165658697485923767090E+07
       -0.232999999999829121577477053506    2.293629643417450040578842163086E+07
       -0.231999999999829120689298633806    2.292934598439667001366615295410E+07
       -0.230999999999829119801120214106    2.292232210210428386926651000977E+07
       -0.229999999999829118912941794406    2.291522476752295717597007751465E+07
       -0.228999999999829118024763374706    2.290805396132303029298782348633E+07
       -0.227999999999829117136584955006    2.290080966461988165974617004395E+07
       -0.226999999999829116248406535306    2.289349185897420346736907958984E+07
       -0.225999999999829115360228115605    2.288610052639229223132133483887E+07
       -0.224999999999829114472049695905    2.287863564932633936405181884766E+07
       -0.223999999999829113583871276205    2.287109721067469939589500427246E+07
       -0.222999999999829112695692856505    2.286348519378215819597244262695E+07
       -0.221999999999829111807514436805    2.285579958244020864367485046387E+07
       -0.220999999999829110919336017105    2.284804036088731884956359863281E+07
       -0.219999999999829110031157597405    2.284020751380917057394981384277E+07
       -0.218999999999829109142979177705    2.283230102633892744779586791992E+07
       -0.217999999999829108254800758004    2.282432088405747339129447937012E+07
       -0.216999999999829107366622338304    2.281626707299366593360900878906E+07
       -0.215999999999829106478443918604    2.280813957962456718087196350098E+07
       -0.214999999999829105590265498904    2.279993839087567478418350219727E+07
       -0.213999999999829104702087079204    2.279166349412115290760993957520E+07
       -0.212999999999829103813908659504    2.278331487718406319618225097656E+07
       -0.211999999999829102925730239804    2.277489252833657339215278625488E+07
       -0.210999999999829102037551820104    2.276639643630016595125198364258E+07
       -0.209999999999829101149373400403    2.275782659024586156010627746582E+07
       -0.208999999999829100261194980703    2.274918297979442030191421508789E+07
       -0.207999999999829099373016561003    2.274046559501652792096138000488E+07
       -0.206999999999829098484838141303    2.273167442643300443887710571289E+07
       -0.205999999999829097596659721603    2.272280946501498296856880187988E+07
       -0.204999999999829096708481301903    2.271387070218409597873687744141E+07
       -0.203999999999829095820302882203    2.270485812981266155838966369629E+07
       -0.202999999999829094932124462503    2.269577174022384732961654663086E+07
       -0.201999999999829094043946042802    2.268661152619184926152229309082E+07
       -0.200999999999829093155767623102    2.267737748094204813241958618164E+07
       -0.199999999999829092267589203402    2.266806959815116599202156066895E+07
       -0.198999999999829091379410783702    2.265868787194743007421493530273E+07
       -0.197999999999829090491232364002    2.264923229691072180867195129395E+07
       -0.196999999999829089603053944302    2.263970286807271093130111694336E+07
       -0.195999999999829088714875524602    2.263009958091700449585914611816E+07
       -0.194999999999829087826697104902    2.262042243137927353382110595703E+07
       -0.193999999999829086938518685201    2.261067141584738716483116149902E+07
       -0.192999999999829086050340265501    2.260084653116153925657272338867E+07
       -0.191999999999829085162161845801    2.259094777461436763405799865723E+07
       -0.190999999999829084273983426101    2.258097514395105838775634765625E+07
       -0.189999999999829083385805006401    2.257092863736946508288383483887E+07
       -0.188999999999829082497626586701    2.256080825352021306753158569336E+07
       -0.187999999999829081609448167001    2.255061399150679633021354675293E+07
       -0.186999999999829080721269747301    2.254034585088566690683364868164E+07
       -0.185999999999829079833091327600    2.253000383166633173823356628418E+07
       -0.184999999999829078944912907900    2.251958793431143462657928466797E+07
       -0.183999999999829078056734488200    2.250909815973683074116706848145E+07
       -0.182999999999829077168556068500    2.249853450931166857481002807617E+07
       -0.181999999999829076280377648800    2.248789698485844954848289489746E+07
       -0.180999999999829075392199229100    2.247718558865310251712799072266E+07
       -0.179999999999829074504020809400    2.246640032342503592371940612793E+07
       -0.178999999999829073615842389700    2.245554119235719740390777587891E+07
       -0.177999999999829072727663969999    2.244460819908611103892326354980E+07
       -0.176999999999829071839485550299    2.243360134770193696022033691406E+07
       -0.175999999999829070951307130599    2.242252064274850115180015563965E+07
       -0.174999999999829070063128710899    2.241136608922332525253295898438E+07
       -0.173999999999829069174950291199    2.240013769257766380906105041504E+07
       -0.172999999999829068286771871499    2.238883545871652662754058837891E+07
       -0.171999999999829067398593451799    2.237745939399869367480278015137E+07
       -0.170999999999829066510415032099    2.236600950523672997951507568359E+07
       -0.169999999999829065622236612398    2.235448579969699308276176452637E+07
       -0.168999999999829064734058192698    2.234288828509964048862457275391E+07
       -0.167999999999829063845879772998    2.233121696961862221360206604004E+07
       -0.166999999999829062957701353298    2.231947186188167333602905273438E+07
       -0.165999999999829062069522933598    2.230765297097030654549598693848E+07
       -0.164999999999829061181344513898    2.229576030641979724168777465820E+07
       -0.163999999999829060293166094198    2.228379387821915373206138610840E+07
       -0.162999999999829059404987674498    2.227175369681110233068466186523E+07
       -0.161999999999829058516809254797    2.225963977309203520417213439941E+07
       -0.160999999999829057628630835097    2.224745211841199547052383422852E+07
       -0.159999999999829056740452415397    2.223519074457461759448051452637E+07
       -0.158999999999829055852273995697    2.222285566383709013462066650391E+07
       -0.157999999999829054964095575997    2.221044688891008868813514709473E+07
       -0.156999999999829054075917156297    2.219796443295773863792419433594E+07
       -0.155999999999829053187738736597    2.218540830959753319621086120605E+07
       -0.154999999999829052299560316897    2.217277853290028125047683715820E+07
       -0.153999999999829051411381897196    2.216007511739002540707588195801E+07
       -0.152999999999829050523203477496    2.214729807804396748542785644531E+07
       -0.151999999999829049635025057796    2.213444743029237166047096252441E+07
       -0.150999999999829048746846638096    2.212152319001849740743637084961E+07
       -0.149999999999829047858668218396    2.210852537355848774313926696777E+07
       -0.148999999999829046970489798696    2.209545399770128726959228515625E+07
       -0.147999999999829046082311378996    2.208230907968853041529655456543E+07
       -0.146999999999829045194132959296    2.206909063721442222595214843750E+07
       -0.145999999999829044305954539595    2.205579868842564150691032409668E+07
       -0.144999999999829043417776119895    2.204243325192121416330337524414E+07
       -0.143999999999829042529597700195    2.202899434675237908959388732910E+07
       -0.142999999999829041641419280495    2.201548199242247641086578369141E+07
       -0.141999999999829040753240860795    2.200189620888679847121238708496E+07
       -0.140999999999829039865062441095    2.198823701655246317386627197266E+07
       -0.139999999999829038976884021395    2.197450443627826496958732604980E+07
       -0.138999999999829038088705601695    2.196069848937451839447021484375E+07
       -0.137999999999829037200527181994    2.194681919760290160775184631348E+07
       -0.136999999999829036312348762294    2.193286658317630738019943237305E+07
       -0.135999999999829035424170342594    2.191884066875866428017616271973E+07
       -0.134999999999829034535991922894    2.190474147746478021144866943359E+07
       -0.133999999999829033647813503194    2.189056903286016359925270080566E+07
       -0.132999999999829032759635083494    2.187632335896082967519760131836E+07
       -0.131999999999829031871456663794    2.186200448023313656449317932129E+07
       -0.130999999999829030983278244094    2.184761242159357666969299316406E+07
       -0.129999999999829030095099824393    2.183314720840858295559883117676E+07
       -0.128999999999829029206921404693    2.181860886649433523416519165039E+07
       -0.127999999999829028318742984993    2.180399742211655154824256896973E+07
       -0.126999999999829027430564565293    2.178931290199027210474014282227E+07
       -0.125999999999829026542386145593    2.177455533327965065836906433105E+07
       -0.124999999999829025654207725893    2.175972474359772354364395141602E+07
       -0.123999999999829024766029306193    2.174482116100617870688438415527E+07
       -0.122999999999829023877850886493    2.172984461401514708995819091797E+07
       -0.121999999999829022989672466792    2.171479513158294185996055603027E+07
       -0.120999999999829022101494047092    2.169967274311582744121551513672E+07
       -0.119999999999829021213315627392    2.168447747846777364611625671387E+07
       -0.118999999999829020325137207692    2.166920936794019490480422973633E+07
       -0.117999999999829019436958787992    2.165386844228170439600944519043E+07
       -0.116999999999829018548780368292    2.163845473268783837556838989258E+07
       -0.115999999999829017660601948592    2.162296827080079540610313415527E+07
       -0.114999999999829016772423528892    2.160740908870916068553924560547E+07
       -0.113999999999829015884245109191    2.159177721894763037562370300293E+07
       -0.112999999999829014996066689491    2.157607269449672847986221313477E+07
       -0.111999999999829014107888269791    2.156029554878252372145652770996E+07
       -0.110999999999829013219709850091    2.154444581567633152008056640625E+07
       -0.109999999999829012331531430391    2.152852352949440851807594299316E+07
       -0.108999999999829011443353010691    2.151252872499766200780868530273E+07
       -0.107999999999829010555174590991    2.149646143739132955670356750488E+07
       -0.106999999999829009666996171291    2.148032170232467353343963623047E+07
       -0.105999999999829008778817751590    2.146410955589066073298454284668E+07
       -0.104999999999829007890639331890    2.144782503462563455104827880859E+07
       -0.103999999999829007002460912190    2.143146817550899460911750793457E+07
       -0.102999999999829006114282492490    2.141503901596285402774810791016E+07
       -0.101999999999829005226104072790    2.139853759385169669985771179199E+07
       -0.100999999999829004337925653090    2.138196394748204946517944335938E+07
       -0.099999999999829003449747233390    2.136531811560211703181266784668E+07
       -0.098999999999829002561568813690    2.134860013740143179893493652344E+07
       -0.097999999999829001673390393989    2.133181005251049622893333435059E+07
       -0.096999999999829000785211974289    2.131494790100042521953582763672E+07
       -0.095999999999828999897033554589    2.129801372338256612420082092285E+07
       -0.094999999999828999008855134889    2.128100756060811877250671386719E+07
       -0.093999999999828998120676715189    2.126392945406777784228324890137E+07
       -0.092999999999828997232498295489    2.124677944559133052825927734375E+07
       -0.091999999999828996344319875789    2.122955757744726166129112243652E+07
       -0.090999999999828995456141456089    2.121226389234237372875213623047E+07
       -0.089999999999828994567963036388    2.119489843342137709259986877441E+07
       -0.088999999999828993679784616688    2.117746124426649510860443115234E+07
       -0.087999999999828992791606196988    2.115995236889703944325447082520E+07
       -0.086999999999828991903427777288    2.114237185176900774240493774414E+07
       -0.085999999999828991015249357588    2.112471973777465894818305969238E+07
       -0.084999999999828990127070937888    2.110699607224208861589431762695E+07
       -0.083999999999828989238892518188    2.108920090093479678034782409668E+07
       -0.082999999999828988350714098488    2.107133427005124837160110473633E+07
       -0.081999999999828987462535678787    2.105339622622444108128547668457E+07
       -0.080999999999828986574357259087    2.103538681652145832777023315430E+07
       -0.079999999999828985686178839387    2.101730608844301477074623107910E+07
       -0.078999999999828984798000419687    2.099915408992300182580947875977E+07
       -0.077999999999828983909821999987    2.098093086932803317904472351074E+07
       -0.076999999999828983021643580287    2.096263647545697540044784545898E+07
       -0.075999999999828982133465160587    2.094427095754047110676765441895E+07
       -0.074999999999828981245286740887    2.092583436524047702550888061523E+07
       -0.073999999999828980357108321186    2.090732674864976480603218078613E+07
       -0.072999999999828979468929901486    2.088874815829145908355712890625E+07
       -0.071999999999828978580751481786    2.087009864511853083968162536621E+07
       -0.070999999999828977692573062086    2.085137826051329821348190307617E+07
       -0.069999999999828976804394642386    2.083258705628694221377372741699E+07
       -0.068999999999828975916216222686    2.081372508467898517847061157227E+07
       -0.067999999999828975028037802986    2.079479239835679903626441955566E+07
       -0.066999999999828974139859383286    2.077578905041507631540298461914E+07
       -0.065999999999828973251680963585    2.075671509437530860304832458496E+07
       -0.064999999999828972363502543885    2.073757058418526500463485717773E+07
       -0.063999999999828971475324124185    2.071835557421846315264701843262E+07
       -0.062999999999828970587145704485    2.069907011927363276481628417969E+07
       -0.061999999999828969698967284785    2.067971427457417920231819152832E+07
       -0.060999999999828968810788865085    2.066028809576763212680816650391E+07
       -0.059999999999828967922610445385    2.064079163892510160803794860840E+07
       -0.058999999999828967034432025685    2.062122496054071187973022460938E+07
       -0.057999999999828966146253605984    2.060158811753105744719505310059E+07
       -0.056999999999828965258075186284    2.058188116723463684320449829102E+07
       -0.055999999999828964369896766584    2.056210416741127148270606994629E+07
       -0.054999999999828963481718346884    2.054225717624153196811676025391E+07
       -0.053999999999828962593539927184    2.052234025232616439461708068848E+07
       -0.052999999999828961705361507484    2.050235345468550920486450195312E+07
       -0.051999999999828960817183087784    2.048229684275890514254570007324E+07
       -0.050999999999828959929004668084    2.046217047640410065650939941406E+07
       -0.049999999999828959040826248383    2.044197441589665040373802185059E+07
       -0.048999999999828958152647828683    2.042170872192931920289993286133E+07
       -0.047999999999828957264469408983    2.040137345561146363615989685059E+07
       -0.046999999999828956376290989283    2.038096867846842110157012939453E+07
       -0.045999999999828955488112569583    2.036049445244089141488075256348E+07
       -0.044999999999828954599934149883    2.033995083988431841135025024414E+07
       -0.043999999999828953711755730183    2.031933790356825664639472961426E+07
       -0.042999999999828952823577310483    2.029865570667573809623718261719E+07
       -0.041999999999828951935398890782    2.027790431280263885855674743652E+07
       -0.040999999999828951047220471082    2.025708378595703840255737304688E+07
       -0.039999999999828950159042051382    2.023619419055856391787528991699E+07
       -0.038999999999828949270863631682    2.021523559143774211406707763672E+07
       -0.037999999999828948382685211982    2.019420805383533611893653869629E+07
       -0.036999999999828947494506792282    2.017311164340169727802276611328E+07
       -0.035999999999828946606328372582    2.015194642619609460234642028809E+07
       -0.034999999999828945718149952882    2.013071246868603676557540893555E+07
       -0.033999999999828944829971533181    2.010940983774660155177116394043E+07
       -0.032999999999828943941793113481    2.008803860065975040197372436523E+07
       -0.031999999999828943053614693781    2.006659882511364296078681945801E+07
       -0.030999999999828942165436274081    2.004509057920195907354354858398E+07
       -0.029999999999828941277257854381    2.002351393142318353056907653809E+07
       -0.028999999999828940389079434681    2.000186895067992061376571655273E+07
       -0.027999999999828939500901014981    1.998015570627817884087562561035E+07
       -0.026999999999828938612722595281    1.995837426792667806148529052734E+07
       -0.025999999999828937724544175580    1.993652470573611930012702941895E+07
       -0.024999999999828936836365755880    1.991460709021847695112228393555E+07
       -0.023999999999828935948187336180    1.989262149228626862168312072754E+07
       -0.022999999999828935060008916480    1.987056798325183242559432983398E+07
       -0.021999999999828934171830496780    1.984844663482658937573432922363E+07
       -0.020999999999828933283652077080    1.982625751912030577659606933594E+07
       -0.019999999999828932395473657380    1.980400070864034816622734069824E+07
       -0.018999999999828931507295237680    1.978167627629094570875167846680E+07
       -0.017999999999828930619116817979    1.975928429537243768572807312012E+07
       -0.016999999999828929730938398279    1.973682483958050608634948730469E+07
       -0.015999999999828928842759978579    1.971429798300543054938316345215E+07
       -0.014999999999828927954581558879    1.969170380013131350278854370117E+07
       -0.013999999999828927066403139179    1.966904236583531275391578674316E+07
       -0.012999999999828926178224719479    1.964631375538685917854309082031E+07
       -0.011999999999828925290046299779    1.962351804444688931107521057129E+07
       -0.010999999999828924401867880078    1.960065530906706303358078002930E+07
       -0.009999999999828923513689460378    1.957772562568896636366844177246E+07
       -0.008999999999828922625511040678    1.955472907114331424236297607422E+07
       -0.007999999999828921737332620978    1.953166572264916077256202697754E+07
       -0.006999999999828921716515939266    1.950853565781310200691223144531E+07
       -0.005999999999828921695699257555    1.948533895462846383452415466309E+07
       -0.004999999999828921674882575843    1.946207569147448986768722534180E+07
       -0.003999999999828921654065894131    1.943874594711552187800407409668E+07
       -0.002999999999828921633249212420    1.941534980070018768310546875000E+07
       -0.001999999999828921612432530708    1.939188733176057413220405578613E+07
       -0.000999999999828921591615848996    1.936835862021140009164810180664E+07
        0.000000000000171078429200832716    1.934476374634918197989463806152E+07
        0.001000000000171078450017514427    1.932110279085138440132141113281E+07
        0.002000000000171078470834196139    1.929737583477558568120002746582E+07
        0.003000000000171078491650877851    1.927358295955863595008850097656E+07
        0.004000000000171078512467559563    1.924972424701580777764320373535E+07
        0.005000000000171078533284241274    1.922579977933992445468902587891E+07
        0.006000000000171078554100922986    1.920180963910051062703132629395E+07
        0.007000000000171078574917604698    1.917775390924292057752609252930E+07
        0.008000000000171078595734286409    1.915363267308748140931129455566E+07
        0.009000000000171079483912706110    1.912944601432860642671585083008E+07
        0.010000000000171080372091125810    1.910519401703392341732978820801E+07
        0.011000000000171081260269545510    1.908087676564338803291320800781E+07
        0.012000000000171082148447965210    1.905649434496840462088584899902E+07
        0.013000000000171083036626384910    1.903204684019092470407485961914E+07
        0.014000000000171083924804804610    1.900753433686256036162376403809E+07
        0.015000000000171084812983224310    1.898295692090368270874023437500E+07
        0.016000000000171085701161644010    1.895831467860251292586326599121E+07
        0.017000000000171086589340063711    1.893360769661421328783035278320E+07
        0.018000000000171087477518483411    1.890883606195997819304466247559E+07
        0.019000000000171088365696903111    1.888399986202611774206161499023E+07
        0.020000000000171089253875322811    1.885909918456312641501426696777E+07
        0.021000000000171090142053742511    1.883413411768477410078048706055E+07
        0.022000000000171091030232162211    1.880910474986715987324714660645E+07
        0.023000000000171091918410581911    1.878401116994778811931610107422E+07
        0.024000000000171092806589001611    1.875885346712462231516838073730E+07
        0.025000000000171093694767421312    1.873363173095514625310897827148E+07
        0.026000000000171094582945841012    1.870834605135541781783103942871E+07
        0.027000000000171095471124260712    1.868299651859911531209945678711E+07
        0.028000000000171096359302680412    1.865758322331658378243446350098E+07
        0.029000000000171097247481100112    1.863210625649387389421463012695E+07
        0.030000000000171098135659519812    1.860656570947177335619926452637E+07
        0.031000000000171099023837939512    1.858096167394484579563140869141E+07
        0.032000000000171099912016359212    1.855529424196046218276023864746E+07
        0.033000000000171100800194778913    1.852956350591780990362167358398E+07
        0.034000000000171101688373198613    1.850376955856692418456077575684E+07
        0.035000000000171102576551618313    1.847791249300769716501235961914E+07
        0.036000000000171103464730038013    1.845199240268889442086219787598E+07
        0.037000000000171104352908457713    1.842600938140714913606643676758E+07
        0.038000000000171105241086877413    1.839996352330598607659339904785E+07
        0.039000000000171106129265297113    1.837385492287480831146240234375E+07
        0.040000000000171107017443716813    1.834768367494788393378257751465E+07
        0.041000000000171107905622136514    1.832144987470335513353347778320E+07
        0.042000000000171108793800556214    1.829515361766220256686210632324E+07
        0.043000000000171109681978975914    1.826879499968724697828292846680E+07
        0.044000000000171110570157395614    1.824237411698212102055549621582E+07
        0.045000000000171111458335815314    1.821589106609024107456207275391E+07
        0.046000000000171112346514235014    1.818934594389377906918525695801E+07
        0.047000000000171113234692654714    1.816273884761263430118560791016E+07
        0.048000000000171114122871074414    1.813606987480339035391807556152E+07
        0.049000000000171115011049494115    1.810933912335827201604843139648E+07
        0.050000000000171115899227913815    1.808254669150410220026969909668E+07
        0.051000000000171116787406333515    1.805569267780125141143798828125E+07
        0.052000000000171117675584753215    1.802877718114257976412773132324E+07
        0.053000000000171118563763172915    1.800180030075239390134811401367E+07
        0.054000000000171119451941592615    1.797476213618538156151771545410E+07
        0.055000000000171120340120012315    1.794766278732553124427795410156E+07
        0.056000000000171121228298432015    1.792050235438508167862892150879E+07
        0.057000000000171122116476851716    1.789328093790344148874282836914E+07
        0.058000000000171123004655271416    1.786599863874610140919685363770E+07
        0.059000000000171123892833691116    1.783865555810357630252838134766E+07
        0.060000000000171124781012110816    1.781125179749030992388725280762E+07
        0.061000000000171125669190530516    1.778378745874357968568801879883E+07
        0.062000000000171126557368950216    1.775626264402240887284278869629E+07
        0.063000000000171127445547369916    1.772867745580647140741348266602E+07
        0.064000000000171128333725789616    1.770103199689499661326408386230E+07
        0.065000000000171129221904209317    1.767332637040565907955169677734E+07
        0.066000000000171130110082629017    1.764556067977347597479820251465E+07
        0.067000000000171130998261048717    1.761773502874969691038131713867E+07
        0.068000000000171131886439468417    1.758984952140068635344505310059E+07
        0.069000000000171132774617888117    1.756190426210680603981018066406E+07
        0.070000000000171133662796307817    1.753389935556128993630409240723E+07
        0.071000000000171134550974727517    1.750583490676911920309066772461E+07
        0.072000000000171135439153147217    1.747771102104589715600013732910E+07
        0.073000000000171136327331566918    1.744952780401671677827835083008E+07
        0.074000000000171137215509986618    1.742128536161501333117485046387E+07
        0.075000000000171138103688406318    1.739298380008143931627273559570E+07
        0.076000000000171138991866826018    1.736462322596270218491554260254E+07
        0.077000000000171139880045245718    1.733620374611043184995651245117E+07
        0.078000000000171140768223665418    1.730772546768001839518547058105E+07
        0.079000000000171141656402085118    1.727918849812946468591690063477E+07
        0.080000000000171142544580504818    1.725059294521822407841682434082E+07
        0.081000000000171143432758924519    1.722193891700604557991027832031E+07
        0.082000000000171144320937344219    1.719322652185179665684700012207E+07
        0.083000000000171145209115763919    1.716445586841230094432830810547E+07
        0.084000000000171146097294183619    1.713562706564116105437278747559E+07
        0.085000000000171146985472603319    1.710674022278758883476257324219E+07
        0.086000000000171147873651023019    1.707779544939522072672843933105E+07
        0.087000000000171148761829442719    1.704879285530093312263488769531E+07
        0.088000000000171149650007862419    1.701973255063365772366523742676E+07
        0.089000000000171150538186282120    1.699061464581319689750671386719E+07
        0.090000000000171151426364701820    1.696143925154902413487434387207E+07
        0.091000000000171152314543121520    1.693220647883908450603485107422E+07
        0.092000000000171153202721541220    1.690291643896859511733055114746E+07
        0.093000000000171154090899960920    1.687356924350884556770324707031E+07
        0.094000000000171154979078380620    1.684416500431599095463752746582E+07
        0.095000000000171155867256800320    1.681470383352983742952346801758E+07
        0.096000000000171156755435220020    1.678518584357263520359992980957E+07
        0.097000000000171157643613639721    1.675561114714784175157546997070E+07
        0.098000000000171158531792059421    1.672597985723892599344253540039E+07
        0.099000000000171159419970479121    1.669629208710813522338867187500E+07
        0.100000000000171160308148898821    1.666654795029525831341743469238E+07
        0.101000000000171161196327318521    1.663674756061640381813049316406E+07
        0.102000000000171162084505738221    1.660689103216276690363883972168E+07
        0.103000000000171162972684157921    1.657697847929939255118370056152E+07
        0.104000000000171163860862577621    1.654701001666392758488655090332E+07
        0.105000000000171164749040997322    1.651698575916538387537002563477E+07
        0.106000000000171165637219417022    1.648690582198289781808853149414E+07
        0.107000000000171166525397836722    1.645677032056446000933647155762E+07
        0.108000000000171167413576256422    1.642657937062568217515945434570E+07
        0.109000000000171168301754676122    1.639633308814853429794311523438E+07
        0.110000000000171169189933095822    1.636603158938007801771163940430E+07
        0.111000000000171170078111515522    1.633567499083121493458747863770E+07
        0.112000000000171170966289935222    1.630526340927541255950927734375E+07
        0.113000000000171171854468354923    1.627479696174743771553039550781E+07
        0.114000000000171172742646774623    1.624427576554208621382713317871E+07
        0.115000000000171173630825194323    1.621369993821290507912635803223E+07
        0.116000000000171174519003614023    1.618306959757091850042343139648E+07
        0.117000000000171175407182033723    1.615238486168334633111953735352E+07
        0.118000000000171176295360453423    1.612164584887231513857841491699E+07
        0.119000000000171177183538873123    1.609085267771356925368309020996E+07
        0.120000000000171178071717292823    1.606000546703518927097320556641E+07
        0.121000000000171178959895712524    1.602910433591629192233085632324E+07
        0.122000000000171179848074132224    1.599814940368573740124702453613E+07
        0.123000000000171180736252551924    1.596714078992082923650741577148E+07
        0.124000000000171181624430971624    1.593607861444600671529769897461E+07
        0.125000000000171168634821583510    1.590496299733155220746994018555E+07
        0.126000000000171169523000003210    1.587379405889226868748664855957E+07
        0.127000000000171170411178422910    1.584257191968617588281631469727E+07
        0.128000000000171171299356842610    1.581129670051319897174835205078E+07
        0.129000000000171172187535262310    1.577996852241384610533714294434E+07
        0.130000000000171173075713682010    1.574858750666789337992668151855E+07
        0.131000000000171173963892101710    1.571715377479305863380432128906E+07
        0.132000000000171174852070521410    1.568566744854367896914482116699E+07
        0.133000000000171175740248941111    1.565412864990938082337379455566E+07
        0.134000000000171176628427360811    1.562253750111375376582145690918E+07
        0.135000000000171177516605780511    1.559089412461300939321517944336E+07
        0.136000000000171178404784200211    1.555919864309464767575263977051E+07
        0.137000000000171179292962619911    1.552745117947611957788467407227E+07
        0.138000000000171180181141039611    1.549565185690348222851753234863E+07
        0.139000000000171181069319459311    1.546380079875006154179573059082E+07
        0.140000000000171181957497879011    1.543189812861509621143341064453E+07
        0.141000000000171182845676298712    1.539994397032239288091659545898E+07
        0.142000000000171183733854718412    1.536793844791896641254425048828E+07
        0.143000000000171184622033138112    1.533588168567369505763053894043E+07
        0.144000000000171185510211557812    1.530377380807595327496528625488E+07
        0.145000000000171186398389977512    1.527161493983426317572593688965E+07
        0.146000000000171187286568397212    1.523940520587491616606712341309E+07
        0.147000000000171188174746816912    1.520714473134061321616172790527E+07
        0.148000000000171189062925236613    1.517483364158910140395164489746E+07
        0.149000000000171189951103656313    1.514247206219179555773735046387E+07
        0.150000000000171190839282076013    1.511006011893241107463836669922E+07
        0.151000000000171191727460495713    1.507759793780558183789253234863E+07
        0.152000000000171192615638915413    1.504508564501548931002616882324E+07
        0.153000000000171193503817335113    1.501252336697447299957275390625E+07
        0.154000000000171194391995754813    1.497991123030165210366249084473E+07
        0.155000000000171195280174174513    1.494724936182153597474098205566E+07
        0.156000000000171196168352594214    1.491453788856264203786849975586E+07
        0.157000000000171197056531013914    1.488177693775609880685806274414E+07
        0.158000000000171197944709433614    1.484896663683425262570381164551E+07
        0.159000000000171198832887853314    1.481610711342927813529968261719E+07
        0.160000000000171199721066273014    1.478319849537177383899688720703E+07
        0.161000000000171200609244692714    1.475024091068936139345169067383E+07
        0.162000000000171201497423112414    1.471723448760528489947319030762E+07
        0.163000000000171202385601532114    1.468417935453701019287109375000E+07
        0.164000000000171203273779951815    1.465107564009481295943260192871E+07
        0.165000000000171204161958371515    1.461792347308036684989929199219E+07
        0.166000000000171205050136791215    1.458472298248533159494400024414E+07
        0.167000000000171205938315210915    1.455147429748994484543800354004E+07
        0.168000000000171206826493630615    1.451817754746159911155700683594E+07
        0.169000000000171207714672050315    1.448483286195342615246772766113E+07
        0.170000000000171208602850470015    1.445144037070287764072418212891E+07
        0.171000000000171209491028889715    1.441800020363029465079307556152E+07
        0.172000000000171210379207309416    1.438451249083748832345008850098E+07
        0.173000000000171211267385729116    1.435097736260630935430526733398E+07
        0.174000000000171212155564148816    1.431739494939722120761871337891E+07
        0.175000000000171213043742568516    1.428376538184786587953567504883E+07
        0.176000000000171213931920988216    1.425008879077163338661193847656E+07
        0.177000000000171214820099407916    1.421636530715622007846832275391E+07
        0.178000000000171215708277827616    1.418259506216219067573547363281E+07
        0.179000000000171216596456247316    1.414877818712154403328895568848E+07
        0.180000000000171217484634667017    1.411491481353626400232315063477E+07
        0.181000000000171218372813086717    1.408100507307687774300575256348E+07
        0.182000000000171219260991506417    1.404704909758101031184196472168E+07
        0.183000000000171220149169926117    1.401304701905193552374839782715E+07
        0.184000000000171221037348345817    1.397899896965712308883666992188E+07
        0.185000000000171221925526765517    1.394490508172678947448730468750E+07
        0.186000000000171222813705185217    1.391076548775244131684303283691E+07
        0.187000000000171223701883604917    1.387658032038541883230209350586E+07
        0.188000000000171224590062024618    1.384234971243544295430183410645E+07
        0.189000000000171225478240444318    1.380807379686914384365081787109E+07
        0.190000000000171226366418864018    1.377375270680861175060272216797E+07
        0.191000000000171227254597283718    1.373938657552992179989814758301E+07
        0.192000000000171228142775703418    1.370497553646167740225791931152E+07
        0.193000000000171229030954123118    1.367051972318353503942489624023E+07
        0.194000000000171229919132542818    1.363601926942474022507667541504E+07
        0.195000000000171230807310962518    1.360147430906265228986740112305E+07
        0.196000000000171231695489382219    1.356688497612127289175987243652E+07
        0.197000000000171232583667801919    1.353225140476977080106735229492E+07
        0.198000000000171233471846221619    1.349757372932100668549537658691E+07
        0.199000000000171234360024641319    1.346285208423005044460296630859E+07
        0.200000000000171235248203061019    1.342808660409270599484443664551E+07
        0.201000000000171236136381480719    1.339327742364402860403060913086E+07
        0.202000000000171237024559900419    1.335842467775684222579002380371E+07
        0.203000000000171237912738320119    1.332352850144024565815925598145E+07
        0.204000000000171238800916739820    1.328858902983813732862472534180E+07
        0.205000000000171239689095159520    1.325360639822771772742271423340E+07
        0.206000000000171240577273579220    1.321858074201800674200057983398E+07
        0.207000000000171241465451998920    1.318351219674834609031677246094E+07
        0.208000000000171242353630418620    1.314840089808690920472145080566E+07
        0.209000000000171243241808838320    1.311324698182920366525650024414E+07
        0.210000000000171244129987258020    1.307805058389657363295555114746E+07
        0.211000000000171245018165677720    1.304281184033470973372459411621E+07
        0.212000000000171245906344097421    1.300753088731214031577110290527E+07
        0.213000000000171246794522517121    1.297220786111873388290405273438E+07
        0.214000000000171247682700936821    1.293684289816419780254364013672E+07
        0.215000000000171248570879356521    1.290143613497657328844070434570E+07
        0.216000000000171249459057776221    1.286598770820073038339614868164E+07
        0.217000000000171250347236195921    1.283049775459685549139976501465E+07
        0.218000000000171251235414615621    1.279496641103895381093025207520E+07
        0.219000000000171252123593035321    1.275939381451332941651344299316E+07
        0.220000000000171253011771455022    1.272378010211707651615142822266E+07
        0.221000000000171253899949874722    1.268812541105657070875167846680E+07
        0.222000000000171254788128294422    1.265242987864595279097557067871E+07
        0.223000000000171255676306714122    1.261669364230560883879661560059E+07
        0.224000000000171256564485133822    1.258091683956066519021987915039E+07
        0.225000000000171257452663553522    1.254509960803945735096931457520E+07
        0.226000000000171258340841973222    1.250924208547201752662658691406E+07
        0.227000000000171259229020392922    1.247334440968855470418930053711E+07
        0.228000000000171260117198812623    1.243740671861793100833892822266E+07
        0.229000000000171261005377232323    1.240142915028613805770874023438E+07
        0.230000000000171261893555652023    1.236541184281477704644203186035E+07
        0.231000000000171262781734071723    1.232935493441952764987945556641E+07
        0.232000000000171263669912491423    1.229325856340862065553665161133E+07
        0.233000000000171264558090911123    1.225712286818131804466247558594E+07
        0.234000000000171265446269330823    1.222094798722637817263603210449E+07
        0.235000000000171266334447750523    1.218473405912052467465400695801E+07
        0.236000000000171267222626170224    1.214848122252691537141799926758E+07
        0.237000000000171268110804589924    1.211218961619361862540245056152E+07
        0.238000000000171268998983009624    1.207585937895206734538078308105E+07
        0.239000000000171269887161429324    1.203949064971553161740303039551E+07
        0.240000000000171270775339849024    1.200308356747758388519287109375E+07
        0.241000000000171271663518268724    1.196663827131055667996406555176E+07
        0.242000000000171272551696688424    1.193015490036400780081748962402E+07
        0.243000000000171273439875108124    1.189363359386318549513816833496E+07
        0.244000000000171274328053527825    1.185707449110748618841171264648E+07
        0.245000000000171275216231947525    1.182047773146890848875045776367E+07
        0.246000000000171276104410367225    1.178384345439052209258079528809E+07
        0.247000000000171276992588786925    1.174717179938491806387901306152E+07
        0.248000000000171277880767206625    1.171046290603266656398773193359E+07
        0.249000000000171278768945626325    1.167371691398077085614204406738E+07
        0.250000000000171251901548430396    1.163693396294112503528594970703E+07
        0.251000000000171252789726850096    1.160011419268896803259849548340E+07
        0.252000000000171253677905269797    1.156325774306133762001991271973E+07
        0.253000000000171254566083689497    1.152636475395551696419715881348E+07
        0.254000000000171255454262109197    1.148943536532748863101005554199E+07
        0.255000000000171256342440528897    1.145246971719039231538772583008E+07
        0.256000000000171257230618948597    1.141546794961296394467353820801E+07
        0.257000000000171258118797368297    1.137843020271798968315124511719E+07
        0.258000000000171259006975787997    1.134135661668075248599052429199E+07
        0.259000000000171259895154207697    1.130424733172748610377311706543E+07
        0.260000000000171260783332627398    1.126710248813381418585777282715E+07
        0.261000000000171261671511047098    1.122992222622319683432579040527E+07
        0.262000000000171262559689466798    1.119270668636538088321685791016E+07
        0.263000000000171263447867886498    1.115545600897483900189399719238E+07
        0.264000000000171264336046306198    1.111817033450921624898910522461E+07
        0.265000000000171265224224725898    1.108084980346777662634849548340E+07
        0.266000000000171266112403145598    1.104349455638984218239784240723E+07
        0.267000000000171267000581565298    1.100610473385323584079742431641E+07
        0.268000000000171267888759984999    1.096868047647272422909736633301E+07
        0.269000000000171268776938404699    1.093122192489845678210258483887E+07
        0.270000000000171269665116824399    1.089372921981440484523773193359E+07
        0.271000000000171270553295244099    1.085620250193680822849273681641E+07
        0.272000000000171271441473663799    1.081864191201260685920715332031E+07
        0.273000000000171272329652083499    1.078104759081788361072540283203E+07
        0.274000000000171273217830503199    1.074341967915630340576171875000E+07
        0.275000000000171274106008922899    1.070575831785755231976509094238E+07
        0.276000000000171274994187342600    1.066806364777576923370361328125E+07
        0.277000000000171275882365762300    1.063033580978798866271972656250E+07
        0.278000000000171276770544182000    1.059257494479257240891456604004E+07
        0.279000000000171277658722601700    1.055478119370764866471290588379E+07
        0.280000000000171278546901021400    1.051695469746955111622810363770E+07
        0.281000000000171279435079441100    1.047909559703124687075614929199E+07
        0.282000000000171280323257860800    1.044120403336077556014060974121E+07
        0.283000000000171281211436280500    1.040328014743968471884727478027E+07
        0.284000000000171282099614700201    1.036532408026146516203880310059E+07
        0.285000000000171282987793119901    1.032733597282998263835906982422E+07
        0.286000000000171283875971539601    1.028931596615790948271751403809E+07
        0.287000000000171284764149959301    1.025126420126516371965408325195E+07
        0.288000000000171285652328379001    1.021318081917733699083328247070E+07
        0.289000000000171286540506798701    1.017506596092413365840911865234E+07
        0.290000000000171287428685218401    1.013691976753779873251914978027E+07
        0.291000000000171288316863638101    1.009874238005154952406883239746E+07
        0.292000000000171289205042057802    1.006053393949801102280616760254E+07
        0.293000000000171290093220477502    1.002229458690764755010604858398E+07
        0.294000000000171290981398897202    9.984024463307194411754608154297E+06
        0.295000000000171291869577316902    9.945723709718089550733566284180E+06
        0.296000000000171292757755736602    9.907392467154908925294876098633E+06
        0.297000000000171293645934156302    9.869030876623790711164474487305E+06
        0.298000000000171294534112576002    9.830639079120870679616928100586E+06
        0.299000000000171295422290995702    9.792217215630713850259780883789E+06
        0.300000000000171296310469415403    9.753765427124746143817901611328E+06
        0.301000000000171297198647835103    9.715283854559686034917831420898E+06
        0.302000000000171298086826254803    9.676772638875976204872131347656E+06
        0.303000000000171298975004674503    9.638231920996207743883132934570E+06
        0.304000000000171299863183094203    9.599661841823562979698181152344E+06
        0.305000000000171300751361513903    9.561062542240235954523086547852E+06
        0.306000000000171301639539933603    9.522434163105875253677368164062E+06
        0.307000000000171302527718353303    9.483776845256004482507705688477E+06
        0.308000000000171303415896773004    9.445090729500457644462585449219E+06
        0.309000000000171304304075192704    9.406375956621810793876647949219E+06
        0.310000000000171305192253612404    9.367632667373813688755035400391E+06
        0.311000000000171306080432032104    9.328861002479821443557739257812E+06
        0.312000000000171306968610451804    9.290061102631226181983947753906E+06
        0.313000000000171307856788871504    9.251233108485888689756393432617E+06
        0.314000000000171308744967291204    9.212377160666570067405700683594E+06
        0.315000000000171309633145710905    9.173493399759367108345031738281E+06
        0.316000000000171310521324130605    9.134581966312136501073837280273E+06
        0.317000000000171311409502550305    9.095643000832937657833099365234E+06
        0.318000000000171312297680970005    9.056676643788460642099380493164E+06
        0.319000000000171313185859389705    9.017683035602457821369171142578E+06
        0.320000000000171314074037809405    8.978662316654175519943237304688E+06
        0.321000000000171314962216229105    8.939614627276796847581863403320E+06
        0.322000000000171315850394648805    8.900540107755862176418304443359E+06
        0.323000000000171316738573068506    8.861438898327715694904327392578E+06
        0.324000000000171317626751488206    8.822311139177933335304260253906E+06
        0.325000000000171318514929907906    8.783156970439754426479339599609E+06
        0.326000000000171319403108327606    8.743976532192524522542953491211E+06
        0.327000000000171320291286747306    8.704769964460127055644989013672E+06
        0.328000000000171321179465167006    8.665537407209418714046478271484E+06
        0.329000000000171322067643586706    8.626279000348664820194244384766E+06
        0.330000000000171322955822006406    8.586994883725978434085845947266E+06
        0.331000000000171323844000426107    8.547685197127755731344223022461E+06
        0.332000000000171324732178845807    8.508350080277111381292343139648E+06
        0.333000000000171325620357265507    8.468989672832321375608444213867E+06
        0.334000000000171326508535685207    8.429604114385258406400680541992E+06
        0.335000000000171327396714104907    8.390193544459827244281768798828E+06
        0.336000000000171328284892524607    8.350758102510411292314529418945E+06
        0.337000000000171329173070944307    8.311297927920304238796234130859E+06
        0.338000000000171330061249364007    8.271813160000156611204147338867E+06
        0.339000000000171330949427783708    8.232303937986414879560470581055E+06
        0.340000000000171331837606203408    8.192770401039762422442436218262E+06
        0.341000000000171332725784623108    8.153212688243560492992401123047E+06
        0.342000000000171333613963042808    8.113630938602291047573089599609E+06
        0.343000000000171334502141462508    8.074025291039999574422836303711E+06
        0.344000000000171335390319882208    8.034395884398741647601127624512E+06
        0.345000000000171336278498301908    7.994742857437022030353546142578E+06
        0.346000000000171337166676721608    7.955066348828244954347610473633E+06
        0.347000000000171338054855141309    7.915366497159156948328018188477E+06
        0.348000000000171338943033561009    7.875643440928291529417037963867E+06
        0.349000000000171339831211980709    7.835897318544419482350349426270E+06
        0.350000000000171340719390400409    7.796128268324993550777435302734E+06
        0.351000000000171341607568820109    7.756336428494598716497421264648E+06
        0.352000000000171342495747239809    7.716521937183400616049766540527E+06
        0.353000000000171343383925659509    7.676684932425593957304954528809E+06
        0.354000000000171344272104079209    7.636825552157854661345481872559E+06
        0.355000000000171345160282498910    7.596943934217790141701698303223E+06
        0.356000000000171346048460918610    7.557040216342391446232795715332E+06
        0.357000000000171346936639338310    7.517114536166489124298095703125E+06
        0.358000000000171347824817758010    7.477167031221199780702590942383E+06
        0.359000000000171348712996177710    7.437197838932387530803680419922E+06
        0.360000000000171349601174597410    7.397207096619118005037307739258E+06
        0.361000000000171350489353017110    7.357194941492110490798950195312E+06
        0.362000000000171351377531436810    7.317161510652197524905204772949E+06
        0.363000000000171352265709856511    7.277106941088784486055374145508E+06
        0.364000000000171353153888276211    7.237031369678305462002754211426E+06
        0.365000000000171354042066695911    7.196934933182684704661369323730E+06
        0.366000000000171354930245115611    7.156817768247796222567558288574E+06
        0.367000000000171355818423535311    7.116680011401925235986709594727E+06
        0.368000000000171356706601955011    7.076521799054231494665145874023E+06
        0.369000000000171357594780374711    7.036343267493210732936859130859E+06
        0.370000000000171358482958794411    6.996144552885161712765693664551E+06
        0.371000000000171359371137214112    6.955925791272649541497230529785E+06
        0.372000000000171360259315633812    6.915687118572972714900970458984E+06
        0.373000000000171361147494053512    6.875428670576632022857666015625E+06
        0.374000000000171362035672473212    6.835150582945795729756355285645E+06
        0.375000000000171362923850892912    6.794852991212770342826843261719E+06
        0.376000000000171363812029312612    6.754536030778473243117332458496E+06
        0.377000000000171364700207732312    6.714199836910901591181755065918E+06
        0.378000000000171365588386152012    6.673844544743604958057403564453E+06
        0.379000000000171366476564571713    6.633470289274159818887710571289E+06
        0.380000000000171367364742991413    6.593077205362645909190177917480E+06
        0.381000000000171368252921411113    6.552665427730118855834007263184E+06
        0.382000000000171369141099830813    6.512235090957090258598327636719E+06
        0.383000000000171370029278250513    6.471786329482004046440124511719E+06
        0.384000000000171370917456670213    6.431319277599716559052467346191E+06
        0.385000000000171371805635089913    6.390834069459976628422737121582E+06
        0.386000000000171372693813509613    6.350330839065907523036003112793E+06
        0.387000000000171373581991929314    6.309809720272488892078399658203E+06
        0.388000000000171374470170349014    6.269270846785044297575950622559E+06
        0.389000000000171375358348768714    6.228714352157723158597946166992E+06
        0.390000000000171376246527188414    6.188140369791986420750617980957E+06
        0.391000000000171377134705608114    6.147549032935097813606262207031E+06
        0.392000000000171378022884027814    6.106940474678611382842063903809E+06
        0.393000000000171378911062447514    6.066314827956860885024070739746E+06
        0.394000000000171379799240867214    6.025672225545452907681465148926E+06
        0.395000000000171380687419286915    5.985012800059758126735687255859E+06
        0.396000000000171381575597706615    5.944336683953408151865005493164E+06
        0.397000000000171382463776126315    5.903644009516788646578788757324E+06
        0.398000000000171383351954546015    5.862934908875534310936927795410E+06
        0.399000000000171384240132965715    5.822209513989033177495002746582E+06
        0.400000000000171385128311385415    5.781467956648921594023704528809E+06
        0.401000000000171386016489805115    5.740710368477586656808853149414E+06
        0.402000000000171386904668224815    5.699936880926666781306266784668E+06
        0.403000000000171387792846644516    5.659147625275555998086929321289E+06
        0.404000000000171388681025064216    5.618342732629911974072456359863E+06
        0.405000000000171389569203483916    5.577522333920160308480262756348E+06
        0.406000000000171390457381903616    5.536686559900002554059028625488E+06
        0.407000000000171391345560323316    5.495835541144924238324165344238E+06
        0.408000000000171392233738743016    5.454969408050706610083580017090E+06
        0.409000000000171393121917162716    5.414088290831942111253738403320E+06
        0.410000000000171394010095582416    5.373192319520542398095130920410E+06
        0.411000000000171394898274002117    5.332281623964259400963783264160E+06
        0.412000000000171395786452421817    5.291356333825197070837020874023E+06
        0.413000000000171396674630841517    5.250416578578332439064979553223E+06
        0.414000000000171397562809261217    5.209462487510034814476966857910E+06
        0.415000000000171398450987680917    5.168494189716586843132972717285E+06
        0.416000000000171399339166100617    5.127511814102709293365478515625E+06
        0.417000000000171400227344520317    5.086515489380082115530967712402E+06
        0.418000000000171401115522940017    5.045505344065872952342033386230E+06
        0.419000000000171402003701359718    5.004481506481263786554336547852E+06
        0.420000000000171402891879779418    4.963444104749979451298713684082E+06
        0.421000000000171403780058199118    4.922393266796819865703582763672E+06
        0.422000000000171404668236618818    4.881329120346190407872200012207E+06
        0.423000000000171405556415038518    4.840251792920637875795364379883E+06
        0.424000000000171406444593458218    4.799161411839386448264122009277E+06
        0.425000000000171407332771877918    4.758058104216871783137321472168E+06
        0.426000000000171408220950297618    4.716941996961282566189765930176E+06
        0.427000000000171409109128717319    4.675813216773102059960365295410E+06
        0.428000000000171409997307137019    4.634671890143645927309989929199E+06
        0.429000000000171410885485556719    4.593518143353611230850219726562E+06
        0.430000000000171411773663976419    4.552352102471617981791496276855E+06
        0.431000000000171412661842396119    4.511173893352758139371871948242E+06
        0.432000000000171413550020815819    4.469983641637144610285758972168E+06
        0.433000000000171414438199235519    4.428781472748463973402976989746E+06
        0.434000000000171415326377655219    4.387567511892525479197502136230E+06
        0.435000000000171416214556074920    4.346341884055815637111663818359E+06
        0.436000000000171417102734494620    4.305104714004056528210639953613E+06
        0.437000000000171417990912914320    4.263856126280762255191802978516E+06
        0.438000000000171418879091334020    4.222596245205799117684364318848E+06
        0.439000000000171419767269753720    4.181325194873945787549018859863E+06
        0.440000000000171420655448173420    4.140043099153457209467887878418E+06
        0.441000000000171421543626593120    4.098750081684629432857036590576E+06
        0.442000000000171422431805012820    4.057446265878366306424140930176E+06
        0.443000000000171423319983432521    4.016131774914748035371303558350E+06
        0.444000000000171424208161852221    3.974806731741600669920444488525E+06
        0.445000000000171425096340271921    3.933471259073070250451564788818E+06
        0.446000000000171425984518691621    3.892125479388195089995861053467E+06
        0.447000000000171426872697111321    3.850769514929482713341712951660E+06
        0.448000000000171427760875531021    3.809403487701485864818096160889E+06
        0.449000000000171428649053950721    3.768027519469385035336017608643E+06
        0.450000000000171429537232370421    3.726641731757568195462226867676E+06
        0.451000000000171430425410790122    3.685246245848215185105800628662E+06
        0.452000000000171431313589209822    3.643841182779882103204727172852E+06
        0.453000000000171432201767629522    3.602426663346090354025363922119E+06
        0.454000000000171433089946049222    3.561002808093912899494171142578E+06
        0.455000000000171433978124468922    3.519569737322567962110042572021E+06
        0.456000000000171434866302888622    3.478127571082011796534061431885E+06
        0.457000000000171435754481308322    3.436676429171533323824405670166E+06
        0.458000000000171436642659728022    3.395216431138350628316402435303E+06
        0.459000000000171437530838147723    3.353747696276210248470306396484E+06
        0.460000000000171438419016567423    3.312270343623990193009376525879E+06
        0.461000000000171439307194987123    3.270784491964299231767654418945E+06
        0.462000000000171440195373406823    3.229290259822083637118339538574E+06
        0.463000000000171441083551826523    3.187787765463235788047313690186E+06
        0.464000000000171441971730246223    3.146277126893199980258941650391E+06
        0.465000000000171442859908665923    3.104758461855585686862468719482E+06
        0.466000000000171443748087085623    3.063231887830779887735843658447E+06
        0.467000000000171444636265505324    3.021697522034561261534690856934E+06
        0.468000000000171445524443925024    2.980155481416719965636730194092E+06
        0.469000000000171446412622344724    2.938605882659673690795898437500E+06
        0.470000000000171447300800764424    2.897048842177090235054492950439E+06
        0.471000000000171448188979184124    2.855484476112511008977890014648E+06
        0.472000000000171449077157603824    2.813912900337975472211837768555E+06
        0.473000000000171449965336023524    2.772334230452649295330047607422E+06
        0.474000000000171450853514443224    2.730748581781453453004360198975E+06
        0.475000000000171451741692862925    2.689156069373697973787784576416E+06
        0.476000000000171452629871282625    2.647556808001711964607238769531E+06
        0.477000000000171453518049702325    2.605950912159481085836887359619E+06
        0.478000000000171454406228122025    2.564338496061286889016628265381E+06
        0.479000000000171455294406541725    2.522719673640345223248004913330E+06
        0.480000000000171456182584961425    2.481094558547449298202991485596E+06
        0.481000000000171457070763381125    2.439463264149613678455352783203E+06
        0.482000000000171457958941800825    2.397825903528721071779727935791E+06
        0.483000000000171458847120220526    2.356182589480170980095863342285E+06
        0.484000000000171459735298640226    2.314533434511530213057994842529E+06
        0.485000000000171460623477059926    2.272878550841185264289379119873E+06
        0.486000000000171461511655479626    2.231218050396999344229698181152E+06
        0.487000000000171462399833899326    2.189552044814968481659889221191E+06
        0.488000000000171463288012319026    2.147880645437881350517272949219E+06
        0.489000000000171464176190738726    2.106203963313980959355831146240E+06
        0.490000000000171465064369158426    2.064522109195628203451633453369E+06
        0.491000000000171465952547578127    2.022835193537968676537275314331E+06
        0.492000000000171466840725997827    1.981143326497601345181465148926E+06
        0.493000000000171467728904417527    1.939446617931248154491186141968E+06
        0.494000000000171468617082837227    1.897745177394427824765443801880E+06
        0.495000000000171469505261256927    1.856039114140130113810300827026E+06
        0.496000000000171470393439676627    1.814328537117493338882923126221E+06
        0.497000000000171471281618096327    1.772613554970484226942062377930E+06
        0.498000000000171472169796516027    1.730894276036579627543687820435E+06
        0.499000000000171473057974935728    1.689170808345450554043054580688E+06
        0.500000000000171418435002124170    1.647443259617648553103208541870E+06
        0.501000000000171419323180543870    1.605711737263293936848640441895E+06
        0.502000000000171420211358963570    1.563976348380767274647951126099E+06
        0.503000000000171421099537383270    1.522237199755402281880378723145E+06
        0.504000000000171421987715802970    1.480494397858181037008762359619E+06
        0.505000000000171422875894222670    1.438748048844431992620229721069E+06
        0.506000000000171423764072642371    1.396998258552529849112033843994E+06
        0.507000000000171424652251062071    1.355245132502597756683826446533E+06
        0.508000000000171425540429481771    1.313488775895212776958942413330E+06
        0.509000000000171426428607901471    1.271729293610111344605684280396E+06
        0.510000000000171427316786321171    1.229966790204899851232767105103E+06
        0.511000000000171428204964740871    1.188201369913765694946050643921E+06
        0.512000000000171429093143160571    1.146433136646191589534282684326E+06
        0.513000000000171429981321580271    1.104662193985671270638704299927E+06
        0.514000000000171430869499999972    1.062888645188428461551666259766E+06
        0.515000000000171431757678419672    1.021112593182137235999107360840E+06
        0.516000000000171432645856839372    9.793341405646461062133312225342E+05
        0.517000000000171433534035259072    9.375533896027032751590013504028E+05
        0.518000000000171434422213678772    8.957704422306844498962163925171E+05
        0.519000000000171435310392098472    8.539854000493234489113092422485E+05
        0.520000000000171436198570518172    8.121983643244446720927953720093E+05
        0.521000000000171437086748937872    7.704094359856983646750450134277E+05
        0.522000000000171437974927357573    7.286187156252977438271045684814E+05
        0.523000000000171438863105777273    6.868263034967591520398855209351E+05
        0.524000000000171439751284196973    6.450322995136443059891462326050E+05
        0.525000000000171440639462616673    6.032368032483044080436229705811E+05
        0.526000000000171441527641036373    5.614399139306277502328157424927E+05
        0.527000000000171442415819456073    5.196417304467884823679924011230E+05
        0.528000000000171443303997875773    4.778423513379987562075257301331E+05
        0.529000000000171444192176295473    4.360418747992626158520579338074E+05
        0.530000000000171445080354715174    3.942403986781326821073889732361E+05
        0.531000000000171445968533134874    3.524380204734690487384796142578E+05
        0.532000000000171446856711554574    3.106348373342007398605346679688E+05
        0.533000000000171447744889974274    2.688309460580892628058791160583E+05
        0.534000000000171448633068393974    2.270264430904950713738799095154E+05
        0.535000000000171449521246813674    1.852214245231459499336779117584E+05
        0.536000000000171450409425233374    1.434159860929081914946436882019E+05
        0.537000000000171451297603653074    1.016102231805599294602870941162E+05
        0.538000000000171452185782072775    5.980423080956703051924705505371E+04
        0.539000000000171453073960492475    1.799810364486143225803971290588E+04
        0.540000000000171453962138912175   -2.380806400837812543613836169243E+04
        0.541000000000171454850317331875   -6.561417820594296790659427642822E+04
        0.542000000000171455738495751575   -1.074201453658088285010308027267E+05
        0.543000000000171456626674171275   -1.492258722693478921428322792053E+05
        0.544000000000171457514852590975   -1.910312660625382268335670232773E+05
        0.545000000000171458403031010675   -2.328362342571708722971379756927E+05
        0.546000000000171459291209430376   -2.746406847320545930415391921997E+05
        0.547000000000171460179387850076   -3.164445257342178956605494022369E+05
        0.548000000000171461067566269776   -3.582476658801087178289890289307E+05
        0.549000000000171461955744689476   -4.000500141567919054068624973297E+05
        0.550000000000171462843923109176   -4.418514799231438664719462394714E+05
        0.551000000000171463732101528876   -4.836519729110450134612619876862E+05
        0.552000000000171464620279948576   -5.254514032265696441754698753357E+05
        0.553000000000171465508458368276   -5.672496813511736690998077392578E+05
        0.554000000000171466396636787977   -6.090467181428790790960192680359E+05
        0.555000000000171467284815207677   -6.508424248374567832797765731812E+05
        0.556000000000171468172993627377   -6.926367130496067693457007408142E+05
        0.557000000000171469061172047077   -7.344294947741352953016757965088E+05
        0.558000000000171469949350466777   -7.762206823871304513886570930481E+05
        0.559000000000171470837528886477   -8.180101886471349280327558517456E+05
        0.560000000000171471725707306177   -8.597979266963155241683125495911E+05
        0.561000000000171472613885725877   -9.015838100616317242383956909180E+05
        0.562000000000171473502064145578   -9.433677526560003170743584632874E+05
        0.563000000000171474390242565278   -9.851496687794586177915334701538E+05
        0.564000000000171475278420984978   -1.026929473120324430055916309357E+06
        0.565000000000171476166599404678   -1.068707080756354378536343574524E+06
        0.566000000000171477054777824378   -1.110482407155898865312337875366E+06
        0.567000000000171477942956244078   -1.152255368179054697975516319275E+06
        0.568000000000171478831134663778   -1.194025880078816320747137069702E+06
        0.569000000000171479719313083478   -1.235793859502223553135991096497E+06
        0.570000000000171480607491503179   -1.277559223491506651043891906738E+06
        0.571000000000171481495669922879   -1.319321889485229505226016044617E+06
        0.572000000000171482383848342579   -1.361081775319430511444807052612E+06
        0.573000000000171483272026762279   -1.402838799228759715333580970764E+06
        0.574000000000171484160205181979   -1.444592879847615491598844528198E+06
        0.575000000000171485048383601679   -1.486343936211277497932314872742E+06
        0.576000000000171485936562021379   -1.528091887757036369293928146362E+06
        0.577000000000171486824740441079   -1.569836654325322946533560752869E+06
        0.578000000000171487712918860780   -1.611578156160833779722452163696E+06
        0.579000000000171488601097280480   -1.653316313913653837516903877258E+06
        0.580000000000171489489275700180   -1.695051048640377353876829147339E+06
        0.581000000000171490377454119880   -1.736782281805226812139153480530E+06
        0.582000000000171491265632539580   -1.778509935281168203800916671753E+06
        0.583000000000171492153810959280   -1.820233931351024424657225608826E+06
        0.584000000000171493041989378980   -1.861954192708585876971483230591E+06
        0.585000000000171493930167798680   -1.903670642459719674661755561829E+06
        0.586000000000171494818346218381   -1.945383204123474191874265670776E+06
        0.587000000000171495706524638081   -1.987091801633184542879462242126E+06
        0.588000000000171496594703057781   -2.028796359337572008371353149414E+06
        0.589000000000171497482881477481   -2.070496802001842996105551719666E+06
        0.590000000000171498371059897181   -2.112193054808785207569599151611E+06
        0.591000000000171499259238316881   -2.153885043359861709177494049072E+06
        0.592000000000171500147416736581   -2.195572693676301278173923492432E+06
        0.593000000000171501035595156281   -2.237255932200187817215919494629E+06
        0.594000000000171501923773575982   -2.278934685795546509325504302979E+06
        0.595000000000171502811951995682   -2.320608881749426946043968200684E+06
        0.596000000000171503700130415382   -2.362278447772985324263572692871E+06
        0.597000000000171504588308835082   -2.403943312002562917768955230713E+06
        0.598000000000171505476487254782   -2.445603403000762686133384704590E+06
        0.599000000000171506364665674482   -2.487258649757524020969867706299E+06
        0.600000000000171507252844094182   -2.528908981691192835569381713867E+06
        0.601000000000171508141022513882   -2.570554328649592585861682891846E+06
        0.602000000000171509029200933583   -2.612194620911088772118091583252E+06
        0.603000000000171509917379353283   -2.653829789185656234622001647949E+06
        0.604000000000171510805557772983   -2.695459764615937136113643646240E+06
        0.605000000000171511693736192683   -2.737084478778303600847721099854E+06
        0.606000000000171512581914612383   -2.778703863683912903070449829102E+06
        0.607000000000171513470093032083   -2.820317851779763586819171905518E+06
        0.608000000000171514358271451783   -2.861926375949745997786521911621E+06
        0.609000000000171515246449871483   -2.903529369515693746507167816162E+06
        0.610000000000171516134628291184   -2.945126766238428652286529541016E+06
        0.611000000000171517022806710884   -2.986718500318808481097221374512E+06
        0.612000000000171517910985130584   -3.028304506398767232894897460938E+06
        0.613000000000171518799163550284   -3.069884719562356360256671905518E+06
        0.614000000000171519687341969984   -3.111459075336782261729240417480E+06
        0.615000000000171520575520389684   -3.153027509693441912531852722168E+06
        0.616000000000171521463698809384   -3.194589959048955701291561126709E+06
        0.617000000000171522351877229084   -3.236146360266196541488170623779E+06
        0.618000000000171523240055648785   -3.277696650655320845544338226318E+06
        0.619000000000171524128234068485   -3.319240767974792048335075378418E+06
        0.620000000000171525016412488185   -3.360778650432405062019824981689E+06
        0.621000000000171525904590907885   -3.402310236686307005584239959717E+06
        0.622000000000171526792769327585   -3.443835465846015140414237976074E+06
        0.623000000000171527680947747285   -3.485354277473433874547481536865E+06
        0.624000000000171528569126166985   -3.526866611583868972957134246826E+06
        0.625000000000171529457304586685   -3.568372408647039905190467834473E+06
        0.626000000000171530345483006386   -3.609871609588086605072021484375E+06
        0.627000000000171531233661426086   -3.651364155788579024374485015869E+06
        0.628000000000171532121839845786   -3.692849989087520167231559753418E+06
        0.629000000000171533010018265486   -3.734329051782349124550819396973E+06
        0.630000000000171533898196685186   -3.775801286629939451813697814941E+06
        0.631000000000171534786375104886   -3.817266636847599409520626068115E+06
        0.632000000000171535674553524586   -3.858725046114064753055572509766E+06
        0.633000000000171536562731944286   -3.900176458570492453873157501221E+06
        0.634000000000171537450910363987   -3.941620818821451626718044281006E+06
        0.635000000000171538339088783687   -3.983058071935912594199180603027E+06
        0.636000000000171539227267203387   -4.024488163448231294751167297363E+06
        0.637000000000171540115445623087   -4.065911039359134621918201446533E+06
        0.638000000000171541003624042787   -4.107326646136700175702571868896E+06
        0.639000000000171541891802462487   -4.148734930717336945235729217529E+06
        0.640000000000171542779980882187   -4.190135840506760403513908386230E+06
        0.641000000000171543668159301887   -4.231529323380970396101474761963E+06
        0.642000000000171544556337721588   -4.272915327687220647931098937988E+06
        0.643000000000171545444516141288   -4.314293802244988270103931427002E+06
        0.644000000000171546332694560988   -4.355664696346944198012351989746E+06
        0.645000000000171547220872980688   -4.397027959759918041527271270752E+06
        0.646000000000171548109051400388   -4.438383542725861072540283203125E+06
        0.647000000000171548997229820088   -4.479731395962809212505817413330E+06
        0.648000000000171549885408239788   -4.521071470665836706757545471191E+06
        0.649000000000171550773586659489   -4.562403718508017249405384063721E+06
        0.650000000000171551661765079189   -4.603728091641379520297050476074E+06
        0.651000000000171552549943498889   -4.645044542697857134044170379639E+06
        0.652000000000171553438121918589   -4.686353024790238589048385620117E+06
        0.653000000000171554326300338289   -4.727653491513115353882312774658E+06
        0.654000000000171555214478757989   -4.768945896943828091025352478027E+06
        0.655000000000171556102657177689   -4.810230195643411017954349517822E+06
        0.656000000000171556990835597389   -4.851506342657532542943954467773E+06
        0.657000000000171557879014017090   -4.892774293517432175576686859131E+06
        0.658000000000171558767192436790   -4.934034004240861162543296813965E+06
        0.659000000000171559655370856490   -4.975285431333017535507678985596E+06
        0.660000000000171560543549276190   -5.016528531787475571036338806152E+06
        0.661000000000171561431727695890   -5.057763263087118975818157196045E+06
        0.662000000000171562319906115590   -5.098989583205068483948707580566E+06
        0.663000000000171563208084535290   -5.140207450605609454214572906494E+06
        0.664000000000171564096262954990   -5.181416824245115742087364196777E+06
        0.665000000000171564984441374691   -5.222617663572971709072589874268E+06
        0.666000000000171565872619794391   -5.263809928532490506768226623535E+06
        0.667000000000171566760798214091   -5.304993579561834223568439483643E+06
        0.668000000000171567648976633791   -5.346168577594930306077003479004E+06
        0.669000000000171568537155053491   -5.387334884062384255230426788330E+06
        0.670000000000171569425333473191   -5.428492460892392322421073913574E+06
        0.671000000000171570313511892891   -5.469641270511650480329990386963E+06
        0.672000000000171571201690312591   -5.510781275846261531114578247070E+06
        0.673000000000171572089868732292   -5.551912440322644077241420745850E+06
        0.674000000000171572978047151992   -5.593034727868434041738510131836E+06
        0.675000000000171573866225571692   -5.634148102913386188447475433350E+06
        0.676000000000171574754403991392   -5.675252530390271916985511779785E+06
        0.677000000000171575642582411092   -5.716347975735780782997608184814E+06
        0.678000000000171576530760830792   -5.757434404891416430473327636719E+06
        0.679000000000171577418939250492   -5.798511784304386936128139495850E+06
        0.680000000000171578307117670192   -5.839580080928498879075050354004E+06
        0.681000000000171579195296089893   -5.880639262225045822560787200928E+06
        0.682000000000171580083474509593   -5.921689296163696795701980590820E+06
        0.683000000000171580971652929293   -5.962730151223384775221347808838E+06
        0.684000000000171581859831348993   -6.003761796393185853958129882812E+06
        0.685000000000171582748009768693   -6.044784201173205859959125518799E+06
        0.686000000000171583636188188393   -6.085797335575457662343978881836E+06
        0.687000000000171584524366608093   -6.126801170124742202460765838623E+06
        0.688000000000171585412545027793   -6.167795675859522074460983276367E+06
        0.689000000000171586300723447494   -6.208780824332796968519687652588E+06
        0.690000000000171587188901867194   -6.249756587612977251410484313965E+06
        0.691000000000171588077080286894   -6.290722938284755684435367584229E+06
        0.692000000000171588965258706594   -6.331679849449973553419113159180E+06
        0.693000000000171589853437126294   -6.372627294728490523993968963623E+06
        0.694000000000171590741615545994   -6.413565248259047046303749084473E+06
        0.695000000000171591629793965694   -6.454493684700132347643375396729E+06
        0.696000000000171592517972385394   -6.495412579230841249227523803711E+06
        0.697000000000171593406150805095   -6.536321907551738433539867401123E+06
        0.698000000000171594294329224795   -6.577221645885713398456573486328E+06
        0.699000000000171595182507644495   -6.618111770978839136660099029541E+06
        0.700000000000171596070686064195   -6.658992260101227089762687683105E+06
        0.701000000000171596958864483895   -6.699863091047876514494419097900E+06
        0.702000000000171597847042903595   -6.740724242139529436826705932617E+06
        0.703000000000171598735221323295   -6.781575692223520018160343170166E+06
        0.704000000000171599623399742995   -6.822417420674620196223258972168E+06
        0.705000000000171600511578162696   -6.863249407395885325968265533447E+06
        0.706000000000171601399756582396   -6.904071632819499820470809936523E+06
        0.707000000000171602287935002096   -6.944884077907622791826725006104E+06
        0.708000000000171603176113421796   -6.985686724153224378824234008789E+06
        0.709000000000171604064291841496   -7.026479553580929525196552276611E+06
        0.710000000000171604952470261196   -7.067262548747852444648742675781E+06
        0.711000000000171605840648680896   -7.108035692744432948529720306396E+06
        0.712000000000171606728827100596   -7.148798969195272773504257202148E+06
        0.713000000000171607617005520297   -7.189552362259966321289539337158E+06
        0.714000000000171608505183939997   -7.230295856633933261036872863770E+06
        0.715000000000171609393362359697   -7.271029437549251131713390350342E+06
        0.716000000000171610281540779397   -7.311753090775478631258010864258E+06
        0.717000000000171611169719199097   -7.352466802620486356317996978760E+06
        0.718000000000171612057897618797   -7.393170559931280091404914855957E+06
        0.719000000000171612946076038497   -7.433864350094824098050594329834E+06
        0.720000000000171613834254458197   -7.474548161038864403963088989258E+06
        0.721000000000171614722432877898   -7.515221981232748366892337799072E+06
        0.722000000000171615610611297598   -7.555885799688246101140975952148E+06
        0.723000000000171616498789717298   -7.596539605960364453494548797607E+06
        0.724000000000171617386968136998   -7.637183390148166567087173461914E+06
        0.725000000000171618275146556698   -7.677817142895585857331752777100E+06
        0.726000000000171619163324976398   -7.718440855392239987850189208984E+06
        0.727000000000171620051503396098   -7.759054519374239258468151092529E+06
        0.728000000000171620939681815798   -7.799658127125002443790435791016E+06
        0.729000000000171621827860235499   -7.840251671476061455905437469482E+06
        0.730000000000171622716038655199   -7.880835145807873457670211791992E+06
        0.731000000000171623604217074899   -7.921408544050625525414943695068E+06
        0.732000000000171624492395494599   -7.961971860685037449002265930176E+06
        0.733000000000171625380573914299   -8.002525090743170119822025299072E+06
        0.734000000000171626268752333999   -8.043068229809222742915153503418E+06
        0.735000000000171627156930753699   -8.083601274020341224968433380127E+06
        0.736000000000171628045109173399   -8.124124220067411661148071289062E+06
        0.737000000000171628933287593100   -8.164637065195861272513866424561E+06
        0.738000000000171629821466012800   -8.205139807206455618143081665039E+06
        0.739000000000171630709644432500   -8.245632444456093944609165191650E+06
        0.740000000000171631597822852200   -8.286114975858608260750770568848E+06
        0.741000000000171632486001271900   -8.326587400885553099215030670166E+06
        0.742000000000171633374179691600   -8.367049719566999003291130065918E+06
        0.743000000000171634262358111300   -8.407501932492326945066452026367E+06
        0.744000000000171635150536531000   -8.447944040811011567711830139160E+06
        0.745000000000171636038714950701   -8.488376046233419328927993774414E+06
        0.746000000000171636926893370401   -8.528797951031589880585670471191E+06
        0.747000000000171637815071790101   -8.569209758040022104978561401367E+06
        0.748000000000171638703250209801   -8.609611470656467601656913757324E+06
        0.749000000000171639591428629501   -8.650003092842709273099899291992E+06
        0.750000000000171640479607049201   -8.690384629125343635678291320801E+06
        0.751000000000171641367785468901   -8.730756084596570581197738647461E+06
        0.752000000000171642255963888601   -8.771117464914968237280845642090E+06
        0.753000000000171643144142308302   -8.811468776306275278329849243164E+06
        0.754000000000171644032320728002   -8.851810025564173236489295959473E+06
        0.755000000000171644920499147702   -8.892141220051061362028121948242E+06
        0.756000000000171645808677567402   -8.932462367698838934302330017090E+06
        0.757000000000171646696855987102   -8.972773477009676396846771240234E+06
        0.758000000000171647585034406802   -9.013074557056797668337821960449E+06
        0.759000000000171648473212826502   -9.053365617485247552394866943359E+06
        0.760000000000171649361391246202   -9.093646668512670323252677917480E+06
        0.761000000000171650249569665903   -9.133917720930080860853195190430E+06
        0.762000000000171651137748085603   -9.174178786102639511227607727051E+06
        0.763000000000171652025926505303   -9.214429875970423221588134765625E+06
        0.764000000000171652914104925003   -9.254671003049192950129508972168E+06
        0.765000000000171653802283344703   -9.294902180431168526411056518555E+06
        0.766000000000171654690461764403   -9.335123421785792335867881774902E+06
        0.767000000000171655578640184103   -9.375334741360500454902648925781E+06
        0.768000000000171656466818603803   -9.415536153981486335396766662598E+06
        0.769000000000171657354997023504   -9.455727675054471939802169799805E+06
        0.770000000000171658243175443204   -9.495909320565475150942802429199E+06
        0.771000000000171659131353862904   -9.536081107081569731235504150391E+06
        0.772000000000171660019532282604   -9.576243051751652732491493225098E+06
        0.773000000000171660907710702304   -9.616395172307208180427551269531E+06
        0.774000000000171661795889122004   -9.656537487063070759177207946777E+06
        0.775000000000171662684067541704   -9.696670014918189495801925659180E+06
        0.776000000000171663572245961404   -9.736792775356387719511985778809E+06
        0.777000000000171664460424381105   -9.776905788447126746177673339844E+06
        0.778000000000171665348602800805   -9.817009074846265837550163269043E+06
        0.779000000000171666236781220505   -9.857102655796822160482406616211E+06
        0.780000000000171667124959640205   -9.897186553129730746150016784668E+06
        0.781000000000171668013138059905   -9.937260789264600723981857299805E+06
        0.782000000000171668901316479605   -9.977325387210482731461524963379E+06
        0.783000000000171669789494899305   -1.001738037056662142276763916016E+07
        0.784000000000171670677673319005   -1.005742576352321170270442962646E+07
        0.785000000000171671565851738706   -1.009746159086215868592262268066E+07
        0.786000000000171672454030158406   -1.013748787795783393085002899170E+07
        0.787000000000171673342208578106   -1.017750465077783539891242980957E+07
        0.788000000000171674230386997806   -1.021751193588373996317386627197E+07
        0.789000000000171675118565417506   -1.025750976043186336755752563477E+07
        0.790000000000171676006743837206   -1.029749815217401273548603057861E+07
        0.791000000000171676894922256906   -1.033747713945823907852172851562E+07
        0.792000000000171677783100676606   -1.037744675122960098087787628174E+07
        0.793000000000171678671279096307   -1.041740701703090965747833251953E+07
        0.794000000000171679559457516007   -1.045735796700348891317844390869E+07
        0.795000000000171680447635935707   -1.049729963188793137669563293457E+07
        0.796000000000171681335814355407   -1.053723204302484728395938873291E+07
        0.797000000000171682223992775107   -1.057715523235562071204185485840E+07
        0.798000000000171683112171194807   -1.061706923242316208779811859131E+07
        0.799000000000171684000349614507   -1.065697407637266442179679870605E+07
        0.800000000000171684888528034207   -1.069686979795235581696033477783E+07
        0.801000000000171685776706453908   -1.073675643151425570249557495117E+07
        0.802000000000171686664884873608   -1.077663401201491989195346832275E+07
        0.803000000000171687553063293308   -1.081650257501620054244995117188E+07
        0.804000000000171688441241713008   -1.085636215668599866330623626709E+07
        0.805000000000171689329420132708   -1.089621279379901662468910217285E+07
        0.806000000000171690217598552408   -1.093605452373751066625118255615E+07
        0.807000000000171691105776972108   -1.097588738449204340577125549316E+07
        0.808000000000171691993955391808   -1.101571141466223634779453277588E+07
        0.809000000000171692882133811509   -1.105552665345752611756324768066E+07
        0.810000000000171693770312231209   -1.109533314069791696965694427490E+07
        0.811000000000171694658490650909   -1.113513091681473329663276672363E+07
        0.812000000000171695546669070609   -1.117492002285137586295604705811E+07
        0.813000000000171696434847490309   -1.121470050046407058835029602051E+07
        0.814000000000171697323025910009   -1.125447239192262850701808929443E+07
        0.815000000000171698211204329709   -1.129423574011119455099105834961E+07
        0.816000000000171699099382749409   -1.133399058852900378406047821045E+07
        0.817000000000171699987561169110   -1.137373698129113763570785522461E+07
        0.818000000000171700875739588810   -1.141347496312928013503551483154E+07
        0.819000000000171701763918008510   -1.145320457939247041940689086914E+07
        0.820000000000171702652096428210   -1.149292587604785524308681488037E+07
        0.821000000000171703540274847910   -1.153263889968144893646240234375E+07
        0.822000000000171704428453267610   -1.157234369749888963997364044189E+07
        0.823000000000171705316631687310   -1.161204031732619553804397583008E+07
        0.824000000000171706204810107010   -1.165172880761052109301090240479E+07
        0.825000000000171707092988526711   -1.169140921742091700434684753418E+07
        0.826000000000171707981166946411   -1.173108159644908644258975982666E+07
        0.827000000000171708869345366111   -1.177074599501014128327369689941E+07
        0.828000000000171709757523785811   -1.181040246404336579144001007080E+07
        0.829000000000171710645702205511   -1.185005105511297285556793212891E+07
        0.830000000000171711533880625211   -1.188969182040886394679546356201E+07
        0.831000000000171712422059044911   -1.192932481274738907814025878906E+07
        0.832000000000171713310237464611   -1.196895008557211048901081085205E+07
        0.833000000000171714198415884312   -1.200856769295456260442733764648E+07
        0.834000000000171715086594304012   -1.204817768959501944482326507568E+07
        0.835000000000171715974772723712   -1.208778013082324713468551635742E+07
        0.836000000000171716862951143412   -1.212737507259927876293659210205E+07
        0.837000000000171717751129563112   -1.216696257151417061686515808105E+07
        0.838000000000171718639307982812   -1.220654268479077331721782684326E+07
        0.839000000000171719527486402512   -1.224611547028449922800064086914E+07
        0.840000000000171720415664822212   -1.228568098648408241569995880127E+07
        0.841000000000171721303843241913   -1.232523929251234978437423706055E+07
        0.842000000000171722192021661613   -1.236479044812699221074581146240E+07
        0.843000000000171723080200081313   -1.240433451372133195400238037109E+07
        0.844000000000171723968378501013   -1.244387155032509379088878631592E+07
        0.845000000000171724856556920713   -1.248340161960517615079879760742E+07
        0.846000000000171725744735340413   -1.252292478386642225086688995361E+07
        0.847000000000171726632913760113   -1.256244110605239123106002807617E+07
        0.848000000000171727521092179813   -1.260195064974614046514034271240E+07
        0.849000000000171728409270599514   -1.264145347917099297046661376953E+07
        0.850000000000171729297449019214   -1.268094965919131599366664886475E+07
        0.851000000000171730185627438914   -1.272043925531329959630966186523E+07
        0.852000000000171731073805858614   -1.275992233368573896586894989014E+07
        0.853000000000171731961984278314   -1.279939896110080182552337646484E+07
        0.854000000000171732850162698014   -1.283886920499482192099094390869E+07
        0.855000000000171733738341117714   -1.287833313344907760620117187500E+07
        0.856000000000171734626519537414   -1.291779081519057787954807281494E+07
        0.857000000000171735514697957115   -1.295724231959284096956253051758E+07
        0.858000000000171736402876376815   -1.299668771667668037116527557373E+07
        0.859000000000171737291054796515   -1.303612707711099460721015930176E+07
        0.860000000000171738179233216215   -1.307556047221356071531772613525E+07
        0.861000000000171739067411635915   -1.311498797395181283354759216309E+07
        0.862000000000171739955590055615   -1.315440965494364313781261444092E+07
        0.863000000000171740843768475315   -1.319382558845818787813186645508E+07
        0.864000000000171741731946895015   -1.323323584841662831604480743408E+07
        0.865000000000171742620125314716   -1.327264050939298048615455627441E+07
        0.866000000000171743508303734416   -1.331203964661489613354206085205E+07
        0.867000000000171744396482154116   -1.335143333596445992588996887207E+07
        0.868000000000171745284660573816   -1.339082165397898666560649871826E+07
        0.869000000000171746172838993516   -1.343020467785182967782020568848E+07
        0.870000000000171747061017413216   -1.346958248543317802250385284424E+07
        0.871000000000171747949195832916   -1.350895515523086115717887878418E+07
        0.872000000000171748837374252616   -1.354832276641116105020046234131E+07
        0.873000000000171749725552672317   -1.358768539879962056875228881836E+07
        0.874000000000171750613731092017   -1.362704313288184441626071929932E+07
        0.875000000000171751501909511717   -1.366639604980432242155075073242E+07
        0.876000000000171752390087931417   -1.370574423137523792684078216553E+07
        0.877000000000171753278266351117   -1.374508776006527990102767944336E+07
        0.878000000000171754166444770817   -1.378442671900846250355243682861E+07
        0.879000000000171755054623190517   -1.382376119200295209884643554688E+07
        0.880000000000171755942801610217   -1.386309126351187936961650848389E+07
        0.881000000000171756830980029918   -1.390241701866416260600090026855E+07
        0.882000000000171757719158449618   -1.394173854325533844530582427979E+07
        0.883000000000171758607336869318   -1.398105592374838143587112426758E+07
        0.884000000000171759495515289018   -1.402036924727454222738742828369E+07
        0.885000000000171760383693708718   -1.405967860163416713476181030273E+07
        0.886000000000171761271872128418   -1.409898407529754377901554107666E+07
        0.887000000000171762160050548118   -1.413828575740572810173034667969E+07
        0.888000000000171763048228967818   -1.417758373777138255536556243896E+07
        0.889000000000171763936407387519   -1.421687810687961801886558532715E+07
        0.890000000000171764824585807219   -1.425616895588883198797702789307E+07
        0.891000000000171765712764226919   -1.429545637663156166672706604004E+07
        0.892000000000171766600942646619   -1.433474046161531843245029449463E+07
        0.893000000000171767489121066319   -1.437402130402344465255737304688E+07
        0.894000000000171768377299486019   -1.441329899771595932543277740479E+07
        0.895000000000171769265477905719   -1.445257363723041489720344543457E+07
        0.896000000000171770153656325419   -1.449184531778275407850742340088E+07
        0.897000000000171771041834745120   -1.453111413526816293597221374512E+07
        0.898000000000171771930013164820   -1.457038018626193888485431671143E+07
        0.899000000000171772818191584520   -1.460964356802034750580787658691E+07
        0.900000000000171773706370004220   -1.464890437848149053752422332764E+07
        0.901000000000171774594548423920   -1.468816271626617014408111572266E+07
        0.902000000000171775482726843620   -1.472741868067876435816287994385E+07
        0.903000000000171776370905263320   -1.476667237170810252428054809570E+07
        0.904000000000171777259083683020   -1.480592389002833329141139984131E+07
        0.905000000000171778147262102721   -1.484517333699981123208999633789E+07
        0.906000000000171779035440522421   -1.488442081466997601091861724854E+07
        0.907000000000171779923618942121   -1.492366642577423155307769775391E+07
        0.908000000000171780811797361821   -1.496291027373684383928775787354E+07
        0.909000000000171781699975781521   -1.500215246267181634902954101562E+07
        0.910000000000171782588154201221   -1.504139309738379530608654022217E+07
        0.911000000000171783476332620921   -1.508063228336895629763603210449E+07
        0.912000000000171784364511040621   -1.511987012681590951979160308838E+07
        0.913000000000171785252689460322   -1.515910673460659757256507873535E+07
        0.914000000000171786140867880022   -1.519834221431719698011875152588E+07
        0.915000000000171787029046299722   -1.523757667421903461217880249023E+07
        0.916000000000171787917224719422   -1.527681022327948920428752899170E+07
        0.917000000000171788805403139122   -1.531604297116290777921676635742E+07
        0.918000000000171789693581558822   -1.535527502823152206838130950928E+07
        0.919000000000171790581759978522   -1.539450650554637238383293151855E+07
        0.920000000000171791469938398222   -1.543373751486822403967380523682E+07
        0.921000000000171792358116817923   -1.547296816865849867463111877441E+07
        0.922000000000171793246295237623   -1.551219858008019812405109405518E+07
        0.923000000000171794134473657323   -1.555142886299884691834449768066E+07
        0.924000000000171795022652077023   -1.559065913198341615498065948486E+07
        0.925000000000171795910830496723   -1.562988950230726972222328186035E+07
        0.926000000000171796799008916423   -1.566912008994911052286624908447E+07
        0.927000000000171797687187336123   -1.570835101159391552209854125977E+07
        0.928000000000171798575365755823   -1.574758238463389314711093902588E+07
        0.929000000000171799463544175524   -1.578681432716943696141242980957E+07
        0.930000000000171800351722595224   -1.582604695801008678972721099854E+07
        0.931000000000171801239901014924   -1.586528039667547866702079772949E+07
        0.932000000000171802128079434624   -1.590451476339631341397762298584E+07
        0.933000000000171803016257854324   -1.594375017911532893776893615723E+07
        0.934000000000171803904436274024   -1.598298676548826135694980621338E+07
        0.935000000000171804792614693724   -1.602222464488482475280761718750E+07
        0.936000000000171805680793113424   -1.606146394038969464600086212158E+07
        0.937000000000171806568971533125   -1.610070477580348029732704162598E+07
        0.938000000000171807457149952825   -1.613994727564372681081295013428E+07
        0.939000000000171808345328372525   -1.617919156514589115977287292480E+07
        0.940000000000171809233506792225   -1.621843777026433683931827545166E+07
        0.941000000000171810121685211925   -1.625768601767334342002868652344E+07
        0.942000000000171811009863631625   -1.629693643476809747517108917236E+07
        0.943000000000171811898042051325   -1.633618914966570585966110229492E+07
        0.944000000000171812786220471025   -1.637544429120619781315326690674E+07
        0.945000000000171813674398890726   -1.641470198895354568958282470703E+07
        0.946000000000171814562577310426   -1.645396237319668196141719818115E+07
        0.947000000000171815450755730126   -1.649322557495051994919776916504E+07
        0.948000000000171816338934149826   -1.653249172595697827637195587158E+07
        0.949000000000171817227112569526   -1.657176095868602022528648376465E+07
        0.950000000000171818115290989226   -1.661103340633668936789035797119E+07
        0.951000000000171819003469408926   -1.665030920283814147114753723145E+07
        0.952000000000171819891647828626   -1.668958848285068385303020477295E+07
        0.953000000000171820779826248327   -1.672887138176683336496353149414E+07
        0.954000000000171821668004668027   -1.676815803571236692368984222412E+07
        0.955000000000171822556183087727   -1.680744858154738321900367736816E+07
        0.956000000000171823444361507427   -1.684674315686735510826110839844E+07
        0.957000000000171824332539927127   -1.688604190000419691205024719238E+07
        0.958000000000171825220718346827   -1.692534495002733916044235229492E+07
        0.959000000000171826108896766527   -1.696465244674480333924293518066E+07
        0.960000000000171826997075186227   -1.700396453070428967475891113281E+07
        0.961000000000171827885253605928   -1.704328134319424256682395935059E+07
        0.962000000000171828773432025628   -1.708260302624496817588806152344E+07
        0.963000000000171829661610445328   -1.712192972262969985604286193848E+07
        0.964000000000171830549788865028   -1.716126157586571574211120605469E+07
        0.965000000000171831437967284728   -1.720059873021542653441429138184E+07
        0.966000000000171832326145704428   -1.723994133068750798702239990234E+07
        0.967000000000171833214324124128   -1.727928952303799614310264587402E+07
        0.968000000000171834102502543828   -1.731864345377141982316970825195E+07
        0.969000000000171834990680963529   -1.735800327014191076159477233887E+07
        0.970000000000171835878859383229   -1.739736912015433609485626220703E+07
        0.971000000000171836767037802929   -1.743674115256543830037117004395E+07
        0.972000000000171837655216222629   -1.747611951688497513532638549805E+07
        0.973000000000171838543394642329   -1.751550436337685957551002502441E+07
        0.974000000000171839431573062029   -1.755489584306031465530395507812E+07
        0.975000000000171840319751481729   -1.759429410771101340651512145996E+07
        0.976000000000171841207929901429   -1.763369930986225605010986328125E+07
        0.977000000000171842096108321130   -1.767311160280613228678703308105E+07
        0.978000000000171842984286740830   -1.771253114059468358755111694336E+07
        0.979000000000171843872465160530   -1.775195807804108783602714538574E+07
        0.980000000000171844760643580230   -1.779139257072085142135620117188E+07
        0.981000000000171845648821999930   -1.783083477497297152876853942871E+07
        0.982000000000171846537000419630   -1.787028484790115803480148315430E+07
        0.983000000000171847425178839330   -1.790974294737500324845314025879E+07
        0.984000000000171848313357259030   -1.794920923203121125698089599609E+07
        0.985000000000171849201535678731   -1.798868386127479001879692077637E+07
        0.986000000000171850089714098431   -1.802816699528028070926666259766E+07
        0.987000000000171850977892518131   -1.806765879499296471476554870605E+07
        0.988000000000171851866070937831   -1.810715942213011533021926879883E+07
        0.989000000000171852754249357531   -1.814666903918220475316047668457E+07
        0.990000000000171853642427777231   -1.818618780941415578126907348633E+07
        0.991000000000171854530606196931   -1.822571589686659350991249084473E+07
        0.992000000000171855418784616631   -1.826525346635708212852478027344E+07
        0.993000000000171856306963036332   -1.830480068348138406872749328613E+07
        0.994000000000171857195141456032   -1.834435771461474150419235229492E+07
        0.995000000000171858083319875732   -1.838392472691313549876213073730E+07
        0.996000000000171858971498295432   -1.842350188831454515457153320312E+07
        0.997000000000171859859676715132   -1.846308936754025146365165710449E+07
        0.998000000000171860747855134832   -1.850268733409612625837326049805E+07
        0.999000000000171861636033554532   -1.854229595827391371130943298340E+07
        1.000000000000171862524211974232   -1.858191541115254163742065429688E+07
        1.001000000000171752390087931417   -1.862154586459941789507865905762E+07
        1.002000000000171642255963888601   -1.866118749127175658941268920898E+07
        1.003000000000171532121839845786   -1.870084046461789682507514953613E+07
        1.004000000000171421987715802970   -1.874050495887861400842666625977E+07
        1.005000000000171311853591760155   -1.878018114908847585320472717285E+07
        1.006000000000171201719467717339   -1.881986921107716858386993408203E+07
        1.007000000000171091585343674524   -1.885956932147085294127464294434E+07
        1.008000000000170981451219631708   -1.889928165769350528717041015625E+07
        1.009000000000170871317095588893   -1.893900639796829596161842346191E+07
        1.010000000000170761182971546077   -1.897874372131893783807754516602E+07
        1.011000000000170651048847503262   -1.901849380757107213139533996582E+07
        1.012000000000170540914723460446   -1.905825683735364675521850585938E+07
        1.013000000000170430780599417631   -1.909803299210030212998390197754E+07
        1.014000000000170320646475374815   -1.913782245405077189207077026367E+07
        1.015000000000170210512351332000   -1.917762540625229105353355407715E+07
        1.016000000000170100378227289184   -1.921744203256098181009292602539E+07
        1.017000000000169990244103246368   -1.925727251764329895377159118652E+07
        1.018000000000169880109979203553   -1.929711704697743803262710571289E+07
        1.019000000000169769975855160737   -1.933697580685476586222648620605E+07
        1.020000000000169659841731117922   -1.937684898438125103712081909180E+07
        1.021000000000169549707607075106   -1.941673676747893914580345153809E+07
        1.022000000000169439573483032291   -1.945663934488737583160400390625E+07
        1.023000000000169329439358989475   -1.949655690616507455706596374512E+07
        1.024000000000169219305234946660   -1.953648964169099926948547363281E+07
        1.025000000000169109171110903844   -1.957643774266602471470832824707E+07
        1.026000000000168999036986861029   -1.961640140111442655324935913086E+07
        1.027000000000168888902862818213   -1.965638080988537147641181945801E+07
        1.028000000000168778768738775398   -1.969637616265442222356796264648E+07
        1.029000000000168668634614732582   -1.973638765392503514885902404785E+07
        1.030000000000168558500490689767   -1.977641547903007268905639648438E+07
        1.031000000000168448366366646951   -1.981645983413332328200340270996E+07
        1.032000000000168338232242604136   -1.985652091623105853796005249023E+07
        1.033000000000168228098118561320   -1.989659892315353825688362121582E+07
        1.034000000000168117963994518504   -1.993669405356656759977340698242E+07
        1.035000000000168007829870475689   -1.997680650697306171059608459473E+07
        1.036000000000167897695746432873   -2.001693648371459543704986572266E+07
        1.037000000000167787561622390058   -2.005708418497298285365104675293E+07
        1.038000000000167677427498347242   -2.009724981277184188365936279297E+07
        1.039000000000167567293374304427   -2.013743356997819617390632629395E+07
        1.040000000000167457159250261611   -2.017763566030406951904296875000E+07
        1.041000000000167347025126218796   -2.021785628830808773636817932129E+07
        1.042000000000167236891002175980   -2.025809565939708799123764038086E+07
        1.043000000000167126756878133165   -2.029835397982774302363395690918E+07
        1.044000000000167016622754090349   -2.033863145670817047357559204102E+07
        1.045000000000166906488630047534   -2.037892829799960926175117492676E+07
        1.046000000000166796354506004718   -2.041924471251803636550903320312E+07
        1.047000000000166686220381961903   -2.045958090993582829833030700684E+07
        1.048000000000166576086257919087   -2.049993710078343749046325683594E+07
        1.049000000000166465952133876272   -2.054031349645105376839637756348E+07
        1.050000000000166355818009833456   -2.058071030919028818607330322266E+07
        1.051000000000166245683885790640   -2.062112775211585685610771179199E+07
        1.052000000000166135549761747825   -2.066156603920729458332061767578E+07
        1.053000000000166025415637705009   -2.070202538531065359711647033691E+07
        1.054000000000165915281513662194   -2.074250600614023208618164062500E+07
        1.055000000000165805147389619378   -2.078300811828028038144111633301E+07
        1.056000000000165695013265576563   -2.082353193918676674365997314453E+07
        1.057000000000165584879141533747   -2.086407768718909099698066711426E+07
        1.058000000000165474745017490932   -2.090464558149185776710510253906E+07
        1.059000000000165364610893448116   -2.094523584217664226889610290527E+07
        1.060000000000165254476769405301   -2.098584869020375609397888183594E+07
        1.061000000000165144342645362485   -2.102648434741404280066490173340E+07
        1.062000000000165034208521319670   -2.106714303653065115213394165039E+07
        1.063000000000164924074397276854   -2.110782498116084560751914978027E+07
        1.064000000000164813940273234039   -2.114853040579782426357269287109E+07
        1.065000000000164703806149191223   -2.118925953582253679633140563965E+07
        1.066000000000164593672025148408   -2.123001259750550985336303710938E+07
        1.067000000000164483537901105592   -2.127078981800870224833488464355E+07
        1.068000000000164373403777062776   -2.131159142538733780384063720703E+07
        1.069000000000164263269653019961   -2.135241764859178289771080017090E+07
        1.070000000000164153135528977145   -2.139326871746940165758132934570E+07
        1.071000000000164043001404934330   -2.143414486276645585894584655762E+07
        1.072000000000163932867280891514   -2.147504631612998247146606445312E+07
        1.073000000000163822733156848699   -2.151597331010969355702400207520E+07
        1.074000000000163712599032805883   -2.155692607815989851951599121094E+07
        1.075000000000163602464908763068   -2.159790485464141145348548889160E+07
        1.076000000000163492330784720252   -2.163890987482350319623947143555E+07
        1.077000000000163382196660677437   -2.167994137488583102822303771973E+07
        1.078000000000163272062536634621   -2.172099959192039072513580322266E+07
        1.079000000000163161928412591806   -2.176208476393349096179008483887E+07
        1.080000000000163051794288548990   -2.180319712984771281480789184570E+07
        1.081000000000162941660164506175   -2.184433692950390651822090148926E+07
        1.082000000000162831526040463359   -2.188550440366318076848983764648E+07
        1.083000000000162721391916420544   -2.192669979400890693068504333496E+07
        1.084000000000162611257792377728   -2.196792334314875304698944091797E+07
        1.085000000000162501123668334913   -2.200917529461668804287910461426E+07
        1.086000000000162390989544292097   -2.205045589287504553794860839844E+07
        1.087000000000162280855420249281   -2.209176538331655040383338928223E+07
        1.088000000000162170721296206466   -2.213310401226639002561569213867E+07
        1.089000000000162060587172163650   -2.217447202698430046439170837402E+07
        1.090000000000161950453048120835   -2.221586967566663026809692382812E+07
        1.091000000000161840318924078019   -2.225729720744844898581504821777E+07
        1.092000000000161730184800035204   -2.229875487240564078092575073242E+07
        1.093000000000161620050675992388   -2.234024292155702784657478332520E+07
        1.094000000000161509916551949573   -2.238176160686650872230529785156E+07
        1.095000000000161399782427906757   -2.242331118124518170952796936035E+07
        1.096000000000161289648303863942   -2.246489189855351299047470092773E+07
        1.097000000000161179514179821126   -2.250650401360349729657173156738E+07
        1.098000000000161069380055778311   -2.254814778216083347797393798828E+07
        1.099000000000160959245931735495   -2.258982346094710752367973327637E+07
        1.100000000000160849111807692680   -2.263153130764199048280715942383E+07
        1.101000000000160738977683649864   -2.267327158088545128703117370605E+07
        1.102000000000160628843559607049   -2.271504454027999192476272583008E+07
        1.103000000000160518709435564233   -2.275685044639288261532783508301E+07
        1.104000000000160408575311521417   -2.279868956075838208198547363281E+07
        1.105000000000160298441187478602   -2.284056214588001742959022521973E+07
        1.106000000000160188307063435786   -2.288246846523287147283554077148E+07
        1.107000000000160078172939392971   -2.292440878326584026217460632324E+07
        1.108000000000159968038815350155   -2.296638336540394276380538940430E+07
        1.109000000000159857904691307340   -2.300839247805063053965568542480E+07
        1.110000000000159747770567264524   -2.305043638859009742736816406250E+07
        1.111000000000159637636443221709   -2.309251536538964137434959411621E+07
        1.112000000000159527502319178893   -2.313462967780198156833648681641E+07
        1.113000000000159417368195136078   -2.317677959616762772202491760254E+07
        1.114000000000159307234071093262   -2.321896539181726425886154174805E+07
        1.115000000000159197099947050447   -2.326118733707411959767341613770E+07
        1.116000000000159086965823007631   -2.330344570525637269020080566406E+07
        1.117000000000158976831698964816   -2.334574077067956700921058654785E+07
        1.118000000000158866697574922000   -2.338807280865903943777084350586E+07
        1.119000000000158756563450879185   -2.343044209551233425736427307129E+07
        1.120000000000158646429326836369   -2.347284890856169164180755615234E+07
        1.121000000000158536295202793553   -2.351529352613647654652595520020E+07
        1.122000000000158426161078750738   -2.355777622757567465305328369141E+07
        1.123000000000158316026954707922   -2.360029729323038086295127868652E+07
        1.124000000000158205892830665107   -2.364285700446630269289016723633E+07
        1.125000000000158095758706622291   -2.368545564366627857089042663574E+07
        1.126000000000157985624582579476   -2.372809349423281848430633544922E+07
        1.127000000000157875490458536660   -2.377077084059062972664833068848E+07
        1.128000000000157765356334493845   -2.381348796818918734788894653320E+07
        1.129000000000157655222210451029   -2.385624516350531950592994689941E+07
        1.130000000000157545088086408214   -2.389904271404577046632766723633E+07
        1.131000000000157434953962365398   -2.394188090834981575608253479004E+07
        1.132000000000157324819838322583   -2.398476003599187731742858886719E+07
        1.133000000000157214685714279767   -2.402768038758416101336479187012E+07
        1.134000000000157104551590236952   -2.407064225477927923202514648438E+07
        1.135000000000156994417466194136   -2.411364593027292564511299133301E+07
        1.136000000000156884283342151321   -2.415669170780654996633529663086E+07
        1.137000000000156774149218108505   -2.419977988217003270983695983887E+07
        1.138000000000156664015094065689   -2.424291074920438975095748901367E+07
        1.139000000000156553880970022874   -2.428608460580449178814888000488E+07
        1.140000000000156443746845980058   -2.432930174992179870605468750000E+07
        1.141000000000156333612721937243   -2.437256248056708648800849914551E+07
        1.142000000000156223478597894427   -2.441586709781323373317718505859E+07
        1.143000000000156113344473851612   -2.445921590279799327254295349121E+07
        1.144000000000156003210349808796   -2.450260919772676378488540649414E+07
        1.145000000000155893076225765981   -2.454604728587540611624717712402E+07
        1.146000000000155782942101723165   -2.458953047159306704998016357422E+07
        1.147000000000155672807977680350   -2.463305906030501797795295715332E+07
        1.148000000000155562673853637534   -2.467663335851548612117767333984E+07
        1.149000000000155452539729594719   -2.472025367381055280566215515137E+07
        1.150000000000155342405605551903   -2.476392031486100703477859497070E+07
        1.151000000000155232271481509088   -2.480763359142525121569633483887E+07
        1.152000000000155122137357466272   -2.485139381435222178697586059570E+07
        1.153000000000155012003233423457   -2.489520129558432474732398986816E+07
        1.154000000000154901869109380641   -2.493905634816035628318786621094E+07
        1.155000000000154791734985337825   -2.498295928621847555041313171387E+07
        1.156000000000154681600861295010   -2.502691042499919980764389038086E+07
        1.157000000000154571466737252194   -2.507091008084836974740028381348E+07
        1.158000000000154461332613209379   -2.511495857122016698122024536133E+07
        1.159000000000154351198489166563   -2.515905621468014642596244812012E+07
        1.160000000000154241064365123748   -2.520320333090826869010925292969E+07
        1.161000000000154130930241080932   -2.524740024070196226239204406738E+07
        1.162000000000154020796117038117   -2.529164726597919315099716186523E+07
        1.163000000000153910661992995301   -2.533594472978156432509422302246E+07
        1.164000000000153800527868952486   -2.538029295627742260694503784180E+07
        1.165000000000153690393744909670   -2.542469227076497301459312438965E+07
        1.166000000000153580259620866855   -2.546914299967542290687561035156E+07
        1.167000000000153470125496824039   -2.551364547057614848017692565918E+07
        1.168000000000153359991372781224   -2.555820001217386871576309204102E+07
        1.169000000000153249857248738408   -2.560280695431781187653541564941E+07
        1.170000000000153139723124695593   -2.564746662800295650959014892578E+07
        1.171000000000153029589000652777   -2.569217936537325009703636169434E+07
        1.172000000000152919454876609962   -2.573694549972484260797500610352E+07
        1.173000000000152809320752567146   -2.578176536550934985280036926270E+07
        1.174000000000152699186628524330   -2.582663929833712428808212280273E+07
        1.175000000000152589052504481515   -2.587156763498058542609214782715E+07
        1.176000000000152478918380438699   -2.591655071337749063968658447266E+07
        1.177000000000152368784256395884   -2.596158887263429537415504455566E+07
        1.178000000000152258650132353068   -2.600668245302948355674743652344E+07
        1.179000000000152148516008310253   -2.605183179601695016026496887207E+07
        1.180000000000152038381884267437   -2.609703724422937631607055664062E+07
        1.181000000000151928247760224622   -2.614229914148162677884101867676E+07
        1.182000000000151818113636181806   -2.618761783277419209480285644531E+07
        1.183000000000151707979512138991   -2.623299366429660841822624206543E+07
        1.184000000000151597845388096175   -2.627842698343093693256378173828E+07
        1.185000000000151487711264053360   -2.632391813875521346926689147949E+07
        1.186000000000151377577140010544   -2.636946748004695773124694824219E+07
        1.187000000000151267443015967729   -2.641507535828668996691703796387E+07
        1.188000000000151157308891924913   -2.646074212566146254539489746094E+07
        1.189000000000151047174767882098   -2.650646813556840643286705017090E+07
        1.190000000000150937040643839282   -2.655225374261830747127532958984E+07
        1.191000000000150826906519796466   -2.659809930263919010758399963379E+07
        1.192000000000150716772395753651   -2.664400517267992347478866577148E+07
        1.193000000000150606638271710835   -2.668997171101386472582817077637E+07
        1.194000000000150496504147668020   -2.673599927714248001575469970703E+07
        1.195000000000150386370023625204   -2.678208823179903253912925720215E+07
        1.196000000000150276235899582389   -2.682823893695227056741714477539E+07
        1.197000000000150166101775539573   -2.687445175581010803580284118652E+07
        1.198000000000150055967651496758   -2.692072705282337963581085205078E+07
        1.199000000000149945833527453942   -2.696706519368956610560417175293E+07
        1.200000000000149835699403411127   -2.701346654535656422376632690430E+07
        1.201000000000149725565279368311   -2.705993147602647915482521057129E+07
        1.202000000000149615431155325496   -2.710646035515942424535751342773E+07
        1.203000000000149505297031282680   -2.715305355347733572125434875488E+07
        1.204000000000149395162907239865   -2.719971144296782463788986206055E+07
        1.205000000000149285028783197049   -2.724643439688805118203163146973E+07
        1.206000000000149174894659154234   -2.729322278976861387491226196289E+07
        1.207000000000149064760535111418   -2.734007699741744622588157653809E+07
        1.208000000000148954626411068602   -2.738699739692373573780059814453E+07
        1.209000000000148844492287025787   -2.743398436666188016533851623535E+07
        1.210000000000148734358162982971   -2.748103828629546612501144409180E+07
        1.211000000000148624224038940156   -2.752815953678126260638236999512E+07
        1.212000000000148514089914897340   -2.757534850037321448326110839844E+07
        1.213000000000148403955790854525   -2.762260556062648072838783264160E+07
        1.214000000000148293821666811709   -2.766993110240148752927780151367E+07
        1.215000000000148183687542768894   -2.771732551186801120638847351074E+07
        1.216000000000148073553418726078   -2.776478917650927603244781494141E+07
        1.217000000000147963419294683263   -2.781232248512605205178260803223E+07
        1.218000000000147853285170640447   -2.785992582784083485603332519531E+07
        1.219000000000147743151046597632   -2.790759959610195830464363098145E+07
        1.220000000000147633016922554816   -2.795534418268781155347824096680E+07
        1.221000000000147522882798512001   -2.800315998171104863286018371582E+07
        1.222000000000147412748674469185   -2.805104738862278312444686889648E+07
        1.223000000000147302614550426370   -2.809900680021687969565391540527E+07
        1.224000000000147192480426383554   -2.814703861463419348001480102539E+07
        1.225000000000147082346302340738   -2.819514323136688396334648132324E+07
        1.226000000000146972212178297923   -2.824332105126272141933441162109E+07
        1.227000000000146862078054255107   -2.829157247652943804860115051270E+07
        1.228000000000146751943930212292   -2.833989791073908656835556030273E+07
        1.229000000000146641809806169476   -2.838829775883243605494499206543E+07
        1.230000000000146531675682126661   -2.843677242712336033582687377930E+07
        1.231000000000146421541558083845   -2.848532232330327853560447692871E+07
        1.232000000000146311407434041030   -2.853394785644561797380447387695E+07
        1.233000000000146201273309998214   -2.858264943701028451323509216309E+07
        1.234000000000146091139185955399   -2.863142747684817761182785034180E+07
        1.235000000000145981005061912583   -2.868028238920570537447929382324E+07
        1.236000000000145870870937869768   -2.872921458872932940721511840820E+07
        1.237000000000145760736813826952   -2.877822449147015437483787536621E+07
        1.238000000000145650602689784137   -2.882731251488850265741348266602E+07
        1.239000000000145540468565741321   -2.887647907785856351256370544434E+07
        1.240000000000145430334441698506   -2.892572460067301988601684570312E+07
        1.241000000000145320200317655690   -2.897504950504771992564201354980E+07
        1.242000000000145210066193612874   -2.902445421412637084722518920898E+07
        1.243000000000145099932069570059   -2.907393915248526260256767272949E+07
        1.244000000000144989797945527243   -2.912350474613800644874572753906E+07
        1.245000000000144879663821484428   -2.917315142254031077027320861816E+07
        1.246000000000144769529697441612   -2.922287961059477925300598144531E+07
        1.247000000000144659395573398797   -2.927268974065569415688514709473E+07
        1.248000000000144549261449355981   -2.932258224453391134738922119141E+07
        1.249000000000144439127325313166   -2.937255755550167337059974670410E+07
        1.250000000000144328993201270350   -2.942261610829754918813705444336E+07
        1.251000000000144218859077227535   -2.947275833913132175803184509277E+07
        1.252000000000144108724953184719   -2.952298468568895757198333740234E+07
        1.253000000000143998590829141904   -2.957329558713756129145622253418E+07
        1.254000000000143888456705099088   -2.962369148413037508726119995117E+07
        1.255000000000143778322581056273   -2.967417281881180033087730407715E+07
        1.256000000000143668188457013457   -2.972474003482244163751602172852E+07
        1.257000000000143558054332970642   -2.977539357730419561266899108887E+07
        1.258000000000143447920208927826   -2.982613389290533959865570068359E+07
        1.259000000000143337786084885010   -2.987696142978565022349357604980E+07
        1.260000000000143227651960842195   -2.992787663762157410383224487305E+07
        1.261000000000143117517836799379   -2.997887996761141344904899597168E+07
        1.262000000000143007383712756564   -3.002997187248050421476364135742E+07
        1.263000000000142897249588713748   -3.008115280648648366332054138184E+07
        1.264000000000142787115464670933   -3.013242322542453557252883911133E+07
        1.265000000000142676981340628117   -3.018378358663267269730567932129E+07
        1.266000000000142566847216585302   -3.023523434899705648422241210938E+07
        1.267000000000142456713092542486   -3.028677597295735403895378112793E+07
        1.268000000000142346578968499671   -3.033840892051209509372711181641E+07
        1.269000000000142236444844456855   -3.039013365522408112883567810059E+07
        1.270000000000142126310720414040   -3.044195064222578704357147216797E+07
        1.271000000000142016176596371224   -3.049386034822485223412513732910E+07
        1.272000000000141906042472328409   -3.054586324150952696800231933594E+07
        1.273000000000141795908348285593   -3.059795979195422306656837463379E+07
        1.274000000000141685774224242778   -3.065015047102501988410949707031E+07
        1.275000000000141575640100199962   -3.070243575178524479269981384277E+07
        1.276000000000141465505976157147   -3.075481610890106856822967529297E+07
        1.277000000000141355371852114331   -3.080729201864713802933692932129E+07
        1.278000000000141245237728071515   -3.085986395891222357749938964844E+07
        1.279000000000141135103604028700   -3.091253240920490399003028869629E+07
        1.280000000000141024969479985884   -3.096529785065926611423492431641E+07
        1.281000000000140914835355943069   -3.101816076604067906737327575684E+07
        1.282000000000140804701231900253   -3.107112163975153118371963500977E+07
        1.283000000000140694567107857438   -3.112418095783704891800880432129E+07
        1.284000000000140584432983814622   -3.117733920799113810062408447266E+07
        1.285000000000140474298859771807   -3.123059687956223264336585998535E+07
        1.286000000000140364164735728991   -3.128395446355917304754257202148E+07
        1.287000000000140254030611686176   -3.133741245265715196728706359863E+07
        1.288000000000140143896487643360   -3.139097134120365232229232788086E+07
        1.289000000000140033762363600545   -3.144463162522442266345024108887E+07
        1.290000000000139923628239557729   -3.149839380242950469255447387695E+07
        1.291000000000139813494115514914   -3.155225837221929058432579040527E+07
        1.292000000000139703359991472098   -3.160622583569055050611495971680E+07
        1.293000000000139593225867429283   -3.166029669564257934689521789551E+07
        1.294000000000139483091743386467   -3.171447145658332854509353637695E+07
        1.295000000000139372957619343651   -3.176875062473556771874427795410E+07
        1.296000000000139262823495300836   -3.182313470804306864738464355469E+07
        1.297000000000139152689371258020   -3.187762421617687121033668518066E+07
        1.298000000000139042555247215205   -3.193221966054151952266693115234E+07
        1.299000000000138932421123172389   -3.198692155428135767579078674316E+07
        1.300000000000138822286999129574   -3.204173041228687018156051635742E+07
        1.301000000000138712152875086758   -3.209664675120104476809501647949E+07
        1.302000000000138602018751043943   -3.215167108942575752735137939453E+07
        1.303000000000138491884627001127   -3.220680394712819531559944152832E+07
        1.304000000000138381750502958312   -3.226204584624730795621871948242E+07
        1.305000000000138271616378915496   -3.231739731050031259655952453613E+07
        1.306000000000138161482254872681   -3.237285886538922786712646484375E+07
        1.307000000000138051348130829865   -3.242843103820739313960075378418E+07
        1.308000000000137941214006787050   -3.248411435804608464241027832031E+07
        1.309000000000137831079882744234   -3.253990935580115392804145812988E+07
        1.310000000000137720945758701419   -3.259581656417965143918991088867E+07
        1.311000000000137610811634658603   -3.265183651770653203129768371582E+07
        1.312000000000137500677510615787   -3.270796975273137539625167846680E+07
        1.313000000000137390543386572972   -3.276421680743516609072685241699E+07
        1.314000000000137280409262530156   -3.282057822183707356452941894531E+07
        1.315000000000137170275138487341   -3.287705453780128434300422668457E+07
        1.316000000000137060141014444525   -3.293364629904384911060333251953E+07
        1.317000000000136950006890401710   -3.299035405113960430026054382324E+07
        1.318000000000136839872766358894   -3.304717834152908623218536376953E+07
        1.319000000000136729738642316079   -3.310411971952550485730171203613E+07
        1.320000000000136619604518273263   -3.316117873632176220417022705078E+07
        1.321000000000136509470394230448   -3.321835594499746337532997131348E+07
        1.322000000000136399336270187632   -3.327565190052602440118789672852E+07
        1.323000000000136289202146144817   -3.333306715978175774216651916504E+07
        1.324000000000136179068022102001   -3.339060228154701739549636840820E+07
        1.325000000000136068933898059186   -3.344825782651940360665321350098E+07
        1.326000000000135958799774016370   -3.350603435731896013021469116211E+07
        1.327000000000135848665649973555   -3.356393243849545717239379882812E+07
        1.328000000000135738531525930739   -3.362195263653565198183059692383E+07
        1.329000000000135628397401887923   -3.368009551987062394618988037109E+07
        1.330000000000135518263277845108   -3.373836165888316184282302856445E+07
        1.331000000000135408129153802292   -3.379675162591513991355895996094E+07
        1.332000000000135297995029759477   -3.385526599527499824762344360352E+07
        1.333000000000135187860905716661   -3.391390534324517846107482910156E+07
        1.334000000000135077726781673846   -3.397267024808964878320693969727E+07
        1.335000000000134967592657631030   -3.403156129006147384643554687500E+07
        1.336000000000134857458533588215   -3.409057905141041427850723266602E+07
        1.337000000000134747324409545399   -3.414972411639052629470825195312E+07
        1.338000000000134637190285502584   -3.420899707126786559820175170898E+07
        1.339000000000134527056161459768   -3.426839850432816147804260253906E+07
        1.340000000000134416922037416953   -3.432792900588458031415939331055E+07
        1.341000000000134306787913374137   -3.438758916828550398349761962891E+07
        1.342000000000134196653789331322   -3.444737958592238277196884155273E+07
        1.343000000000134086519665288506   -3.450730085523757338523864746094E+07
        1.344000000000133976385541245691   -3.456735357473222166299819946289E+07
        1.345000000000133866251417202875   -3.462753834497424960136413574219E+07
        1.346000000000133756117293160059   -3.468785576860632747411727905273E+07
        1.347000000000133645983169117244   -3.474830645035389065742492675781E+07
        1.348000000000133535849045074428   -3.480889099703320115804672241211E+07
        1.349000000000133425714921031613   -3.486961001755943894386291503906E+07
        1.350000000000133315580796988797   -3.493046412295488268136978149414E+07
        1.351000000000133205446672945982   -3.499145392635706067085266113281E+07
        1.352000000000133095312548903166   -3.505258004302702099084854125977E+07
        1.353000000000132985178424860351   -3.511384309035755693912506103516E+07
        1.354000000000132875044300817535   -3.517524368788152188062667846680E+07
        1.355000000000132764910176774720   -3.523678245728021860122680664062E+07
        1.356000000000132654776052731904   -3.529846002239174395799636840820E+07
        1.357000000000132544641928689089   -3.536027700921946763992309570312E+07
        1.358000000000132434507804646273   -3.542223404594049602746963500977E+07
        1.359000000000132324373680603458   -3.548433176291416585445404052734E+07
        1.360000000000132214239556560642   -3.554657079269064217805862426758E+07
        1.361000000000132104105432517827   -3.560895177001951634883880615234E+07
        1.362000000000131993971308475011   -3.567147533185846358537673950195E+07
        1.363000000000131883837184432195   -3.573414211738190054893493652344E+07
        1.364000000000131773703060389380   -3.579695276798974722623825073242E+07
        1.365000000000131663568936346564   -3.585990792731621861457824707031E+07
        1.366000000000131553434812303749   -3.592300824123863130807876586914E+07
        1.367000000000131443300688260933   -3.598625435788628458976745605469E+07
        1.368000000000131333166564218118   -3.604964692764935642480850219727E+07
        1.369000000000131223032440175302   -3.611318660318787395954132080078E+07
        1.370000000000131112898316132487   -3.617687403944069892168045043945E+07
        1.371000000000131002764192089671   -3.624070989363458752632141113281E+07
        1.372000000000130892630068046856   -3.630469482529328018426895141602E+07
        1.373000000000130782495944004040   -3.636882949624665081501007080078E+07
        1.374000000000130672361819961225   -3.643311457063988596200942993164E+07
        1.375000000000130562227695918409   -3.649755071494267880916595458984E+07
        1.376000000000130452093571875594   -3.656213859795857220888137817383E+07
        1.377000000000130341959447832778   -3.662687889083419740200042724609E+07
        1.378000000000130231825323789963   -3.669177226706870645284652709961E+07
        1.379000000000130121691199747147   -3.675681940252315998077392578125E+07
        1.380000000000130011557075704332   -3.682202097543001919984817504883E+07
        1.381000000000129901422951661516   -3.688737766640260815620422363281E+07
        1.382000000000129791288827618700   -3.695289015844469517469406127930E+07
        1.383000000000129681154703575885   -3.701855913696010410785675048828E+07
        1.384000000000129571020579533069   -3.708438528976234048604965209961E+07
        1.385000000000129460886455490254   -3.715036930708432197570800781250E+07
        1.386000000000129350752331447438   -3.721651188158809393644332885742E+07
        1.387000000000129240618207404623   -3.728281370837466418743133544922E+07
        1.388000000000129130484083361807   -3.734927548499380797147750854492E+07
        1.389000000000129020349959318992   -3.741589791145400702953338623047E+07
        1.390000000000128910215835276176   -3.748268169023237377405166625977E+07
        1.391000000000128800081711233361   -3.754962752628462016582489013672E+07
        1.392000000000128689947587190545   -3.761673612705511599779129028320E+07
        1.393000000000128579813463147730   -3.768400820248700678348541259766E+07
        1.394000000000128469679339104914   -3.775144446503231674432754516602E+07
        1.395000000000128359545215062099   -3.781904562966218590736389160156E+07
        1.396000000000128249411091019283   -3.788681241387709230184555053711E+07
        1.397000000000128139276966976468   -3.795474553771714866161346435547E+07
        1.398000000000128029142842933652   -3.802284572377244383096694946289E+07
        1.399000000000127919008718890836   -3.809111369719344377517700195312E+07
        1.400000000000127808874594848021   -3.815955018570143729448318481445E+07
        1.401000000000127698740470805205   -3.822815591959905624389648437500E+07
        1.402000000000127588606346762390   -3.829693163178079575300216674805E+07
        1.403000000000127478472222719574   -3.836587805774366855621337890625E+07
        1.404000000000127368338098676759   -3.843499593559782952070236206055E+07
        1.405000000000127258203974633943   -3.850428600607727468013763427734E+07
        1.406000000000127148069850591128   -3.857374901255064457654953002930E+07
        1.407000000000127037935726548312   -3.864338570103202760219573974609E+07
        1.408000000000126927801602505497   -3.871319682019182294607162475586E+07
        1.409000000000126817667478462681   -3.878318312136766314506530761719E+07
        1.410000000000126707533354419866   -3.885334535857541114091873168945E+07
        1.411000000000126597399230377050   -3.892368428852018713951110839844E+07
        1.412000000000126487265106334235   -3.899420067060745507478713989258E+07
        1.413000000000126377130982291419   -3.906489526695418357849121093750E+07
        1.414000000000126266996858248604   -3.913576884240003675222396850586E+07
        1.415000000000126156862734205788   -3.920682216451859474182128906250E+07
        1.416000000000126046728610162972   -3.927805600362872332334518432617E+07
        1.417000000000125936594486120157   -3.934947113280591368675231933594E+07
        1.418000000000125826460362077341   -3.942106832789369672536849975586E+07
        1.419000000000125716326238034526   -3.949284836751513183116912841797E+07
        1.420000000000125606192113991710   -3.956481203308434039354324340820E+07
        1.421000000000125496057989948895   -3.963696010881809890270233154297E+07
        1.422000000000125385923865906079   -3.970929338174750655889511108398E+07
        1.423000000000125275789741863264   -3.978181264172966778278350830078E+07
        1.424000000000125165655617820448   -3.985451868145947903394699096680E+07
        1.425000000000125055521493777633   -3.992741229648146033287048339844E+07
        1.426000000000124945387369734817   -4.000049428520161658525466918945E+07
        1.427000000000124835253245692002   -4.007376544889940321445465087891E+07
        1.428000000000124725119121649186   -4.014722659173972159624099731445E+07
        1.429000000000124614984997606371   -4.022087852078495919704437255859E+07
        1.430000000000124504850873563555   -4.029472204600710421800613403320E+07
        1.431000000000124394716749520740   -4.036875798029999434947967529297E+07
        1.432000000000124284582625477924   -4.044298713949147611856460571289E+07
        1.433000000000124174448501435108   -4.051741034235575795173645019531E+07
        1.434000000000124064314377392293   -4.059202841062574833631515502930E+07
        1.435000000000123954180253349477   -4.066684216900551319122314453125E+07
        1.436000000000123844046129306662   -4.074185244518270343542098999023E+07
        1.437000000000123733912005263846   -4.081706006984114646911621093750E+07
        1.438000000000123623777881221031   -4.089246587667343765497207641602E+07
        1.439000000000123513643757178215   -4.096807070239362120628356933594E+07
        1.440000000000123403509633135400   -4.104387538674991577863693237305E+07
        1.441000000000123293375509092584   -4.111988077253751456737518310547E+07
        1.442000000000123183241385049769   -4.119608770561145991086959838867E+07
        1.443000000000123073107261006953   -4.127249703489951789379119873047E+07
        1.444000000000122962973136964138   -4.134910961241521686315536499023E+07
        1.445000000000122852839012921322   -4.142592629327087104320526123047E+07
        1.446000000000122742704888878507   -4.150294793569070845842361450195E+07
        1.447000000000122632570764835691   -4.158017540102405846118927001953E+07
        1.448000000000122522436640792876   -4.165760955375858396291732788086E+07
        1.449000000000122412302516750060   -4.173525126153358817100524902344E+07
        1.450000000000122302168392707244   -4.181310139515339583158493041992E+07
        1.451000000000122192034268664429   -4.189116082860080897808074951172E+07
        1.452000000000122081900144621613   -4.196943043905059248208999633789E+07
        1.453000000000121971766020578798   -4.204791110688306391239166259766E+07
        1.454000000000121861631896535982   -4.212660371569774299860000610352E+07
        1.455000000000121751497772493167   -4.220550915232706069946289062500E+07
        1.456000000000121641363648450351   -4.228462830685011297464370727539E+07
        1.457000000000121531229524407536   -4.236396207260653376579284667969E+07
        1.458000000000121421095400364720   -4.244351134621039777994155883789E+07
        1.459000000000121310961276321905   -4.252327702756419777870178222656E+07
        1.460000000000121200827152279089   -4.260326001987292617559432983398E+07
        1.461000000000121090693028236274   -4.268346122965815663337707519531E+07
        1.462000000000120980558904193458   -4.276388156677224487066268920898E+07
        1.463000000000120870424780150643   -4.284452194441260397434234619141E+07
        1.464000000000120760290656107827   -4.292538327913600951433181762695E+07
        1.465000000000120650156532065012   -4.300646649087305366992950439453E+07
        1.466000000000120540022408022196   -4.308777250294255465269088745117E+07
        1.467000000000120429888283979381   -4.316930224206613004207611083984E+07
        1.468000000000120319754159936565   -4.325105663838282972574234008789E+07
        1.469000000000120209620035893749   -4.333303662546378374099731445312E+07
        1.470000000000120099485911850934   -4.341524314032699912786483764648E+07
        1.471000000000119989351787808118   -4.349767712345217168331146240234E+07
        1.472000000000119879217663765303   -4.358033951879560202360153198242E+07
        1.473000000000119769083539722487   -4.366323127380517125129699707031E+07
        1.474000000000119658949415679672   -4.374635333943539112806320190430E+07
        1.475000000000119548815291636856   -4.382970667016254365444183349609E+07
        1.476000000000119438681167594041   -4.391329222399986535310745239258E+07
        1.477000000000119328547043551225   -4.399711096251283586025238037109E+07
        1.478000000000119218412919508410   -4.408116385083452612161636352539E+07
        1.479000000000119108278795465594   -4.416545185768103599548339843750E+07
        1.480000000000118998144671422779   -4.424997595536699146032333374023E+07
        1.481000000000118888010547379963   -4.433473711982113122940063476562E+07
        1.482000000000118777876423337148   -4.441973633060193806886672973633E+07
        1.483000000000118667742299294332   -4.450497457091341912746429443359E+07
        1.484000000000118557608175251517   -4.459045282762087136507034301758E+07
        1.485000000000118447474051208701   -4.467617209126681089401245117188E+07
        1.486000000000118337339927165885   -4.476213335608691722154617309570E+07
        1.487000000000118227205803123070   -4.484833762002608180046081542969E+07
        1.488000000000118117071679080254   -4.493478588475454598665237426758E+07
        1.489000000000118006937555037439   -4.502147915568408370018005371094E+07
        1.490000000000117896803430994623   -4.510841844198431819677352905273E+07
        1.491000000000117786669306951808   -4.519560475659906864166259765625E+07
        1.492000000000117676535182908992   -4.528303911626278609037399291992E+07
        1.493000000000117566401058866177   -4.537072254151712357997894287109E+07
        1.494000000000117456266934823361   -4.545865605672749131917953491211E+07
        1.495000000000117346132810780546   -4.554684069009979069232940673828E+07
        1.496000000000117235998686737730   -4.563527747369714826345443725586E+07
        1.497000000000117125864562694915   -4.572396744345679879188537597656E+07
        1.498000000000117015730438652099   -4.581291163920702785253524780273E+07
        1.499000000000116905596314609284   -4.590211110468415915966033935547E+07
        1.500000000000116795462190566468   -4.599156688754970580339431762695E+07
        1.501000000000116685328066523653   -4.608128003940753638744354248047E+07
        1.502000000000116575193942480837   -4.617125161582113057374954223633E+07
        1.503000000000116465059818438021   -4.626148267633098363876342773438E+07
        1.504000000000116354925694395206   -4.635197428447201102972030639648E+07
        1.505000000000116244791570352390   -4.644272750779108703136444091797E+07
        1.506000000000116134657446309575   -4.653374341786468774080276489258E+07
        1.507000000000116024523322266759   -4.662502309031659364700317382812E+07
        1.508000000000115914389198223944   -4.671656760483565181493759155273E+07
        1.509000000000115804255074181128   -4.680837804519368708133697509766E+07
        1.510000000000115694120950138313   -4.690045549926344305276870727539E+07
        1.511000000000115583986826095497   -4.699280105903665721416473388672E+07
        1.512000000000115473852702052682   -4.708541582064218074083328247070E+07
        1.513000000000115363718578009866   -4.717830088436424732208251953125E+07
        1.514000000000115253584453967051   -4.727145735466078668832778930664E+07
        1.515000000000115143450329924235   -4.736488634018182754516601562500E+07
        1.516000000000115033316205881420   -4.745858895378801971673965454102E+07
        1.517000000000114923182081838604   -4.755256631256920099258422851562E+07
        1.518000000000114813047957795789   -4.764681953786312788724899291992E+07
        1.519000000000114702913833752973   -4.774134975527422130107879638672E+07
        1.520000000000114592779709710157   -4.783615809469246119260787963867E+07
        1.521000000000114482645585667342   -4.793124569031234085559844970703E+07
        1.522000000000114372511461624526   -4.802661368065191060304641723633E+07
        1.523000000000114262377337581711   -4.812226320857197046279907226562E+07
        1.524000000000114152243213538895   -4.821819542129529267549514770508E+07
        1.525000000000114042109089496080   -4.831441147042596340179443359375E+07
        1.526000000000113931974965453264   -4.841091251196882873773574829102E+07
        1.527000000000113821840841410449   -4.850769970634904503822326660156E+07
        1.528000000000113711706717367633   -4.860477421843165904283523559570E+07
        1.529000000000113601572593324818   -4.870213721754139661788940429688E+07
        1.530000000000113491438469282002   -4.879978987748245149850845336914E+07
        1.531000000000113381304345239187   -4.889773337655840814113616943359E+07
        1.532000000000113271170221196371   -4.899596889759226888418197631836E+07
        1.533000000000113161036097153556   -4.909449762794658541679382324219E+07
        1.534000000000113050901973110740   -4.919332075954364985227584838867E+07
        1.535000000000112940767849067925   -4.929243948888581991195678710938E+07
        1.536000000000112830633725025109   -4.939185501707594841718673706055E+07
        1.537000000000112720499600982293   -4.949156854983793199062347412109E+07
        1.538000000000112610365476939478   -4.959158129753724485635757446289E+07
        1.539000000000112500231352896662   -4.969189447520174086093902587891E+07
        1.540000000000112390097228853847   -4.979250930254245549440383911133E+07
        1.541000000000112279963104811031   -4.989342700397452712059020996094E+07
        1.542000000000112169828980768216   -4.999464880863822251558303833008E+07
        1.543000000000112059694856725400   -5.009617595042008161544799804688E+07
        1.544000000000111949560732682585   -5.019800966797413676977157592773E+07
        1.545000000000111839426608639769   -5.030015120474328100681304931641E+07
        1.546000000000111729292484596954   -5.040260180898069590330123901367E+07
        1.547000000000111619158360554138   -5.050536273377142846584320068359E+07
        1.548000000000111509024236511323   -5.060843523705401271581649780273E+07
        1.549000000000111398890112468507   -5.071182058164228498935699462891E+07
        1.550000000000111288755988425692   -5.081552003524724394083023071289E+07
        1.551000000000111178621864382876   -5.091953487049901485443115234375E+07
        1.552000000000111068487740340061   -5.102386636496894806623458862305E+07
        1.553000000000110958353616297245   -5.112851580119183659553527832031E+07
        1.554000000000110848219492254429   -5.123348446668820828199386596680E+07
        1.555000000000110738085368211614   -5.133877365398673713207244873047E+07
        1.556000000000110627951244168798   -5.144438466064681857824325561523E+07
        1.557000000000110517817120125983   -5.155031878928118944168090820312E+07
        1.558000000000110407682996083167   -5.165657734757863730192184448242E+07
        1.559000000000110297548872040352   -5.176316164832693338394165039062E+07
        1.560000000000110187414747997536   -5.187007300943579524755477905273E+07
        1.561000000000110077280623954721   -5.197731275395995378494262695312E+07
        1.562000000000109967146499911905   -5.208488221012238413095474243164E+07
        1.563000000000109857012375869090   -5.219278271133762598037719726562E+07
        1.564000000000109746878251826274   -5.230101559623520821332931518555E+07
        1.565000000000109636744127783459   -5.240958220868320763111114501953E+07
        1.566000000000109526610003740643   -5.251848389781192690134048461914E+07
        1.567000000000109416475879697828   -5.262772201803767681121826171875E+07
        1.568000000000109306341755655012   -5.273729792908669263124465942383E+07
        1.569000000000109196207631612197   -5.284721299601912498474121093750E+07
        1.570000000000109086073507569381   -5.295746858925320953130722045898E+07
        1.571000000000108975939383526566   -5.306806608458952605724334716797E+07
        1.572000000000108865805259483750   -5.317900686323539167642593383789E+07
        1.573000000000108755671135440934   -5.329029231182929873466491699219E+07
        1.574000000000108645537011398119   -5.340192382246560603380203247070E+07
        1.575000000000108535402887355303   -5.351390279271927475929260253906E+07
        1.576000000000108425268763312488   -5.362623062567070871591567993164E+07
        1.577000000000108315134639269672   -5.373890872993074357509613037109E+07
        1.578000000000108205000515226857   -5.385193851966577023267745971680E+07
        1.579000000000108094866391184041   -5.396532141462300717830657958984E+07
        1.580000000000107984732267141226   -5.407905884015580266714096069336E+07
        1.581000000000107874598143098410   -5.419315222724917531013488769531E+07
        1.582000000000107764464019055595   -5.430760301254539936780929565430E+07
        1.583000000000107654329895012779   -5.442241263836976885795593261719E+07
        1.584000000000107544195770969964   -5.453758255275643616914749145508E+07
        1.585000000000107434061646927148   -5.465311420947441458702087402344E+07
        1.586000000000107323927522884333   -5.476900906805372983217239379883E+07
        1.587000000000107213793398841517   -5.488526859381166100502014160156E+07
        1.588000000000107103659274798702   -5.500189425787913054227828979492E+07
        1.589000000000106993525150755886   -5.511888753722722828388214111328E+07
        1.590000000000106883391026713070   -5.523624991469382494688034057617E+07
        1.591000000000106773256902670255   -5.535398287901039421558380126953E+07
        1.592000000000106663122778627439   -5.547208792482889443635940551758E+07
        1.593000000000106552988654584624   -5.559056655274884402751922607422E+07
        1.594000000000106442854530541808   -5.570942026934447139501571655273E+07
        1.595000000000106332720406498993   -5.582865058719204366207122802734E+07
        1.596000000000106222586282456177   -5.594825902489734441041946411133E+07
        1.597000000000106112452158413362   -5.606824710712322592735290527344E+07
        1.598000000000106002318034370546   -5.618861636461732536554336547852E+07
        1.599000000000105892183910327731   -5.630936833423995971679687500000E+07
        1.600000000000105782049786284915   -5.643050455899211019277572631836E+07
        1.601000000000105671915662242100   -5.655202658804354071617126464844E+07
        1.602000000000105561781538199284   -5.667393597676112502813339233398E+07
        1.603000000000105451647414156469   -5.679623428673721849918365478516E+07
        1.604000000000105341513290113653   -5.691892308581823855638504028320E+07
        1.605000000000105231379166070838   -5.704200394813337922096252441406E+07
        1.606000000000105121245042028022   -5.716547845412340015172958374023E+07
        1.607000000000105011110917985206   -5.728934819056969881057739257812E+07
        1.608000000000104900976793942391   -5.741361475062336772680282592773E+07
        1.609000000000104790842669899575   -5.753827973383451998233795166016E+07
        1.610000000000104680708545856760   -5.766334474618170410394668579102E+07
        1.611000000000104570574421813944   -5.778881140010142326354980468750E+07
        1.612000000000104460440297771129   -5.791468131451793760061264038086E+07
        1.613000000000104350306173728313   -5.804095611487303674221038818359E+07
        1.614000000000104240172049685498   -5.816763743315609544515609741211E+07
        1.615000000000104130037925642682   -5.829472690793426334857940673828E+07
        1.616000000000104019903801599867   -5.842222618438271433115005493164E+07
        1.617000000000103909769677557051   -5.855013691431516408920288085938E+07
        1.618000000000103799635553514236   -5.867846075621443241834640502930E+07
        1.619000000000103689501429471420   -5.880719937526324391365051269531E+07
        1.620000000000103579367305428605   -5.893635444337516278028488159180E+07
        1.621000000000103469233181385789   -5.906592763922560214996337890625E+07
        1.622000000000103359099057342974   -5.919592064828311651945114135742E+07
        1.623000000000103248964933300158   -5.932633516284073889255523681641E+07
        1.624000000000103138830809257342   -5.945717288204754143953323364258E+07
        1.625000000000103028696685214527   -5.958843551194036006927490234375E+07
        1.626000000000102918562561171711   -5.972012476547557860612869262695E+07
        1.627000000000102808428437128896   -5.985224236256118118762969970703E+07
        1.628000000000102698294313086080   -5.998479003008895367383956909180E+07
        1.629000000000102588160189043265   -6.011776950196678936481475830078E+07
        1.630000000000102478026065000449   -6.025118251915115863084793090820E+07
        1.631000000000102367891940957634   -6.038503082967980206012725830078E+07
        1.632000000000102257757816914818   -6.051931618870452791452407836914E+07
        1.633000000000102147623692872003   -6.065404035852423310279846191406E+07
        1.634000000000102037489568829187   -6.078920510861799865961074829102E+07
        1.635000000000101927355444786372   -6.092481221567840874195098876953E+07
        1.636000000000101817221320743556   -6.106086346364507824182510375977E+07
        1.637000000000101707087196700741   -6.119736064373824000358581542969E+07
        1.638000000000101596953072657925   -6.133430555449261516332626342773E+07
        1.639000000000101486818948615110   -6.147170000179135799407958984375E+07
        1.640000000000101376684824572294   -6.160954579890019446611404418945E+07
        1.641000000000101266550700529478   -6.174784476650178432464599609375E+07
        1.642000000000101156416576486663   -6.188659873273020237684249877930E+07
        1.643000000000101046282452443847   -6.202580953320558369159698486328E+07
        1.644000000000100936148328401032   -6.216547901106900721788406372070E+07
        1.645000000000100826014204358216   -6.230560901701749861240386962891E+07
        1.646000000000100715880080315401   -6.244620140933919697999954223633E+07
        1.647000000000100605745956272585   -6.258725805394873023033142089844E+07
        1.648000000000100495611832229770   -6.272878082442273944616317749023E+07
        1.649000000000100385477708186954   -6.287077160203564167022705078125E+07
        1.650000000000100275343584144139   -6.301323227579548209905624389648E+07
        1.651000000000100165209460101323   -6.315616474248006939888000488281E+07
        1.652000000000100055075336058508   -6.329957090667318552732467651367E+07
        1.653000000000099944941212015692   -6.344345268080104887485504150391E+07
        1.654000000000099834807087972877   -6.358781198516894131898880004883E+07
        1.655000000000099724672963930061   -6.373265074799798429012298583984E+07
        1.656000000000099614538839887246   -6.387797090546216815710067749023E+07
        1.657000000000099504404715844430   -6.402377440172548592090606689453E+07
        1.658000000000099394270591801615   -6.417006318897936493158340454102E+07
        1.659000000000099284136467758799   -6.431683922748011350631713867188E+07
        1.660000000000099174002343715983   -6.446410448558676987886428833008E+07
        1.661000000000099063868219673168   -6.461186093979896605014801025391E+07
        1.662000000000098953734095630352   -6.476011057479504495859146118164E+07
        1.663000000000098843599971587537   -6.490885538347037136554718017578E+07
        1.664000000000098733465847544721   -6.505809736697585135698318481445E+07
        1.665000000000098623331723501906   -6.520783853475660085678100585938E+07
        1.666000000000098513197599459090   -6.535808090459088236093521118164E+07
        1.667000000000098403063475416275   -6.550882650262913107872009277344E+07
        1.668000000000098292929351373459   -6.566007736343327909708023071289E+07
        1.669000000000098182795227330644   -6.581183553001619875431060791016E+07
        1.670000000000098072661103287828   -6.596410305388138443231582641602E+07
        1.671000000000097962526979245013   -6.611688199506284296512603759766E+07
        1.672000000000097852392855202197   -6.627017442216514796018600463867E+07
        1.673000000000097742258731159382   -6.642398241240371763706207275391E+07
        1.674000000000097632124607116566   -6.657830805164531618356704711914E+07
        1.675000000000097521990483073751   -6.673315343444873392581939697266E+07
        1.676000000000097411856359030935   -6.688852066410561650991439819336E+07
        1.677000000000097301722234988119   -6.704441185268162190914154052734E+07
        1.678000000000097191588110945304   -6.720082912105771899223327636719E+07
        1.679000000000097081453986902488   -6.735777459897165000438690185547E+07
        1.680000000000096971319862859673   -6.751525042505967617034912109375E+07
        1.681000000000096861185738816857   -6.767325874689848721027374267578E+07
        1.682000000000096751051614774042   -6.783180172104734182357788085938E+07
        1.683000000000096640917490731226   -6.799088151309041678905487060547E+07
        1.684000000000096530783366688411   -6.815050029767936468124389648438E+07
        1.685000000000096420649242645595   -6.831066025857611000537872314453E+07
        1.686000000000096310515118602780   -6.847136358869585394859313964844E+07
        1.687000000000096200380994559964   -6.863261249015022814273834228516E+07
        1.688000000000096090246870517149   -6.879440917429074645042419433594E+07
        1.689000000000095980112746474333   -6.895675586175246536731719970703E+07
        1.690000000000095869978622431518   -6.911965478249782323837280273438E+07
        1.691000000000095759844498388702   -6.928310817586077749729156494141E+07
        1.692000000000095649710374345887   -6.944711829059103131294250488281E+07
        1.693000000000095539576250303071   -6.961168738489861786365509033203E+07
        1.694000000000095429442126260255   -6.977681772649866342544555664062E+07
        1.695000000000095319308002217440   -6.994251159265632927417755126953E+07
        1.696000000000095209173878174624   -7.010877127023211121559143066406E+07
        1.697000000000095099039754131809   -7.027559905572716891765594482422E+07
        1.698000000000094988905630088993   -7.044299725532907247543334960938E+07
        1.699000000000094878771506046178   -7.061096818495760858058929443359E+07
        1.700000000000094768637382003362   -7.077951417031106352806091308594E+07
        1.701000000000094658503257960547   -7.094863754691241681575775146484E+07
        1.702000000000094548369133917731   -7.111834066015607118606567382812E+07
        1.703000000000094438235009874916   -7.128862586535461246967315673828E+07
        1.704000000000094328100885832100   -7.145949552778592705726623535156E+07
        1.705000000000094217966761789285   -7.163095202274046838283538818359E+07
        1.706000000000094107832637746469   -7.180299773556885123252868652344E+07
        1.707000000000093997698513703654   -7.197563506172956526279449462891E+07
        1.708000000000093887564389660838   -7.214886640683707594871520996094E+07
        1.709000000000093777430265618023   -7.232269418671007454395294189453E+07
        1.710000000000093667296141575207   -7.249712082741999626159667968750E+07
        1.711000000000093557162017532391   -7.267214876533983647823333740234E+07
        1.712000000000093447027893489576   -7.284778044719305634498596191406E+07
        1.713000000000093336893769446760   -7.302401833010290563106536865234E+07
        1.714000000000093226759645403945   -7.320086488164195418357849121094E+07
        1.715000000000093116625521361129   -7.337832257988180220127105712891E+07
        1.716000000000093006491397318314   -7.355639391344311833381652832031E+07
        1.717000000000092896357273275498   -7.373508138154591619968414306641E+07
        1.718000000000092786223149232683   -7.391438749406009912490844726562E+07
        1.719000000000092676089025189867   -7.409431477155612409114837646484E+07
        1.720000000000092565954901147052   -7.427486574535617232322692871094E+07
        1.721000000000092455820777104236   -7.445604295758534967899322509766E+07
        1.722000000000092345686653061421   -7.463784896122330427169799804688E+07
        1.723000000000092235552529018605   -7.482028632015605270862579345703E+07
        1.724000000000092125418404975790   -7.500335760922798514366149902344E+07
        1.725000000000092015284280932974   -7.518706541429428756237030029297E+07
        1.726000000000091905150156890159   -7.537141233227345347404479980469E+07
        1.727000000000091795016032847343   -7.555640097120027244091033935547E+07
        1.728000000000091684881908804527   -7.574203395027896761894226074219E+07
        1.729000000000091574747784761712   -7.592831389993654191493988037109E+07
        1.730000000000091464613660718896   -7.611524346187651157379150390625E+07
        1.731000000000091354479536676081   -7.630282528913287818431854248047E+07
        1.732000000000091244345412633265   -7.649106204612433910369873046875E+07
        1.733000000000091134211288590450   -7.667995640870882570743560791016E+07
        1.734000000000091024077164547634   -7.686951106423828005790710449219E+07
        1.735000000000090913943040504819   -7.705972871161369979381561279297E+07
        1.736000000000090803808916462003   -7.725061206134057044982910156250E+07
        1.737000000000090693674792419188   -7.744216383558441698551177978516E+07
        1.738000000000090583540668376372   -7.763438676822674274444580078125E+07
        1.739000000000090473406544333557   -7.782728360492126643657684326172E+07
        1.740000000000090363272420290741   -7.802085710315036773681640625000E+07
        1.741000000000090253138296247926   -7.821511003228189051151275634766E+07
        1.742000000000090143004172205110   -7.841004517362618446350097656250E+07
        1.743000000000090032870048162295   -7.860566532049347460269927978516E+07
        1.744000000000089922735924119479   -7.880197327825152873992919921875E+07
        1.745000000000089812601800076663   -7.899897186438359320163726806641E+07
        1.746000000000089702467676033848   -7.919666390854662656784057617188E+07
        1.747000000000089592333551991032   -7.939505225262983143329620361328E+07
        1.748000000000089482199427948217   -7.959413975081348419189453125000E+07
        1.749000000000089372065303905401   -7.979392926962812244892120361328E+07
        1.750000000000089261931179862586   -7.999442368801391124725341796875E+07
        1.751000000000089151797055819770   -8.019562589738048613071441650391E+07
        1.752000000000089041662931776955   -8.039753880166691541671752929688E+07
        1.753000000000088931528807734139   -8.060016531740204989910125732422E+07
        1.754000000000088821394683691324   -8.080350837376525998115539550781E+07
        1.755000000000088711260559648508   -8.100757091264738142490386962891E+07
        1.756000000000088601126435605693   -8.121235588871201872825622558594E+07
        1.757000000000088490992311562877   -8.141786626945708692073822021484E+07
        1.758000000000088380858187520062   -8.162410503527677059173583984375E+07
        1.759000000000088270724063477246   -8.183107517952378094196319580078E+07
        1.760000000000088160589939434431   -8.203877970857188105583190917969E+07
        1.761000000000088050455815391615   -8.224722164187879860401153564453E+07
        1.762000000000087940321691348800   -8.245640401204931735992431640625E+07
        1.763000000000087830187567305984   -8.266632986489893496036529541016E+07
        1.764000000000087720053443263168   -8.287700225951763987541198730469E+07
        1.765000000000087609919319220353   -8.308842426833407580852508544922E+07
        1.766000000000087499785195177537   -8.330059897718006372451782226562E+07
        1.767000000000087389651071134722   -8.351352948535545170307159423828E+07
        1.768000000000087279516947091906   -8.372721890569329261779785156250E+07
        1.769000000000087169382823049091   -8.394167036462526023387908935547E+07
        1.770000000000087059248699006275   -8.415688700224763154983520507812E+07
        1.771000000000086949114574963460   -8.437287197238729894161224365234E+07
        1.772000000000086838980450920644   -8.458962844266840815544128417969E+07
        1.773000000000086728846326877829   -8.480715959457920491695404052734E+07
        1.774000000000086618712202835013   -8.502546862353917956352233886719E+07
        1.775000000000086508578078792198   -8.524455873896665871143341064453E+07
        1.776000000000086398443954749382   -8.546443316434669494628906250000E+07
        1.777000000000086288309830706567   -8.568509513729934394359588623047E+07
        1.778000000000086178175706663751   -8.590654790964818000793457031250E+07
        1.779000000000086068041582620936   -8.612879474748931825160980224609E+07
        1.780000000000085957907458578120   -8.635183893126070499420166015625E+07
        1.781000000000085847773334535304   -8.657568375581179559230804443359E+07
        1.782000000000085737639210492489   -8.680033253047353029251098632812E+07
        1.783000000000085627505086449673   -8.702578857912872731685638427734E+07
        1.784000000000085517370962406858   -8.725205524028286337852478027344E+07
        1.785000000000085407236838364042   -8.747913586713512241840362548828E+07
        1.786000000000085297102714321227   -8.770703382764992117881774902344E+07
        1.787000000000085186968590278411   -8.793575250462879240512847900391E+07
        1.788000000000085076834466235596   -8.816529529578253626823425292969E+07
        1.789000000000084966700342192780   -8.839566561380378901958465576172E+07
        1.790000000000084856566218149965   -8.862686688644009828567504882812E+07
        1.791000000000084746432094107149   -8.885890255656711757183074951172E+07
        1.792000000000084636297970064334   -8.909177608226242661476135253906E+07
        1.793000000000084526163846021518   -8.932549093687961995601654052734E+07
        1.794000000000084416029721978703   -8.956005060912275314331054687500E+07
        1.795000000000084305895597935887   -8.979545860312126576900482177734E+07
        1.796000000000084195761473893072   -9.003171843850520253181457519531E+07
        1.797000000000084085627349850256   -9.026883365048082172870635986328E+07
        1.798000000000083975493225807440   -9.050680778990668058395385742188E+07
        1.799000000000083865359101764625   -9.074564442337010800838470458984E+07
        1.800000000000083755224977721809   -9.098534713326391577720642089844E+07
        1.801000000000083645090853678994   -9.122591951786367595195770263672E+07
        1.802000000000083534956729636178   -9.146736519140541553497314453125E+07
        1.803000000000083424822605593363   -9.170968778416354954242706298828E+07
        1.804000000000083314688481550547   -9.195289094252932071685791015625E+07
        1.805000000000083204554357507732   -9.219697832908965647220611572266E+07
        1.806000000000083094420233464916   -9.244195362270647287368774414062E+07
        1.807000000000082984286109422101   -9.268782051859621703624725341797E+07
        1.808000000000082874151985379285   -9.293458272841000556945800781250E+07
        1.809000000000082764017861336470   -9.318224398031409084796905517578E+07
        1.810000000000082653883737293654   -9.343080801907074451446533203125E+07
        1.811000000000082543749613250839   -9.368027860611961781978607177734E+07
        1.812000000000082433615489208023   -9.393065951965948939323425292969E+07
        1.813000000000082323481365165208   -9.418195455473043024539947509766E+07
        1.814000000000082213347241122392   -9.443416752329632639884948730469E+07
        1.815000000000082103213117079576   -9.468730225432799756526947021484E+07
        1.816000000000081993078993036761   -9.494136259388661384582519531250E+07
        1.817000000000081882944868993945   -9.519635240520761907100677490234E+07
        1.818000000000081772810744951130   -9.545227556878498196601867675781E+07
        1.819000000000081662676620908314   -9.570913598245607316493988037109E+07
        1.820000000000081552542496865499   -9.596693756148678064346313476562E+07
        1.821000000000081442408372822683   -9.622568423865716159343719482422E+07
        1.822000000000081332274248779868   -9.648537996434760093688964843750E+07
        1.823000000000081222140124737052   -9.674602870662535727024078369141E+07
        1.824000000000081112006000694237   -9.700763445133146643638610839844E+07
        1.825000000000081001871876651421   -9.727020120216824114322662353516E+07
        1.826000000000080891737752608606   -9.753373298078724741935729980469E+07
        1.827000000000080781603628565790   -9.779823382687757909297943115234E+07
        1.828000000000080671469504522975   -9.806370779825469851493835449219E+07
        1.829000000000080561335380480159   -9.833015897094975411891937255859E+07
        1.830000000000080451201256437344   -9.859759143929928541183471679688E+07
        1.831000000000080341067132394528   -9.886600931603546440601348876953E+07
        1.832000000000080230933008351712   -9.913541673237681388854980468750E+07
        1.833000000000080120798884308897   -9.940581783811934292316436767578E+07
        1.834000000000080010664760266081   -9.967721680172824859619140625000E+07
        1.835000000000079900530636223266   -9.994961781042994558811187744141E+07
        1.836000000000079790396512180450   -1.002230250703046917915344238281E+08
        1.837000000000079680262388137635   -1.004974428063797503709793090820E+08
        1.838000000000079570128264094819   -1.007728752627229094505310058594E+08
        1.839000000000079459994140052004   -1.010493267025364786386489868164E+08
        1.840000000000079349860016009188   -1.013268014082519412040710449219E+08
        1.841000000000079239725891966373   -1.016053036816250234842300415039E+08
        1.842000000000079129591767923557   -1.018848378438311517238616943359E+08
        1.843000000000079019457643880742   -1.021654082355615347623825073242E+08
        1.844000000000078909323519837926   -1.024470192171197235584259033203E+08
        1.845000000000078799189395795111   -1.027296751685186475515365600586E+08
        1.846000000000078689055271752295   -1.030133804895781874656677246094E+08
        1.847000000000078578921147709480   -1.032981396000232845544815063477E+08
        1.848000000000078468787023666664   -1.035839569395824670791625976562E+08
        1.849000000000078358652899623848   -1.038708369680870324373245239258E+08
        1.850000000000078248518775581033   -1.041587841655706167221069335938E+08
        1.851000000000078138384651538217   -1.044478030323693603277206420898E+08
        1.852000000000078028250527495402   -1.047378980892225801944732666016E+08
        1.853000000000077918116403452586   -1.050290738773739784955978393555E+08
        1.854000000000077807982279409771   -1.053213349586734175682067871094E+08
        1.855000000000077697848155366955   -1.056146859156791418790817260742E+08
        1.856000000000077587714031324140   -1.059091313517605662345886230469E+08
        1.857000000000077477579907281324   -1.062046758912016898393630981445E+08
        1.858000000000077367445783238509   -1.065013241793049275875091552734E+08
        1.859000000000077257311659195693   -1.067990808824955970048904418945E+08
        1.860000000000077147177535152878   -1.070979506884268522262573242188E+08
        1.861000000000077037043411110062   -1.073979383060852736234664916992E+08
        1.862000000000076926909287067247   -1.076990484658968746662139892578E+08
        1.863000000000076816775163024431   -1.080012859198339134454727172852E+08
        1.864000000000076706641038981616   -1.083046554415219426155090332031E+08
        1.865000000000076596506914938800   -1.086091618263476639986038208008E+08
        1.866000000000076486372790895985   -1.089148098915673196315765380859E+08
        1.867000000000076376238666853169   -1.092216044764155000448226928711E+08
        1.868000000000076266104542810353   -1.095295504422147274017333984375E+08
        1.869000000000076155970418767538   -1.098386526724854260683059692383E+08
        1.870000000000076045836294724722   -1.101489160730566978454589843750E+08
        1.871000000000075935702170681907   -1.104603455721775144338607788086E+08
        1.872000000000075825568046639091   -1.107729461206285059452056884766E+08
        1.873000000000075715433922596276   -1.110867226918343752622604370117E+08
        1.874000000000075605299798553460   -1.114016802819768786430358886719E+08
        1.875000000000075495165674510645   -1.117178239101084917783737182617E+08
        1.876000000000075385031550467829   -1.120351586182666122913360595703E+08
        1.877000000000075274897426425014   -1.123536894715882986783981323242E+08
        1.878000000000075164763302382198   -1.126734215584257245063781738281E+08
        1.879000000000075054629178339383   -1.129943599904621392488479614258E+08
        1.880000000000074944495054296567   -1.133165099028286039829254150391E+08
        1.881000000000074834360930253752   -1.136398764542212337255477905273E+08
        1.882000000000074724226806210936   -1.139644648270190060138702392578E+08
        1.883000000000074614092682168121   -1.142902802274022549390792846680E+08
        1.884000000000074503958558125305   -1.146173278854718208312988281250E+08
        1.885000000000074393824434082489   -1.149456130553688257932662963867E+08
        1.886000000000074283690310039674   -1.152751410153950750827789306641E+08
        1.887000000000074173556185996858   -1.156059170681340247392654418945E+08
        1.888000000000074063422061954043   -1.159379465405724942684173583984E+08
        1.889000000000073953287937911227   -1.162712347842229157686233520508E+08
        1.890000000000073843153813868412   -1.166057871752463877201080322266E+08
        1.891000000000073733019689825596   -1.169416091145762950181961059570E+08
        1.892000000000073622885565782781   -1.172787060280424356460571289062E+08
        1.893000000000073512751441739965   -1.176170833664961606264114379883E+08
        1.894000000000073402617317697150   -1.179567466059357523918151855469E+08
        1.895000000000073292483193654334   -1.182977012476328462362289428711E+08
        1.896000000000073182349069611519   -1.186399528182593286037445068359E+08
        1.897000000000073072214945568703   -1.189835068700148612260818481445E+08
        1.898000000000072962080821525888   -1.193283689807552695274353027344E+08
        1.899000000000072851946697483072   -1.196745447541214078664779663086E+08
        1.900000000000072741812573440257   -1.200220398196689188480377197266E+08
        1.901000000000072631678449397441   -1.203708598329984694719314575195E+08
        1.902000000000072521544325354625   -1.207210104758868813514709472656E+08
        1.903000000000072411410201311810   -1.210724974564187973737716674805E+08
        1.904000000000072301276077268994   -1.214253265091191530227661132812E+08
        1.905000000000072191141953226179   -1.217795033950863033533096313477E+08
        1.906000000000072081007829183363   -1.221350339021258354187011718750E+08
        1.907000000000071970873705140548   -1.224919238448851853609085083008E+08
        1.908000000000071860739581097732   -1.228501790649888515472412109375E+08
        1.909000000000071750605457054917   -1.232098054311745017766952514648E+08
        1.910000000000071640471333012101   -1.235708088394295871257781982422E+08
        1.911000000000071530337208969286   -1.239331952131288200616836547852E+08
        1.912000000000071420203084926470   -1.242969705031724274158477783203E+08
        1.913000000000071310068960883655   -1.246621406881249994039535522461E+08
        1.914000000000071199934836840839   -1.250287117743551433086395263672E+08
        1.915000000000071089800712798024   -1.253966897961760014295578002930E+08
        1.916000000000070979666588755208   -1.257660808159863650798797607422E+08
        1.917000000000070869532464712393   -1.261368909244125336408615112305E+08
        1.918000000000070759398340669577   -1.265091262404510378837585449219E+08
        1.919000000000070649264216626761   -1.268827929116120487451553344727E+08
        1.920000000000070539130092583946   -1.272578971140636205673217773438E+08
        1.921000000000070428995968541130   -1.276344450527766495943069458008E+08
        1.922000000000070318861844498315   -1.280124429616706371307373046875E+08
        1.923000000000070208727720455499   -1.283918971037601977586746215820E+08
        1.924000000000070098593596412684   -1.287728137713024318218231201172E+08
        1.925000000000069988459472369868   -1.291551992859449535608291625977E+08
        1.926000000000069878325348327053   -1.295390599988748133182525634766E+08
        1.927000000000069768191224284237   -1.299244022909682244062423706055E+08
        1.928000000000069658057100241422   -1.303112325729410350322723388672E+08
        1.929000000000069547922976198606   -1.306995572855000644922256469727E+08
        1.930000000000069437788852155791   -1.310893828994951248168945312500E+08
        1.931000000000069327654728112975   -1.314807159160720854997634887695E+08
        1.932000000000069217520604070160   -1.318735628668265044689178466797E+08
        1.933000000000069107386480027344   -1.322679303139583617448806762695E+08
        1.934000000000068997252355984529   -1.326638248504272997379302978516E+08
        1.935000000000068887118231941713   -1.330612531001089364290237426758E+08
        1.936000000000068776984107898897   -1.334602217179519534111022949219E+08
        1.937000000000068666849983856082   -1.338607373901360481977462768555E+08
        1.938000000000068556715859813266   -1.342628068342306613922119140625E+08
        1.939000000000068446581735770451   -1.346664367993546128273010253906E+08
        1.940000000000068336447611727635   -1.350716340663366317749023437500E+08
        1.941000000000068226313487684820   -1.354784054478766322135925292969E+08
        1.942000000000068116179363642004   -1.358867577887079715728759765625E+08
        1.943000000000068006045239599189   -1.362966979657605290412902832031E+08
        1.944000000000067895911115556373   -1.367082328883246779441833496094E+08
        1.945000000000067785776991513558   -1.371213694982161521911621093750E+08
        1.946000000000067675642867470742   -1.375361147699417471885681152344E+08
        1.947000000000067565508743427927   -1.379524757108660340309143066406E+08
        1.948000000000067455374619385111   -1.383704593613788485527038574219E+08
        1.949000000000067345240495342296   -1.387900727950637340545654296875E+08
        1.950000000000067235106371299480   -1.392113231188672184944152832031E+08
        1.951000000000067124972247256665   -1.396342174732690453529357910156E+08
        1.952000000000067014838123213849   -1.400587630324535369873046875000E+08
        1.953000000000066904703999171034   -1.404849670044814944267272949219E+08
        1.954000000000066794569875128218   -1.409128366314632892608642578125E+08
        1.955000000000066684435751085402   -1.413423791897328495979309082031E+08
        1.956000000000066574301627042587   -1.417736019900225400924682617188E+08
        1.957000000000066464167502999771   -1.422065123776390552520751953125E+08
        1.958000000000066354033378956956   -1.426411177326401472091674804688E+08
        1.959000000000066243899254914140   -1.430774254700124263763427734375E+08
        1.960000000000066133765130871325   -1.435154430398499965667724609375E+08
        1.961000000000066023631006828509   -1.439551779275342822074890136719E+08
        1.962000000000065913496882785694   -1.443966376539145112037658691406E+08
        1.963000000000065803362758742878   -1.448398297754894495010375976562E+08
        1.964000000000065693228634700063   -1.452847618845900297164916992188E+08
        1.965000000000065583094510657247   -1.457314416095628738403320312500E+08
        1.966000000000065472960386614432   -1.461798766149548888206481933594E+08
        1.967000000000065362826262571616   -1.466300746016989350318908691406E+08
        1.968000000000065252692138528801   -1.470820433073003888130187988281E+08
        1.969000000000065142558014485985   -1.475357905060247182846069335938E+08
        1.970000000000065032423890443170   -1.479913240090861916542053222656E+08
        1.971000000000064922289766400354   -1.484486516648374199867248535156E+08
        1.972000000000064812155642357538   -1.489077813589602112770080566406E+08
        1.973000000000064702021518314723   -1.493687210146571397781372070312E+08
        1.974000000000064591887394271907   -1.498314785928444266319274902344E+08
        1.975000000000064481753270229092   -1.502960620923455357551574707031E+08
        1.976000000000064371619146186276   -1.507624795500863194465637207031E+08
        1.977000000000064261485022143461   -1.512307390412906408309936523438E+08
        1.978000000000064151350898100645   -1.517008486796776056289672851562E+08
        1.979000000000064041216774057830   -1.521728166176595091819763183594E+08
        1.980000000000063931082650015014   -1.526466510465409159660339355469E+08
        1.981000000000063820948525972199   -1.531223601967189311981201171875E+08
        1.982000000000063710814401929383   -1.535999523378845453262329101562E+08
        1.983000000000063600680277886568   -1.540794357792249321937561035156E+08
        1.984000000000063490546153843752   -1.545608188696269392967224121094E+08
        1.985000000000063380412029800937   -1.550441099978818297386169433594E+08
        1.986000000000063270277905758121   -1.555293175928908586502075195312E+08
        1.987000000000063160143781715306   -1.560164501238722205162048339844E+08
        1.988000000000063050009657672490   -1.565055161005690097808837890625E+08
        1.989000000000062939875533629674   -1.569965240734581947326660156250E+08
        1.990000000000062829741409586859   -1.574894826339610815048217773438E+08
        1.991000000000062719607285544043   -1.579844004146544933319091796875E+08
        1.992000000000062609473161501228   -1.584812860894834995269775390625E+08
        1.993000000000062499339037458412   -1.589801483739749193191528320312E+08
        1.994000000000062389204913415597   -1.594809960254523158073425292969E+08
        1.995000000000062279070789372781   -1.599838378432521224021911621094E+08
        1.996000000000062168936665329966   -1.604886826689407229423522949219E+08
        1.997000000000062058802541287150   -1.609955393865328431129455566406E+08
        1.998000000000061948668417244335   -1.615044169227112531661987304688E+08
        1.999000000000061838534293201519   -1.620153242470476031303405761719E+08
        2.000000000000061728400169158704   -1.625282703722242712974548339844E+08
        2.001000000000061618266045115888   -1.630432643542577624320983886719E+08
        2.002000000000061508131921073073   -1.635603152927230000495910644531E+08
        2.003000000000061397997797030257   -1.640794323309791684150695800781E+08
        2.004000000000061287863672987442   -1.646006246563965678215026855469E+08
        2.005000000000061177729548944626   -1.651239015005846619606018066406E+08
        2.006000000000061067595424901810   -1.656492721396216750144958496094E+08
        2.007000000000060957461300858995   -1.661767458942850232124328613281E+08
        2.008000000000060847327176816179   -1.667063321302834153175354003906E+08
        2.009000000000060737193052773364   -1.672380402584900259971618652344E+08
        2.010000000000060627058928730548   -1.677718797351769208908081054688E+08
        2.011000000000060516924804687733   -1.683078600622508525848388671875E+08
        2.012000000000060406790680644917   -1.688459907874902486801147460938E+08
        2.013000000000060296656556602102   -1.693862815047836899757385253906E+08
        2.014000000000060186522432559286   -1.699287418543695211410522460938E+08
        2.015000000000060076388308516471   -1.704733815230767726898193359375E+08
        2.016000000000059966254184473655   -1.710202102445675730705261230469E+08
        2.017000000000059856120060430840   -1.715692377995806336402893066406E+08
        2.018000000000059745985936388024   -1.721204740161763429641723632812E+08
        2.019000000000059635851812345209   -1.726739287699831724166870117188E+08
        2.020000000000059525717688302393   -1.732296119844450950622558593750E+08
        2.021000000000059415583564259578   -1.737875336310709118843078613281E+08
        2.022000000000059305449440216762   -1.743477037296844124794006347656E+08
        2.023000000000059195315316173946   -1.749101323486763238906860351562E+08
        2.024000000000059085181192131131   -1.754748296052575111389160156250E+08
        2.025000000000058975047068088315   -1.760418056657133102416992187500E+08
        2.026000000000058864912944045500   -1.766110707456598281860351562500E+08
        2.027000000000058754778820002684   -1.771826351103010177612304687500E+08
        2.028000000000058644644695959869   -1.777565090746877193450927734375E+08
        2.029000000000058534510571917053   -1.783327030039777755737304687500E+08
        2.030000000000058424376447874238   -1.789112273136975765228271484375E+08
        2.031000000000058314242323831422   -1.794920924700053334236145019531E+08
        2.032000000000058204108199788607   -1.800753089899556636810302734375E+08
        2.033000000000058093974075745791   -1.806608874417654871940612792969E+08
        2.034000000000057983839951702976   -1.812488384450815320014953613281E+08
        2.035000000000057873705827660160   -1.818391726712493896484375000000E+08
        2.036000000000057763571703617345   -1.824319008435838222503662109375E+08
        2.037000000000057653437579574529   -1.830270337376408576965332031250E+08
        2.038000000000057543303455531714   -1.836245821814911365509033203125E+08
        2.039000000000057433169331488898   -1.842245570559948086738586425781E+08
        2.040000000000057323035207446082   -1.848269692950781583786010742188E+08
        2.041000000000057212901083403267   -1.854318298860114812850952148438E+08
        2.042000000000057102766959360451   -1.860391498696888089179992675781E+08
        2.043000000000056992632835317636   -1.866489403409087657928466796875E+08
        2.044000000000056882498711274820   -1.872612124486573934555053710938E+08
        2.045000000000056772364587232005   -1.878759773963922858238220214844E+08
        2.046000000000056662230463189189   -1.884932464423283934593200683594E+08
        2.047000000000056552096339146374   -1.891130308997253179550170898438E+08
        2.048000000000056441962215103558   -1.897353421371764540672302246094E+08
        2.049000000000056331828091060743   -1.903601915788995027542114257812E+08
        2.050000000000056221693967017927   -1.909875907050285935401916503906E+08
        2.051000000000056111559842975112   -1.916175510519080758094787597656E+08
        2.052000000000056001425718932296   -1.922500842123878598213195800781E+08
        2.053000000000055891291594889481   -1.928852018361207246780395507812E+08
        2.054000000000055781157470846665   -1.935229156298608183860778808594E+08
        2.055000000000055671023346803850   -1.941632373577641844749450683594E+08
        2.056000000000055560889222761034   -1.948061788416907787322998046875E+08
        2.057000000000055450755098718219   -1.954517519615081548690795898438E+08
        2.058000000000055340620974675403   -1.960999686553968191146850585938E+08
        2.059000000000055230486850632587   -1.967508409201574325561523437500E+08
        2.060000000000055120352726589772   -1.974043808115195631980895996094E+08
        2.061000000000055010218602546956   -1.980606004444522857666015625000E+08
        2.062000000000054900084478504141   -1.987195119934764504432678222656E+08
        2.063000000000054789950354461325   -1.993811276929785609245300292969E+08
        2.064000000000054679816230418510   -2.000454598375267386436462402344E+08
        2.065000000000054569682106375694   -2.007125207821880578994750976562E+08
        2.066000000000054459547982332879   -2.013823229428478479385375976562E+08
        2.067000000000054349413858290063   -2.020548787965307235717773437500E+08
        2.068000000000054239279734247248   -2.027302008817235231399536132812E+08
        2.069000000000054129145610204432   -2.034083017986999154090881347656E+08
        2.070000000000054019011486161617   -2.040891942098468542098999023438E+08
        2.071000000000053908877362118801   -2.047728908399928212165832519531E+08
        2.072000000000053798743238075986   -2.054594044767380356788635253906E+08
        2.073000000000053688609114033170   -2.061487479707863330841064453125E+08
        2.074000000000053578474989990355   -2.068409342362788915634155273438E+08
        2.075000000000053468340865947539   -2.075359762511300444602966308594E+08
        2.076000000000053358206741904723   -2.082338870573647022247314453125E+08
        2.077000000000053248072617861908   -2.089346797614578008651733398438E+08
        2.078000000000053137938493819092   -2.096383675346757173538208007812E+08
        2.079000000000053027804369776277   -2.103449636134194135665893554688E+08
        2.080000000000052917670245733461   -2.110544812995697259902954101562E+08
        2.081000000000052807536121690646   -2.117669339608342647552490234375E+08
        2.082000000000052697401997647830   -2.124823350310965776443481445312E+08
        2.083000000000052587267873605015   -2.132006980107671022415161132812E+08
        2.084000000000052477133749562199   -2.139220364671360254287719726562E+08
        2.085000000000052366999625519384   -2.146463640347283482551574707031E+08
        2.086000000000052256865501476568   -2.153736944156606793403625488281E+08
        2.087000000000052146731377433753   -2.161040413800001144409179687500E+08
        2.088000000000052036597253390937   -2.168374187661253213882446289062E+08
        2.089000000000051926463129348122   -2.175738404810893535614013671875E+08
        2.090000000000051816329005305306   -2.183133205009847283363342285156E+08
        2.091000000000051706194881262491   -2.190558728713103532791137695312E+08
        2.092000000000051596060757219675   -2.198015117073407173156738281250E+08
        2.093000000000051485926633176859   -2.205502511944969892501831054688E+08
        2.094000000000051375792509134044   -2.213021055887202024459838867188E+08
        2.095000000000051265658385091228   -2.220570892168465852737426757812E+08
        2.096000000000051155524261048413   -2.228152164769852757453918457031E+08
        2.097000000000051045390137005597   -2.235765018388975858688354492188E+08
        2.098000000000050935256012962782   -2.243409598443788290023803710938E+08
        2.099000000000050825121888919966   -2.251086051076421141624450683594E+08
        2.100000000000050714987764877151   -2.258794523157044649124145507812E+08
        2.101000000000050604853640834335   -2.266535162287749052047729492188E+08
        2.102000000000050494719516791520   -2.274308116806447505950927734375E+08
        2.103000000000050384585392748704   -2.282113535790803432464599609375E+08
        2.104000000000050274451268705889   -2.289951569062177538871765136719E+08
        2.105000000000050164317144663073   -2.297822367189596891403198242188E+08
        2.106000000000050054183020620258   -2.305726081493747830390930175781E+08
        2.107000000000049944048896577442   -2.313662864050991535186767578125E+08
        2.108000000000049833914772534627   -2.321632867697400450706481933594E+08
        2.109000000000049723780648491811   -2.329636246032818555831909179688E+08
        2.110000000000049613646524448995   -2.337673153424943685531616210938E+08
        2.111000000000049503512400406180   -2.345743745013436079025268554688E+08
        2.112000000000049393378276363364   -2.353848176714044809341430664062E+08
        2.113000000000049283244152320549   -2.361986605222762227058410644531E+08
        2.114000000000049173110028277733   -2.370159188019999265670776367188E+08
        2.115000000000049062975904234918   -2.378366083374785780906677246094E+08
        2.116000000000048952841780192102   -2.386607450348992347717285156250E+08
        2.117000000000048842707656149287   -2.394883448801578283309936523438E+08
        2.118000000000048732573532106471   -2.403194239392863512039184570312E+08
        2.119000000000048622439408063656   -2.411539983588823080062866210938E+08
        2.120000000000048512305284020840   -2.419920843665407896041870117188E+08
        2.121000000000048402171159978025   -2.428336982712886929512023925781E+08
        2.122000000000048292037035935209   -2.436788564640216827392578125000E+08
        2.123000000000048181902911892394   -2.445275754179435968399047851562E+08
        2.124000000000048071768787849578   -2.453798716890082359313964843750E+08
        2.125000000000047961634663806763   -2.462357619163635373115539550781E+08
        2.126000000000047851500539763947   -2.470952628227986097335815429688E+08
        2.127000000000047741366415721131   -2.479583912151930928230285644531E+08
        2.128000000000047631232291678316   -2.488251639849689006805419921875E+08
        2.129000000000047521098167635500   -2.496955981085450053215026855469E+08
        2.130000000000047410964043592685   -2.505697106477941870689392089844E+08
        2.131000000000047300829919549869   -2.514475187505028843879699707031E+08
        2.132000000000047190695795507054   -2.523290396508334279060363769531E+08
        2.133000000000047080561671464238   -2.532142906697888970375061035156E+08
        2.134000000000046970427547421423   -2.541032892156805992126464843750E+08
        2.135000000000046860293423378607   -2.549960527845982313156127929688E+08
        2.136000000000046750159299335792   -2.558925989608829021453857421875E+08
        2.137000000000046640025175292976   -2.567929454176025986671447753906E+08
        2.138000000000046529891051250161   -2.576971099170303344726562500000E+08
        2.139000000000046419756927207345   -2.586051103111251592636108398438E+08
        2.140000000000046309622803164530   -2.595169645420158505439758300781E+08
        2.141000000000046199488679121714   -2.604326906424874067306518554688E+08
        2.142000000000046089354555078899   -2.613523067364702820777893066406E+08
        2.143000000000045979220431036083   -2.622758310395322442054748535156E+08
        2.144000000000045869086306993267   -2.632032818593732714653015136719E+08
        2.145000000000045758952182950452   -2.641346775963230729103088378906E+08
        2.146000000000045648818058907636   -2.650700367438417077064514160156E+08
        2.147000000000045538683934864821   -2.660093778890228271484375000000E+08
        2.148000000000045428549810822005   -2.669527197130998373031616210938E+08
        2.149000000000045318415686779190   -2.679000809919548630714416503906E+08
        2.150000000000045208281562736374   -2.688514805966306924819946289062E+08
        2.151000000000045098147438693559   -2.698069374938458800315856933594E+08
        2.152000000000044988013314650743   -2.707664707465124130249023437500E+08
        2.153000000000044877879190607928   -2.717300995142565369606018066406E+08
        2.154000000000044767745066565112   -2.726978430539423227310180664062E+08
        2.155000000000044657610942522297   -2.736697207201985716819763183594E+08
        2.156000000000044547476818479481   -2.746457519659484624862670898438E+08
        2.157000000000044437342694436666   -2.756259563429426550865173339844E+08
        2.158000000000044327208570393850   -2.766103535022946596145629882812E+08
        2.159000000000044217074446351035   -2.775989631950199007987976074219E+08
        2.160000000000044106940322308219   -2.785918052725775241851806640625E+08
        2.161000000000043996806198265404   -2.795888996874157786369323730469E+08
        2.162000000000043886672074222588   -2.805902664935200214385986328125E+08
        2.163000000000043776537950179772   -2.815959258469640612602233886719E+08
        2.164000000000043666403826136957   -2.826058980064644813537597656250E+08
        2.165000000000043556269702094141   -2.836202033339384198188781738281E+08
        2.166000000000043446135578051326   -2.846388622950644493103027343750E+08
        2.167000000000043336001454008510   -2.856618954598466753959655761719E+08
        2.168000000000043225867329965695   -2.866893235031816959381103515625E+08
        2.169000000000043115733205922879   -2.877211672054296135902404785156E+08
        2.170000000000043005599081880064   -2.887574474529873132705688476562E+08
        2.171000000000042895464957837248   -2.897981852388660311698913574219E+08
        2.172000000000042785330833794433   -2.908434016632715463638305664062E+08
        2.173000000000042675196709751617   -2.918931179341880679130554199219E+08
        2.174000000000042565062585708802   -2.929473553679651021957397460938E+08
        2.175000000000042454928461665986   -2.940061353899081349372863769531E+08
        2.176000000000042344794337623171   -2.950694795348724126815795898438E+08
        2.177000000000042234660213580355   -2.961374094478600621223449707031E+08
        2.178000000000042124526089537540   -2.972099468846210241317749023438E+08
        2.179000000000042014391965494724   -2.982871137122570872306823730469E+08
        2.180000000000041904257841451908   -2.993689319098296165466308593750E+08
        2.181000000000041794123717409093   -3.004554235689705014228820800781E+08
        2.182000000000041683989593366277   -3.015466108944967985153198242188E+08
        2.183000000000041573855469323462   -3.026425162050291895866394042969E+08
        2.184000000000041463721345280646   -3.037431619336133003234863281250E+08
        2.185000000000041353587221237831   -3.048485706283453106880187988281E+08
        2.186000000000041243453097195015   -3.059587649530009031295776367188E+08
        2.187000000000041133318973152200   -3.070737676876676678657531738281E+08
        2.188000000000041023184849109384   -3.081936017293810844421386718750E+08
        2.189000000000040913050725066569   -3.093182900927649140357971191406E+08
        2.190000000000040802916601023753   -3.104478559106742143630981445312E+08
        2.191000000000040692782476980938   -3.115823224348428845405578613281E+08
        2.192000000000040582648352938122   -3.127217130365344285964965820312E+08
        2.193000000000040472514228895307   -3.138660512071970105171203613281E+08
        2.194000000000040362380104852491   -3.150153605591217279434204101562E+08
        2.195000000000040252245980809676   -3.161696648261050581932067871094E+08
        2.196000000000040142111856766860   -3.173289878641148805618286132812E+08
        2.197000000000040031977732724044   -3.184933536519604325294494628906E+08
        2.198000000000039921843608681229   -3.196627862919664382934570312500E+08
        2.199000000000039811709484638413   -3.208373100106506943702697753906E+08
        2.200000000000039701575360595598   -3.220169491594057083129882812500E+08
        2.201000000000039591441236552782   -3.232017282151843905448913574219E+08
        2.202000000000039481307112509967   -3.243916717811897993087768554688E+08
        2.203000000000039371172988467151   -3.255868045875684618949890136719E+08
        2.204000000000039261038864424336   -3.267871514921079874038696289062E+08
        2.205000000000039150904740381520   -3.279927374809389710426330566406E+08
        2.206000000000039040770616338705   -3.292035876692403554916381835938E+08
        2.207000000000038930636492295889   -3.304197273019494414329528808594E+08
        2.208000000000038820502368253074   -3.316411817544757127761840820312E+08
        2.209000000000038710368244210258   -3.328679765334188342094421386719E+08
        2.210000000000038600234120167443   -3.341001372772909402847290039062E+08
        2.211000000000038490099996124627   -3.353376897572427392005920410156E+08
        2.212000000000038379965872081812   -3.365806598777946233749389648438E+08
        2.213000000000038269831748038996   -3.378290736775709986686706542969E+08
        2.214000000000038159697623996180   -3.390829573300398588180541992188E+08
        2.215000000000038049563499953365   -3.403423371442558169364929199219E+08
        2.216000000000037939429375910549   -3.416072395656079053878784179688E+08
        2.217000000000037829295251867734   -3.428776911765716671943664550781E+08
        2.218000000000037719161127824918   -3.441537186974656581878662109375E+08
        2.219000000000037609027003782103   -3.454353489872120022773742675781E+08
        2.220000000000037498892879739287   -3.467226090441020727157592773438E+08
        2.221000000000037388758755696472   -3.480155260065656304359436035156E+08
        2.222000000000037278624631653656   -3.493141271539455652236938476562E+08
        2.223000000000037168490507610841   -3.506184399072760939598083496094E+08
        2.224000000000037058356383568025   -3.519284918300663232803344726562E+08
        2.225000000000036948222259525210   -3.532443106290879845619201660156E+08
        2.226000000000036838088135482394   -3.545659241551674604415893554688E+08
        2.227000000000036727954011439579   -3.558933604039830565452575683594E+08
        2.228000000000036617819887396763   -3.572266475168665647506713867188E+08
        2.229000000000036507685763353948   -3.585658137816094756126403808594E+08
        2.230000000000036397551639311132   -3.599108876332738399505615234375E+08
        2.231000000000036287417515268316   -3.612618976550083756446838378906E+08
        2.232000000000036177283391225501   -3.626188725788687467575073242188E+08
        2.233000000000036067149267182685   -3.639818412866424918174743652344E+08
        2.234000000000035957015143139870   -3.653508328106795549392700195312E+08
        2.235000000000035846881019097054   -3.667258763347271084785461425781E+08
        2.236000000000035736746895054239   -3.681070011947691440582275390625E+08
        2.237000000000035626612771011423   -3.694942368798714280128479003906E+08
        2.238000000000035516478646968608   -3.708876130330309867858886718750E+08
        2.239000000000035406344522925792   -3.722871594520305991172790527344E+08
        2.240000000000035296210398882977   -3.736929060902985334396362304688E+08
        2.241000000000035186076274840161   -3.751048830577732920646667480469E+08
        2.242000000000035075942150797346   -3.765231206217731237411499023438E+08
        2.243000000000034965808026754530   -3.779476492078709006309509277344E+08
        2.244000000000034855673902711715   -3.793784994007737636566162109375E+08
        2.245000000000034745539778668899   -3.808157019452083706855773925781E+08
        2.246000000000034635405654626084   -3.822592877468111515045166015625E+08
        2.247000000000034525271530583268   -3.837092878730235695838928222656E+08
        2.248000000000034415137406540453   -3.851657335539929866790771484375E+08
        2.249000000000034305003282497637   -3.866286561834785342216491699219E+08
        2.250000000000034194869158454821   -3.880980873197623491287231445312E+08
        2.251000000000034084735034412006   -3.895740586865660548210144042969E+08
        2.252000000000033974600910369190   -3.910566021739730834960937500000E+08
        2.253000000000033864466786326375   -3.925457498393556475639343261719E+08
        2.254000000000033754332662283559   -3.940415339083079099655151367188E+08
        2.255000000000033644198538240744   -3.955439867755842804908752441406E+08
        2.256000000000033534064414197928   -3.970531410060429573059082031250E+08
        2.257000000000033423930290155113   -3.985690293355955481529235839844E+08
        2.258000000000033313796166112297   -4.000916846721619367599487304688E+08
        2.259000000000033203662042069482   -4.016211400966307520866394042969E+08
        2.260000000000033093527918026666   -4.031574288638256788253784179688E+08
        2.261000000000032983393793983851   -4.047005844034772515296936035156E+08
        2.262000000000032873259669941035   -4.062506403212004899978637695312E+08
        2.263000000000032763125545898220   -4.078076303994782567024230957031E+08
        2.264000000000032652991421855404   -4.093715885986502170562744140625E+08
        2.265000000000032542857297812589   -4.109425490579079985618591308594E+08
        2.266000000000032432723173769773   -4.125205460962959527969360351562E+08
        2.267000000000032322589049726957   -4.141056142137177586555480957031E+08
        2.268000000000032212454925684142   -4.156977880919491052627563476562E+08
        2.269000000000032102320801641326   -4.172971025956563353538513183594E+08
        2.270000000000031992186677598511   -4.189035927734209299087524414062E+08
        2.271000000000031882052553555695   -4.205172938587703108787536621094E+08
        2.272000000000031771918429512880   -4.221382412712143659591674804688E+08
        2.273000000000031661784305470064   -4.237664706172884106636047363281E+08
        2.274000000000031551650181427249   -4.254020176916021108627319335938E+08
        2.275000000000031441516057384433   -4.270449184778946042060852050781E+08
        2.276000000000031331381933341618   -4.286952091500960588455200195312E+08
        2.277000000000031221247809298802   -4.303529260733951926231384277344E+08
        2.278000000000031111113685255987   -4.320181058053133487701416015625E+08
        2.279000000000031000979561213171   -4.336907850967847704887390136719E+08
        2.280000000000030890845437170356   -4.353710008932431936264038085938E+08
        2.281000000000030780711313127540   -4.370587903357152342796325683594E+08
        2.282000000000030670577189084725   -4.387541907619197368621826171875E+08
        2.283000000000030560443065041909   -4.404572397073741555213928222656E+08
        2.284000000000030450308940999093   -4.421679749065067768096923828125E+08
        2.285000000000030340174816956278   -4.438864342937762141227722167969E+08
        2.286000000000030230040692913462   -4.456126560047972202301025390625E+08
        2.287000000000030119906568870647   -4.473466783774731755256652832031E+08
        2.288000000000030009772444827831   -4.490885399531353712081909179688E+08
        2.289000000000029899638320785016   -4.508382794776888489723205566406E+08
        2.290000000000029789504196742200   -4.525959359027652740478515625000E+08
        2.291000000000029679370072699385   -4.543615483868824839591979980469E+08
        2.292000000000029569235948656569   -4.561351562966108322143554687500E+08
        2.293000000000029459101824613754   -4.579167992077469229698181152344E+08
        2.294000000000029348967700570938   -4.597065169064935445785522460938E+08
        2.295000000000029238833576528123   -4.615043493906472325325012207031E+08
        2.296000000000029128699452485307   -4.633103368707926273345947265625E+08
        2.297000000000029018565328442492   -4.651245197715039849281311035156E+08
        2.298000000000028908431204399676   -4.669469387325538396835327148438E+08
        2.299000000000028798297080356861   -4.687776346101287007331848144531E+08
        2.300000000000028688162956314045   -4.706166484780520200729370117188E+08
        2.301000000000028578028832271229   -4.724640216290147900581359863281E+08
        2.302000000000028467894708228414   -4.743197955758128166198730468750E+08
        2.303000000000028357760584185598   -4.761840120525918602943420410156E+08
        2.304000000000028247626460142783   -4.780567130160999298095703125000E+08
        2.305000000000028137492336099967   -4.799379406469470858573913574219E+08
        2.306000000000028027358212057152   -4.818277373508728742599487304688E+08
        2.307000000000027917224088014336   -4.837261457600210309028625488281E+08
        2.308000000000027807089963971521   -4.856332087342220544815063476562E+08
        2.309000000000027696955839928705   -4.875489693622832894325256347656E+08
        2.310000000000027586821715885890   -4.894734709632868766784667968750E+08
        2.311000000000027476687591843074   -4.914067570878948569297790527344E+08
        2.312000000000027366553467800259   -4.933488715196629762649536132812E+08
        2.313000000000027256419343757443   -4.952998582763611674308776855469E+08
        2.314000000000027146285219714628   -4.972597616113032102584838867188E+08
        2.315000000000027036151095671812   -4.992286260146831870079040527344E+08
        2.316000000000026926016971628997   -5.012064962149207592010498046875E+08
        2.317000000000026815882847586181   -5.031934171800138354301452636719E+08
        2.318000000000026705748723543365   -5.051894341188998222351074218750E+08
        2.319000000000026595614599500550   -5.071945924828246235847473144531E+08
        2.320000000000026485480475457734   -5.092089379667197465896606445312E+08
        2.321000000000026375346351414919   -5.112325165105883479118347167969E+08
        2.322000000000026265212227372103   -5.132653743008987903594970703125E+08
        2.323000000000026155078103329288   -5.153075577719869017601013183594E+08
        2.324000000000026044943979286472   -5.173591136074663400650024414062E+08
        2.325000000000025934809855243657   -5.194200887416476607322692871094E+08
        2.326000000000025824675731200841   -5.214905303609660863876342773438E+08
        2.327000000000025714541607158026   -5.235704859054171442985534667969E+08
        2.328000000000025604407483115210   -5.256600030700014829635620117188E+08
        2.329000000000025494273359072395   -5.277591298061781525611877441406E+08
        2.330000000000025384139235029579   -5.298679143233267068862915039062E+08
        2.331000000000025274005110986764   -5.319864050902175307273864746094E+08
        2.332000000000025163870986943948   -5.341146508364918231964111328125E+08
        2.333000000000025053736862901133   -5.362527005541500449180603027344E+08
        2.334000000000024943602738858317   -5.384006034990489482879638671875E+08
        2.335000000000024833468614815501   -5.405584091924078464508056640625E+08
        2.336000000000024723334490772686   -5.427261674223244190216064453125E+08
        2.337000000000024613200366729870   -5.449039282452991008758544921875E+08
        2.338000000000024503066242687055   -5.470917419877681732177734375000E+08
        2.339000000000024392932118644239   -5.492896592476472854614257812500E+08
        2.340000000000024282797994601424   -5.514977308958830833435058593750E+08
        2.341000000000024172663870558608   -5.537160080780146121978759765625E+08
        2.342000000000024062529746515793   -5.559445422157447338104248046875E+08
        2.343000000000023952395622472977   -5.581833850085196495056152343750E+08
        2.344000000000023842261498430162   -5.604325884351189136505126953125E+08
        2.345000000000023732127374387346   -5.626922047552545070648193359375E+08
        2.346000000000023621993250344531   -5.649622865111801624298095703125E+08
        2.347000000000023511859126301715   -5.672428865293097496032714843750E+08
        2.348000000000023401725002258900   -5.695340579218459129333496093750E+08
        2.349000000000023291590878216084   -5.718358540884175300598144531250E+08
        2.350000000000023181456754173269   -5.741483287177283763885498046875E+08
        2.351000000000023071322630130453   -5.764715357892148494720458984375E+08
        2.352000000000022961188506087638   -5.788055295747139453887939453125E+08
        2.353000000000022851054382044822   -5.811503646401412487030029296875E+08
        2.354000000000022740920258002006   -5.835060958471789360046386718750E+08
        2.355000000000022630786133959191   -5.858727783549740314483642578125E+08
        2.356000000000022520652009916375   -5.882504676218471527099609375000E+08
        2.357000000000022410517885873560   -5.906392194070112705230712890625E+08
        2.358000000000022300383761830744   -5.930390897723007202148437500000E+08
        2.359000000000022190249637787929   -5.954501350839111804962158203125E+08
        2.360000000000022080115513745113   -5.978724120141496658325195312500E+08
        2.361000000000021969981389702298   -6.003059775431950092315673828125E+08
        2.362000000000021859847265659482   -6.027508889608695507049560546875E+08
        2.363000000000021749713141616667   -6.052072038684215545654296875000E+08
        2.364000000000021639579017573851   -6.076749801803171634674072265625E+08
        2.365000000000021529444893531036   -6.101542761260445117950439453125E+08
        2.366000000000021419310769488220   -6.126451502519285678863525390625E+08
        2.367000000000021309176645445405   -6.151476614229562282562255859375E+08
        2.368000000000021199042521402589   -6.176618688246133327484130859375E+08
        2.369000000000021088908397359774   -6.201878319647321701049804687500E+08
        2.370000000000020978774273316958   -6.227256106753504276275634765625E+08
        2.371000000000020868640149274142   -6.252752651145815849304199218750E+08
        2.372000000000020758506025231327   -6.278368557684960365295410156250E+08
        2.373000000000020648371901188511   -6.304104434530143737792968750000E+08
        2.374000000000020538237777145696   -6.329960893158113956451416015625E+08
        2.375000000000020428103653102880   -6.355938548382325172424316406250E+08
        2.376000000000020317969529060065   -6.382038018372209072113037109375E+08
        2.377000000000020207835405017249   -6.408259924672567844390869140625E+08
        2.378000000000020097701280974434   -6.434604892223088741302490234375E+08
        2.379000000000019987567156931618   -6.461073549377965927124023437500E+08
        2.380000000000019877433032888803   -6.487666527925651073455810546875E+08
        2.381000000000019767298908845987   -6.514384463108723163604736328125E+08
        2.382000000000019657164784803172   -6.541227993643872737884521484375E+08
        2.383000000000019547030660760356   -6.568197761742012500762939453125E+08
        2.384000000000019436896536717541   -6.595294413128511905670166015625E+08
        2.385000000000019326762412674725   -6.622518597063548564910888671875E+08
        2.386000000000019216628288631910   -6.649870966362590789794921875000E+08
        2.387000000000019106494164589094   -6.677352177416996955871582031250E+08
        2.388000000000018996360040546278   -6.704962890214745998382568359375E+08
        2.389000000000018886225916503463   -6.732703768361291885375976562500E+08
        2.390000000000018776091792460647   -6.760575479100544452667236328125E+08
        2.391000000000018665957668417832   -6.788578693335981369018554687500E+08
        2.392000000000018555823544375016   -6.816714085651884078979492187500E+08
        2.393000000000018445689420332201   -6.844982334334707260131835937500E+08
        2.394000000000018335555296289385   -6.873384121394569873809814453125E+08
        2.395000000000018225421172246570   -6.901920132586894035339355468750E+08
        2.396000000000018115287048203754   -6.930591057434155941009521484375E+08
        2.397000000000018005152924160939   -6.959397589247784614562988281250E+08
        2.398000000000017895018800118123   -6.988340425150189399719238281250E+08
        2.399000000000017784884676075308   -7.017420266096916198730468750000E+08
        2.400000000000017674750552032492   -7.046637816898946762084960937500E+08
        2.401000000000017564616427989677   -7.075993786245126724243164062500E+08
        2.402000000000017454482303946861   -7.105488886724743843078613281250E+08
        2.403000000000017344348179904046   -7.135123834850232601165771484375E+08
        2.404000000000017234214055861230   -7.164899351080017089843750000000E+08
        2.405000000000017124079931818414   -7.194816159841494560241699218750E+08
        2.406000000000017013945807775599   -7.224874989554166793823242187500E+08
        2.407000000000016903811683732783   -7.255076572652907371520996093750E+08
        2.408000000000016793677559689968   -7.285421645611371994018554687500E+08
        2.409000000000016683543435647152   -7.315910948965547084808349609375E+08
        2.410000000000016573409311604337   -7.346545227337450981140136718750E+08
        2.411000000000016463275187561521   -7.377325229458978176116943359375E+08
        2.412000000000016353141063518706   -7.408251708195881843566894531250E+08
        2.413000000000016243006939475890   -7.439325420571911334991455078125E+08
        2.414000000000016132872815433075   -7.470547127793099880218505859375E+08
        2.415000000000016022738691390259   -7.501917595272190570831298828125E+08
        2.416000000000015912604567347444   -7.533437592653222084045410156250E+08
        2.417000000000015802470443304628   -7.565107893836257457733154296875E+08
        2.418000000000015692336319261813   -7.596929277002270221710205078125E+08
        2.419000000000015582202195218997   -7.628902524638183116912841796875E+08
        2.420000000000015472068071176182   -7.661028423562052249908447265625E+08
        2.421000000000015361933947133366   -7.693307764948420524597167968750E+08
        2.422000000000015251799823090550   -7.725741344353809356689453125000E+08
        2.423000000000015141665699047735   -7.758329961742386817932128906250E+08
        2.424000000000015031531575004919   -7.791074421511774063110351562500E+08
        2.425000000000014921397450962104   -7.823975532519018650054931640625E+08
        2.426000000000014811263326919288   -7.857034108106727600097656250000E+08
        2.427000000000014701129202876473   -7.890250966129364967346191406250E+08
        2.428000000000014590995078833657   -7.923626928979709148406982421875E+08
        2.429000000000014480860954790842   -7.957162823615465164184570312500E+08
        2.430000000000014370726830748026   -7.990859481586046218872070312500E+08
        2.431000000000014260592706705211   -8.024717739059519767761230468750E+08
        2.432000000000014150458582662395   -8.058738436849725246429443359375E+08
        2.433000000000014040324458619580   -8.092922420443553924560546875000E+08
        2.434000000000013930190334576764   -8.127270540028388500213623046875E+08
        2.435000000000013820056210533949   -8.161783650519731044769287109375E+08
        2.436000000000013709922086491133   -8.196462611588976383209228515625E+08
        2.437000000000013599787962448318   -8.231308287691378593444824218750E+08
        2.438000000000013489653838405502   -8.266321548094184398651123046875E+08
        2.439000000000013379519714362686   -8.301503266904923915863037109375E+08
        2.440000000000013269385590319871   -8.336854323099901676177978515625E+08
        2.441000000000013159251466277055   -8.372375600552847385406494140625E+08
        2.442000000000013049117342234240   -8.408067988063745498657226562500E+08
        2.443000000000012938983218191424   -8.443932379387841224670410156250E+08
        2.444000000000012828849094148609   -8.479969673264834880828857421875E+08
        2.445000000000012718714970105793   -8.516180773448247909545898437500E+08
        2.446000000000012608580846062978   -8.552566588734972476959228515625E+08
        2.447000000000012498446722020162   -8.589128032995002269744873046875E+08
        2.448000000000012388312597977347   -8.625866025201349258422851562500E+08
        2.449000000000012278178473934531   -8.662781489460148811340332031250E+08
        2.450000000000012168044349891716   -8.699875355040941238403320312500E+08
        2.451000000000012057910225848900   -8.737148556407153606414794921875E+08
        2.452000000000011947776101806085   -8.774602033246755599975585937500E+08
        2.453000000000011837641977763269   -8.812236730503115653991699218750E+08
        2.454000000000011727507853720454   -8.850053598406047821044921875000E+08
        2.455000000000011617373729677638   -8.888053592503044605255126953125E+08
        2.456000000000011507239605634823   -8.926237673690705299377441406250E+08
        2.457000000000011397105481592007   -8.964606808246369361877441406250E+08
        2.458000000000011286971357549191   -9.003161967859930992126464843750E+08
        2.459000000000011176837233506376   -9.041904129665853977203369140625E+08
        2.460000000000011066703109463560   -9.080834276275391578674316406250E+08
        2.461000000000010956568985420745   -9.119953395809009075164794921875E+08
        2.462000000000010846434861377929   -9.159262481928992271423339843750E+08
        2.463000000000010736300737335114   -9.198762533872268199920654296875E+08
        2.464000000000010626166613292298   -9.238454556483435630798339843750E+08
        2.465000000000010516032489249483   -9.278339560247988700866699218750E+08
        2.466000000000010405898365206667   -9.318418561325752735137939453125E+08
        2.467000000000010295764241163852   -9.358692581584527492523193359375E+08
        2.468000000000010185630117121036   -9.399162648633935451507568359375E+08
        2.469000000000010075495993078221   -9.439829795859491825103759765625E+08
        2.470000000000009965361869035405   -9.480695062456872463226318359375E+08
        2.471000000000009855227744992590   -9.521759493466401100158691406250E+08
        2.472000000000009745093620949774   -9.563024139807758331298828125000E+08
        2.473000000000009634959496906959   -9.604490058314890861511230468750E+08
        2.474000000000009524825372864143   -9.646158311771152019500732421875E+08
        2.475000000000009414691248821327   -9.688029968944652080535888671875E+08
        2.476000000000009304557124778512   -9.730106104623839855194091796875E+08
        2.477000000000009194423000735696   -9.772387799653286933898925781250E+08
        2.478000000000009084288876692881   -9.814876140969712734222412109375E+08
        2.479000000000008974154752650065   -9.857572221638228893280029296875E+08
        2.480000000000008864020628607250   -9.900477140888805389404296875000E+08
        2.481000000000008753886504564434   -9.943592004152965545654296875000E+08
        2.482000000000008643752380521619   -9.986917923100717067718505859375E+08
        2.483000000000008533618256478803   -1.003045601567770719528198242188E+09
        2.484000000000008423484132435988   -1.007420740614259958267211914062E+09
        2.485000000000008313350008393172   -1.011817322510470867156982421875E+09
        2.486000000000008203215884350357   -1.016235460956185340881347656250E+09
        2.487000000000008093081760307541   -1.020675270293844461441040039062E+09
        2.488000000000007982947636264726   -1.025136865512381792068481445312E+09
        2.489000000000007872813512221910   -1.029620362251080274581909179688E+09
        2.490000000000007762679388179095   -1.034125876803453445434570312500E+09
        2.491000000000007652545264136279   -1.038653526121150493621826171875E+09
        2.492000000000007542411140093463   -1.043203427817886352539062500000E+09
        2.493000000000007432277016050648   -1.047775700173396110534667968750E+09
        2.494000000000007322142892007832   -1.052370462137413978576660156250E+09
        2.495000000000007212008767965017   -1.056987833333677291870117187500E+09
        2.496000000000007101874643922201   -1.061627934063956022262573242188E+09
        2.497000000000006991740519879386   -1.066290885312106370925903320312E+09
        2.498000000000006881606395836570   -1.070976808748150587081909179688E+09
        2.499000000000006771472271793755   -1.075685826732382774353027343750E+09
        2.500000000000006661338147750939   -1.080418062319499254226684570312E+09
        2.501000000000006551204023708124   -1.085173639262755870819091796875E+09
        2.502000000000006441069899665308   -1.089952682018150568008422851562E+09
        2.503000000000006330935775622493   -1.094755315748632907867431640625E+09
        2.504000000000006220801651579677   -1.099581666328339815139770507812E+09
        2.505000000000006110667527536862   -1.104431860346857547760009765625E+09
        2.506000000000006000533403494046   -1.109306025113510370254516601562E+09
        2.507000000000005890399279451231   -1.114204288661676406860351562500E+09
        2.508000000000005780265155408415   -1.119126779753131628036499023438E+09
        2.509000000000005670131031365599   -1.124073627882418155670166015625E+09
        2.510000000000005559996907322784   -1.129044963281244039535522460938E+09
        2.511000000000005449862783279968   -1.134040916922907352447509765625E+09
        2.512000000000005339728659237153   -1.139061620526749372482299804688E+09
        2.513000000000005229594535194337   -1.144107206562635898590087890625E+09
        2.514000000000005119460411151522   -1.149177808255466699600219726562E+09
        2.515000000000005009326287108706   -1.154273559589713573455810546875E+09
        2.516000000000004899192163065891   -1.159394595313986063003540039062E+09
        2.517000000000004789058039023075   -1.164541050945626258850097656250E+09
        2.518000000000004678923914980260   -1.169713062775333642959594726562E+09
        2.519000000000004568789790937444   -1.174910767871817588806152343750E+09
        2.520000000000004458655666894629   -1.180134304086479902267456054688E+09
        2.521000000000004348521542851813   -1.185383810058125972747802734375E+09
        2.522000000000004238387418808998   -1.190659425217707872390747070312E+09
        2.523000000000004128253294766182   -1.195961289793094635009765625000E+09
        2.524000000000004018119170723367   -1.201289544813874483108520507812E+09
        2.525000000000003907985046680551   -1.206644332116185665130615234375E+09
        2.526000000000003797850922637735   -1.212025794347580194473266601562E+09
        2.527000000000003687716798594920   -1.217434074971916198730468750000E+09
        2.528000000000003577582674552104   -1.222869318274281263351440429688E+09
        2.529000000000003467448550509289   -1.228331669365948677062988281250E+09
        2.530000000000003357314426466473   -1.233821274189363241195678710938E+09
        2.531000000000003247180302423658   -1.239338279523159027099609375000E+09
        2.532000000000003137046178380842   -1.244882832987208127975463867188E+09
        2.533000000000003026912054338027   -1.250455083047704219818115234375E+09
        2.534000000000002916777930295211   -1.256055179022273302078247070312E+09
        2.535000000000002806643806252396   -1.261683271085122108459472656250E+09
        2.536000000000002696509682209580   -1.267339510272215604782104492188E+09
        2.537000000000002586375558166765   -1.273024048486487388610839843750E+09
        2.538000000000002476241434123949   -1.278737038503085851669311523438E+09
        2.539000000000002366107310081134   -1.284478633974649429321289062500E+09
        2.540000000000002255973186038318   -1.290248989436619043350219726562E+09
        2.541000000000002145839061995503   -1.296048260312582492828369140625E+09
        2.542000000000002035704937952687   -1.301876602919651746749877929688E+09
        2.543000000000001925570813909872   -1.307734174473876476287841796875E+09
        2.544000000000001815436689867056   -1.313621133095690011978149414062E+09
        2.545000000000001705302565824240   -1.319537637815391063690185546875E+09
        2.546000000000001595168441781425   -1.325483848578660249710083007812E+09
        2.547000000000001485034317738609   -1.331459926252110481262207031250E+09
        2.548000000000001374900193695794   -1.337466032628873109817504882812E+09
        2.549000000000001264766069652978   -1.343502330434219360351562500000E+09
        2.550000000000001154631945610163   -1.349568983331219434738159179688E+09
        2.551000000000001044497821567347   -1.355666155926434516906738281250E+09
        2.552000000000000934363697524532   -1.361794013775646448135375976562E+09
        2.553000000000000824229573481716   -1.367952723389624118804931640625E+09
        2.554000000000000714095449438901   -1.374142452239925146102905273438E+09
        2.555000000000000603961325396085   -1.380363368764736175537109375000E+09
        2.556000000000000493827201353270   -1.386615642374749898910522460938E+09
        2.557000000000000383693077310454   -1.392899443459078311920166015625E+09
        2.558000000000000273558953267639   -1.399214943391203641891479492188E+09
        2.559000000000000163424829224823   -1.405562314534968852996826171875E+09
        2.560000000000000053290705182008   -1.411941730250605344772338867188E+09
        2.560999999999999943156581139192   -1.418353364900799274444580078125E+09
        2.561999999999999833022457096376   -1.424797393856794595718383789062E+09
        2.562999999999999722888333053561   -1.431273993504539012908935546875E+09
        2.563999999999999612754209010745   -1.437783341250863790512084960938E+09
        2.564999999999999502620084967930   -1.444325615529707908630371093750E+09
        2.565999999999999392485960925114   -1.450900995808379888534545898438E+09
        2.566999999999999282351836882299   -1.457509662593857765197753906250E+09
        2.567999999999999172217712839483   -1.464151797439133405685424804688E+09
        2.568999999999999062083588796668   -1.470827582949592113494873046875E+09
        2.569999999999998951949464753852   -1.477537202789438009262084960938E+09
        2.570999999999998841815340711037   -1.484280841688156604766845703125E+09
        2.571999999999998731681216668221   -1.491058685447021722793579101562E+09
        2.572999999999998621547092625406   -1.497870920945641040802001953125E+09
        2.573999999999998511412968582590   -1.504717736148545503616333007812E+09
        2.574999999999998401278844539775   -1.511599320111820220947265625000E+09
        2.575999999999998291144720496959   -1.518515862989777326583862304688E+09
        2.576999999999998181010596454144   -1.525467556041672229766845703125E+09
        2.577999999999998070876472411328   -1.532454591638462305068969726562E+09
        2.578999999999997960742348368512   -1.539477163269609451293945312500E+09
        2.579999999999997850608224325697   -1.546535465549925565719604492188E+09
        2.580999999999997740474100282881   -1.553629694226460933685302734375E+09
        2.581999999999997630339976240066   -1.560760046185439348220825195312E+09
        2.582999999999997520205852197250   -1.567926719459235191345214843750E+09
        2.583999999999997410071728154435   -1.575129913233396768569946289062E+09
        2.584999999999997299937604111619   -1.582369827853712081909179687500E+09
        2.585999999999997189803480068804   -1.589646664833324670791625976562E+09
        2.586999999999997079669356025988   -1.596960626859890460968017578125E+09
        2.587999999999996969535231983173   -1.604311917802782297134399414062E+09
        2.588999999999996859401107940357   -1.611700742720340251922607421875E+09
        2.589999999999996749266983897542   -1.619127307867170095443725585938E+09
        2.590999999999996639132859854726   -1.626591820701486587524414062500E+09
        2.591999999999996528998735811911   -1.634094489892503499984741210938E+09
        2.592999999999996418864611769095   -1.641635525327874183654785156250E+09
        2.593999999999996308730487726280   -1.649215138121177434921264648438E+09
        2.594999999999996198596363683464   -1.656833540619451045989990234375E+09
        2.595999999999996088462239640648   -1.664490946410774946212768554688E+09
        2.596999999999995978328115597833   -1.672187570331903457641601562500E+09
        2.597999999999995868193991555017   -1.679923628475945711135864257812E+09
        2.598999999999995758059867512202   -1.687699338200095653533935546875E+09
        2.599999999999995647925743469386   -1.695514918133411645889282226562E+09
        2.600999999999995537791619426571   -1.703370588184646129608154296875E+09
        2.601999999999995427657495383755   -1.711266569550126791000366210938E+09
        2.602999999999995317523371340940   -1.719203084721686363220214843750E+09
        2.603999999999995207389247298124   -1.727180357494644880294799804688E+09
        2.604999999999995097255123255309   -1.735198612975843906402587890625E+09
        2.605999999999994987120999212493   -1.743258077591730833053588867188E+09
        2.606999999999994876986875169678   -1.751358979096497535705566406250E+09
        2.607999999999994766852751126862   -1.759501546580268144607543945312E+09
        2.608999999999994656718627084047   -1.767686010477343559265136718750E+09
        2.609999999999994546584503041231   -1.775912602574495553970336914062E+09
        2.610999999999994436450378998416   -1.784181556019315719604492187500E+09
        2.611999999999994326316254955600   -1.792493105328620672225952148438E+09
        2.612999999999994216182130912784   -1.800847486396907329559326171875E+09
        2.613999999999994106048006869969   -1.809244936504864931106567382812E+09
        2.614999999999993995913882827153   -1.817685694327942848205566406250E+09
        2.615999999999993885779758784338   -1.826169999944973230361938476562E+09
        2.616999999999993775645634741522   -1.834698094846846580505371093750E+09
        2.617999999999993665511510698707   -1.843270221945247888565063476562E+09
        2.618999999999993555377386655891   -1.851886625581446647644042968750E+09
        2.619999999999993445243262613076   -1.860547551535143136978149414062E+09
        2.620999999999993335109138570260   -1.869253247033373355865478515625E+09
        2.621999999999993224975014527445   -1.878003960759471654891967773438E+09
        2.622999999999993114840890484629   -1.886799942862090110778808593750E+09
        2.623999999999993004706766441814   -1.895641444964277029037475585938E+09
        2.624999999999992894572642398998   -1.904528720172614574432373046875E+09
        2.625999999999992784438518356183   -1.913462023086414575576782226562E+09
        2.626999999999992674304394313367   -1.922441609806975364685058593750E+09
        2.627999999999992564170270270552   -1.931467737946896314620971679688E+09
        2.628999999999992454036146227736   -1.940540666639455795288085937500E+09
        2.629999999999992343902022184920   -1.949660656548046827316284179688E+09
        2.630999999999992233767898142105   -1.958827969875675201416015625000E+09
        2.631999999999992123633774099289   -1.968042870374520540237426757812E+09
        2.632999999999992013499650056474   -1.977305623355556964874267578125E+09
        2.633999999999991903365526013658   -1.986616495698237657546997070312E+09
        2.634999999999991793231401970843   -1.995975755860242366790771484375E+09
        2.635999999999991683097277928027   -2.005383673887287855148315429688E+09
        2.636999999999991572963153885212   -2.014840521423001766204833984375E+09
        2.637999999999991462829029842396   -2.024346571718860864639282226562E+09
        2.638999999999991352694905799581   -2.033902099644193172454833984375E+09
        2.639999999999991242560781756765   -2.043507381696247339248657226562E+09
        2.640999999999991132426657713950   -2.053162696010325908660888671875E+09
        2.641999999999991022292533671134   -2.062868322369982004165649414062E+09
        2.642999999999990912158409628319   -2.072624542217287063598632812500E+09
        2.643999999999990802024285585503   -2.082431638663163423538208007812E+09
        2.644999999999990691890161542688   -2.092289896497782230377197265625E+09
        2.645999999999990581756037499872   -2.102199602201030492782592773438E+09
        2.646999999999990471621913457057   -2.112161043953048229217529296875E+09
        2.647999999999990361487789414241   -2.122174511644831418991088867188E+09
        2.648999999999990251353665371425   -2.132240296888904094696044921875E+09
        2.649999999999990141219541328610   -2.142358693030062437057495117188E+09
        2.650999999999990031085417285794   -2.152529995156186103820800781250E+09
        2.651999999999989920951293242979   -2.162754500109122276306152343750E+09
        2.652999999999989810817169200163   -2.173032506495639801025390625000E+09
        2.653999999999989700683045157348   -2.183364314698452949523925781250E+09
        2.654999999999989590548921114532   -2.193750226887320518493652343750E+09
        2.655999999999989480414797071717   -2.204190547030215263366699218750E+09
        2.656999999999989370280673028901   -2.214685580904565811157226562500E+09
        2.657999999999989260146548986086   -2.225235636108573913574218750000E+09
        2.658999999999989150012424943270   -2.235841022072602272033691406250E+09
        2.659999999999989039878300900455   -2.246502050070642471313476562500E+09
        2.660999999999988929744176857639   -2.257219033231851577758789062500E+09
        2.661999999999988819610052814824   -2.267992286552166938781738281250E+09
        2.662999999999988709475928772008   -2.278822126905997276306152343750E+09
        2.663999999999988599341804729193   -2.289708873057991027832031250000E+09
        2.664999999999988489207680686377   -2.300652845674878120422363281250E+09
        2.665999999999988379073556643561   -2.311654367337393760681152343750E+09
        2.666999999999988268939432600746   -2.322713762552275657653808593750E+09
        2.667999999999988158805308557930   -2.333831357764343261718750000000E+09
        2.668999999999988048671184515115   -2.345007481368656158447265625000E+09
        2.669999999999987938537060472299   -2.356242463722748756408691406250E+09
        2.670999999999987828402936429484   -2.367536637158947944641113281250E+09
        2.671999999999987718268812386668   -2.378890335996770858764648437500E+09
        2.672999999999987608134688343853   -2.390303896555403709411621093750E+09
        2.673999999999987498000564301037   -2.401777657166262626647949218750E+09
        2.674999999999987387866440258222   -2.413311958185637474060058593750E+09
        2.675999999999987277732316215406   -2.424907142007415771484375000000E+09
        2.676999999999987167598192172591   -2.436563553075892448425292968750E+09
        2.677999999999987057464068129775   -2.448281537898665428161621093750E+09
        2.678999999999986947329944086960   -2.460061445059613227844238281250E+09
        2.679999999999986837195820044144   -2.471903625231957435607910156250E+09
        2.680999999999986727061696001329   -2.483808431191411018371582031250E+09
        2.681999999999986616927571958513   -2.495776217829415321350097656250E+09
        2.682999999999986506793447915697   -2.507807342166461944580078125000E+09
        2.683999999999986396659323872882   -2.519902163365502357482910156250E+09
        2.684999999999986286525199830066   -2.532061042745448112487792968750E+09
        2.685999999999986176391075787251   -2.544284343794754981994628906250E+09
        2.686999999999986066256951744435   -2.556572432185101509094238281250E+09
        2.687999999999985956122827701620   -2.568925675785153388977050781250E+09
        2.688999999999985845988703658804   -2.581344444674422264099121093750E+09
        2.689999999999985735854579615989   -2.593829111157213211059570312500E+09
        2.690999999999985625720455573173   -2.606380049776663780212402343750E+09
        2.691999999999985515586331530358   -2.618997637328875541687011718750E+09
        2.692999999999985405452207487542   -2.631682252877142906188964843750E+09
        2.693999999999985295318083444727   -2.644434277766270637512207031250E+09
        2.694999999999985185183959401911   -2.657254095636986732482910156250E+09
        2.695999999999985075049835359096   -2.670142092440451622009277343750E+09
        2.696999999999984964915711316280   -2.683098656452861785888671875000E+09
        2.697999999999984854781587273465   -2.696124178290150642395019531250E+09
        2.698999999999984744647463230649   -2.709219050922787666320800781250E+09
        2.699999999999984634513339187833   -2.722383669690671920776367187500E+09
        2.700999999999984524379215145018   -2.735618432318125724792480468750E+09
        2.701999999999984414245091102202   -2.748923738928986549377441406250E+09
        2.702999999999984304110967059387   -2.762299992061801910400390625000E+09
        2.703999999999984193976843016571   -2.775747596685119628906250000000E+09
        2.704999999999984083842718973756   -2.789266960212881088256835937500E+09
        2.705999999999983973708594930940   -2.802858492519919395446777343750E+09
        2.706999999999983863574470888125   -2.816522605957552909851074218750E+09
        2.707999999999983753440346845309   -2.830259715369290351867675781250E+09
        2.708999999999983643306222802494   -2.844070238106632232666015625000E+09
        2.709999999999983533172098759678   -2.857954594044982910156250000000E+09
        2.710999999999983423037974716863   -2.871913205599663734436035156250E+09
        2.711999999999983312903850674047   -2.885946497742034912109375000000E+09
        2.712999999999983202769726631232   -2.900054898015720367431640625000E+09
        2.713999999999983092635602588416   -2.914238836552944183349609375000E+09
        2.714999999999982982501478545601   -2.928498746090973854064941406250E+09
        2.715999999999982872367354502785   -2.942835061988672256469726562500E+09
        2.716999999999982762233230459969   -2.957248222243159294128417968750E+09
        2.717999999999982652099106417154   -2.971738667506583213806152343750E+09
        2.718999999999982541964982374338   -2.986306841103003501892089843750E+09
        2.719999999999982431830858331523   -3.000953189045388221740722656250E+09
        2.720999999999982321696734288707   -3.015678160052720069885253906250E+09
        2.721999999999982211562610245892   -3.030482205567218780517578125000E+09
        2.722999999999982101428486203076   -3.045365779771677017211914062500E+09
        2.723999999999981991294362160261   -3.060329339606913566589355468750E+09
        2.724999999999981881160238117445   -3.075373344789335250854492187500E+09
        2.725999999999981771026114074630   -3.090498257828625679016113281250E+09
        2.726999999999981660891990031814   -3.105704544045542716979980468750E+09
        2.727999999999981550757865988999   -3.120992671589838981628417968750E+09
        2.728999999999981440623741946183   -3.136363111458300590515136718750E+09
        2.729999999999981330489617903368   -3.151816337512907028198242187500E+09
        2.730999999999981220355493860552   -3.167352826499107360839843750000E+09
        2.731999999999981110221369817737   -3.182973058064224243164062500000E+09
        2.732999999999981000087245774921   -3.198677514775975227355957031250E+09
        2.733999999999980889953121732106   -3.214466682141118049621582031250E+09
        2.734999999999980779818997689290   -3.230341048624224662780761718750E+09
        2.735999999999980669684873646474   -3.246301105666574478149414062500E+09
        2.736999999999980559550749603659   -3.262347347705176353454589843750E+09
        2.737999999999980449416625560843   -3.278480272191918373107910156250E+09
        2.738999999999980339282501518028   -3.294700379612843513488769531250E+09
        2.739999999999980229148377475212   -3.311008173507551193237304687500E+09
        2.740999999999980119014253432397   -3.327404160488734245300292968750E+09
        2.741999999999980008880129389581   -3.343888850261842727661132812500E+09
        2.742999999999979898746005346766   -3.360462755644878387451171875000E+09
        2.743999999999979788611881303950   -3.377126392588321685791015625000E+09
        2.744999999999979678477757261135   -3.393880280195193290710449218750E+09
        2.745999999999979568343633218319   -3.410724940741247177124023437500E+09
        2.746999999999979458209509175504   -3.427660899695302009582519531250E+09
        2.747999999999979348075385132688   -3.444688685739701271057128906250E+09
        2.748999999999979237941261089873   -3.461808830790922164916992187500E+09
        2.749999999999979127807137047057   -3.479021870020307540893554687500E+09
        2.750999999999979017673013004242   -3.496328341874951362609863281250E+09
        2.751999999999978907538888961426   -3.513728788098709106445312500000E+09
        2.752999999999978797404764918610   -3.531223753753360748291015625000E+09
        2.753999999999978687270640875795   -3.548813787239909172058105468750E+09
        2.754999999999978577136516832979   -3.566499440320022583007812500000E+09
        2.755999999999978467002392790164   -3.584281268137619972229003906250E+09
        2.756999999999978356868268747348   -3.602159829240600585937500000000E+09
        2.757999999999978246734144704533   -3.620135685602721214294433593750E+09
        2.758999999999978136600020661717   -3.638209402645619392395019531250E+09
        2.759999999999978026465896618902   -3.656381549260979652404785156250E+09
        2.760999999999977916331772576086   -3.674652697832855224609375000000E+09
        2.761999999999977806197648533271   -3.693023424260136604309082031250E+09
        2.762999999999977696063524490455   -3.711494307979167938232421875000E+09
        2.763999999999977585929400447640   -3.730065931986517906188964843750E+09
        2.764999999999977475795276404824   -3.748738882861904144287109375000E+09
        2.765999999999977365661152362009   -3.767513750791268348693847656250E+09
        2.766999999999977255527028319193   -3.786391129590009689331054687500E+09
        2.767999999999977145392904276378   -3.805371616726372718811035156250E+09
        2.768999999999977035258780233562   -3.824455813344990730285644531250E+09
        2.769999999999976925124656190746   -3.843644324290591239929199218750E+09
        2.770999999999976814990532147931   -3.862937758131855964660644531250E+09
        2.771999999999976704856408105115   -3.882336727185445785522460937500E+09
        2.772999999999976594722284062300   -3.901841847540182113647460937500E+09
        2.773999999999976484588160019484   -3.921453739081395149230957031250E+09
        2.774999999999976374454035976669   -3.941173025515432357788085937500E+09
        2.775999999999976264319911933853   -3.961000334394339561462402343750E+09
        2.776999999999976154185787891038   -3.980936297140695571899414062500E+09
        2.777999999999976044051663848222   -4.000981549072624206542968750000E+09
        2.778999999999975933917539805407   -4.021136729428970336914062500000E+09
        2.779999999999975823783415762591   -4.041402481394647598266601562500E+09
        2.780999999999975713649291719776   -4.061779452126153945922851562500E+09
        2.781999999999975603515167676960   -4.082268292777260780334472656250E+09
        2.782999999999975493381043634145   -4.102869658524876594543457031250E+09
        2.783999999999975383246919591329   -4.123584208595082283020019531250E+09
        2.784999999999975273112795548514   -4.144412606289344787597656250000E+09
        2.785999999999975162978671505698   -4.165355519010903358459472656250E+09
        2.786999999999975052844547462882   -4.186413618291338920593261718750E+09
        2.787999999999974942710423420067   -4.207587579817317008972167968750E+09
        2.788999999999974832576299377251   -4.228878083457518577575683593750E+09
        2.789999999999974722442175334436   -4.250285813289744377136230468750E+09
        2.790999999999974612308051291620   -4.271811457628209114074707031250E+09
        2.791999999999974502173927248805   -4.293455709051016807556152343750E+09
        2.792999999999974392039803205989   -4.315219264427821159362792968750E+09
        2.793999999999974281905679163174   -4.337102824947672843933105468750E+09
        2.794999999999974171771555120358   -4.359107096147057533264160156250E+09
        2.795999999999974061637431077543   -4.381232787938124656677246093750E+09
        2.796999999999973951503307034727   -4.403480614637099266052246093750E+09
        2.797999999999973841369182991912   -4.425851294992894172668457031250E+09
        2.798999999999973731235058949096   -4.448345552215910911560058593750E+09
        2.799999999999973621100934906281   -4.470964114007039070129394531250E+09
        2.800999999999973510966810863465   -4.493707712586850166320800781250E+09
        2.801999999999973400832686820650   -4.516577084724986076354980468750E+09
        2.802999999999973290698562777834   -4.539572971769755363464355468750E+09
        2.803999999999973180564438735018   -4.562696119677918434143066406250E+09
        2.804999999999973070430314692203   -4.585947279044684410095214843750E+09
        2.805999999999972960296190649387   -4.609327205133906364440917968750E+09
        2.806999999999972850162066606572   -4.632836657908482551574707031250E+09
        2.807999999999972740027942563756   -4.656476402060961723327636718750E+09
        2.808999999999972629893818520941   -4.680247207044360160827636718750E+09
        2.809999999999972519759694478125   -4.704149847103186607360839843750E+09
        2.810999999999972409625570435310   -4.728185101304671287536621093750E+09
        2.811999999999972299491446392494   -4.752353753570216178894042968750E+09
        2.812999999999972189357322349679   -4.776656592707055091857910156250E+09
        2.813999999999972079223198306863   -4.801094412440125465393066406250E+09
        2.814999999999971969089074264048   -4.825668011444165229797363281250E+09
        2.815999999999971858954950221232   -4.850378193376015663146972656250E+09
        2.816999999999971748820826178417   -4.875225766907155036926269531250E+09
        2.817999999999971638686702135601   -4.900211545756445884704589843750E+09
        2.818999999999971528552578092786   -4.925336348723109245300292968750E+09
        2.819999999999971418418454049970   -4.950600999719923973083496093750E+09
        2.820999999999971308284330007154   -4.976006327806645393371582031250E+09
        2.821999999999971198150205964339   -5.001553167223656654357910156250E+09
        2.822999999999971088016081921523   -5.027242357425850868225097656250E+09
        2.823999999999970977881957878708   -5.053074743116738319396972656250E+09
        2.824999999999970867747833835892   -5.079051174282790184020996093750E+09
        2.825999999999970757613709793077   -5.105172506228014945983886718750E+09
        2.826999999999970647479585750261   -5.131439599608767509460449218750E+09
        2.827999999999970537345461707446   -5.157853320468802452087402343750E+09
        2.828999999999970427211337664630   -5.184414540274559974670410156250E+09
        2.829999999999970317077213621815   -5.211124135950694084167480468750E+09
        2.830999999999970206943089578999   -5.237982989915844917297363281250E+09
        2.831999999999970096808965536184   -5.264991990118651390075683593750E+09
        2.832999999999969986674841493368   -5.292152030074013710021972656250E+09
        2.833999999999969876540717450553   -5.319464008899601936340332031250E+09
        2.834999999999969766406593407737   -5.346928831352612495422363281250E+09
        2.835999999999969656272469364922   -5.374547407866776466369628906250E+09
        2.836999999999969546138345322106   -5.402320654589619636535644531250E+09
        2.837999999999969436004221279291   -5.430249493419980049133300781250E+09
        2.838999999999969325870097236475   -5.458334852045779228210449218750E+09
        2.839999999999969215735973193659   -5.486577663982052803039550781250E+09
        2.840999999999969105601849150844   -5.514978868609242439270019531250E+09
        2.841999999999968995467725108028   -5.543539411211747169494628906250E+09
        2.842999999999968885333601065213   -5.572260243016737937927246093750E+09
        2.843999999999968775199477022397   -5.601142321233239173889160156250E+09
        2.844999999999968665065352979582   -5.630186609091477394104003906250E+09
        2.845999999999968554931228936766   -5.659394075882500648498535156250E+09
        2.846999999999968444797104893951   -5.688765696998070716857910156250E+09
        2.847999999999968334662980851135   -5.718302453970818519592285156250E+09
        2.848999999999968224528856808320   -5.748005334514691352844238281250E+09
        2.849999999999968114394732765504   -5.777875332565659523010253906250E+09
        2.850999999999968004260608722689   -5.807913448322714805603027343750E+09
        2.851999999999967894126484679873   -5.838120688289145469665527343750E+09
        2.852999999999967783992360637058   -5.868498065314093589782714843750E+09
        2.853999999999967673858236594242   -5.899046598634398460388183593750E+09
        2.854999999999967563724112551427   -5.929767313916729927062988281250E+09
        2.855999999999967453589988508611   -5.960661243300002098083496093750E+09
        2.856999999999967343455864465795   -5.991729425438086509704589843750E+09
        2.857999999999967233321740422980   -6.022972905542817115783691406250E+09
        2.858999999999967123187616380164   -6.054392735427287101745605468750E+09
        2.859999999999967013053492337349   -6.085989973549448966979980468750E+09
        2.860999999999966902919368294533   -6.117765685056004524230957031250E+09
        2.861999999999966792785244251718   -6.149720941826611518859863281250E+09
        2.862999999999966682651120208902   -6.181856822518380165100097656250E+09
        2.863999999999966572516996166087   -6.214174412610680580139160156250E+09
        2.864999999999966462382872123271   -6.246674804450259208679199218750E+09
        2.865999999999966352248748080456   -6.279359097296666145324707031250E+09
        2.866999999999966242114624037640   -6.312228397367991447448730468750E+09
        2.867999999999966131980499994825   -6.345283817886923789978027343750E+09
        2.868999999999966021846375952009   -6.378526479127116203308105468750E+09
        2.869999999999965911712251909194   -6.411957508459879875183105468750E+09
        2.870999999999965801578127866378   -6.445578040401192665100097656250E+09
        2.871999999999965691444003823563   -6.479389216659035682678222656250E+09
        2.872999999999965581309879780747   -6.513392186181057929992675781250E+09
        2.873999999999965471175755737931   -6.547588105202561378479003906250E+09
        2.874999999999965361041631695116   -6.581978137294823646545410156250E+09
        2.875999999999965250907507652300   -6.616563453413756370544433593750E+09
        2.876999999999965140773383609485   -6.651345231948895454406738281250E+09
        2.877999999999965030639259566669   -6.686324658772721290588378906250E+09
        2.878999999999964920505135523854   -6.721502927290335655212402343750E+09
        2.879999999999964810371011481038   -6.756881238489470481872558593750E+09
        2.880999999999964700236887438223   -6.792460800990843772888183593750E+09
        2.881999999999964590102763395407   -6.828242831098864555358886718750E+09
        2.882999999999964479968639352592   -6.864228552852688789367675781250E+09
        2.883999999999964369834515309776   -6.900419198077626228332519531250E+09
        2.884999999999964259700391266961   -6.936816006436902046203613281250E+09
        2.885999999999964149566267224145   -6.973420225483780860900878906250E+09
        2.886999999999964039432143181330   -7.010233110714047431945800781250E+09
        2.887999999999963929298019138514   -7.047255925618847846984863281250E+09
        2.888999999999963819163895095699   -7.084489941737902641296386718750E+09
        2.889999999999963709029771052883   -7.121936438713086128234863281250E+09
        2.890999999999963598895647010067   -7.159596704342371940612792968750E+09
        2.891999999999963488761522967252   -7.197472034634158134460449218750E+09
        2.892999999999963378627398924436   -7.235563733861966133117675781250E+09
        2.893999999999963268493274881621   -7.273873114619515419006347656250E+09
        2.894999999999963158359150838805   -7.312401497876185417175292968750E+09
        2.895999999999963048225026795990   -7.351150213032860755920410156250E+09
        2.896999999999962938090902753174   -7.390120597978161811828613281250E+09
        2.897999999999962827956778710359   -7.429313999145060539245605468750E+09
        2.898999999999962717822654667543   -7.468731771567900657653808593750E+09
        2.899999999999962607688530624728   -7.508375278939805030822753906250E+09
        2.900999999999962497554406581912   -7.548245893670481681823730468750E+09
        2.901999999999962387420282539097   -7.588344996944430351257324218750E+09
        2.902999999999962277286158496281   -7.628673978779559135437011718750E+09
        2.903999999999962167152034453466   -7.669234238086203575134277343750E+09
        2.904999999999962057017910410650   -7.710027182726553916931152343750E+09
        2.905999999999961946883786367835   -7.751054229574501991271972656250E+09
        2.906999999999961836749662325019   -7.792316804575896263122558593750E+09
        2.907999999999961726615538282203   -7.833816342809224128723144531250E+09
        2.908999999999961616481414239388   -7.875554288546706199645996093750E+09
        2.909999999999961506347290196572   -7.917532095315823554992675781250E+09
        2.910999999999961396213166153757   -7.959751225961264610290527343750E+09
        2.911999999999961286079042110941   -8.002213152707318305969238281250E+09
        2.912999999999961175944918068126   -8.044919357220681190490722656250E+09
        2.913999999999961065810794025310   -8.087871330673720359802246093750E+09
        2.914999999999960955676669982495   -8.131070573808165550231933593750E+09
        2.915999999999960845542545939679   -8.174518596999247550964355468750E+09
        2.916999999999960735408421896864   -8.218216920320282936096191406250E+09
        2.917999999999960625274297854048   -8.262167073607714653015136718750E+09
        2.918999999999960515140173811233   -8.306370596526595115661621093750E+09
        2.919999999999960405006049768417   -8.350829038636534690856933593750E+09
        2.920999999999960294871925725602   -8.395543959458107948303222656250E+09
        2.921999999999960184737801682786   -8.440516928539721488952636718750E+09
        2.922999999999960074603677639971   -8.485749525524950981140136718750E+09
        2.923999999999959964469553597155   -8.531243340220343589782714843750E+09
        2.924999999999959854335429554339   -8.576999972663695335388183593750E+09
        2.925999999999959744201305511524   -8.623021033192810058593750000000E+09
        2.926999999999959634067181468708   -8.669308142514732360839843750000E+09
        2.927999999999959523933057425893   -8.715862931775474548339843750000E+09
        2.928999999999959413798933383077   -8.762687042630210876464843750000E+09
        2.929999999999959303664809340262   -8.809782127313976287841796875000E+09
        2.930999999999959193530685297446   -8.857149848712863922119140625000E+09
        2.931999999999959083396561254631   -8.904791880435714721679687500000E+09
        2.932999999999958973262437211815   -8.952709906886295318603515625000E+09
        2.933999999999958863128313169000   -9.000905623336006164550781250000E+09
        2.934999999999958752994189126184   -9.049380735997081756591796875000E+09
        2.935999999999958642860065083369   -9.098136962096302032470703125000E+09
        2.936999999999958532725941040553   -9.147176029949234008789062500000E+09
        2.937999999999958422591816997738   -9.196499679034969329833984375000E+09
        2.938999999999958312457692954922   -9.246109660071414947509765625000E+09
        2.939999999999958202323568912107   -9.296007735091094970703125000000E+09
        2.940999999999958092189444869291   -9.346195677517475128173828125000E+09
        2.941999999999957982055320826476   -9.396675272241836547851562500000E+09
        2.942999999999957871921196783660   -9.447448315700687408447265625000E+09
        2.943999999999957761787072740844   -9.498516615953712463378906250000E+09
        2.944999999999957651652948698029   -9.549881992762271881103515625000E+09
        2.945999999999957541518824655213   -9.601546277668445587158203125000E+09
        2.946999999999957431384700612398   -9.653511314074642181396484375000E+09
        2.947999999999957321250576569582   -9.705778957323753356933593750000E+09
        2.948999999999957211116452526767   -9.758351074779888153076171875000E+09
        2.949999999999957100982328483951   -9.811229545909664154052734375000E+09
        2.950999999999956990848204441136   -9.864416262364067077636718750000E+09
        2.951999999999956880714080398320   -9.917913128060890197753906250000E+09
        2.952999999999956770579956355505   -9.971722059267749786376953125000E+09
        2.953999999999956660445832312689   -1.002584498468568801879882812500E+10
        2.954999999999956550311708269874   -1.008028384553336715698242187500E+10
        2.955999999999956440177584227058   -1.013504059563184738159179687500E+10
        2.956999999999956330043460184243   -1.019011720148996353149414062500E+10
        2.957999999999956219909336141427   -1.024551564239030075073242187500E+10
        2.958999999999956109775212098612   -1.030123791047578430175781250000E+10
        2.959999999999955999641088055796   -1.035728601083687210083007812500E+10
        2.960999999999955889506964012980   -1.041366196159936141967773437500E+10
        2.961999999999955779372839970165   -1.047036779401280975341796875000E+10
        2.962999999999955669238715927349   -1.052740555253958892822265625000E+10
        2.963999999999955559104591884534   -1.058477729494456481933593750000E+10
        2.964999999999955448970467841718   -1.064248509238540267944335937500E+10
        2.965999999999955338836343798903   -1.070053102950350570678710937500E+10
        2.966999999999955228702219756087   -1.075891720451561355590820312500E+10
        2.967999999999955118568095713272   -1.081764572930602264404296875000E+10
        2.968999999999955008433971670456   -1.087671872951948165893554687500E+10
        2.969999999999954898299847627641   -1.093613834465472793579101562500E+10
        2.970999999999954788165723584825   -1.099590672815867614746093750000E+10
        2.971999999999954678031599542010   -1.105602604752129745483398437500E+10
        2.972999999999954567897475499194   -1.111649848437114334106445312500E+10
        2.973999999999954457763351456379   -1.117732623457155990600585937500E+10
        2.974999999999954347629227413563   -1.123851150831757736206054687500E+10
        2.975999999999954237495103370748   -1.130005653023348236083984375000E+10
        2.976999999999954127360979327932   -1.136196353947108078002929687500E+10
        2.977999999999954017226855285116   -1.142423478980866241455078125000E+10
        2.978999999999953907092731242301   -1.148687254975065231323242187500E+10
        2.979999999999953796958607199485   -1.154987910262797546386718750000E+10
        2.980999999999953686824483156670   -1.161325674669913482666015625000E+10
        2.981999999999953576690359113854   -1.167700779525199508666992187500E+10
        2.982999999999953466556235071039   -1.174113457670629882812500000000E+10
        2.983999999999953356422111028223   -1.180563943471689605712890625000E+10
        2.984999999999953246287986985408   -1.187052472827771377563476562500E+10
        2.985999999999953136153862942592   -1.193579283182646179199218750000E+10
        2.986999999999953026019738899777   -1.200144613535007476806640625000E+10
        2.987999999999952915885614856961   -1.206748704449090576171875000000E+10
        2.988999999999952805751490814146   -1.213391798065367507934570312500E+10
        2.989999999999952695617366771330   -1.220074138111317825317382812500E+10
        2.990999999999952585483242728515   -1.226795969912274932861328125000E+10
        2.991999999999952475349118685699   -1.233557540402349472045898437500E+10
        2.992999999999952365214994642884   -1.240359098135430908203125000000E+10
        2.993999999999952255080870600068   -1.247200893296267318725585937500E+10
        2.994999999999952144946746557252   -1.254083177711623382568359375000E+10
        2.995999999999952034812622514437   -1.261006204861518096923828125000E+10
        2.996999999999951924678498471621   -1.267970229890541458129882812500E+10
        2.997999999999951814544374428806   -1.274975509619252014160156250000E+10
        2.998999999999951704410250385990   -1.282022302555655670166015625000E+10
        2.999999999999951594276126343175   -1.289110868906765747070312500000E+10
        3.000999999999951484142002300359   -1.296241470590245819091796875000E+10
        3.001999999999951374007878257544   -1.303414371246134185791015625000E+10
        3.002999999999951263873754214728   -1.310629836248652648925781250000E+10
        3.003999999999951153739630171913   -1.317888132718099594116210937500E+10
        3.004999999999951043605506129097   -1.325189529532827758789062500000E+10
        3.005999999999950933471382086282   -1.332534297341305541992187500000E+10
        3.006999999999950823337258043466   -1.339922708574266815185546875000E+10
        3.007999999999950713203134000651   -1.347355037456944656372070312500E+10
        3.008999999999950603069009957835   -1.354831560021393966674804687500E+10
        3.009999999999950492934885915020   -1.362352554118901824951171875000E+10
        3.010999999999950382800761872204   -1.369918299432485961914062500000E+10
        3.011999999999950272666637829388   -1.377529077489481735229492187500E+10
        3.012999999999950162532513786573   -1.385185171674220275878906250000E+10
        3.013999999999950052398389743757   -1.392886867240795898437500000000E+10
        3.014999999999949942264265700942   -1.400634451325924301147460937500E+10
        3.015999999999949832130141658126   -1.408428212961893844604492187500E+10
        3.016999999999949721996017615311   -1.416268443089608764648437500000E+10
        3.017999999999949611861893572495   -1.424155434571724700927734375000E+10
        3.018999999999949501727769529680   -1.432089482205879211425781250000E+10
        3.019999999999949391593645486864   -1.440070882738016128540039062500E+10
        3.020999999999949281459521444049   -1.448099934875806045532226562500E+10
        3.021999999999949171325397401233   -1.456176939302161026000976562500E+10
        3.022999999999949061191273358418   -1.464302198688847351074218750000E+10
        3.023999999999948951057149315602   -1.472476017710194778442382812500E+10
        3.024999999999948840923025272787   -1.480698703056904220581054687500E+10
        3.025999999999948730788901229971   -1.488970563449954223632812500000E+10
        3.026999999999948620654777187156   -1.497291909654607009887695312500E+10
        3.027999999999948510520653144340   -1.505663054494514465332031250000E+10
        3.028999999999948400386529101525   -1.514084312865925979614257812500E+10
        3.029999999999948290252405058709   -1.522556001751996612548828125000E+10
        3.030999999999948180118281015893   -1.531078440237199020385742187500E+10
        3.031999999999948069984156973078   -1.539651949521837615966796875000E+10
        3.032999999999947959850032930262   -1.548276852936667633056640625000E+10
        3.033999999999947849715908887447   -1.556953475957617568969726562500E+10
        3.034999999999947739581784844631   -1.565682146220619964599609375000E+10
        3.035999999999947629447660801816   -1.574463193536545181274414062500E+10
        3.036999999999947519313536759000   -1.583296949906244659423828125000E+10
        3.037999999999947409179412716185   -1.592183749535701370239257812500E+10
        3.038999999999947299045288673369   -1.601123928851288604736328125000E+10
        3.039999999999947188911164630554   -1.610117826515138244628906250000E+10
        3.040999999999947078777040587738   -1.619165783440620803833007812500E+10
        3.041999999999946968642916544923   -1.628268142807934570312500000000E+10
        3.042999999999946858508792502107   -1.637425250079808044433593750000E+10
        3.043999999999946748374668459292   -1.646637453017315292358398437500E+10
        3.044999999999946638240544416476   -1.655905101695803833007812500000E+10
        3.045999999999946528106420373661   -1.665228548520938873291015625000E+10
        3.046999999999946417972296330845   -1.674608148244860839843750000000E+10
        3.047999999999946307838172288029   -1.684044257982461166381835937500E+10
        3.048999999999946197704048245214   -1.693537237227771759033203125000E+10
        3.049999999999946087569924202398   -1.703087447870477294921875000000E+10
        3.050999999999945977435800159583   -1.712695254212541961669921875000E+10
        3.051999999999945867301676116767   -1.722361022984958648681640625000E+10
        3.052999999999945757167552073952   -1.732085123364617919921875000000E+10
        3.053999999999945647033428031136   -1.741867926991297912597656250000E+10
        3.054999999999945536899303988321   -1.751709807984776306152343750000E+10
        3.055999999999945426765179945505   -1.761611142962068176269531250000E+10
        3.056999999999945316631055902690   -1.771572311054784393310546875000E+10
        3.057999999999945206496931859874   -1.781593693926618194580078125000E+10
        3.058999999999945096362807817059   -1.791675675790956115722656250000E+10
        3.059999999999944986228683774243   -1.801818643428617095947265625000E+10
        3.060999999999944876094559731428   -1.812022986205718231201171875000E+10
        3.061999999999944765960435688612   -1.822289096091670989990234375000E+10
        3.062999999999944655826311645797   -1.832617367677305603027343750000E+10
        3.063999999999944545692187602981   -1.843008198193128204345703125000E+10
        3.064999999999944435558063560165   -1.853461987527708435058593750000E+10
        3.065999999999944325423939517350   -1.863979138246200561523437500000E+10
        3.066999999999944215289815474534   -1.874560055608997344970703125000E+10
        3.067999999999944105155691431719   -1.885205147590518951416015625000E+10
        3.068999999999943995021567388903   -1.895914824898140716552734375000E+10
        3.069999999999943884887443346088   -1.906689500991252899169921875000E+10
        3.070999999999943774753319303272   -1.917529592100462341308593750000E+10
        3.071999999999943664619195260457   -1.928435517246929168701171875000E+10
        3.072999999999943554485071217641   -1.939407698261848449707031250000E+10
        3.073999999999943444350947174826   -1.950446559806066131591796875000E+10
        3.074999999999943334216823132010   -1.961552529389844512939453125000E+10
        3.075999999999943224082699089195   -1.972726037392763519287109375000E+10
        3.076999999999943113948575046379   -1.983967517083772277832031250000E+10
        3.077999999999943003814451003564   -1.995277404641383361816406250000E+10
        3.078999999999942893680326960748   -2.006656139174011230468750000000E+10
        3.079999999999942783546202917933   -2.018104162740462493896484375000E+10
        3.080999999999942673412078875117   -2.029621920370570373535156250000E+10
        3.081999999999942563277954832301   -2.041209860085981750488281250000E+10
        3.082999999999942453143830789486   -2.052868432921094512939453125000E+10
        3.083999999999942343009706746670   -2.064598092944144439697265625000E+10
        3.084999999999942232875582703855   -2.076399297278450012207031250000E+10
        3.085999999999942122741458661039   -2.088272506123804473876953125000E+10
        3.086999999999942012607334618224   -2.100218182778029632568359375000E+10
        3.087999999999941902473210575408   -2.112236793658683013916015625000E+10
        3.088999999999941792339086532593   -2.124328808324922180175781250000E+10
        3.089999999999941682204962489777   -2.136494699499531555175781250000E+10
        3.090999999999941572070838446962   -2.148734943091103363037109375000E+10
        3.091999999999941461936714404146   -2.161050018216384887695312500000E+10
        3.092999999999941351802590361331   -2.173440407222787475585937500000E+10
        3.093999999999941241668466318515   -2.185906595711054992675781250000E+10
        3.094999999999941131534342275700   -2.198449072558103942871093750000E+10
        3.095999999999941021400218232884   -2.211068329940023040771484375000E+10
        3.096999999999940911266094190069   -2.223764863355244445800781250000E+10
        3.097999999999940801131970147253   -2.236539171647883605957031250000E+10
        3.098999999999940690997846104437   -2.249391757031244659423828125000E+10
        3.099999999999940580863722061622   -2.262323125111504364013671875000E+10
        3.100999999999940470729598018806   -2.275333784911560821533203125000E+10
        3.101999999999940360595473975991   -2.288424248895060729980468750000E+10
        3.102999999999940250461349933175   -2.301595032990600585937500000000E+10
        3.103999999999940140327225890360   -2.314846656616104888916015625000E+10
        3.104999999999940030193101847544   -2.328179642703379821777343750000E+10
        3.105999999999939920058977804729   -2.341594517722849273681640625000E+10
        3.106999999999939809924853761913   -2.355091811708468627929687500000E+10
        3.107999999999939699790729719098   -2.368672058282820129394531250000E+10
        3.108999999999939589656605676282   -2.382335794682393646240234375000E+10
        3.109999999999939479522481633467   -2.396083561783051300048828125000E+10
        3.110999999999939369388357590651   -2.409915904125677490234375000000E+10
        3.111999999999939259254233547836   -2.423833369942014312744140625000E+10
        3.112999999999939149120109505020   -2.437836511180690002441406250000E+10
        3.113999999999939038985985462205   -2.451925883533434295654296875000E+10
        3.114999999999938928851861419389   -2.466102046461485290527343750000E+10
        3.115999999999938818717737376573   -2.480365563222192382812500000000E+10
        3.116999999999938708583613333758   -2.494717000895809936523437500000E+10
        3.117999999999938598449489290942   -2.509156930412489318847656250000E+10
        3.118999999999938488315365248127   -2.523685926579467773437500000000E+10
        3.119999999999938378181241205311   -2.538304568108455657958984375000E+10
        3.120999999999938268047117162496   -2.553013437643225097656250000000E+10
        3.121999999999938157912993119680   -2.567813121787400054931640625000E+10
        3.122999999999938047778869076865   -2.582704211132450103759765625000E+10
        3.123999999999937937644745034049   -2.597687300285887145996093750000E+10
        3.124999999999937827510620991234   -2.612762987899674224853515625000E+10
        3.125999999999937717376496948418   -2.627931876698834991455078125000E+10
        3.126999999999937607242372905603   -2.643194573510279083251953125000E+10
        3.127999999999937497108248862787   -2.658551689291835784912109375000E+10
        3.128999999999937386974124819972   -2.674003839161501312255859375000E+10
        3.129999999999937276840000777156   -2.689551642426899719238281250000E+10
        3.130999999999937166705876734341   -2.705195722614962005615234375000E+10
        3.131999999999937056571752691525   -2.720936707501820373535156250000E+10
        3.132999999999936946437628648710   -2.736775229142923736572265625000E+10
        3.133999999999936836303504605894   -2.752711923903374481201171875000E+10
        3.134999999999936726169380563078   -2.768747432488486480712890625000E+10
        3.135999999999936616035256520263   -2.784882399974568176269531250000E+10
        3.136999999999936505901132477447   -2.801117475839932250976562500000E+10
        3.137999999999936395767008434632   -2.817453313996134185791015625000E+10
        3.138999999999936285632884391816   -2.833890572819436645507812500000E+10
        3.139999999999936175498760349001   -2.850429915182508850097656250000E+10
        3.140999999999936065364636306185   -2.867072008486358642578125000000E+10
        3.141999999999935955230512263370   -2.883817524692498016357421875000E+10
        3.142999999999935845096388220554   -2.900667140355344390869140625000E+10
        3.143999999999935734962264177739   -2.917621536654864501953125000000E+10
        3.144999999999935624828140134923   -2.934681399429454040527343750000E+10
        3.145999999999935514694016092108   -2.951847419209061431884765625000E+10
        3.146999999999935404559892049292   -2.969120291248554229736328125000E+10
        3.147999999999935294425768006477   -2.986500715561334991455078125000E+10
        3.148999999999935184291643963661   -3.003989396953200531005859375000E+10
        3.149999999999935074157519920846   -3.021587045056451416015625000000E+10
        3.150999999999934964023395878030   -3.039294374364254760742187500000E+10
        3.151999999999934853889271835214   -3.057112104265258789062500000000E+10
        3.152999999999934743755147792399   -3.075040959078463745117187500000E+10
        3.153999999999934633621023749583   -3.093081668088349914550781250000E+10
        3.154999999999934523486899706768   -3.111234965580262756347656250000E+10
        3.155999999999934413352775663952   -3.129501590876062011718750000000E+10
        3.156999999999934303218651621137   -3.147882288370032501220703125000E+10
        3.157999999999934193084527578321   -3.166377807565058898925781250000E+10
        3.158999999999934082950403535506   -3.184988903109069061279296875000E+10
        3.159999999999933972816279492690   -3.203716334831750488281250000000E+10
        3.160999999999933862682155449875   -3.222560867781528472900390625000E+10
        3.161999999999933752548031407059   -3.241523272262825775146484375000E+10
        3.162999999999933642413907364244   -3.260604323873594665527343750000E+10
        3.163999999999933532279783321428   -3.279804803543127441406250000000E+10
        3.164999999999933422145659278613   -3.299125497570143890380859375000E+10
        3.165999999999933312011535235797   -3.318567197661164855957031250000E+10
        3.166999999999933201877411192982   -3.338130700969164276123046875000E+10
        3.167999999999933091743287150166   -3.357816810132514190673828125000E+10
        3.168999999999932981609163107350   -3.377626333314210510253906250000E+10
        3.169999999999932871475039064535   -3.397560084241394805908203125000E+10
        3.170999999999932761340915021719   -3.417618882245167541503906250000E+10
        3.171999999999932651206790978904   -3.437803552300693511962890625000E+10
        3.172999999999932541072666936088   -3.458114925067607116699218750000E+10
        3.173999999999932430938542893273   -3.478553836930716705322265625000E+10
        3.174999999999932320804418850457   -3.499121130041009521484375000000E+10
        3.175999999999932210670294807642   -3.519817652356960296630859375000E+10
        3.176999999999932100536170764826   -3.540644257686151123046875000000E+10
        3.177999999999931990402046722011   -3.561601805727193450927734375000E+10
        3.178999999999931880267922679195   -3.582691162111964416503906250000E+10
        3.179999999999931770133798636380   -3.603913198448155975341796875000E+10
        3.180999999999931659999674593564   -3.625268792362141418457031250000E+10
        3.181999999999931549865550550749   -3.646758827542156219482421875000E+10
        3.182999999999931439731426507933   -3.668384193781803894042968750000E+10
        3.183999999999931329597302465118   -3.690145787023882293701171875000E+10
        3.184999999999931219463178422302   -3.712044509404536437988281250000E+10
        3.185999999999931109329054379486   -3.734081269297742462158203125000E+10
        3.186999999999930999194930336671   -3.756256981360116577148437500000E+10
        3.187999999999930889060806293855   -3.778572566576058197021484375000E+10
        3.188999999999930778926682251040   -3.801028952303234863281250000000E+10
        3.189999999999930668792558208224   -3.823627072318396759033203125000E+10
        3.190999999999930558658434165409   -3.846367866863539123535156250000E+10
        3.191999999999930448524310122593   -3.869252282692406463623046875000E+10
        3.192999999999930338390186079778   -3.892281273117340087890625000000E+10
        3.193999999999930228256062036962   -3.915455798056476593017578125000E+10
        3.194999999999930118121937994147   -3.938776824081298828125000000000E+10
        3.195999999999930007987813951331   -3.962245324464539337158203125000E+10
        3.196999999999929897853689908516   -3.985862279228440856933593750000E+10
        3.197999999999929787719565865700   -4.009628675193378448486328125000E+10
        3.198999999999929677585441822885   -4.033545506026841735839843750000E+10
        3.199999999999929567451317780069   -4.057613772292783355712890625000E+10
        3.200999999999929457317193737254   -4.081834481501333618164062500000E+10
        3.201999999999929347183069694438   -4.106208648158892059326171875000E+10
        3.202999999999929237048945651622   -4.130737293818583679199218750000E+10
        3.203999999999929126914821608807   -4.155421447131099700927734375000E+10
        3.204999999999929016780697565991   -4.180262143895913696289062500000E+10
        3.205999999999928906646573523176   -4.205260427112882232666015625000E+10
        3.206999999999928796512449480360   -4.230417347034225463867187500000E+10
        3.207999999999928686378325437545   -4.255733961216905975341796875000E+10
        3.208999999999928576244201394729   -4.281211334575389099121093750000E+10
        3.209999999999928466110077351914   -4.306850539434803009033203125000E+10
        3.210999999999928355975953309098   -4.332652655584497070312500000000E+10
        3.211999999999928245841829266283   -4.358618770331995391845703125000E+10
        3.212999999999928135707705223467   -4.384749978557360839843750000000E+10
        3.213999999999928025573581180652   -4.411047382767957305908203125000E+10
        3.214999999999927915439457137836   -4.437512093153630065917968750000E+10
        3.215999999999927805305333095021   -4.464145227642295074462890625000E+10
        3.216999999999927695171209052205   -4.490947911955940246582031250000E+10
        3.217999999999927585037085009390   -4.517921279667058563232421875000E+10
        3.218999999999927474902960966574   -4.545066472255488586425781250000E+10
        3.219999999999927364768836923758   -4.572384639165692901611328125000E+10
        3.220999999999927254634712880943   -4.599876937864459228515625000000E+10
        3.221999999999927144500588838127   -4.627544533899034881591796875000E+10
        3.222999999999927034366464795312   -4.655388600955697631835937500000E+10
        3.223999999999926924232340752496   -4.683410320918766021728515625000E+10
        3.224999999999926814098216709681   -4.711610883930053710937500000000E+10
        3.225999999999926703964092666865   -4.739991488448767852783203125000E+10
        3.226999999999926593829968624050   -4.768553341311854553222656250000E+10
        3.227999999999926483695844581234   -4.797297657794806671142578125000E+10
        3.228999999999926373561720538419   -4.826225661672912597656250000000E+10
        3.229999999999926263427596495603   -4.855338585282981109619140625000E+10
        3.230999999999926153293472452788   -4.884637669585519409179687500000E+10
        3.231999999999926043159348409972   -4.914124164227378082275390625000E+10
        3.232999999999925933025224367157   -4.943799327604878234863281250000E+10
        3.233999999999925822891100324341   -4.973664426927396392822265625000E+10
        3.234999999999925712756976281526   -5.003720738281440734863281250000E+10
        3.235999999999925602622852238710   -5.033969546695204925537109375000E+10
        3.236999999999925492488728195895   -5.064412146203601074218750000000E+10
        3.237999999999925382354604153079   -5.095049839913793182373046875000E+10
        3.238999999999925272220480110263   -5.125883940071218872070312500000E+10
        3.239999999999925162086356067448   -5.156915768126102447509765625000E+10
        3.240999999999925051952232024632   -5.188146654800476074218750000000E+10
        3.241999999999924941818107981817   -5.219577940155702972412109375000E+10
        3.242999999999924831683983939001   -5.251210973660508728027343750000E+10
        3.243999999999924721549859896186   -5.283047114259528350830078125000E+10
        3.244999999999924611415735853370   -5.315087730442362976074218750000E+10
        3.245999999999924501281611810555   -5.347334200313162994384765625000E+10
        3.246999999999924391147487767739   -5.379787911660734558105468750000E+10
        3.247999999999924281013363724924   -5.412450262029172515869140625000E+10
        3.248999999999924170879239682108   -5.445322658789030456542968750000E+10
        3.249999999999924060745115639293   -5.478406519209020233154296875000E+10
        3.250999999999923950610991596477   -5.511703270528260803222656250000E+10
        3.251999999999923840476867553662   -5.545214350029067230224609375000E+10
        3.252999999999923730342743510846   -5.578941205110290527343750000000E+10
        3.253999999999923620208619468031   -5.612885293361209869384765625000E+10
        3.254999999999923510074495425215   -5.647048082635987854003906250000E+10
        3.255999999999923399940371382399   -5.681431051128682708740234375000E+10
        3.256999999999923289806247339584   -5.716035687448829650878906250000E+10
        3.257999999999923179672123296768   -5.750863490697591400146484375000E+10
        3.258999999999923069537999253953   -5.785915970544486999511718750000E+10
        3.259999999999922959403875211137   -5.821194647304700469970703125000E+10
        3.260999999999922849269751168322   -5.856701052016973876953125000000E+10
        3.261999999999922739135627125506   -5.892436726522089385986328125000E+10
        3.262999999999922629001503082691   -5.928403223541941833496093750000E+10
        3.263999999999922518867379039875   -5.964602106759218597412109375000E+10
        3.264999999999922408733254997060   -6.001034950897673034667968750000E+10
        3.265999999999922298599130954244   -6.037703341803009796142578125000E+10
        3.266999999999922188465006911429   -6.074608876524385070800781250000E+10
        3.267999999999922078330882868613   -6.111753163396518707275390625000E+10
        3.268999999999921968196758825798   -6.149137822122434997558593750000E+10
        3.269999999999921858062634782982   -6.186764483856822967529296875000E+10
        3.270999999999921747928510740167   -6.224634791290039062500000000000E+10
        3.271999999999921637794386697351   -6.262750398732735443115234375000E+10
        3.272999999999921527660262654535   -6.301112972201135253906250000000E+10
        3.273999999999921417526138611720   -6.339724189502956390380859375000E+10
        3.274999999999921307392014568904   -6.378585740323986816406250000000E+10
        3.275999999999921197257890526089   -6.417699326315311431884765625000E+10
        3.276999999999921087123766483273   -6.457066661181211853027343750000E+10
        3.277999999999920976989642440458   -6.496689470767722320556640625000E+10
        3.278999999999920866855518397642   -6.536569493151866149902343750000E+10
        3.279999999999920756721394354827   -6.576708478731563568115234375000E+10
        3.280999999999920646587270312011   -6.617108190316224670410156250000E+10
        3.281999999999920536453146269196   -6.657770403218039703369140625000E+10
        3.282999999999920426319022226380   -6.698696905343948364257812500000E+10
        3.283999999999920316184898183565   -6.739889497288317108154296875000E+10
        3.284999999999920206050774140749   -6.781349992426324462890625000000E+10
        3.285999999999920095916650097934   -6.823080217008046722412109375000E+10
        3.286999999999919985782526055118   -6.865082010253271484375000000000E+10
        3.287999999999919875648402012303   -6.907357224447021484375000000000E+10
        3.288999999999919765514277969487   -6.949907725035812377929687500000E+10
        3.289999999999919655380153926671   -6.992735390724642944335937500000E+10
        3.290999999999919545246029883856   -7.035842113574716186523437500000E+10
        3.291999999999919435111905841040   -7.079229799101919555664062500000E+10
        3.292999999999919324977781798225   -7.122900366376040649414062500000E+10
        3.293999999999919214843657755409   -7.166855748120748901367187500000E+10
        3.294999999999919104709533712594   -7.211097890814337158203125000000E+10
        3.295999999999918994575409669778   -7.255628754791226196289062500000E+10
        3.296999999999918884441285626963   -7.300450314344253540039062500000E+10
        3.297999999999918774307161584147   -7.345564557827731323242187500000E+10
        3.298999999999918664173037541332   -7.390973487761297607421875000000E+10
        3.299999999999918554038913498516   -7.436679120934558105468750000000E+10
        3.300999999999918443904789455701   -7.482683488512524414062500000000E+10
        3.301999999999918333770665412885   -7.528988636141867065429687500000E+10
        3.302999999999918223636541370070   -7.575596624057965087890625000000E+10
        3.303999999999918113502417327254   -7.622509527192779541015625000000E+10
        3.304999999999918003368293284439   -7.669729435283563232421875000000E+10
        3.305999999999917893234169241623   -7.717258452982379150390625000000E+10
        3.306999999999917783100045198807   -7.765098699966476440429687500000E+10
        3.307999999999917672965921155992   -7.813252311049496459960937500000E+10
        3.308999999999917562831797113176   -7.861721436293533325195312500000E+10
        3.309999999999917452697673070361   -7.910508241122055053710937500000E+10
        3.310999999999917342563549027545   -7.959614906433688354492187500000E+10
        3.311999999999917232429424984730   -8.009043628716864013671875000000E+10
        3.312999999999917122295300941914   -8.058796620165356445312500000000E+10
        3.313999999999917012161176899099   -8.108876108794696044921875000000E+10
        3.314999999999916902027052856283   -8.159284338559475708007812500000E+10
        3.315999999999916791892928813468   -8.210023569471554565429687500000E+10
        3.316999999999916681758804770652   -8.261096077719174194335937500000E+10
        3.317999999999916571624680727837   -8.312504155786975097656250000000E+10
        3.318999999999916461490556685021   -8.364250112576947021484375000000E+10
        3.319999999999916351356432642206   -8.416336273530297851562500000000E+10
        3.320999999999916241222308599390   -8.468764980750259399414062500000E+10
        3.321999999999916131088184556575   -8.521538593125839233398437500000E+10
        3.322999999999916020954060513759   -8.574659486456512451171875000000E+10
        3.323999999999915910819936470944   -8.628130053577874755859375000000E+10
        3.324999999999915800685812428128   -8.681952704488269042968750000000E+10
        3.325999999999915690551688385312   -8.736129866476367187500000000000E+10
        3.326999999999915580417564342497   -8.790663984249749755859375000000E+10
        3.327999999999915470283440299681   -8.845557520064456176757812500000E+10
        3.328999999999915360149316256866   -8.900812953855541992187500000000E+10
        3.329999999999915250015192214050   -8.956432783368630981445312500000E+10
        3.330999999999915139881068171235   -9.012419524292495727539062500000E+10
        3.331999999999915029746944128419   -9.068775710392626953125000000000E+10
        3.332999999999914919612820085604   -9.125503893645861816406250000000E+10
        3.333999999999914809478696042788   -9.182606644376028442382812500000E+10
        3.334999999999914699344571999973   -9.240086551390640258789062500000E+10
        3.335999999999914589210447957157   -9.297946222118640136718750000000E+10
        3.336999999999914479076323914342   -9.356188282749203491210937500000E+10
        3.337999999999914368942199871526   -9.414815378371615600585937500000E+10
        3.338999999999914258808075828711   -9.473830173116229248046875000000E+10
        3.339999999999914148673951785895   -9.533235350296490478515625000000E+10
        3.340999999999914038539827743080   -9.593033612552072143554687500000E+10
        3.341999999999913928405703700264   -9.653227681993109130859375000000E+10
        3.342999999999913818271579657448   -9.713820300345547485351562500000E+10
        3.343999999999913708137455614633   -9.774814229097607421875000000000E+10
        3.344999999999913598003331571817   -9.836212249647381591796875000000E+10
        3.345999999999913487869207529002   -9.898017163451562500000000000000E+10
        3.346999999999913377735083486186   -9.960231792175329589843750000000E+10
        3.347999999999913267600959443371   -1.002285897784338684082031250000E+11
        3.348999999999913157466835400555   -1.008590158299216308593750000000E+11
        3.349999999999913047332711357740   -1.014936249082319335937500000000E+11
        3.350999999999912937198587314924   -1.021324460535768127441406250000E+11
        3.351999999999912827064463272109   -1.027755085159225769042968750000E+11
        3.352999999999912716930339229293   -1.034228417565593566894531250000E+11
        3.353999999999912606796215186478   -1.040744754496828613281250000000E+11
        3.354999999999912496662091143662   -1.047304394839883422851562500000E+11
        3.355999999999912386527967100847   -1.053907639642768249511718750000E+11
        3.356999999999912276393843058031   -1.060554792130738830566406250000E+11
        3.357999999999912166259719015216   -1.067246157722608032226562500000E+11
        3.358999999999912056125594972400   -1.073982044047183532714843750000E+11
        3.359999999999911945991470929584   -1.080762760959834594726562500000E+11
        3.360999999999911835857346886769   -1.087588620559184875488281250000E+11
        3.361999999999911725723222843953   -1.094459937203935852050781250000E+11
        3.362999999999911615589098801138   -1.101377027529819641113281250000E+11
        3.363999999999911505454974758322   -1.108340210466683654785156250000E+11
        3.364999999999911395320850715507   -1.115349807255707397460937500000E+11
        3.365999999999911285186726672691   -1.122406141466752929687500000000E+11
        3.366999999999911175052602629876   -1.129509539015848999023437500000E+11
        3.367999999999911064918478587060   -1.136660328182811889648437500000E+11
        3.368999999999910954784354544245   -1.143858839629002685546875000000E+11
        3.369999999999910844650230501429   -1.151105406415220642089843750000E+11
        3.370999999999910734516106458614   -1.158400364019736938476562500000E+11
        3.371999999999910624381982415798   -1.165744050356468200683593750000E+11
        3.372999999999910514247858372983   -1.173136805793290710449218750000E+11
        3.373999999999910404113734330167   -1.180578973170497436523437500000E+11
        3.374999999999910293979610287352   -1.188070897819396667480468750000E+11
        3.375999999999910183845486244536   -1.195612927581057434082031250000E+11
        3.376999999999910073711362201720   -1.203205412825198364257812500000E+11
        3.377999999999909963577238158905   -1.210848706469224548339843750000E+11
        3.378999999999909853443114116089   -1.218543163997412719726562500000E+11
        3.379999999999909743308990073274   -1.226289143480243530273437500000E+11
        3.380999999999909633174866030458   -1.234087005593886718750000000000E+11
        3.381999999999909523040741987643   -1.241937113639836120605468750000E+11
        3.382999999999909412906617944827   -1.249839833564697875976562500000E+11
        3.383999999999909302772493902012   -1.257795533980132446289062500000E+11
        3.384999999999909192638369859196   -1.265804586182952270507812500000E+11
        3.385999999999909082504245816381   -1.273867364175375061035156250000E+11
        3.386999999999908972370121773565   -1.281984244685435791015625000000E+11
        3.387999999999908862235997730750   -1.290155607187556457519531250000E+11
        3.388999999999908752101873687934   -1.298381833923276977539062500000E+11
        3.389999999999908641967749645119   -1.306663309922147521972656250000E+11
        3.390999999999908531833625602303   -1.315000423022782897949218750000E+11
        3.391999999999908421699501559488   -1.323393563894082031250000000000E+11
        3.392999999999908311565377516672   -1.331843126056611633300781250000E+11
        3.393999999999908201431253473856   -1.340349505904158935546875000000E+11
        3.394999999999908091297129431041   -1.348913102725449523925781250000E+11
        3.395999999999907981163005388225   -1.357534318726036376953125000000E+11
        3.396999999999907871028881345410   -1.366213559050358886718750000000E+11
        3.397999999999907760894757302594   -1.374951231803975830078125000000E+11
        3.398999999999907650760633259779   -1.383747748075969848632812500000E+11
        3.399999999999907540626509216963   -1.392603521961527099609375000000E+11
        3.400999999999907430492385174148   -1.401518970584694824218750000000E+11
        3.401999999999907320358261131332   -1.410494514121315307617187500000E+11
        3.402999999999907210224137088517   -1.419530575822138671875000000000E+11
        3.403999999999907100090013045701   -1.428627582036117553710937500000E+11
        3.404999999999906989955889002886   -1.437785962233883666992187500000E+11
        3.405999999999906879821764960070   -1.447006149031406860351562500000E+11
        3.406999999999906769687640917255   -1.456288578213840332031250000000E+11
        3.407999999999906659553516874439   -1.465633688759551391601562500000E+11
        3.408999999999906549419392831624   -1.475041922864342651367187500000E+11
        3.409999999999906439285268788808   -1.484513725965858154296875000000E+11
        3.410999999999906329151144745992   -1.494049546768186035156250000000E+11
        3.411999999999906219017020703177   -1.503649837266649169921875000000E+11
        3.412999999999906108882896660361   -1.513315052772792968750000000000E+11
        3.413999999999905998748772617546   -1.523045651939567260742187500000E+11
        3.414999999999905888614648574730   -1.532842096786707153320312500000E+11
        3.415999999999905778480524531915   -1.542704852726310424804687500000E+11
        3.416999999999905668346400489099   -1.552634388588617553710937500000E+11
        3.417999999999905558212276446284   -1.562631176647992553710937500000E+11
        3.418999999999905448078152403468   -1.572695692649107666015625000000E+11
        3.419999999999905337944028360653   -1.582828415833334960937500000000E+11
        3.420999999999905227809904317837   -1.593029828965342407226562500000E+11
        3.421999999999905117675780275022   -1.603300418359900512695312500000E+11
        3.422999999999905007541656232206   -1.613640673908899536132812500000E+11
        3.423999999999904897407532189391   -1.624051089108577880859375000000E+11
        3.424999999999904787273408146575   -1.634532161086964721679687500000E+11
        3.425999999999904677139284103760   -1.645084390631536865234375000000E+11
        3.426999999999904567005160060944   -1.655708282217095947265625000000E+11
        3.427999999999904456871036018129   -1.666404344033861694335937500000E+11
        3.428999999999904346736911975313   -1.677173088015787353515625000000E+11
        3.429999999999904236602787932497   -1.688015029869097290039062500000E+11
        3.430999999999904126468663889682   -1.698930689101049804687500000000E+11
        3.431999999999904016334539846866   -1.709920589048923950195312500000E+11
        3.432999999999903906200415804051   -1.720985256909238281250000000000E+11
        3.433999999999903796066291761235   -1.732125223767195434570312500000E+11
        3.434999999999903685932167718420   -1.743341024626361694335937500000E+11
        3.435999999999903575798043675604   -1.754633198438577880859375000000E+11
        3.436999999999903465663919632789   -1.766002288134106445312500000000E+11
        3.437999999999903355529795589973   -1.777448840652015991210937500000E+11
        3.438999999999903245395671547158   -1.788973406970806884765625000000E+11
        3.439999999999903135261547504342   -1.800576542139274291992187500000E+11
        3.440999999999903025127423461527   -1.812258805307618408203125000000E+11
        3.441999999999902914993299418711   -1.824020759758798217773437500000E+11
        3.442999999999902804859175375896   -1.835862972940132446289062500000E+11
        3.443999999999902694725051333080   -1.847786016495148925781250000000E+11
        3.444999999999902584590927290265   -1.859790466295687255859375000000E+11
        3.445999999999902474456803247449   -1.871876902474252319335937500000E+11
        3.446999999999902364322679204633   -1.884045909456625366210937500000E+11
        3.447999999999902254188555161818   -1.896298075994731445312500000000E+11
        3.448999999999902144054431119002   -1.908633995199766235351562500000E+11
        3.449999999999902033920307076187   -1.921054264575584716796875000000E+11
        3.450999999999901923786183033371   -1.933559486052353515625000000000E+11
        3.451999999999901813652058990556   -1.946150266020469970703125000000E+11
        3.452999999999901703517934947740   -1.958827215364746093750000000000E+11
        3.453999999999901593383810904925   -1.971590949498867797851562500000E+11
        3.454999999999901483249686862109   -1.984442088400121459960937500000E+11
        3.455999999999901373115562819294   -1.997381256644398803710937500000E+11
        3.456999999999901262981438776478   -2.010409083441478271484375000000E+11
        3.457999999999901152847314733663   -2.023526202670582275390625000000E+11
        3.458999999999901042713190690847   -2.036733252916218261718750000000E+11
        3.459999999999900932579066648032   -2.050030877504305419921875000000E+11
        3.460999999999900822444942605216   -2.063419724538582763671875000000E+11
        3.461999999999900712310818562401   -2.076900446937308959960937500000E+11
        3.462999999999900602176694519585   -2.090473702470252075195312500000E+11
        3.463999999999900492042570476769   -2.104140153795972290039062500000E+11
        3.464999999999900381908446433954   -2.117900468499399414062500000000E+11
        3.465999999999900271774322391138   -2.131755319129708862304687500000E+11
        3.466999999999900161640198348323   -2.145705383238496704101562500000E+11
        3.467999999999900051506074305507   -2.159751343418259887695312500000E+11
        3.468999999999899941371950262692   -2.173893887341179199218750000000E+11
        3.469999999999899831237826219876   -2.188133707798211669921875000000E+11
        3.470999999999899721103702177061   -2.202471502738491821289062500000E+11
        3.471999999999899610969578134245   -2.216907975309044799804687500000E+11
        3.472999999999899500835454091430   -2.231443833894818725585937500000E+11
        3.473999999999899390701330048614   -2.246079792159029541015625000000E+11
        3.474999999999899280567206005799   -2.260816569083831176757812500000E+11
        3.475999999999899170433081962983   -2.275654889011304931640625000000E+11
        3.476999999999899060298957920168   -2.290595481684776000976562500000E+11
        3.477999999999898950164833877352   -2.305639082290460205078125000000E+11
        3.478999999999898840030709834537   -2.320786431499437866210937500000E+11
        3.479999999999898729896585791721   -2.336038275509965820312500000000E+11
        3.480999999999898619762461748905   -2.351395366090121459960937500000E+11
        3.481999999999898509628337706090   -2.366858460620788574218750000000E+11
        3.482999999999898399494213663274   -2.382428322138985595703125000000E+11
        3.483999999999898289360089620459   -2.398105719381538085937500000000E+11
        3.484999999999898179225965577643   -2.413891426829095458984375000000E+11
        3.485999999999898069091841534828   -2.429786224750504760742187500000E+11
        3.486999999999897958957717492012   -2.445790899247533569335937500000E+11
        3.487999999999897848823593449197   -2.461906242299946899414062500000E+11
        3.488999999999897738689469406381   -2.478133051810949707031250000000E+11
        3.489999999999897628555345363566   -2.494472131652984619140625000000E+11
        3.490999999999897518421221320750   -2.510924291713900756835937500000E+11
        3.491999999999897408287097277935   -2.527490347943486328125000000000E+11
        3.492999999999897298152973235119   -2.544171122400372314453125000000E+11
        3.493999999999897188018849192304   -2.560967443299313354492187500000E+11
        3.494999999999897077884725149488   -2.577880145058844604492187500000E+11
        3.495999999999896967750601106673   -2.594910068349316406250000000000E+11
        3.496999999999896857616477063857   -2.612058060141314086914062500000E+11
        3.497999999999896747482353021041   -2.629324973754466552734375000000E+11
        3.498999999999896637348228978226   -2.646711668906640014648437500000E+11
        3.499999999999896527214104935410   -2.664219011763529052734375000000E+11
        3.500999999999896417079980892595   -2.681847874988639526367187500000E+11
        3.501999999999896306945856849779   -2.699599137793673706054687500000E+11
        3.502999999999896196811732806964   -2.717473685989318237304687500000E+11
        3.503999999999896086677608764148   -2.735472412036435546875000000000E+11
        3.504999999999895976543484721333   -2.753596215097667846679687500000E+11
        3.505999999999895866409360678517   -2.771846001089450683593750000000E+11
        3.506999999999895756275236635702   -2.790222682734445190429687500000E+11
        3.507999999999895646141112592886   -2.808727179614387207031250000000E+11
        3.508999999999895536006988550071   -2.827360418223361206054687500000E+11
        3.509999999999895425872864507255   -2.846123332021501464843750000000E+11
        3.510999999999895315738740464440   -2.865016861489119262695312500000E+11
        3.511999999999895205604616421624   -2.884041954181265869140625000000E+11
        3.512999999999895095470492378809   -2.903199564782736206054687500000E+11
        3.513999999999894985336368335993   -2.922490655163505859375000000000E+11
        3.514999999999894875202244293178   -2.941916194434617309570312500000E+11
        3.515999999999894765068120250362   -2.961477159004514160156250000000E+11
        3.516999999999894654933996207546   -2.981174532635822143554687500000E+11
        3.517999999999894544799872164731   -3.001009306502592773437500000000E+11
        3.518999999999894434665748121915   -3.020982479247999877929687500000E+11
        3.519999999999894324531624079100   -3.041095057042501220703125000000E+11
        3.520999999999894214397500036284   -3.061348053642467651367187500000E+11
        3.521999999999894104263375993469   -3.081742490449282226562500000000E+11
        3.522999999999893994129251950653   -3.102279396568911743164062500000E+11
        3.523999999999893883995127907838   -3.122959808871961669921875000000E+11
        3.524999999999893773861003865022   -3.143784772054204711914062500000E+11
        3.525999999999893663726879822207   -3.164755338697604980468750000000E+11
        3.526999999999893553592755779391   -3.185872569331826782226562500000E+11
        3.527999999999893443458631736576   -3.207137532496239013671875000000E+11
        3.528999999999893333324507693760   -3.228551304802418823242187500000E+11
        3.529999999999893223190383650945   -3.250114970997158203125000000000E+11
        3.530999999999893113056259608129   -3.271829624025972290039062500000E+11
        3.531999999999893002922135565314   -3.293696365097125244140625000000E+11
        3.532999999999892892788011522498   -3.315716303746167602539062500000E+11
        3.533999999999892782653887479682   -3.337890557900993652343750000000E+11
        3.534999999999892672519763436867   -3.360220253947422485351562500000E+11
        3.535999999999892562385639394051   -3.382706526795303955078125000000E+11
        3.536999999999892452251515351236   -3.405350519945165405273437500000E+11
        3.537999999999892342117391308420   -3.428153385555386962890625000000E+11
        3.538999999999892231983267265605   -3.451116284509918823242187500000E+11
        3.539999999999892121849143222789   -3.474240386486546630859375000000E+11
        3.540999999999892011715019179974   -3.497526870025707397460937500000E+11
        3.541999999999891901580895137158   -3.520976922599859619140625000000E+11
        3.542999999999891791446771094343   -3.544591740683411254882812500000E+11
        3.543999999999891681312647051527   -3.568372529823212890625000000000E+11
        3.544999999999891571178523008712   -3.592320504709619750976562500000E+11
        3.545999999999891461044398965896   -3.616436889248125000000000000000E+11
        3.546999999999891350910274923081   -3.640722916631572875976562500000E+11
        3.547999999999891240776150880265   -3.665179829412955322265625000000E+11
        3.548999999999891130642026837450   -3.689808879578794555664062500000E+11
        3.549999999999891020507902794634   -3.714611328623120117187500000000E+11
        3.550999999999890910373778751818   -3.739588447622042846679687500000E+11
        3.551999999999890800239654709003   -3.764741517308930664062500000000E+11
        3.552999999999890690105530666187   -3.790071828150191040039062500000E+11
        3.553999999999890579971406623372   -3.815580680421667480468750000000E+11
        3.554999999999890469837282580556   -3.841269384285654907226562500000E+11
        3.555999999999890359703158537741   -3.867139259868533935546875000000E+11
        3.556999999999890249569034494925   -3.893191637339035034179687500000E+11
        3.557999999999890139434910452110   -3.919427856987138671875000000000E+11
        3.558999999999890029300786409294   -3.945849269303609008789062500000E+11
        3.559999999999889919166662366479   -3.972457235060172119140625000000E+11
        3.560999999999889809032538323663   -3.999253125390348510742187500000E+11
        3.561999999999889698898414280848   -4.026238321870935058593750000000E+11
        3.562999999999889588764290238032   -4.053414216604144897460937500000E+11
        3.563999999999889478630166195217   -4.080782212300418701171875000000E+11
        3.564999999999889368496042152401   -4.108343722361903686523437500000E+11
        3.565999999999889258361918109586   -4.136100170966608886718750000000E+11
        3.566999999999889148227794066770   -4.164052993153242797851562500000E+11
        3.567999999999889038093670023954   -4.192203634906740722656250000000E+11
        3.568999999999888927959545981139   -4.220553553244481811523437500000E+11
        3.569999999999888817825421938323   -4.249104216303208007812500000000E+11
        3.570999999999888707691297895508   -4.277857103426649780273437500000E+11
        3.571999999999888597557173852692   -4.306813705253858642578125000000E+11
        3.572999999999888487423049809877   -4.335975523808262329101562500000E+11
        3.573999999999888377288925767061   -4.365344072587436523437500000000E+11
        3.574999999999888267154801724246   -4.394920876653610229492187500000E+11
        3.575999999999888157020677681430   -4.424707472724902343750000000000E+11
        3.576999999999888046886553638615   -4.454705409267305297851562500000E+11
        3.577999999999887936752429595799   -4.484916246587408447265625000000E+11
        3.578999999999887826618305552984   -4.515341556925881958007812500000E+11
        3.579999999999887716484181510168   -4.545982924551717529296875000000E+11
        3.580999999999887606350057467353   -4.576841945857234497070312500000E+11
        3.581999999999887496215933424537   -4.607920229453859863281250000000E+11
        3.582999999999887386081809381722   -4.639219396268688354492187500000E+11
        3.583999999999887275947685338906   -4.670741079641824951171875000000E+11
        3.584999999999887165813561296090   -4.702486925424522094726562500000E+11
        3.585999999999887055679437253275   -4.734458592078117675781250000000E+11
        3.586999999999886945545313210459   -4.766657750773772583007812500000E+11
        3.587999999999886835411189167644   -4.799086085493027343750000000000E+11
        3.588999999999886725277065124828   -4.831745293129171752929687500000E+11
        3.589999999999886615142941082013   -4.864637083589443359375000000000E+11
        3.590999999999886505008817039197   -4.897763179898060913085937500000E+11
        3.591999999999886394874692996382   -4.931125318300093994140625000000E+11
        3.592999999999886284740568953566   -4.964725248366176147460937500000E+11
        3.593999999999886174606444910751   -4.998564733098082275390625000000E+11
        3.594999999999886064472320867935   -5.032645549035159301757812500000E+11
        3.595999999999885954338196825120   -5.066969486361625976562500000000E+11
        3.596999999999885844204072782304   -5.101538349014747924804687500000E+11
        3.597999999999885734069948739489   -5.136353954793897705078125000000E+11
        3.598999999999885623935824696673   -5.171418135470504760742187500000E+11
        3.599999999999885513801700653858   -5.206732736898903808593750000000E+11
        3.600999999999885403667576611042   -5.242299619128085327148437500000E+11
        3.601999999999885293533452568226   -5.278120656514357910156250000000E+11
        3.602999999999885183399328525411   -5.314197737834939575195312500000E+11
        3.603999999999885073265204482595   -5.350532766402467041015625000000E+11
        3.604999999999884963131080439780   -5.387127660180446166992187500000E+11
        3.605999999999884852996956396964   -5.423984351899648437500000000000E+11
        3.606999999999884742862832354149   -5.461104789175453491210937500000E+11
        3.607999999999884632728708311333   -5.498490934626156005859375000000E+11
        3.608999999999884522594584268518   -5.536144765992238769531250000000E+11
        3.609999999999884412460460225702   -5.574068276256619873046875000000E+11
        3.610999999999884302326336182887   -5.612263473765888671875000000000E+11
        3.611999999999884192192212140071   -5.650732382352530517578125000000E+11
        3.612999999999884082058088097256   -5.689477041458154296875000000000E+11
        3.613999999999883971923964054440   -5.728499506257728271484375000000E+11
        3.614999999999883861789840011625   -5.767801847784829101562500000000E+11
        3.615999999999883751655715968809   -5.807386153057928466796875000000E+11
        3.616999999999883641521591925994   -5.847254525207702636718750000000E+11
        3.617999999999883531387467883178   -5.887409083605394287109375000000E+11
        3.618999999999883421253343840363   -5.927851963992219238281250000000E+11
        3.619999999999883311119219797547   -5.968585318609842529296875000000E+11
        3.620999999999883200985095754731   -6.009611316331918945312500000000E+11
        3.621999999999883090850971711916   -6.050932142796715087890625000000E+11
        3.622999999999882980716847669100   -6.092550000540817871093750000000E+11
        3.623999999999882870582723626285   -6.134467109133941650390625000000E+11
        3.624999999999882760448599583469   -6.176685705314843750000000000000E+11
        3.625999999999882650314475540654   -6.219208043128353271484375000000E+11
        3.626999999999882540180351497838   -6.262036394063527832031250000000E+11
        3.627999999999882430046227455023   -6.305173047192943115234375000000E+11
        3.628999999999882319912103412207   -6.348620309313127441406250000000E+11
        3.629999999999882209777979369392   -6.392380505086148681640625000000E+11
        3.630999999999882099643855326576   -6.436455977182373046875000000000E+11
        3.631999999999881989509731283761   -6.480849086424388427734375000000E+11
        3.632999999999881879375607240945   -6.525562211932116699218750000000E+11
        3.633999999999881769241483198130   -6.570597751269112548828125000000E+11
        3.634999999999881659107359155314   -6.615958120590078125000000000000E+11
        3.635999999999881548973235112499   -6.661645754789581298828125000000E+11
        3.636999999999881438839111069683   -6.707663107652001953125000000000E+11
        3.637999999999881328704987026867   -6.754012652002716064453125000000E+11
        3.638999999999881218570862984052   -6.800696879860515136718750000000E+11
        3.639999999999881108436738941236   -6.847718302591290283203125000000E+11
        3.640999999999880998302614898421   -6.895079451062980957031250000000E+11
        3.641999999999880888168490855605   -6.942782875801795654296875000000E+11
        3.642999999999880778034366812790   -6.990831147149724121093750000000E+11
        3.643999999999880667900242769974   -7.039226855423350830078125000000E+11
        3.644999999999880557766118727159   -7.087972611073967285156250000000E+11
        3.645999999999880447631994684343   -7.137071044849019775390625000000E+11
        3.646999999999880337497870641528   -7.186524807954875488281250000000E+11
        3.647999999999880227363746598712   -7.236336572220936279296875000000E+11
        3.648999999999880117229622555897   -7.286509030265117187500000000000E+11
        3.649999999999880007095498513081   -7.337044895660675048828125000000E+11
        3.650999999999879896961374470266   -7.387946903104416503906250000000E+11
        3.651999999999879786827250427450   -7.439217808586309814453125000000E+11
        3.652999999999879676693126384635   -7.490860389560480957031250000000E+11
        3.653999999999879566559002341819   -7.542877445117628173828125000000E+11
        3.654999999999879456424878299003   -7.595271796158869628906250000000E+11
        3.655999999999879346290754256188   -7.648046285571009521484375000000E+11
        3.656999999999879236156630213372   -7.701203778403271484375000000000E+11
        3.657999999999879126022506170557   -7.754747162045489501953125000000E+11
        3.658999999999879015888382127741   -7.808679346407758789062500000000E+11
        3.659999999999878905754258084926   -7.863003264101590576171875000000E+11
        3.660999999999878795620134042110   -7.917721870622558593750000000000E+11
        3.661999999999878685486009999295   -7.972838144534451904296875000000E+11
        3.662999999999878575351885956479   -8.028355087654965820312500000000E+11
        3.663999999999878465217761913664   -8.084275725242913818359375000000E+11
        3.664999999999878355083637870848   -8.140603106186999511718750000000E+11
        3.665999999999878244949513828033   -8.197340303196153564453125000000E+11
        3.666999999999878134815389785217   -8.254490412991442871093750000000E+11
        3.667999999999878024681265742402   -8.312056556499569091796875000000E+11
        3.668999999999877914547141699586   -8.370041879047980957031250000000E+11
        3.669999999999877804413017656771   -8.428449550561593017578125000000E+11
        3.670999999999877694278893613955   -8.487282765761137695312500000000E+11
        3.671999999999877584144769571139   -8.546544744363167724609375000000E+11
        3.672999999999877474010645528324   -8.606238731281716308593750000000E+11
        3.673999999999877363876521485508   -8.666367996831627197265625000000E+11
        3.674999999999877253742397442693   -8.726935836933569335937500000000E+11
        3.675999999999877143608273399877   -8.787945573320765380859375000000E+11
        3.676999999999877033474149357062   -8.849400553747424316406250000000E+11
        3.677999999999876923340025314246   -8.911304152198914794921875000000E+11
        3.678999999999876813205901271431   -8.973659769103676757812500000000E+11
        3.679999999999876703071777228615   -9.036470831546895751953125000000E+11
        3.680999999999876592937653185800   -9.099740793485959472656250000000E+11
        3.681999999999876482803529142984   -9.163473135967694091796875000000E+11
        3.682999999999876372669405100169   -9.227671367347414550781250000000E+11
        3.683999999999876262535281057353   -9.292339023509796142578125000000E+11
        3.684999999999876152401157014538   -9.357479668091577148437500000000E+11
        3.685999999999876042267032971722   -9.423096892706126708984375000000E+11
        3.686999999999875932132908928907   -9.489194317169863281250000000000E+11
        3.687999999999875821998784886091   -9.555775589730577392578125000000E+11
        3.688999999999875711864660843275   -9.622844387297636718750000000000E+11
        3.689999999999875601730536800460   -9.690404415674117431640625000000E+11
        3.690999999999875491596412757644   -9.758459409790874023437500000000E+11
        3.691999999999875381462288714829   -9.827013133942545166015625000000E+11
        3.692999999999875271328164672013   -9.896069382025537109375000000000E+11
        3.693999999999875161194040629198   -9.965631977777991943359375000000E+11
        3.694999999999875051059916586382   -1.003570477502174316406250000000E+12
        3.695999999999874940925792543567   -1.010629165790630249023437500000E+12
        3.696999999999874830791668500751   -1.017739654115487060546875000000E+12
        3.697999999999874720657544457936   -1.024902337031241333007812500000E+12
        3.698999999999874610523420415120   -1.032117612199578857421875000000E+12
        3.699999999999874500389296372305   -1.039385880414597290039062500000E+12
        3.700999999999874390255172329489   -1.046707545628239501953125000000E+12
        3.701999999999874280121048286674   -1.054083014975938598632812500000E+12
        3.702999999999874169986924243858   -1.061512698802477294921875000000E+12
        3.703999999999874059852800201043   -1.068997010688063598632812500000E+12
        3.704999999999873949718676158227   -1.076536367474623779296875000000E+12
        3.705999999999873839584552115411   -1.084131189292315795898437500000E+12
        3.706999999999873729450428072596   -1.091781899586262939453125000000E+12
        3.707999999999873619316304029780   -1.099488925143512084960937500000E+12
        3.708999999999873509182179986965   -1.107252696120217529296875000000E+12
        3.709999999999873399048055944149   -1.115073646069051757812500000000E+12
        3.710999999999873288913931901334   -1.122952211966844482421875000000E+12
        3.711999999999873178779807858518   -1.130888834242454589843750000000E+12
        3.712999999999873068645683815703   -1.138883956804874267578125000000E+12
        3.713999999999872958511559772887   -1.146938027071568847656250000000E+12
        3.714999999999872848377435730072   -1.155051495997053466796875000000E+12
        3.715999999999872738243311687256   -1.163224818101709960937500000000E+12
        3.716999999999872628109187644441   -1.171458451500843505859375000000E+12
        3.717999999999872517975063601625   -1.179752857933983886718750000000E+12
        3.718999999999872407840939558810   -1.188108502794432373046875000000E+12
        3.719999999999872297706815515994   -1.196525855159055664062500000000E+12
        3.720999999999872187572691473179   -1.205005387818329345703125000000E+12
        3.721999999999872077438567430363   -1.213547577306634277343750000000E+12
        3.722999999999871967304443387548   -1.222152903932805419921875000000E+12
        3.723999999999871857170319344732   -1.230821851810938964843750000000E+12
        3.724999999999871747036195301916   -1.239554908891457275390625000000E+12
        3.725999999999871636902071259101   -1.248352566992432128906250000000E+12
        3.726999999999871526767947216285   -1.257215321831174072265625000000E+12
        3.727999999999871416633823173470   -1.266143673056086425781250000000E+12
        3.728999999999871306499699130654   -1.275138124278783935546875000000E+12
        3.729999999999871196365575087839   -1.284199183106486328125000000000E+12
        3.730999999999871086231451045023   -1.293327361174677978515625000000E+12
        3.731999999999870976097327002208   -1.302523174180046875000000000000E+12
        3.732999999999870865963202959392   -1.311787141913698486328125000000E+12
        3.733999999999870755829078916577   -1.321119788294647949218750000000E+12
        3.734999999999870645694954873761   -1.330521641403595458984375000000E+12
        3.735999999999870535560830830946   -1.339993233516984863281250000000E+12
        3.736999999999870425426706788130   -1.349535101141348388671875000000E+12
        3.737999999999870315292582745315   -1.359147785047941406250000000000E+12
        3.738999999999870205158458702499   -1.368831830307668212890625000000E+12
        3.739999999999870095024334659684   -1.378587786326301269531250000000E+12
        3.740999999999869984890210616868   -1.388416206879997314453125000000E+12
        3.741999999999869874756086574052   -1.398317650151112792968750000000E+12
        3.742999999999869764621962531237   -1.408292678764320068359375000000E+12
        3.743999999999869654487838488421   -1.418341859823029296875000000000E+12
        3.744999999999869544353714445606   -1.428465764946115478515625000000E+12
        3.745999999999869434219590402790   -1.438664970304957031250000000000E+12
        3.746999999999869324085466359975   -1.448940056660784423828125000000E+12
        3.747999999999869213951342317159   -1.459291609402344726562500000000E+12
        3.748999999999869103817218274344   -1.469720218583885009765625000000E+12
        3.749999999999868993683094231528   -1.480226478963453613281250000000E+12
        3.750999999999868883548970188713   -1.490810990041527099609375000000E+12
        3.751999999999868773414846145897   -1.501474356099960937500000000000E+12
        3.752999999999868663280722103082   -1.512217186241269775390625000000E+12
        3.753999999999868553146598060266   -1.523040094428240722656250000000E+12
        3.754999999999868443012474017451   -1.533943699523878662109375000000E+12
        3.755999999999868332878349974635   -1.544928625331690917968750000000E+12
        3.756999999999868222744225931820   -1.555995500636311279296875000000E+12
        3.757999999999868112610101889004   -1.567144959244467285156250000000E+12
        3.758999999999868002475977846188   -1.578377640026293701171875000000E+12
        3.759999999999867892341853803373   -1.589694186956996093750000000000E+12
        3.760999999999867782207729760557   -1.601095249158865966796875000000E+12
        3.761999999999867672073605717742   -1.612581480943650390625000000000E+12
        3.762999999999867561939481674926   -1.624153541855281494140625000000E+12
        3.763999999999867451805357632111   -1.635812096712966796875000000000E+12
        3.764999999999867341671233589295   -1.647557815654644287109375000000E+12
        3.765999999999867231537109546480   -1.659391374180804687500000000000E+12
        3.766999999999867121402985503664   -1.671313453198685791015625000000E+12
        3.767999999999867011268861460849   -1.683324739066839843750000000000E+12
        3.768999999999866901134737418033   -1.695425923640079833984375000000E+12
        3.769999999999866791000613375218   -1.707617704314805175781250000000E+12
        3.770999999999866680866489332402   -1.719900784074711669921875000000E+12
        3.771999999999866570732365289587   -1.732275871536889648437500000000E+12
        3.772999999999866460598241246771   -1.744743680998311279296875000000E+12
        3.773999999999866350464117203956   -1.757304932482714843750000000000E+12
        3.774999999999866240329993161140   -1.769960351787883056640625000000E+12
        3.775999999999866130195869118324   -1.782710670533325195312500000000E+12
        3.776999999999866020061745075509   -1.795556626208362060546875000000E+12
        3.777999999999865909927621032693   -1.808498962220619628906250000000E+12
        3.778999999999865799793496989878   -1.821538427944934814453125000000E+12
        3.779999999999865689659372947062   -1.834675778772675781250000000000E+12
        3.780999999999865579525248904247   -1.847911776161480224609375000000E+12
        3.781999999999865469391124861431   -1.861247187685417968750000000000E+12
        3.782999999999865359257000818616   -1.874682787085578857421875000000E+12
        3.783999999999865249122876775800   -1.888219354321088867187500000000E+12
        3.784999999999865138988752732985   -1.901857675620562255859375000000E+12
        3.785999999999865028854628690169   -1.915598543533989257812500000000E+12
        3.786999999999864918720504647354   -1.929442756985066162109375000000E+12
        3.787999999999864808586380604538   -1.943391121323970214843750000000E+12
        3.788999999999864698452256561723   -1.957444448380581787109375000000E+12
        3.789999999999864588318132518907   -1.971603556518161132812500000000E+12
        3.790999999999864478184008476092   -1.985869270687482177734375000000E+12
        3.791999999999864368049884433276   -2.000242422481425292968750000000E+12
        3.792999999999864257915760390460   -2.014723850190035400390625000000E+12
        3.793999999999864147781636347645   -2.029314398856050292968750000000E+12
        3.794999999999864037647512304829   -2.044014920330899169921875000000E+12
        3.795999999999863927513388262014   -2.058826273331181152343750000000E+12
        3.796999999999863817379264219198   -2.073749323495622802734375000000E+12
        3.797999999999863707245140176383   -2.088784943442521484375000000000E+12
        3.798999999999863597111016133567   -2.103934012827679443359375000000E+12
        3.799999999999863486976892090752   -2.119197418402830566406250000000E+12
        3.800999999999863376842768047936   -2.134576054074565185546875000000E+12
        3.801999999999863266708644005121   -2.150070820963759277343750000000E+12
        3.802999999999863156574519962305   -2.165682627465509521484375000000E+12
        3.803999999999863046440395919490   -2.181412389309577636718750000000E+12
        3.804999999999862936306271876674   -2.197261029621355224609375000000E+12
        3.805999999999862826172147833859   -2.213229478983343750000000000000E+12
        3.806999999999862716038023791043   -2.229318675497164062500000000000E+12
        3.807999999999862605903899748228   -2.245529564846092773437500000000E+12
        3.808999999999862495769775705412   -2.261863100358133789062500000000E+12
        3.809999999999862385635651662597   -2.278320243069627929687500000000E+12
        3.810999999999862275501527619781   -2.294901961789408203125000000000E+12
        3.811999999999862165367403576965   -2.311609233163500000000000000000E+12
        3.812999999999862055233279534150   -2.328443041740375976562500000000E+12
        3.813999999999861945099155491334   -2.345404380036770507812500000000E+12
        3.814999999999861834965031448519   -2.362494248604055664062500000000E+12
        3.815999999999861724830907405703   -2.379713656095183593750000000000E+12
        3.816999999999861614696783362888   -2.397063619332205078125000000000E+12
        3.817999999999861504562659320072   -2.414545163374363281250000000000E+12
        3.818999999999861394428535277257   -2.432159321586769531250000000000E+12
        3.819999999999861284294411234441   -2.449907135709669921875000000000E+12
        3.820999999999861174160287191626   -2.467789655928304687500000000000E+12
        3.821999999999861064026163148810   -2.485807940943364257812500000000E+12
        3.822999999999860953892039105995   -2.503963058042047851562500000000E+12
        3.823999999999860843757915063179   -2.522256083169736328125000000000E+12
        3.824999999999860733623791020364   -2.540688101002272460937500000000E+12
        3.825999999999860623489666977548   -2.559260205018864257812500000000E+12
        3.826999999999860513355542934733   -2.577973497575616210937500000000E+12
        3.827999999999860403221418891917   -2.596829089979686523437500000000E+12
        3.828999999999860293087294849101   -2.615828102564081054687500000000E+12
        3.829999999999860182953170806286   -2.634971664763091796875000000000E+12
        3.830999999999860072819046763470   -2.654260915188380859375000000000E+12
        3.831999999999859962684922720655   -2.673697001705715820312500000000E+12
        3.832999999999859852550798677839   -2.693281081512368164062500000000E+12
        3.833999999999859742416674635024   -2.713014321215171875000000000000E+12
        3.834999999999859632282550592208   -2.732897896909255859375000000000E+12
        3.835999999999859522148426549393   -2.752932994257450195312500000000E+12
        3.836999999999859412014302506577   -2.773120808570376953125000000000E+12
        3.837999999999859301880178463762   -2.793462544887227539062500000000E+12
        3.838999999999859191746054420946   -2.813959418057236328125000000000E+12
        3.839999999999859081611930378131   -2.834612652821852539062500000000E+12
        3.840999999999858971477806335315   -2.855423483897620117187500000000E+12
        3.841999999999858861343682292500   -2.876393156059769531250000000000E+12
        3.842999999999858751209558249684   -2.897522924226529296875000000000E+12
        3.843999999999858641075434206869   -2.918814053544164062500000000000E+12
        3.844999999999858530941310164053   -2.940267819472744140625000000000E+12
        3.845999999999858420807186121237   -2.961885507872651367187500000000E+12
        3.846999999999858310673062078422   -2.983668415091833007812500000000E+12
        3.847999999999858200538938035606   -3.005617848053803710937500000000E+12
        3.848999999999858090404813992791   -3.027735124346409179687500000000E+12
        3.849999999999857980270689949975   -3.050021572311352539062500000000E+12
        3.850999999999857870136565907160   -3.072478531134491210937500000000E+12
        3.851999999999857760002441864344   -3.095107350936915039062500000000E+12
        3.852999999999857649868317821529   -3.117909392866807617187500000000E+12
        3.853999999999857539734193778713   -3.140886029192100585937500000000E+12
        3.854999999999857429600069735898   -3.164038643393925781250000000000E+12
        3.855999999999857319465945693082   -3.187368630260875000000000000000E+12
        3.856999999999857209331821650267   -3.210877395984071289062500000000E+12
        3.857999999999857099197697607451   -3.234566358253066406250000000000E+12
        3.858999999999856989063573564636   -3.258436946352555664062500000000E+12
        3.859999999999856878929449521820   -3.282490601259939453125000000000E+12
        3.860999999999856768795325479005   -3.306728775743719726562500000000E+12
        3.861999999999856658661201436189   -3.331152934462748046875000000000E+12
        3.862999999999856548527077393373   -3.355764554066331054687500000000E+12
        3.863999999999856438392953350558   -3.380565123295204101562500000000E+12
        3.864999999999856328258829307742   -3.405556143083372070312500000000E+12
        3.865999999999856218124705264927   -3.430739126660834960937500000000E+12
        3.866999999999856107990581222111   -3.456115599657202148437500000000E+12
        3.867999999999855997856457179296   -3.481687100206198242187500000000E+12
        3.868999999999855887722333136480   -3.507455179051079101562500000000E+12
        3.869999999999855777588209093665   -3.533421399650953125000000000000E+12
        3.870999999999855667454085050849   -3.559587338288027343750000000000E+12
        3.871999999999855557319961008034   -3.585954584175782226562500000000E+12
        3.872999999999855447185836965218   -3.612524739568080078125000000000E+12
        3.873999999999855337051712922403   -3.639299419869221679687500000000E+12
        3.874999999999855226917588879587   -3.666280253744951171875000000000E+12
        3.875999999999855116783464836772   -3.693468883234426757812500000000E+12
        3.876999999999855006649340793956   -3.720866963863162109375000000000E+12
        3.877999999999854896515216751141   -3.748476164756944335937500000000E+12
        3.878999999999854786381092708325   -3.776298168756740234375000000000E+12
        3.879999999999854676246968665509   -3.804334672534598632812500000000E+12
        3.880999999999854566112844622694   -3.832587386710557617187500000000E+12
        3.881999999999854455978720579878   -3.861058035970567382812500000000E+12
        3.882999999999854345844596537063   -3.889748359185434570312500000000E+12
        3.883999999999854235710472494247   -3.918660109530800781250000000000E+12
        3.884999999999854125576348451432   -3.947795054608159179687500000000E+12
        3.885999999999854015442224408616   -3.977154976566923828125000000000E+12
        3.886999999999853905308100365801   -4.006741672227560546875000000000E+12
        3.887999999999853795173976322985   -4.036556953205785156250000000000E+12
        3.888999999999853685039852280170   -4.066602646037837890625000000000E+12
        3.889999999999853574905728237354   -4.096880592306851562500000000000E+12
        3.890999999999853464771604194539   -4.127392648770317382812500000000E+12
        3.891999999999853354637480151723   -4.158140687488653320312500000000E+12
        3.892999999999853244503356108908   -4.189126595954897460937500000000E+12
        3.893999999999853134369232066092   -4.220352277225523437500000000000E+12
        3.894999999999853024235108023277   -4.251819650052396484375000000000E+12
        3.895999999999852914100983980461   -4.283530649015876953125000000000E+12
        3.896999999999852803966859937645   -4.315487224659083984375000000000E+12
        3.897999999999852693832735894830   -4.347691343623324218750000000000E+12
        3.898999999999852583698611852014   -4.380144988784701171875000000000E+12
        3.899999999999852473564487809199   -4.412850159391914062500000000000E+12
        3.900999999999852363430363766383   -4.445808871205255859375000000000E+12
        3.901999999999852253296239723568   -4.479023156636824218750000000000E+12
        3.902999999999852143162115680752   -4.512495064891951171875000000000E+12
        3.903999999999852033027991637937   -4.546226662111869140625000000000E+12
        3.904999999999851922893867595121   -4.580220031517613281250000000000E+12
        3.905999999999851812759743552306   -4.614477273555187500000000000000E+12
        3.906999999999851702625619509490   -4.649000506041992187500000000000E+12
        3.907999999999851592491495466675   -4.683791864314525390625000000000E+12
        3.908999999999851482357371423859   -4.718853501377378906250000000000E+12
        3.909999999999851372223247381044   -4.754187588053529296875000000000E+12
        3.910999999999851262089123338228   -4.789796313135943359375000000000E+12
        3.911999999999851151954999295413   -4.825681883540505859375000000000E+12
        3.912999999999851041820875252597   -4.861846524460281250000000000000E+12
        3.913999999999850931686751209782   -4.898292479521126953125000000000E+12
        3.914999999999850821552627166966   -4.935022010938660156250000000000E+12
        3.915999999999850711418503124150   -4.972037399676599609375000000000E+12
        3.916999999999850601284379081335   -5.009340945606490234375000000000E+12
        3.917999999999850491150255038519   -5.046934967668822265625000000000E+12
        3.918999999999850381016130995704   -5.084821804035562500000000000000E+12
        3.919999999999850270882006952888   -5.123003812274097656250000000000E+12
        3.920999999999850160747882910073   -5.161483369512625000000000000000E+12
        3.921999999999850050613758867257   -5.200262872606980468750000000000E+12
        3.922999999999849940479634824442   -5.239344738308925781250000000000E+12
        3.923999999999849830345510781626   -5.278731403435914062500000000000E+12
        3.924999999999849720211386738811   -5.318425325042335937500000000000E+12
        3.925999999999849610077262695995   -5.358428980592269531250000000000E+12
        3.926999999999849499943138653180   -5.398744868133736328125000000000E+12
        3.927999999999849389809014610364   -5.439375506474492187500000000000E+12
        3.928999999999849279674890567549   -5.480323435359349609375000000000E+12
        3.929999999999849169540766524733   -5.521591215649058593750000000000E+12
        3.930999999999849059406642481918   -5.563181429500753906250000000000E+12
        3.931999999999848949272518439102   -5.605096680549986328125000000000E+12
        3.932999999999848839138394396286   -5.647339594094345703125000000000E+12
        3.933999999999848729004270353471   -5.689912817278697265625000000000E+12
        3.934999999999848618870146310655   -5.732819019282039062500000000000E+12
        3.935999999999848508736022267840   -5.776060891506000000000000000000E+12
        3.936999999999848398601898225024   -5.819641147764998046875000000000E+12
        3.937999999999848288467774182209   -5.863562524478058593750000000000E+12
        3.938999999999848178333650139393   -5.907827780862318359375000000000E+12
        3.939999999999848068199526096578   -5.952439699128234375000000000000E+12
        3.940999999999847958065402053762   -5.997401084676501953125000000000E+12
        3.941999999999847847931278010947   -6.042714766296699218750000000000E+12
        3.942999999999847737797153968131   -6.088383596367685546875000000000E+12
        3.943999999999847627663029925316   -6.134410451059753906250000000000E+12
        3.944999999999847517528905882500   -6.180798230538562500000000000000E+12
        3.945999999999847407394781839685   -6.227549859170857421875000000000E+12
        3.946999999999847297260657796869   -6.274668285732009765625000000000E+12
        3.947999999999847187126533754054   -6.322156483615369140625000000000E+12
        3.948999999999847076992409711238   -6.370017451043466796875000000000E+12
        3.949999999999846966858285668422   -6.418254211281072265625000000000E+12
        3.950999999999846856724161625607   -6.466869812850125000000000000000E+12
        3.951999999999846746590037582791   -6.515867329746560546875000000000E+12
        3.952999999999846636455913539976   -6.565249861659042968750000000000E+12
        3.953999999999846526321789497160   -6.615020534189621093750000000000E+12
        3.954999999999846416187665454345   -6.665182499076339843750000000000E+12
        3.955999999999846306053541411529   -6.715738934417796875000000000000E+12
        3.956999999999846195919417368714   -6.766693044899687500000000000000E+12
        3.957999999999846085785293325898   -6.818048062023343750000000000000E+12
        3.958999999999845975651169283083   -6.869807244336289062500000000000E+12
        3.959999999999845865517045240267   -6.921973877664820312500000000000E+12
        3.960999999999845755382921197452   -6.974551275348646484375000000000E+12
        3.961999999999845645248797154636   -7.027542778477597656250000000000E+12
        3.962999999999845535114673111821   -7.080951756130416015625000000000E+12
        3.963999999999845424980549069005   -7.134781605615658203125000000000E+12
        3.964999999999845314846425026190   -7.189035752714726562500000000000E+12
        3.965999999999845204712300983374   -7.243717651927039062500000000000E+12
        3.966999999999845094578176940558   -7.298830786717369140625000000000E+12
        3.967999999999844984444052897743   -7.354378669765367187500000000000E+12
        3.968999999999844874309928854927   -7.410364843217287109375000000000E+12
        3.969999999999844764175804812112   -7.466792878939931640625000000000E+12
        3.970999999999844654041680769296   -7.523666378776853515625000000000E+12
        3.971999999999844543907556726481   -7.580988974806808593750000000000E+12
        3.972999999999844433773432683665   -7.638764329604503906250000000000E+12
        3.973999999999844323639308640850   -7.696996136503640625000000000000E+12
        3.974999999999844213505184598034   -7.755688119862292968750000000000E+12
        3.975999999999844103371060555219   -7.814844035330626953125000000000E+12
        3.976999999999843993236936512403   -7.874467670120998046875000000000E+12
        3.977999999999843883102812469588   -7.934562843280425781250000000000E+12
        3.978999999999843772968688426772   -7.995133405965488281250000000000E+12
        3.979999999999843662834564383957   -8.056183241719650390625000000000E+12
        3.980999999999843552700440341141   -8.117716266753048828125000000000E+12
        3.981999999999843442566316298326   -8.179736430224742187500000000000E+12
        3.982999999999843332432192255510   -8.242247714527480468750000000000E+12
        3.983999999999843222298068212694   -8.305254135574988281250000000000E+12
        3.984999999999843112163944169879   -8.368759743091791015625000000000E+12
        3.985999999999843002029820127063   -8.432768620905613281250000000000E+12
        3.986999999999842891895696084248   -8.497284887242367187500000000000E+12
        3.987999999999842781761572041432   -8.562312695023771484375000000000E+12
        3.988999999999842671627447998617   -8.627856232167582031250000000000E+12
        3.989999999999842561493323955801   -8.693919721890511718750000000000E+12
        3.990999999999842451359199912986   -8.760507423013822265625000000000E+12
        3.991999999999842341225075870170   -8.827623630271638671875000000000E+12
        3.992999999999842231090951827355   -8.895272674621994140625000000000E+12
        3.993999999999842120956827784539   -8.963458923560634765625000000000E+12
        3.994999999999842010822703741724   -9.032186781437619140625000000000E+12
        3.995999999999841900688579698908   -9.101460689776720703125000000000E+12
        3.996999999999841790554455656093   -9.171285127597677734375000000000E+12
        3.997999999999841680420331613277   -9.241664611741298828125000000000E+12
        3.998999999999841570286207570462   -9.312603697197455078125000000000E+12
        3.999999999999841460152083527646   -9.384106977436001953125000000000E+12
        4.000999999999841350017959484830   -9.456179084740630859375000000000E+12
        4.001999999999841683973045292078   -9.528824690545689453125000000000E+12
        4.002999999999842017928131099325   -9.602048505776005859375000000000E+12
        4.003999999999842351883216906572   -9.675855281189736328125000000000E+12
        4.004999999999842685838302713819   -9.750249807724251953125000000000E+12
        4.005999999999843019793388521066   -9.825236916845119140625000000000E+12
        4.006999999999843353748474328313   -9.900821480898169921875000000000E+12
        4.007999999999843687703560135560   -9.977008413464728515625000000000E+12
        4.008999999999844021658645942807   -1.005380266971998242187500000000E+13
        4.009999999999844355613731750054   -1.013120924679455664062500000000E+13
        4.010999999999844689568817557301   -1.020923318413929882812500000000E+13
        4.011999999999845023523903364548   -1.028787956389332617187500000000E+13
        4.012999999999845357478989171796   -1.036715351125535351562500000000E+13
        4.013999999999845691434074979043   -1.044706019485833007812500000000E+13
        4.014999999999846025389160786290   -1.052760482714740039062500000000E+13
        4.015999999999846359344246593537   -1.060879266476125585937500000000E+13
        4.016999999999846693299332400784   -1.069062900891688867187500000000E+13
        4.017999999999847027254418208031   -1.077311920579776367187500000000E+13
        4.018999999999847361209504015278   -1.085626864694546289062500000000E+13
        4.019999999999847695164589822525   -1.094008276965483398437500000000E+13
        4.020999999999848029119675629772   -1.102456705737265039062500000000E+13
        4.021999999999848363074761437019   -1.110972704009984179687500000000E+13
        4.022999999999848697029847244266   -1.119556829479731835937500000000E+13
        4.023999999999849030984933051514   -1.128209644579540820312500000000E+13
        4.024999999999849364940018858761   -1.136931716520697070312500000000E+13
        4.025999999999849698895104666008   -1.145723617334418554687500000000E+13
        4.026999999999850032850190473255   -1.154585923913908398437500000000E+13
        4.027999999999850366805276280502   -1.163519218056782226562500000000E+13
        4.028999999999850700760362087749   -1.172524086507875976562500000000E+13
        4.029999999999851034715447894996   -1.181601121002436523437500000000E+13
        4.030999999999851368670533702243   -1.190750918309698632812500000000E+13
        4.031999999999851702625619509490   -1.199974080276852148437500000000E+13
        4.032999999999852036580705316737   -1.209271213873401367187500000000E+13
        4.033999999999852370535791123984   -1.218642931235922851562500000000E+13
        4.034999999999852704490876931231   -1.228089849713224023437500000000E+13
        4.035999999999853038445962738479   -1.237612591911904882812500000000E+13
        4.036999999999853372401048545726   -1.247211785742329101562500000000E+13
        4.037999999999853706356134352973   -1.256888064465007226562500000000E+13
        4.038999999999854040311220160220   -1.266642066737394335937500000000E+13
        4.039999999999854374266305967467   -1.276474436661107617187500000000E+13
        4.040999999999854708221391774714   -1.286385823829566601562500000000E+13
        4.041999999999855042176477581961   -1.296376883376061914062500000000E+13
        4.042999999999855376131563389208   -1.306448276022254492187500000000E+13
        4.043999999999855710086649196455   -1.316600668127109960937500000000E+13
        4.044999999999856044041735003702   -1.326834731736270507812500000000E+13
        4.045999999999856377996820810949   -1.337151144631872851562500000000E+13
        4.046999999999856711951906618197   -1.347550590382810351562500000000E+13
        4.047999999999857045906992425444   -1.358033758395448632812500000000E+13
        4.048999999999857379862078232691   -1.368601343964795117187500000000E+13
        4.049999999999857713817164039938   -1.379254048326127929687500000000E+13
        4.050999999999858047772249847185   -1.389992578707090039062500000000E+13
        4.051999999999858381727335654432   -1.400817648380251367187500000000E+13
        4.052999999999858715682421461679   -1.411729976716140820312500000000E+13
        4.053999999999859049637507268926   -1.422730289236757617187500000000E+13
        4.054999999999859383592593076173   -1.433819317669563085937500000000E+13
        4.055999999999859717547678883420   -1.444997800001956835937500000000E+13
        4.056999999999860051502764690667   -1.456266480536244726562500000000E+13
        4.057999999999860385457850497914   -1.467626109945099023437500000000E+13
        4.058999999999860719412936305162   -1.479077445327519726562500000000E+13
        4.059999999999861053368022112409   -1.490621250265298632812500000000E+13
        4.060999999999861387323107919656   -1.502258294879990820312500000000E+13
        4.061999999999861721278193726903   -1.513989355890400976562500000000E+13
        4.062999999999862055233279534150   -1.525815216670585351562500000000E+13
        4.063999999999862389188365341397   -1.537736667308376757812500000000E+13
        4.064999999999862723143451148644   -1.549754504664438476562500000000E+13
        4.065999999999863057098536955891   -1.561869532431847460937500000000E+13
        4.066999999999863391053622763138   -1.574082561196215820312500000000E+13
        4.067999999999863725008708570385   -1.586394408496355664062500000000E+13
        4.068999999999864058963794377632   -1.598805898885489257812500000000E+13
        4.069999999999864392918880184880   -1.611317863993009960937500000000E+13
        4.070999999999864726873965992127   -1.623931142586802929687500000000E+13
        4.071999999999865060829051799374   -1.636646580636127148437500000000E+13
        4.072999999999865394784137606621   -1.649465031375063476562500000000E+13
        4.073999999999865728739223413868   -1.662387355366536914062500000000E+13
        4.074999999999866062694309221115   -1.675414420566916210937500000000E+13
        4.075999999999866396649395028362   -1.688547102391196679687500000000E+13
        4.076999999999866730604480835609   -1.701786283778772070312500000000E+13
        4.077999999999867064559566642856   -1.715132855259799414062500000000E+13
        4.078999999999867398514652450103   -1.728587715022164648437500000000E+13
        4.079999999999867732469738257350   -1.742151768979052929687500000000E+13
        4.080999999999868066424824064597   -1.755825930837129492187500000000E+13
        4.081999999999868400379909871845   -1.769611122165336718750000000000E+13
        4.082999999999868734334995679092   -1.783508272464313281250000000000E+13
        4.083999999999869068290081486339   -1.797518319236442187500000000000E+13
        4.084999999999869402245167293586   -1.811642208056531250000000000000E+13
        4.085999999999869736200253100833   -1.825880892643132812500000000000E+13
        4.086999999999870070155338908080   -1.840235334930509375000000000000E+13
        4.087999999999870404110424715327   -1.854706505141250781250000000000E+13
        4.088999999999870738065510522574   -1.869295381859546875000000000000E+13
        4.089999999999871072020596329821   -1.884002952105128125000000000000E+13
        4.090999999999871405975682137068   -1.898830211407870312500000000000E+13
        4.091999999999871739930767944315   -1.913778163883078125000000000000E+13
        4.092999999999872073885853751563   -1.928847822307451562500000000000E+13
        4.093999999999872407840939558810   -1.944040208195738281250000000000E+13
        4.094999999999872741796025366057   -1.959356351878082812500000000000E+13
        4.095999999999873075751111173304   -1.974797292578075000000000000000E+13
        4.096999999999873409706196980551   -1.990364078491507812500000000000E+13
        4.097999999999873743661282787798   -2.006057766865849218750000000000E+13
        4.098999999999874077616368595045   -2.021879424080432812500000000000E+13
        4.099999999999874411571454402292   -2.037830125727378906250000000000E+13
        4.100999999999874745526540209539   -2.053910956693249218750000000000E+13
        4.101999999999875079481626016786   -2.070123011241440625000000000000E+13
        4.102999999999875413436711824033   -2.086467393095330468750000000000E+13
        4.103999999999875747391797631280   -2.102945215522172656250000000000E+13
        4.104999999999876081346883438528   -2.119557601417760156250000000000E+13
        4.105999999999876415301969245775   -2.136305683391852343750000000000E+13
        4.106999999999876749257055053022   -2.153190603854382812500000000000E+13
        4.107999999999877083212140860269   -2.170213515102445312500000000000E+13
        4.108999999999877417167226667516   -2.187375579408075000000000000000E+13
        4.109999999999877751122312474763   -2.204677969106825000000000000000E+13
        4.110999999999878085077398282010   -2.222121866687150781250000000000E+13
        4.111999999999878419032484089257   -2.239708464880604687500000000000E+13
        4.112999999999878752987569896504   -2.257438966752853906250000000000E+13
        4.113999999999879086942655703751   -2.275314585795522656250000000000E+13
        4.114999999999879420897741510998   -2.293336546018875000000000000000E+13
        4.115999999999879754852827318246   -2.311506082045336718750000000000E+13
        4.116999999999880088807913125493   -2.329824439203871093750000000000E+13
        4.117999999999880422762998932740   -2.348292873625214062500000000000E+13
        4.118999999999880756718084739987   -2.366912652337976562500000000000E+13
        4.119999999999881090673170547234   -2.385685053365621875000000000000E+13
        4.120999999999881424628256354481   -2.404611365824326562500000000000E+13
        4.121999999999881758583342161728   -2.423692890021732812500000000000E+13
        4.122999999999882092538427968975   -2.442930937556601562500000000000E+13
        4.123999999999882426493513776222   -2.462326831419375781250000000000E+13
        4.124999999999882760448599583469   -2.481881906093657031250000000000E+13
        4.125999999999883094403685390716   -2.501597507658610156250000000000E+13
        4.126999999999883428358771197964   -2.521474993892303125000000000000E+13
        4.127999999999883762313857005211   -2.541515734375986718750000000000E+13
        4.128999999999884096268942812458   -2.561721110599326562500000000000E+13
        4.129999999999884430224028619705   -2.582092516066598437500000000000E+13
        4.130999999999884764179114426952   -2.602631356403850000000000000000E+13
        4.131999999999885098134200234199   -2.623339049467042187500000000000E+13
        4.132999999999885432089286041446   -2.644217025451179687500000000000E+13
        4.133999999999885766044371848693   -2.665266727000435937500000000000E+13
        4.134999999999886099999457655940   -2.686489609319285937500000000000E+13
        4.135999999999886433954543463187   -2.707887140284653906250000000000E+13
        4.136999999999886767909629270434   -2.729460800559086718750000000000E+13
        4.137999999999887101864715077681   -2.751212083704961718750000000000E+13
        4.138999999999887435819800884929   -2.773142496299738281250000000000E+13
        4.139999999999887769774886692176   -2.795253558052265625000000000000E+13
        4.140999999999888103729972499423   -2.817546801920151562500000000000E+13
        4.141999999999888437685058306670   -2.840023774228207031250000000000E+13
        4.142999999999888771640144113917   -2.862686034787975781250000000000E+13
        4.143999999999889105595229921164   -2.885535157018355468750000000000E+13
        4.144999999999889439550315728411   -2.908572728067323437500000000000E+13
        4.145999999999889773505401535658   -2.931800348934778906250000000000E+13
        4.146999999999890107460487342905   -2.955219634596510937500000000000E+13
        4.147999999999890441415573150152   -2.978832214129297656250000000000E+13
        4.148999999999890775370658957399   -3.002639730837158593750000000000E+13
        4.149999999999891109325744764647   -3.026643842378756250000000000000E+13
        4.150999999999891443280830571894   -3.050846220895971875000000000000E+13
        4.151999999999891777235916379141   -3.075248553143657812500000000000E+13
        4.152999999999892111191002186388   -3.099852540620576562500000000000E+13
        4.153999999999892445146087993635   -3.124659899701548437500000000000E+13
        4.154999999999892779101173800882   -3.149672361770802343750000000000E+13
        4.155999999999893113056259608129   -3.174891673356557812500000000000E+13
        4.156999999999893447011345415376   -3.200319596266839062500000000000E+13
        4.157999999999893780966431222623   -3.225957907726532031250000000000E+13
        4.158999999999894114921517029870   -3.251808400515709375000000000000E+13
        4.159999999999894448876602837117   -3.277872883109214062500000000000E+13
        4.160999999999894782831688644364   -3.304153179817534375000000000000E+13
        4.161999999999895116786774451612   -3.330651130928969531250000000000E+13
        4.162999999999895450741860258859   -3.357368592853098437500000000000E+13
        4.163999999999895784696946066106   -3.384307438265575000000000000000E+13
        4.164999999999896118652031873353   -3.411469556254245312500000000000E+13
        4.165999999999896452607117680600   -3.438856852466614843750000000000E+13
        4.166999999999896786562203487847   -3.466471249258669531250000000000E+13
        4.167999999999897120517289295094   -3.494314685845062500000000000000E+13
        4.168999999999897454472375102341   -3.522389118450691406250000000000E+13
        4.169999999999897788427460909588   -3.550696520463659375000000000000E+13
        4.170999999999898122382546716835   -3.579238882589650781250000000000E+13
        4.171999999999898456337632524082   -3.608018213007728125000000000000E+13
        4.172999999999898790292718331330   -3.637036537527557031250000000000E+13
        4.173999999999899124247804138577   -3.666295899748090625000000000000E+13
        4.174999999999899458202889945824   -3.695798361217700781250000000000E+13
        4.175999999999899792157975753071   -3.725546001595796875000000000000E+13
        4.176999999999900126113061560318   -3.755540918815928906250000000000E+13
        4.177999999999900460068147367565   -3.785785229250393750000000000000E+13
        4.178999999999900794023233174812   -3.816281067876358593750000000000E+13
        4.179999999999901127978318982059   -3.847030588443517187500000000000E+13
        4.180999999999901461933404789306   -3.878035963643291406250000000000E+13
        4.181999999999901795888490596553   -3.909299385279592187500000000000E+13
        4.182999999999902129843576403800   -3.940823064441158593750000000000E+13
        4.183999999999902463798662211047   -3.972609231675487500000000000000E+13
        4.184999999999902797753748018295   -4.004660137164363281250000000000E+13
        4.185999999999903131708833825542   -4.036978050901014062500000000000E+13
        4.186999999999903465663919632789   -4.069565262868899218750000000000E+13
        4.187999999999903799619005440036   -4.102424083222150000000000000000E+13
        4.188999999999904133574091247283   -4.135556842467677343750000000000E+13
        4.189999999999904467529177054530   -4.168965891648959375000000000000E+13
        4.190999999999904801484262861777   -4.202653602531530468750000000000E+13
        4.191999999999905135439348669024   -4.236622367790181250000000000000E+13
        4.192999999999905469394434476271   -4.270874601197892968750000000000E+13
        4.193999999999905803349520283518   -4.305412737816514062500000000000E+13
        4.194999999999906137304606090765   -4.340239234189203906250000000000E+13
        4.195999999999906471259691898013   -4.375356568534656250000000000000E+13
        4.196999999999906805214777705260   -4.410767240943117968750000000000E+13
        4.197999999999907139169863512507   -4.446473773574218750000000000000E+13
        4.198999999999907473124949319754   -4.482478710856639843750000000000E+13
        4.199999999999907807080035127001   -4.518784619689621875000000000000E+13
        4.200999999999908141035120934248   -4.555394089646346093750000000000E+13
        4.201999999999908474990206741495   -4.592309733179193750000000000000E+13
        4.202999999999908808945292548742   -4.629534185826910156250000000000E+13
        4.203999999999909142900378355989   -4.667070106423684375000000000000E+13
        4.204999999999909476855464163236   -4.704920177310169531250000000000E+13
        4.205999999999909810810549970483   -4.743087104546456250000000000000E+13
        4.206999999999910144765635777730   -4.781573618127022656250000000000E+13
        4.207999999999910478720721584978   -4.820382472197676562500000000000E+13
        4.208999999999910812675807392225   -4.859516445274507031250000000000E+13
        4.209999999999911146630893199472   -4.898978340464870312500000000000E+13
        4.210999999999911480585979006719   -4.938770985690425781250000000000E+13
        4.211999999999911814541064813966   -4.978897233912239062500000000000E+13
        4.212999999999912148496150621213   -5.019359963357971093750000000000E+13
        4.213999999999912482451236428460   -5.060162077751185937500000000000E+13
        4.214999999999912816406322235707   -5.101306506542782031250000000000E+13
        4.215999999999913150361408042954   -5.142796205144568750000000000000E+13
        4.216999999999913484316493850201   -5.184634155165017968750000000000E+13
        4.217999999999913818271579657448   -5.226823364647204687500000000000E+13
        4.218999999999914152226665464696   -5.269366868308955468750000000000E+13
        4.219999999999914486181751271943   -5.312267727785235937500000000000E+13
        4.220999999999914820136837079190   -5.355529031872778906250000000000E+13
        4.221999999999915154091922886437   -5.399153896777003125000000000000E+13
        4.222999999999915488047008693684   -5.443145466361211718750000000000E+13
        4.223999999999915822002094500931   -5.487506912398126562500000000000E+13
        4.224999999999916155957180308178   -5.532241434823741406250000000000E+13
        4.225999999999916489912266115425   -5.577352261993554687500000000000E+13
        4.226999999999916823867351922672   -5.622842650941177343750000000000E+13
        4.227999999999917157822437729919   -5.668715887639354687500000000000E+13
        4.228999999999917491777523537166   -5.714975287263413281250000000000E+13
        4.229999999999917825732609344414   -5.761624194457160937500000000000E+13
        4.230999999999918159687695151661   -5.808665983601264843750000000000E+13
        4.231999999999918493642780958908   -5.856104059084134375000000000000E+13
        4.232999999999918827597866766155   -5.903941855575316406250000000000E+13
        4.233999999999919161552952573402   -5.952182838301453125000000000000E+13
        4.234999999999919495508038380649   -6.000830503324797656250000000000E+13
        4.235999999999919829463124187896   -6.049888377824339062500000000000E+13
        4.236999999999920163418209995143   -6.099360020379539843750000000000E+13
        4.237999999999920497373295802390   -6.149249021256726562500000000000E+13
        4.238999999999920831328381609637   -6.199559002698144531250000000000E+13
        4.239999999999921165283467416884   -6.250293619213715625000000000000E+13
        4.240999999999921499238553224131   -6.301456557875517968750000000000E+13
        4.241999999999921833193639031379   -6.353051538615015625000000000000E+13
        4.242999999999922167148724838626   -6.405082314523053906250000000000E+13
        4.243999999999922501103810645873   -6.457552672152668750000000000000E+13
        4.244999999999922835058896453120   -6.510466431824719531250000000000E+13
        4.245999999999923169013982260367   -6.563827447936375000000000000000E+13
        4.246999999999923502969068067614   -6.617639609272480468750000000000E+13
        4.247999999999923836924153874861   -6.671906839319840625000000000000E+13
        4.248999999999924170879239682108   -6.726633096584433593750000000000E+13
        4.249999999999924504834325489355   -6.781822374911596875000000000000E+13
        4.250999999999924838789411296602   -6.837478703809202343750000000000E+13
        4.251999999999925172744497103849   -6.893606148773856250000000000000E+13
        4.252999999999925506699582911097   -6.950208811620152343750000000000E+13
        4.253999999999925840654668718344   -7.007290830812998437500000000000E+13
        4.254999999999926174609754525591   -7.064856381803065625000000000000E+13
        4.255999999999926508564840332838   -7.122909677365357812500000000000E+13
        4.256999999999926842519926140085   -7.181454967940975000000000000000E+13
        4.257999999999927176475011947332   -7.240496541982057812500000000000E+13
        4.258999999999927510430097754579   -7.300038726299971875000000000000E+13
        4.259999999999927844385183561826   -7.360085886416754687500000000000E+13
        4.260999999999928178340269369073   -7.420642426919846875000000000000E+13
        4.261999999999928512295355176320   -7.481712791820154687500000000000E+13
        4.262999999999928846250440983567   -7.543301464913468750000000000000E+13
        4.263999999999929180205526790814   -7.605412970145267187500000000000E+13
        4.264999999999929514160612598062   -7.668051871978937500000000000000E+13
        4.265999999999929848115698405309   -7.731222775767467187500000000000E+13
        4.266999999999930182070784212556   -7.794930328128603125000000000000E+13
        4.267999999999930516025870019803   -7.859179217323535937500000000000E+13
        4.268999999999930849980955827050   -7.923974173639143750000000000000E+13
        4.269999999999931183936041634297   -7.989319969773817187500000000000E+13
        4.270999999999931517891127441544   -8.055221421226909375000000000000E+13
        4.271999999999931851846213248791   -8.121683386691842187500000000000E+13
        4.272999999999932185801299056038   -8.188710768452906250000000000000E+13
        4.273999999999932519756384863285   -8.256308512785782812500000000000E+13
        4.274999999999932853711470670532   -8.324481610361834375000000000000E+13
        4.275999999999933187666556477780   -8.393235096656195312500000000000E+13
        4.276999999999933521621642285027   -8.462574052359690625000000000000E+13
        4.277999999999933855576728092274   -8.532503603794635937500000000000E+13
        4.278999999999934189531813899521   -8.603028923334540625000000000000E+13
        4.279999999999934523486899706768   -8.674155229827757812500000000000E+13
        4.280999999999934857441985514015   -8.745887789025128125000000000000E+13
        4.281999999999935191397071321262   -8.818231914011642187500000000000E+13
        4.282999999999935525352157128509   -8.891192965642150000000000000000E+13
        4.283999999999935859307242935756   -8.964776352981198437500000000000E+13
        4.284999999999936193262328743003   -9.038987533746993750000000000000E+13
        4.285999999999936527217414550250   -9.113832014759539062500000000000E+13
        4.286999999999936861172500357497   -9.189315352393009375000000000000E+13
        4.287999999999937195127586164745   -9.265443153032367187500000000000E+13
        4.288999999999937529082671971992   -9.342221073534296875000000000000E+13
        4.289999999999937863037757779239   -9.419654821692479687500000000000E+13
        4.290999999999938196992843586486   -9.497750156707237500000000000000E+13
        4.291999999999938530947929393733   -9.576512889659632812500000000000E+13
        4.292999999999938864903015200980   -9.655948883990009375000000000000E+13
        4.293999999999939198858101008227   -9.736064055981064062500000000000E+13
        4.294999999999939532813186815474   -9.816864375245475000000000000000E+13
        4.295999999999939866768272622721   -9.898355865218114062500000000000E+13
        4.296999999999940200723358429968   -9.980544603652925000000000000000E+13
        4.297999999999940534678444237215   -1.006343672312447656250000000000E+14
        4.298999999999940868633530044463   -1.014703841153425312500000000000E+14
        4.299999999999941202588615851710   -1.023135591262173593750000000000E+14
        4.300999999999941536543701658957   -1.031639552648028437500000000000E+14
        4.301999999999941870498787466204   -1.040216361007792968750000000000E+14
        4.302999999999942204453873273451   -1.048866657778304687500000000000E+14
        4.303999999999942538408959080698   -1.057591090189502343750000000000E+14
        4.304999999999942872364044887945   -1.066390311317993125000000000000E+14
        4.305999999999943206319130695192   -1.075264980141125781250000000000E+14
        4.306999999999943540274216502439   -1.084215761591576875000000000000E+14
        4.307999999999943874229302309686   -1.093243326612450468750000000000E+14
        4.308999999999944208184388116933   -1.102348352212901250000000000000E+14
        4.309999999999944542139473924180   -1.111531521524282968750000000000E+14
        4.310999999999944876094559731428   -1.120793523856828125000000000000E+14
        4.311999999999945210049645538675   -1.130135054756863906250000000000E+14
        4.312999999999945544004731345922   -1.139556816064570312500000000000E+14
        4.313999999999945877959817153169   -1.149059515972284218750000000000E+14
        4.314999999999946211914902960416   -1.158643869083356562500000000000E+14
        4.315999999999946545869988767663   -1.168310596471566406250000000000E+14
        4.316999999999946879825074574910   -1.178060425741097500000000000000E+14
        4.317999999999947213780160382157   -1.187894091087084218750000000000E+14
        4.318999999999947547735246189404   -1.197812333356729687500000000000E+14
        4.319999999999947881690331996651   -1.207815900111004531250000000000E+14
        4.320999999999948215645417803898   -1.217905545686930312500000000000E+14
        4.321999999999948549600503611146   -1.228082031260452968750000000000E+14
        4.322999999999948883555589418393   -1.238346124909913750000000000000E+14
        4.323999999999949217510675225640   -1.248698601680120468750000000000E+14
        4.324999999999949551465761032887   -1.259140243647028125000000000000E+14
        4.325999999999949885420846840134   -1.269671839983032968750000000000E+14
        4.326999999999950219375932647381   -1.280294187022885625000000000000E+14
        4.327999999999950553331018454628   -1.291008088330230781250000000000E+14
        4.328999999999950887286104261875   -1.301814354764779062500000000000E+14
        4.329999999999951221241190069122   -1.312713804550115781250000000000E+14
        4.330999999999951555196275876369   -1.323707263342153437500000000000E+14
        4.331999999999951889151361683616   -1.334795564298237031250000000000E+14
        4.332999999999952223106447490864   -1.345979548146902500000000000000E+14
        4.333999999999952557061533298111   -1.357260063258301406250000000000E+14
        4.334999999999952891016619105358   -1.368637965715293125000000000000E+14
        4.335999999999953224971704912605   -1.380114119385214218750000000000E+14
        4.336999999999953558926790719852   -1.391689395992329062500000000000E+14
        4.337999999999953892881876527099   -1.403364675190971406250000000000E+14
        4.338999999999954226836962334346   -1.415140844639379375000000000000E+14
        4.339999999999954560792048141593   -1.427018800074235625000000000000E+14
        4.340999999999954894747133948840   -1.438999445385914375000000000000E+14
        4.341999999999955228702219756087   -1.451083692694447500000000000000E+14
        4.342999999999955562657305563334   -1.463272462426211250000000000000E+14
        4.343999999999955896612391370581   -1.475566683391345000000000000000E+14
        4.344999999999956230567477177829   -1.487967292861908125000000000000E+14
        4.345999999999956564522562985076   -1.500475236650778125000000000000E+14
        4.346999999999956898477648792323   -1.513091469191304375000000000000E+14
        4.347999999999957232432734599570   -1.525816953617718125000000000000E+14
        4.348999999999957566387820406817   -1.538652661846311250000000000000E+14
        4.349999999999957900342906214064   -1.551599574657386250000000000000E+14
        4.350999999999958234297992021311   -1.564658681777991875000000000000E+14
        4.351999999999958568253077828558   -1.577830981965443125000000000000E+14
        4.352999999999958902208163635805   -1.591117483091641875000000000000E+14
        4.353999999999959236163249443052   -1.604519202228199375000000000000E+14
        4.354999999999959570118335250299   -1.618037165732371875000000000000E+14
        4.355999999999959904073421057547   -1.631672409333818125000000000000E+14
        4.356999999999960238028506864794   -1.645425978222183750000000000000E+14
        4.357999999999960571983592672041   -1.659298927135520625000000000000E+14
        4.358999999999960905938678479288   -1.673292320449554375000000000000E+14
        4.359999999999961239893764286535   -1.687407232267800625000000000000E+14
        4.360999999999961573848850093782   -1.701644746512545625000000000000E+14
        4.361999999999961907803935901029   -1.716005957016693750000000000000E+14
        4.362999999999962241759021708276   -1.730491967616494375000000000000E+14
        4.363999999999962575714107515523   -1.745103892245155000000000000000E+14
        4.364999999999962909669193322770   -1.759842855027349375000000000000E+14
        4.365999999999963243624279130017   -1.774709990374629375000000000000E+14
        4.366999999999963577579364937264   -1.789706443081748750000000000000E+14
        4.367999999999963911534450744512   -1.804833368423910625000000000000E+14
        4.368999999999964245489536551759   -1.820091932254944375000000000000E+14
        4.369999999999964579444622359006   -1.835483311106421875000000000000E+14
        4.370999999999964913399708166253   -1.851008692287722500000000000000E+14
        4.371999999999965247354793973500   -1.866669273987056875000000000000E+14
        4.372999999999965581309879780747   -1.882466265373458750000000000000E+14
        4.373999999999965915264965587994   -1.898400886699751250000000000000E+14
        4.374999999999966249220051395241   -1.914474369406503125000000000000E+14
        4.375999999999966583175137202488   -1.930687956226977500000000000000E+14
        4.376999999999966917130223009735   -1.947042901293089375000000000000E+14
        4.377999999999967251085308816982   -1.963540470242378750000000000000E+14
        4.378999999999967585040394624230   -1.980181940326007500000000000000E+14
        4.379999999999967918995480431477   -1.996968600517791875000000000000E+14
        4.380999999999968252950566238724   -2.013901751624283750000000000000E+14
        4.381999999999968586905652045971   -2.030982706395905000000000000000E+14
        4.382999999999968920860737853218   -2.048212789639148750000000000000E+14
        4.383999999999969254815823660465   -2.065593338329859375000000000000E+14
        4.384999999999969588770909467712   -2.083125701727597500000000000000E+14
        4.385999999999969922725995274959   -2.100811241491105000000000000000E+14
        4.386999999999970256681081082206   -2.118651331794876875000000000000E+14
        4.387999999999970590636166889453   -2.136647359446854375000000000000E+14
        4.388999999999970924591252696700   -2.154800724007246875000000000000E+14
        4.389999999999971258546338503947   -2.173112837908498750000000000000E+14
        4.390999999999971592501424311195   -2.191585126576405000000000000000E+14
        4.391999999999971926456510118442   -2.210219028552394375000000000000E+14
        4.392999999999972260411595925689   -2.229015995616987500000000000000E+14
        4.393999999999972594366681732936   -2.247977492914440625000000000000E+14
        4.394999999999972928321767540183   -2.267104999078588125000000000000E+14
        4.395999999999973262276853347430   -2.286400006359898750000000000000E+14
        4.396999999999973596231939154677   -2.305864020753750000000000000000E+14
        4.397999999999973930187024961924   -2.325498562129940000000000000000E+14
        4.398999999999974264142110769171   -2.345305164363445625000000000000E+14
        4.399999999999974598097196576418   -2.365285375466438125000000000000E+14
        4.400999999999974932052282383665   -2.385440757721570625000000000000E+14
        4.401999999999975266007368190913   -2.405772887816549375000000000000E+14
        4.402999999999975599962453998160   -2.426283356980000000000000000000E+14
        4.403999999999975933917539805407   -2.446973771118646250000000000000E+14
        4.404999999999976267872625612654   -2.467845750955806250000000000000E+14
        4.405999999999976601827711419901   -2.488900932171227500000000000000E+14
        4.406999999999976935782797227148   -2.510140965542266250000000000000E+14
        4.407999999999977269737883034395   -2.531567517086430625000000000000E+14
        4.408999999999977603692968841642   -2.553182268205296875000000000000E+14
        4.409999999999977937648054648889   -2.574986915829816250000000000000E+14
        4.410999999999978271603140456136   -2.596983172567020000000000000000E+14
        4.411999999999978605558226263383   -2.619172766848143750000000000000E+14
        4.412999999999978939513312070630   -2.641557443078180000000000000000E+14
        4.413999999999979273468397877878   -2.664138961786871250000000000000E+14
        4.414999999999979607423483685125   -2.686919099781166875000000000000E+14
        4.415999999999979941378569492372   -2.709899650299146250000000000000E+14
        4.416999999999980275333655299619   -2.733082423165433750000000000000E+14
        4.417999999999980609288741106866   -2.756469244948111875000000000000E+14
        4.418999999999980943243826914113   -2.780061959117151250000000000000E+14
        4.419999999999981277198912721360   -2.803862426204371250000000000000E+14
        4.420999999999981611153998528607   -2.827872523964946875000000000000E+14
        4.421999999999981945109084335854   -2.852094147540480000000000000000E+14
        4.422999999999982279064170143101   -2.876529209623644375000000000000E+14
        4.423999999999982613019255950348   -2.901179640624422500000000000000E+14
        4.424999999999982946974341757596   -2.926047388837951875000000000000E+14
        4.425999999999983280929427564843   -2.951134420613995000000000000000E+14
        4.426999999999983614884513372090   -2.976442720528050625000000000000E+14
        4.427999999999983948839599179337   -3.001974291554120000000000000000E+14
        4.428999999999984282794684986584   -3.027731155239145625000000000000E+14
        4.429999999999984616749770793831   -3.053715351879138750000000000000E+14
        4.430999999999984950704856601078   -3.079928940697013125000000000000E+14
        4.431999999999985284659942408325   -3.106374000022141250000000000000E+14
        4.432999999999985618615028215572   -3.133052627471650625000000000000E+14
        4.433999999999985952570114022819   -3.159966940133476250000000000000E+14
        4.434999999999986286525199830066   -3.187119074751186875000000000000E+14
        4.435999999999986620480285637314   -3.214511187910603750000000000000E+14
        4.436999999999986954435371444561   -3.242145456228228125000000000000E+14
        4.437999999999987288390457251808   -3.270024076541498750000000000000E+14
        4.438999999999987622345543059055   -3.298149266100890625000000000000E+14
        4.439999999999987956300628866302   -3.326523262763878750000000000000E+14
        4.440999999999988290255714673549   -3.355148325190784375000000000000E+14
        4.441999999999988624210800480796   -3.384026733042523750000000000000E+14
        4.442999999999988958165886288043   -3.413160787180275625000000000000E+14
        4.443999999999989292120972095290   -3.442552809867081250000000000000E+14
        4.444999999999989626076057902537   -3.472205144971413125000000000000E+14
        4.445999999999989960031143709784   -3.502120158172711250000000000000E+14
        4.446999999999990293986229517031   -3.532300237168920625000000000000E+14
        4.447999999999990627941315324279   -3.562747791886046250000000000000E+14
        4.448999999999990961896401131526   -3.593465254689739375000000000000E+14
        4.449999999999991295851486938773   -3.624455080598946250000000000000E+14
        4.450999999999991629806572746020   -3.655719747501630625000000000000E+14
        4.451999999999991963761658553267   -3.687261756372595000000000000000E+14
        4.452999999999992297716744360514   -3.719083631493418125000000000000E+14
        4.453999999999992631671830167761   -3.751187920674537500000000000000E+14
        4.454999999999992965626915975008   -3.783577195479484375000000000000E+14
        4.455999999999993299582001782255   -3.816254051451310000000000000000E+14
        4.456999999999993633537087589502   -3.849221108341206875000000000000E+14
        4.457999999999993967492173396749   -3.882481010339361250000000000000E+14
        4.458999999999994301447259203997   -3.916036426308053125000000000000E+14
        4.459999999999994635402345011244   -3.949890050017022500000000000000E+14
        4.460999999999994969357430818491   -3.984044600381134375000000000000E+14
        4.461999999999995303312516625738   -4.018502821700351250000000000000E+14
        4.462999999999995637267602432985   -4.053267483902050625000000000000E+14
        4.463999999999995971222688240232   -4.088341382785701250000000000000E+14
        4.464999999999996305177774047479   -4.123727340269924375000000000000E+14
        4.465999999999996639132859854726   -4.159428204641965000000000000000E+14
        4.466999999999996973087945661973   -4.195446850809595625000000000000E+14
        4.467999999999997307043031469220   -4.231786180555478750000000000000E+14
        4.468999999999997640998117276467   -4.268449122794001875000000000000E+14
        4.469999999999997974953203083714   -4.305438633830632500000000000000E+14
        4.470999999999998308908288890962   -4.342757697623791875000000000000E+14
        4.471999999999998642863374698209   -4.380409326049292500000000000000E+14
        4.472999999999998976818460505456   -4.418396559167353125000000000000E+14
        4.473999999999999310773546312703   -4.456722465492225000000000000000E+14
        4.474999999999999644728632119950   -4.495390142264446875000000000000E+14
        4.475999999999999978683717927197   -4.534402715725762500000000000000E+14
        4.477000000000000312638803734444   -4.573763341396723125000000000000E+14
        4.478000000000000646593889541691   -4.613475204357002500000000000000E+14
        4.479000000000000980548975348938   -4.653541519528453125000000000000E+14
        4.480000000000001314504061156185   -4.693965531960927500000000000000E+14
        4.481000000000001648459146963432   -4.734750517120895625000000000000E+14
        4.482000000000001982414232770680   -4.775899781182885000000000000000E+14
        4.483000000000002316369318577927   -4.817416661323773125000000000000E+14
        4.484000000000002650324404385174   -4.859304526019950000000000000000E+14
        4.485000000000002984279490192421   -4.901566775347403125000000000000E+14
        4.486000000000003318234575999668   -4.944206841284728750000000000000E+14
        4.487000000000003652189661806915   -4.987228188019110625000000000000E+14
        4.488000000000003986144747614162   -5.030634312255297500000000000000E+14
        4.489000000000004320099833421409   -5.074428743527605625000000000000E+14
        4.490000000000004654054919228656   -5.118615044514975000000000000000E+14
        4.491000000000004988010005035903   -5.163196811359114375000000000000E+14
        4.492000000000005321965090843150   -5.208177673985762500000000000000E+14
        4.493000000000005655920176650397   -5.253561296429099375000000000000E+14
        4.494000000000005989875262457645   -5.299351377159330000000000000000E+14
        4.495000000000006323830348264892   -5.345551649413491875000000000000E+14
        4.496000000000006657785434072139   -5.392165881529500000000000000000E+14
        4.497000000000006991740519879386   -5.439197877283464375000000000000E+14
        4.498000000000007325695605686633   -5.486651476230320000000000000000E+14
        4.499000000000007659650691493880   -5.534530554047801875000000000000E+14
        4.500000000000007993605777301127   -5.582839022883788750000000000000E+14
        4.501000000000008327560863108374   -5.631580831707062500000000000000E+14
        4.502000000000008661515948915621   -5.680759966661508750000000000000E+14
        4.503000000000008995471034722868   -5.730380451423792500000000000000E+14
        4.504000000000009329426120530115   -5.780446347564548750000000000000E+14
        4.505000000000009663381206337363   -5.830961754913120000000000000000E+14
        4.506000000000009997336292144610   -5.881930811925881250000000000000E+14
        4.507000000000010331291377951857   -5.933357696058177500000000000000E+14
        4.508000000000010665246463759104   -5.985246624139921250000000000000E+14
        4.509000000000010999201549566351   -6.037601852754880000000000000000E+14
        4.510000000000011333156635373598   -6.090427678623691250000000000000E+14
        4.511000000000011667111721180845   -6.143728438990647500000000000000E+14
        4.512000000000012001066806988092   -6.197508512014286250000000000000E+14
        4.513000000000012335021892795339   -6.251772317161820000000000000000E+14
        4.514000000000012668976978602586   -6.306524315607446250000000000000E+14
        4.515000000000013002932064409833   -6.361769010634577500000000000000E+14
        4.516000000000013336887150217080   -6.417510948042031250000000000000E+14
        4.517000000000013670842236024328   -6.473754716554222500000000000000E+14
        4.518000000000014004797321831575   -6.530504948235386250000000000000E+14
        4.519000000000014338752407638822   -6.587766318907887500000000000000E+14
        4.520000000000014672707493446069   -6.645543548574651250000000000000E+14
        4.521000000000015006662579253316   -6.703841401845750000000000000000E+14
        4.522000000000015340617665060563   -6.762664688369196250000000000000E+14
        4.523000000000015674572750867810   -6.822018263265985000000000000000E+14
        4.524000000000016008527836675057   -6.881907027569421250000000000000E+14
        4.525000000000016342482922482304   -6.942335928668777500000000000000E+14
        4.526000000000016676438008289551   -7.003309960757328750000000000000E+14
        4.527000000000017010393094096798   -7.064834165284807500000000000000E+14
        4.528000000000017344348179904046   -7.126913631414323750000000000000E+14
        4.529000000000017678303265711293   -7.189553496483787500000000000000E+14
        4.530000000000018012258351518540   -7.252758946471891250000000000000E+14
        4.531000000000018346213437325787   -7.316535216468690000000000000000E+14
        4.532000000000018680168523133034   -7.380887591150818750000000000000E+14
        4.533000000000019014123608940281   -7.445821405261425000000000000000E+14
        4.534000000000019348078694747528   -7.511342044094813750000000000000E+14
        4.535000000000019682033780554775   -7.577454943985902500000000000000E+14
        4.536000000000020015988866362022   -7.644165592804501250000000000000E+14
        4.537000000000020349943952169269   -7.711479530454475000000000000000E+14
        4.538000000000020683899037976516   -7.779402349377843750000000000000E+14
        4.539000000000021017854123783763   -7.847939695063867500000000000000E+14
        4.540000000000021351809209591011   -7.917097266563166250000000000000E+14
        4.541000000000021685764295398258   -7.986880817006922500000000000000E+14
        4.542000000000022019719381205505   -8.057296154131213750000000000000E+14
        4.543000000000022353674467012752   -8.128349140806535000000000000000E+14
        4.544000000000022687629552819999   -8.200045695572573750000000000000E+14
        4.545000000000023021584638627246   -8.272391793178255000000000000000E+14
        4.546000000000023355539724434493   -8.345393465127151250000000000000E+14
        4.547000000000023689494810241740   -8.419056800228285000000000000000E+14
        4.548000000000024023449896048987   -8.493387945152386250000000000000E+14
        4.549000000000024357404981856234   -8.568393104993657500000000000000E+14
        4.550000000000024691360067663481   -8.644078543837108750000000000000E+14
        4.551000000000025025315153470729   -8.720450585331505000000000000000E+14
        4.552000000000025359270239277976   -8.797515613268003750000000000000E+14
        4.553000000000025693225325085223   -8.875280072164517500000000000000E+14
        4.554000000000026027180410892470   -8.953750467855878750000000000000E+14
        4.555000000000026361135496699717   -9.032933368089845000000000000000E+14
        4.556000000000026695090582506964   -9.112835403129026250000000000000E+14
        4.557000000000027029045668314211   -9.193463266358780000000000000000E+14
        4.558000000000027363000754121458   -9.274823714901131250000000000000E+14
        4.559000000000027696955839928705   -9.356923570234795000000000000000E+14
        4.560000000000028030910925735952   -9.439769718821343750000000000000E+14
        4.561000000000028364866011543199   -9.523369112737592500000000000000E+14
        4.562000000000028698821097350447   -9.607728770314266250000000000000E+14
        4.563000000000029032776183157694   -9.692855776781007500000000000000E+14
        4.564000000000029366731268964941   -9.778757284917793750000000000000E+14
        4.565000000000029700686354772188   -9.865440515712817500000000000000E+14
        4.566000000000030034641440579435   -9.952912759026911250000000000000E+14
        4.567000000000030368596526386682   -1.004118137426457750000000000000E+15
        4.568000000000030702551612193929   -1.013025379105167875000000000000E+15
        4.569000000000031036506698001176   -1.022013750991987500000000000000E+15
        4.570000000000031370461783808423   -1.031084010299786125000000000000E+15
        4.571000000000031704416869615670   -1.040236921470948000000000000000E+15
        4.572000000000032038371955422917   -1.049473256247878625000000000000E+15
        4.573000000000032372327041230164   -1.058793793744211250000000000000E+15
        4.574000000000032706282127037412   -1.068199320516723625000000000000E+15
        4.575000000000033040237212844659   -1.077690630637969250000000000000E+15
        4.576000000000033374192298651906   -1.087268525769632125000000000000E+15
        4.577000000000033708147384459153   -1.096933815236612250000000000000E+15
        4.578000000000034042102470266400   -1.106687316101848125000000000000E+15
        4.579000000000034376057556073647   -1.116529853241885750000000000000E+15
        4.580000000000034710012641880894   -1.126462259423199000000000000000E+15
        4.581000000000035043967727688141   -1.136485375379271250000000000000E+15
        4.582000000000035377922813495388   -1.146600049888446000000000000000E+15
        4.583000000000035711877899302635   -1.156807139852551250000000000000E+15
        4.584000000000036045832985109882   -1.167107510376310000000000000000E+15
        4.585000000000036379788070917130   -1.177502034847542250000000000000E+15
        4.586000000000036713743156724377   -1.187991595018166500000000000000E+15
        4.587000000000037047698242531624   -1.198577081086007750000000000000E+15
        4.588000000000037381653328338871   -1.209259391777424500000000000000E+15
        4.589000000000037715608414146118   -1.220039434430758750000000000000E+15
        4.590000000000038049563499953365   -1.230918125080619000000000000000E+15
        4.591000000000038383518585760612   -1.241896388543005250000000000000E+15
        4.592000000000038717473671567859   -1.252975158501283000000000000000E+15
        4.593000000000039051428757375106   -1.264155377593017250000000000000E+15
        4.594000000000039385383843182353   -1.275437997497672000000000000000E+15
        4.595000000000039719338928989600   -1.286823979025187750000000000000E+15
        4.596000000000040053294014796847   -1.298314292205442500000000000000E+15
        4.597000000000040387249100604095   -1.309909916378608750000000000000E+15
        4.598000000000040721204186411342   -1.321611840286411500000000000000E+15
        4.599000000000041055159272218589   -1.333421062164300750000000000000E+15
        4.600000000000041389114358025836   -1.345338589834543500000000000000E+15
        4.601000000000041723069443833083   -1.357365440800248250000000000000E+15
        4.602000000000042057024529640330   -1.369502642340331000000000000000E+15
        4.603000000000042390979615447577   -1.381751231605429250000000000000E+15
        4.604000000000042724934701254824   -1.394112255714777000000000000000E+15
        4.605000000000043058889787062071   -1.406586771854048750000000000000E+15
        4.606000000000043392844872869318   -1.419175847374185500000000000000E+15
        4.607000000000043726799958676565   -1.431880559891206250000000000000E+15
        4.608000000000044060755044483813   -1.444701997387022000000000000000E+15
        4.609000000000044394710130291060   -1.457641258311258250000000000000E+15
        4.610000000000044728665216098307   -1.470699451684099000000000000000E+15
        4.611000000000045062620301905554   -1.483877697200159750000000000000E+15
        4.612000000000045396575387712801   -1.497177125333402500000000000000E+15
        4.613000000000045730530473520048   -1.510598877443101750000000000000E+15
        4.614000000000046064485559327295   -1.524144105880873500000000000000E+15
        4.615000000000046398440645134542   -1.537813974098777750000000000000E+15
        4.616000000000046732395730941789   -1.551609656758503500000000000000E+15
        4.617000000000047066350816749036   -1.565532339841651750000000000000E+15
        4.618000000000047400305902556283   -1.579583220761123000000000000000E+15
        4.619000000000047734260988363530   -1.593763508473623250000000000000E+15
        4.620000000000048068216074170778   -1.608074423593299500000000000000E+15
        4.621000000000048402171159978025   -1.622517198506515750000000000000E+15
        4.622000000000048736126245785272   -1.637093077487780500000000000000E+15
        4.623000000000049070081331592519   -1.651803316816840750000000000000E+15
        4.624000000000049404036417399766   -1.666649184896950500000000000000E+15
        4.625000000000049737991503207013   -1.681631962374327250000000000000E+15
        4.626000000000050071946589014260   -1.696752942258810000000000000000E+15
        4.627000000000050405901674821507   -1.712013430045729750000000000000E+15
        4.628000000000050739856760628754   -1.727414743839004000000000000000E+15
        4.629000000000051073811846436001   -1.742958214475470250000000000000E+15
        4.630000000000051407766932243248   -1.758645185650467000000000000000E+15
        4.631000000000051741722018050496   -1.774477014044683250000000000000E+15
        4.632000000000052075677103857743   -1.790455069452277500000000000000E+15
        4.633000000000052409632189664990   -1.806580734910291750000000000000E+15
        4.634000000000052743587275472237   -1.822855406829363000000000000000E+15
        4.635000000000053077542361279484   -1.839280495125754250000000000000E+15
        4.636000000000053411497447086731   -1.855857423354711500000000000000E+15
        4.637000000000053745452532893978   -1.872587628845166250000000000000E+15
        4.638000000000054079407618701225   -1.889472562835792500000000000000E+15
        4.639000000000054413362704508472   -1.906513690612435250000000000000E+15
        4.640000000000054747317790315719   -1.923712491646924000000000000000E+15
        4.641000000000055081272876122966   -1.941070459737284750000000000000E+15
        4.642000000000055415227961930213   -1.958589103149362500000000000000E+15
        4.643000000000055749183047737461   -1.976269944759875750000000000000E+15
        4.644000000000056083138133544708   -1.994114522200911500000000000000E+15
        4.645000000000056417093219351955   -2.012124388005875250000000000000E+15
        4.646000000000056751048305159202   -2.030301109756915000000000000000E+15
        4.647000000000057085003390966449   -2.048646270233833750000000000000E+15
        4.648000000000057418958476773696   -2.067161467564502000000000000000E+15
        4.649000000000057752913562580943   -2.085848315376788750000000000000E+15
        4.650000000000058086868648388190   -2.104708442952027000000000000000E+15
        4.651000000000058420823734195437   -2.123743495380027750000000000000E+15
        4.652000000000058754778820002684   -2.142955133715659500000000000000E+15
        4.653000000000059088733905809931   -2.162345035137008750000000000000E+15
        4.654000000000059422688991617179   -2.181914893105138500000000000000E+15
        4.655000000000059756644077424426   -2.201666417525459250000000000000E+15
        4.656000000000060090599163231673   -2.221601334910734000000000000000E+15
        4.657000000000060424554249038920   -2.241721388545726250000000000000E+15
        4.658000000000060758509334846167   -2.262028338653516000000000000000E+15
        4.659000000000061092464420653414   -2.282523962563496000000000000000E+15
        4.660000000000061426419506460661   -2.303210054881066000000000000000E+15
        4.661000000000061760374592267908   -2.324088427659043000000000000000E+15
        4.662000000000062094329678075155   -2.345160910570809000000000000000E+15
        4.663000000000062428284763882402   -2.366429351085205000000000000000E+15
        4.664000000000062762239849689649   -2.387895614643200000000000000000E+15
        4.665000000000063096194935496897   -2.409561584836345000000000000000E+15
        4.666000000000063430150021304144   -2.431429163587035000000000000000E+15
        4.667000000000063764105107111391   -2.453500271330596000000000000000E+15
        4.668000000000064098060192918638   -2.475776847199216000000000000000E+15
        4.669000000000064432015278725885   -2.498260849207737000000000000000E+15
        4.670000000000064765970364533132   -2.520954254441334000000000000000E+15
        4.671000000000065099925450340379   -2.543859059245091000000000000000E+15
        4.672000000000065433880536147626   -2.566977279415501000000000000000E+15
        4.673000000000065767835621954873   -2.590310950393905000000000000000E+15
        4.674000000000066101790707762120   -2.613862127461896000000000000000E+15
        4.675000000000066435745793569367   -2.637632885938697000000000000000E+15
        4.676000000000066769700879376614   -2.661625321380552000000000000000E+15
        4.677000000000067103655965183862   -2.685841549782127000000000000000E+15
        4.678000000000067437611050991109   -2.710283707779966000000000000000E+15
        4.679000000000067771566136798356   -2.734953952858004000000000000000E+15
        4.680000000000068105521222605603   -2.759854463555167000000000000000E+15
        4.681000000000068439476308412850   -2.784987439675084000000000000000E+15
        4.682000000000068773431394220097   -2.810355102497921000000000000000E+15
        4.683000000000069107386480027344   -2.835959694994373000000000000000E+15
        4.684000000000069441341565834591   -2.861803482041827000000000000000E+15
        4.685000000000069775296651641838   -2.887888750642719000000000000000E+15
        4.686000000000070109251737449085   -2.914217810145112000000000000000E+15
        4.687000000000070443206823256332   -2.940792992465515000000000000000E+15
        4.688000000000070777161909063580   -2.967616652313968000000000000000E+15
        4.689000000000071111116994870827   -2.994691167421414000000000000000E+15
        4.690000000000071445072080678074   -3.022018938769383000000000000000E+15
        4.691000000000071779027166485321   -3.049602390822012000000000000000E+15
        4.692000000000072112982252292568   -3.077443971760425000000000000000E+15
        4.693000000000072446937338099815   -3.105546153719500000000000000000E+15
        4.694000000000072780892423907062   -3.133911433027043000000000000000E+15
        4.695000000000073114847509714309   -3.162542330445395000000000000000E+15
        4.696000000000073448802595521556   -3.191441391415501000000000000000E+15
        4.697000000000073782757681328803   -3.220611186303462000000000000000E+15
        4.698000000000074116712767136050   -3.250054310649600000000000000000E+15
        4.699000000000074450667852943297   -3.279773385420060000000000000000E+15
        4.700000000000074784622938750545   -3.309771057260972000000000000000E+15
        4.701000000000075118578024557792   -3.340049998755203000000000000000E+15
        4.702000000000075452533110365039   -3.370612908681728000000000000000E+15
        4.703000000000075786488196172286   -3.401462512277646000000000000000E+15
        4.704000000000076120443281979533   -3.432601561502863000000000000000E+15
        4.705000000000076454398367786780   -3.464032835307475000000000000000E+15
        4.706000000000076788353453594027   -3.495759139901878000000000000000E+15
        4.707000000000077122308539401274   -3.527783309029635000000000000000E+15
        4.708000000000077456263625208521   -3.560108204243125000000000000000E+15
        4.709000000000077790218711015768   -3.592736715182008000000000000000E+15
        4.710000000000078124173796823015   -3.625671759854526000000000000000E+15
        4.711000000000078458128882630263   -3.658916284921679000000000000000E+15
        4.712000000000078792083968437510   -3.692473265984301000000000000000E+15
        4.713000000000079126039054244757   -3.726345707873073000000000000000E+15
        4.714000000000079459994140052004   -3.760536644941491000000000000000E+15
        4.715000000000079793949225859251   -3.795049141361827000000000000000E+15
        4.716000000000080127904311666498   -3.829886291424121000000000000000E+15
        4.717000000000080461859397473745   -3.865051219838219000000000000000E+15
        4.718000000000080795814483280992   -3.900547082038907000000000000000E+15
        4.719000000000081129769569088239   -3.936377064494158000000000000000E+15
        4.720000000000081463724654895486   -3.972544385016531000000000000000E+15
        4.721000000000081797679740702733   -4.009052293077759000000000000000E+15
        4.722000000000082131634826509980   -4.045904070126552000000000000000E+15
        4.723000000000082465589912317228   -4.083103029909651000000000000000E+15
        4.724000000000082799544998124475   -4.120652518796166000000000000000E+15
        4.725000000000083133500083931722   -4.158555916105236000000000000000E+15
        4.726000000000083467455169738969   -4.196816634437042000000000000000E+15
        4.727000000000083801410255546216   -4.235438120007209000000000000000E+15
        4.728000000000084135365341353463   -4.274423852984629000000000000000E+15
        4.729000000000084469320427160710   -4.313777347832748000000000000000E+15
        4.730000000000084803275512967957   -4.353502153654348000000000000000E+15
        4.731000000000085137230598775204   -4.393601854539861000000000000000E+15
        4.732000000000085471185684582451   -4.434080069919252000000000000000E+15
        4.733000000000085805140770389698   -4.474940454917505000000000000000E+15
        4.734000000000086139095856196946   -4.516186700713763000000000000000E+15
        4.735000000000086473050942004193   -4.557822534904141000000000000000E+15
        4.736000000000086807006027811440   -4.599851721868259000000000000000E+15
        4.737000000000087140961113618687   -4.642278063139543000000000000000E+15
        4.738000000000087474916199425934   -4.685105397779317000000000000000E+15
        4.739000000000087808871285233181   -4.728337602754737000000000000000E+15
        4.740000000000088142826371040428   -4.771978593320601000000000000000E+15
        4.741000000000088476781456847675   -4.816032323405079000000000000000E+15
        4.742000000000088810736542654922   -4.860502785999405000000000000000E+15
        4.743000000000089144691628462169   -4.905394013551569000000000000000E+15
        4.744000000000089478646714269416   -4.950710078364047000000000000000E+15
        4.745000000000089812601800076663   -4.996455092995625000000000000000E+15
        4.746000000000090146556885883911   -5.042633210667347000000000000000E+15
        4.747000000000090480511971691158   -5.089248625672633000000000000000E+15
        4.748000000000090814467057498405   -5.136305573791615000000000000000E+15
        4.749000000000091148422143305652   -5.183808332709725000000000000000E+15
        4.750000000000091482377229112899   -5.231761222440599000000000000000E+15
        4.751000000000091816332314920146   -5.280168605753317000000000000000E+15
        4.752000000000092150287400727393   -5.329034888604043000000000000000E+15
        4.753000000000092484242486534640   -5.378364520572109000000000000000E+15
        4.754000000000092818197572341887   -5.428161995300575000000000000000E+15
        4.755000000000093152152658149134   -5.478431850941335000000000000000E+15
        4.756000000000093486107743956381   -5.529178670604795000000000000000E+15
        4.757000000000093820062829763629   -5.580407082814185000000000000000E+15
        4.758000000000094154017915570876   -5.632121761964543000000000000000E+15
        4.759000000000094487973001378123   -5.684327428786429000000000000000E+15
        4.760000000000094821928087185370   -5.737028850814421000000000000000E+15
        4.761000000000095155883172992617   -5.790230842860427000000000000000E+15
        4.762000000000095489838258799864   -5.843938267491879000000000000000E+15
        4.763000000000095823793344607111   -5.898156035514857000000000000000E+15
        4.764000000000096157748430414358   -5.952889106462187000000000000000E+15
        4.765000000000096491703516221605   -6.008142489086577000000000000000E+15
        4.766000000000096825658602028852   -6.063921241858835000000000000000E+15
        4.767000000000097159613687836099   -6.120230473471225000000000000000E+15
        4.768000000000097493568773643347   -6.177075343346011000000000000000E+15
        4.769000000000097827523859450594   -6.234461062149255000000000000000E+15
        4.770000000000098161478945257841   -6.292392892309915000000000000000E+15
        4.771000000000098495434031065088   -6.350876148544295000000000000000E+15
        4.772000000000098829389116872335   -6.409916198385913000000000000000E+15
        4.773000000000099163344202679582   -6.469518462720841000000000000000E+15
        4.774000000000099497299288486829   -6.529688416328569000000000000000E+15
        4.775000000000099831254374294076   -6.590431588428457000000000000000E+15
        4.776000000000100165209460101323   -6.651753563231831000000000000000E+15
        4.777000000000100499164545908570   -6.713659980499785000000000000000E+15
        4.778000000000100833119631715817   -6.776156536106745000000000000000E+15
        4.779000000000101167074717523064   -6.839248982609855000000000000000E+15
        4.780000000000101501029803330312   -6.902943129824257000000000000000E+15
        4.781000000000101834984889137559   -6.967244845404315000000000000000E+15
        4.782000000000102168939974944806   -7.032160055430845000000000000000E+15
        4.783000000000102502895060752053   -7.097694745004427000000000000000E+15
        4.784000000000102836850146559300   -7.163854958844847000000000000000E+15
        4.785000000000103170805232366547   -7.230646801896749000000000000000E+15
        4.786000000000103504760318173794   -7.298076439941545000000000000000E+15
        4.787000000000103838715403981041   -7.366150100215667000000000000000E+15
        4.788000000000104172670489788288   -7.434874072035219000000000000000E+15
        4.789000000000104506625575595535   -7.504254707427093000000000000000E+15
        4.790000000000104840580661402782   -7.574298421766617000000000000000E+15
        4.791000000000105174535747210030   -7.645011694421819000000000000000E+15
        4.792000000000105508490833017277   -7.716401069404363000000000000000E+15
        4.793000000000105842445918824524   -7.788473156027219000000000000000E+15
        4.794000000000106176401004631771   -7.861234629569159000000000000000E+15
        4.795000000000106510356090439018   -7.934692231946139000000000000000E+15
        4.796000000000106844311176246265   -8.008852772389643000000000000000E+15
        4.797000000000107178266262053512   -8.083723128132059000000000000000E+15
        4.798000000000107512221347860759   -8.159310245099163000000000000000E+15
        4.799000000000107846176433668006   -8.235621138609781000000000000000E+15
        4.800000000000108180131519475253   -8.312662894082725000000000000000E+15
        4.801000000000108514086605282500   -8.390442667751049000000000000000E+15
        4.802000000000108848041691089747   -8.468967687383723000000000000000E+15
        4.803000000000109181996776896995   -8.548245253014807000000000000000E+15
        4.804000000000109515951862704242   -8.628282737680183000000000000000E+15
        4.805000000000109849906948511489   -8.709087588161947000000000000000E+15
        4.806000000000110183862034318736   -8.790667325740525000000000000000E+15
        4.807000000000110517817120125983   -8.873029546954605000000000000000E+15
        4.808000000000110851772205933230   -8.956181924368971000000000000000E+15
        4.809000000000111185727291740477   -9.040132207350308000000000000000E+15
        4.810000000000111519682377547724   -9.124888222851072000000000000000E+15
        4.811000000000111853637463354971   -9.210457876201516000000000000000E+15
        4.812000000000112187592549162218   -9.296849151909940000000000000000E+15
        4.813000000000112521547634969465   -9.384070114471268000000000000000E+15
        4.814000000000112855502720776713   -9.472128909184040000000000000000E+15
        4.815000000000113189457806583960   -9.561033762975896000000000000000E+15
        4.816000000000113523412892391207   -9.650792985237656000000000000000E+15
        4.817000000000113857367978198454   -9.741414968666076000000000000000E+15
        4.818000000000114191323064005701   -9.832908190115372000000000000000E+15
        4.819000000000114525278149812948   -9.925281211457628000000000000000E+15
        4.820000000000114859233235620195   -1.001854268045213200000000000000E+16
        4.821000000000115193188321427442   -1.011270133162379600000000000000E+16
        4.822000000000115527143407234689   -1.020776598715070800000000000000E+16
        4.823000000000115861098493041936   -1.030374555776094000000000000000E+16
        4.824000000000116195053578849183   -1.040064904363868800000000000000E+16
        4.825000000000116529008664656430   -1.049848553533986800000000000000E+16
        4.826000000000116862963750463678   -1.059726421471725600000000000000E+16
        4.827000000000117196918836270925   -1.069699435585527600000000000000E+16
        4.828000000000117530873922078172   -1.079768532601452000000000000000E+16
        4.829000000000117864829007885419   -1.089934658658612800000000000000E+16
        4.830000000000118198784093692666   -1.100198769405612800000000000000E+16
        4.831000000000118532739179499913   -1.110561830097984000000000000000E+16
        4.832000000000118866694265307160   -1.121024815696643600000000000000E+16
        4.833000000000119200649351114407   -1.131588710967378000000000000000E+16
        4.834000000000119534604436921654   -1.142254510581366000000000000000E+16
        4.835000000000119868559522728901   -1.153023219216750000000000000000E+16
        4.836000000000120202514608536148   -1.163895851661270800000000000000E+16
        4.837000000000120536469694343396   -1.174873432915971200000000000000E+16
        4.838000000000120870424780150643   -1.185956998299984800000000000000E+16
        4.839000000000121204379865957890   -1.197147593556418800000000000000E+16
        4.840000000000121538334951765137   -1.208446274959343600000000000000E+16
        4.841000000000121872290037572384   -1.219854109421901200000000000000E+16
        4.842000000000122206245123379631   -1.231372174605543600000000000000E+16
        4.843000000000122540200209186878   -1.243001559030412400000000000000E+16
        4.844000000000122874155294994125   -1.254743362186874400000000000000E+16
        4.845000000000123208110380801372   -1.266598694648221200000000000000E+16
        4.846000000000123542065466608619   -1.278568678184551200000000000000E+16
        4.847000000000123876020552415866   -1.290654445877841600000000000000E+16
        4.848000000000124209975638223113   -1.302857142238222800000000000000E+16
        4.849000000000124543930724030361   -1.315177923321474000000000000000E+16
        4.850000000000124877885809837608   -1.327617956847744400000000000000E+16
        4.851000000000125211840895644855   -1.340178422321521200000000000000E+16
        4.852000000000125545795981452102   -1.352860511152851600000000000000E+16
        4.853000000000125879751067259349   -1.365665426779836800000000000000E+16
        4.854000000000126213706153066596   -1.378594384792406400000000000000E+16
        4.855000000000126547661238873843   -1.391648613057392800000000000000E+16
        4.856000000000126881616324681090   -1.404829351844914000000000000000E+16
        4.857000000000127215571410488337   -1.418137853956082800000000000000E+16
        4.858000000000127549526496295584   -1.431575384852054400000000000000E+16
        4.859000000000127883481582102831   -1.445143222784426800000000000000E+16
        4.860000000000128217436667910079   -1.458842658927010000000000000000E+16
        4.861000000000128551391753717326   -1.472674997508975600000000000000E+16
        4.862000000000128885346839524573   -1.486641555949404800000000000000E+16
        4.863000000000129219301925331820   -1.500743664993248800000000000000E+16
        4.864000000000129553257011139067   -1.514982668848714400000000000000E+16
        4.865000000000129887212096946314   -1.529359925326093200000000000000E+16
        4.866000000000130221167182753561   -1.543876805978046800000000000000E+16
        4.867000000000130555122268560808   -1.558534696241368800000000000000E+16
        4.868000000000130889077354368055   -1.573334995580230800000000000000E+16
        4.869000000000131223032440175302   -1.588279117630936800000000000000E+16
        4.870000000000131556987525982549   -1.603368490348196400000000000000E+16
        4.871000000000131890942611789797   -1.618604556152937600000000000000E+16
        4.872000000000132224897697597044   -1.633988772081671200000000000000E+16
        4.873000000000132558852783404291   -1.649522609937424800000000000000E+16
        4.874000000000132892807869211538   -1.665207556442266000000000000000E+16
        4.875000000000133226762955018785   -1.681045113391428800000000000000E+16
        4.876000000000133560718040826032   -1.697036797809059600000000000000E+16
        4.877000000000133894673126633279   -1.713184142105603600000000000000E+16
        4.878000000000134228628212440526   -1.729488694236846400000000000000E+16
        4.879000000000134562583298247773   -1.745952017864629200000000000000E+16
        4.880000000000134896538384055020   -1.762575692519256400000000000000E+16
        4.881000000000135230493469862267   -1.779361313763610800000000000000E+16
        4.882000000000135564448555669514   -1.796310493359000800000000000000E+16
        4.883000000000135898403641476762   -1.813424859432750400000000000000E+16
        4.884000000000136232358727284009   -1.830706056647556000000000000000E+16
        4.885000000000136566313813091256   -1.848155746372626400000000000000E+16
        4.886000000000136900268898898503   -1.865775606856629600000000000000E+16
        4.887000000000137234223984705750   -1.883567333402456800000000000000E+16
        4.888000000000137568179070512997   -1.901532638543834400000000000000E+16
        4.889000000000137902134156320244   -1.919673252223792000000000000000E+16
        4.890000000000138236089242127491   -1.937990921975018400000000000000E+16
        4.891000000000138570044327934738   -1.956487413102113600000000000000E+16
        4.892000000000138903999413741985   -1.975164508865768000000000000000E+16
        4.893000000000139237954499549232   -1.994024010668883200000000000000E+16
        4.894000000000139571909585356480   -2.013067738244655200000000000000E+16
        4.895000000000139905864671163727   -2.032297529846644000000000000000E+16
        4.896000000000140239819756970974   -2.051715242440851200000000000000E+16
        4.897000000000140573774842778221   -2.071322751899823200000000000000E+16
        4.898000000000140907729928585468   -2.091121953198804800000000000000E+16
        4.899000000000141241685014392715   -2.111114760613963200000000000000E+16
        4.900000000000141575640100199962   -2.131303107922708800000000000000E+16
        4.901000000000141909595186007209   -2.151688948606129600000000000000E+16
        4.902000000000142243550271814456   -2.172274256053566400000000000000E+16
        4.903000000000142577505357621703   -2.193061023769350400000000000000E+16
        4.904000000000142911460443428950   -2.214051265581724800000000000000E+16
        4.905000000000143245415529236197   -2.235247015853975200000000000000E+16
        4.906000000000143579370615043445   -2.256650329697796000000000000000E+16
        4.907000000000143913325700850692   -2.278263283188908000000000000000E+16
        4.908000000000144247280786657939   -2.300087973584963200000000000000E+16
        4.909000000000144581235872465186   -2.322126519545748800000000000000E+16
        4.910000000000144915190958272433   -2.344381061355727200000000000000E+16
        4.911000000000145249146044079680   -2.366853761148927200000000000000E+16
        4.912000000000145583101129886927   -2.389546803136216800000000000000E+16
        4.913000000000145917056215694174   -2.412462393834984800000000000000E+16
        4.914000000000146251011301501421   -2.435602762301252000000000000000E+16
        4.915000000000146584966387308668   -2.458970160364241600000000000000E+16
        4.916000000000146918921473115915   -2.482566862863435200000000000000E+16
        4.917000000000147252876558923163   -2.506395167888139200000000000000E+16
        4.918000000000147586831644730410   -2.530457397019592800000000000000E+16
        4.919000000000147920786730537657   -2.554755895575637600000000000000E+16
        4.920000000000148254741816344904   -2.579293032857985600000000000000E+16
        4.921000000000148588696902152151   -2.604071202402106400000000000000E+16
        4.922000000000148922651987959398   -2.629092822229765600000000000000E+16
        4.923000000000149256607073766645   -2.654360335104240000000000000000E+16
        4.924000000000149590562159573892   -2.679876208788242400000000000000E+16
        4.925000000000149924517245381139   -2.705642936304583200000000000000E+16
        4.926000000000150258472331188386   -2.731663036199596000000000000000E+16
        4.927000000000150592427416995633   -2.757939052809360800000000000000E+16
        4.928000000000150926382502802880   -2.784473556528755200000000000000E+16
        4.929000000000151260337588610128   -2.811269144083358400000000000000E+16
        4.930000000000151594292674417375   -2.838328438804245600000000000000E+16
        4.931000000000151928247760224622   -2.865654090905702400000000000000E+16
        4.932000000000152262202846031869   -2.893248777765885600000000000000E+16
        4.933000000000152596157931839116   -2.921115204210471200000000000000E+16
        4.934000000000152930113017646363   -2.949256102799312800000000000000E+16
        4.935000000000153264068103453610   -2.977674234116148000000000000000E+16
        4.936000000000153598023189260857   -3.006372387061386400000000000000E+16
        4.937000000000153931978275068104   -3.035353379148008800000000000000E+16
        4.938000000000154265933360875351   -3.064620056800616000000000000000E+16
        4.939000000000154599888446682598   -3.094175295657655200000000000000E+16
        4.940000000000154933843532489846   -3.124022000876864000000000000000E+16
        4.941000000000155267798618297093   -3.154163107443965600000000000000E+16
        4.942000000000155601753704104340   -3.184601580484646400000000000000E+16
        4.943000000000155935708789911587   -3.215340415579855200000000000000E+16
        4.944000000000156269663875718834   -3.246382639084461600000000000000E+16
        4.945000000000156603618961526081   -3.277731308449305600000000000000E+16
        4.946000000000156937574047333328   -3.309389512546676000000000000000E+16
        4.947000000000157271529133140575   -3.341360371999260800000000000000E+16
        4.948000000000157605484218947822   -3.373647039512594400000000000000E+16
        4.949000000000157939439304755069   -3.406252700211055200000000000000E+16
        4.950000000000158273394390562316   -3.439180571977440000000000000000E+16
        4.951000000000158607349476369563   -3.472433905796158400000000000000E+16
        4.952000000000158941304562176811   -3.506015986100086400000000000000E+16
        4.953000000000159275259647984058   -3.539930131121118400000000000000E+16
        4.954000000000159609214733791305   -3.574179693244461600000000000000E+16
        4.955000000000159943169819598552   -3.608768059366704800000000000000E+16
        4.956000000000160277124905405799   -3.643698651257709600000000000000E+16
        4.957000000000160611079991213046   -3.678974925926362400000000000000E+16
        4.958000000000160945035077020293   -3.714600375990231200000000000000E+16
        4.959000000000161278990162827540   -3.750578530049170400000000000000E+16
        4.960000000000161612945248634787   -3.786912953062911200000000000000E+16
        4.961000000000161946900334442034   -3.823607246732682400000000000000E+16
        4.962000000000162280855420249281   -3.860665049886912800000000000000E+16
        4.963000000000162614810506056529   -3.898090038871050400000000000000E+16
        4.964000000000162948765591863776   -3.935885927941546400000000000000E+16
        4.965000000000163282720677671023   -3.974056469664048800000000000000E+16
        4.966000000000163616675763478270   -4.012605455315856800000000000000E+16
        4.967000000000163950630849285517   -4.051536715292669600000000000000E+16
        4.968000000000164284585935092764   -4.090854119519692000000000000000E+16
        4.969000000000164618541020900011   -4.130561577867130400000000000000E+16
        4.970000000000164952496106707258   -4.170663040570133600000000000000E+16
        4.971000000000165286451192514505   -4.211162498653231200000000000000E+16
        4.972000000000165620406278321752   -4.252063984359306400000000000000E+16
        4.973000000000165954361364128999   -4.293371571583160800000000000000E+16
        4.974000000000166288316449936246   -4.335089376309727200000000000000E+16
        4.975000000000166622271535743494   -4.377221557056962400000000000000E+16
        4.976000000000166956226621550741   -4.419772315323488800000000000000E+16
        4.977000000000167290181707357988   -4.462745896041026400000000000000E+16
        4.978000000000167624136793165235   -4.506146588031674400000000000000E+16
        4.979000000000167958091878972482   -4.549978724470088800000000000000E+16
        4.980000000000168292046964779729   -4.594246683350613600000000000000E+16
        4.981000000000168626002050586976   -4.638954887959416800000000000000E+16
        4.982000000000168959957136394223   -4.684107807351685600000000000000E+16
        4.983000000000169293912222201470   -4.729709956833938400000000000000E+16
        4.984000000000169627867308008717   -4.775765898451512800000000000000E+16
        4.985000000000169961822393815964   -4.822280241481274400000000000000E+16
        4.986000000000170295777479623212   -4.869257642929610400000000000000E+16
        4.987000000000170629732565430459   -4.916702808035775200000000000000E+16
        4.988000000000170963687651237706   -4.964620490780624800000000000000E+16
        4.989000000000171297642737044953   -5.013015494400816800000000000000E+16
        4.990000000000171631597822852200   -5.061892671908527200000000000000E+16
        4.991000000000171965552908659447   -5.111256926616752800000000000000E+16
        4.992000000000172299507994466694   -5.161113212670244000000000000000E+16
        4.993000000000172633463080273941   -5.211466535582146400000000000000E+16
        4.994000000000172967418166081188   -5.262321952776404000000000000000E+16
        4.995000000000173301373251888435   -5.313684574135989600000000000000E+16
        4.996000000000173635328337695682   -5.365559562557028000000000000000E+16
        4.997000000000173969283423502930   -5.417952134508868000000000000000E+16
        4.998000000000174303238509310177   -5.470867560600184800000000000000E+16
        4.999000000000174637193595117424   -5.524311166151156000000000000000E+16
        5.000000000000174971148680924671   -5.578288331771799200000000000000E+16
        5.001000000000175305103766731918   -5.632804493946525600000000000000E+16
        5.002000000000175639058852539165   -5.687865145624980000000000000000E+16
        5.003000000000175973013938346412   -5.743475836819239200000000000000E+16
        5.004000000000176306969024153659   -5.799642175207437600000000000000E+16
        5.005000000000176640924109960906   -5.856369826743885600000000000000E+16
        5.006000000000176974879195768153   -5.913664516275754400000000000000E+16
        5.007000000000177308834281575400   -5.971532028166407200000000000000E+16
        5.008000000000177642789367382647   -6.029978206925429600000000000000E+16
        5.009000000000177976744453189895   -6.089008957845456800000000000000E+16
        5.010000000000178310699538997142   -6.148630247645853600000000000000E+16
        5.011000000000178644654624804389   -6.208848105123335200000000000000E+16
        5.012000000000178978609710611636   -6.269668621809588000000000000000E+16
        5.013000000000179312564796418883   -6.331097952635989600000000000000E+16
        5.014000000000179646519882226130   -6.393142316605484000000000000000E+16
        5.015000000000179980474968033377   -6.455807997471703200000000000000E+16
        5.016000000000180314430053840624   -6.519101344425416800000000000000E+16
        5.017000000000180648385139647871   -6.583028772788376800000000000000E+16
        5.018000000000180982340225455118   -6.647596764714648800000000000000E+16
        5.019000000000181316295311262365   -6.712811869899514400000000000000E+16
        5.020000000000181650250397069613   -6.778680706296018400000000000000E+16
        5.021000000000181984205482876860   -6.845209960839244000000000000000E+16
        5.022000000000182318160568684107   -6.912406390178418400000000000000E+16
        5.023000000000182652115654491354   -6.980276821416912800000000000000E+16
        5.024000000000182986070740298601   -7.048828152860234400000000000000E+16
        5.025000000000183320025826105848   -7.118067354772095200000000000000E+16
        5.026000000000183653980911913095   -7.188001470138652000000000000000E+16
        5.027000000000183987935997720342   -7.258637615441001600000000000000E+16
        5.028000000000184321891083527589   -7.329982981436019200000000000000E+16
        5.029000000000184655846169334836   -7.402044833945635200000000000000E+16
        5.030000000000184989801255142083   -7.474830514654656000000000000000E+16
        5.031000000000185323756340949330   -7.548347441917190400000000000000E+16
        5.032000000000185657711426756578   -7.622603111571814400000000000000E+16
        5.033000000000185991666512563825   -7.697605097765532800000000000000E+16
        5.034000000000186325621598371072   -7.773361053786672000000000000000E+16
        5.035000000000186659576684178319   -7.849878712906774400000000000000E+16
        5.036000000000186993531769985566   -7.927165889231603200000000000000E+16
        5.037000000000187327486855792813   -8.005230478561353600000000000000E+16
        5.038000000000187661441941600060   -8.084080459260185600000000000000E+16
        5.039000000000187995397027407307   -8.163723893135155200000000000000E+16
        5.040000000000188329352113214554   -8.244168926324681600000000000000E+16
        5.041000000000188663307199021801   -8.325423790196617600000000000000E+16
        5.042000000000188997262284829048   -8.407496802256060800000000000000E+16
        5.043000000000189331217370636296   -8.490396367062998400000000000000E+16
        5.044000000000189665172456443543   -8.574130977159888000000000000000E+16
        5.045000000000189999127542250790   -8.658709214009296000000000000000E+16
        5.046000000000190333082628058037   -8.744139748941699200000000000000E+16
        5.047000000000190667037713865284   -8.830431344113561600000000000000E+16
        5.048000000000191000992799672531   -8.917592853475798400000000000000E+16
        5.049000000000191334947885479778   -9.005633223752748800000000000000E+16
        5.050000000000191668902971287025   -9.094561495431763200000000000000E+16
        5.051000000000192002858057094272   -9.184386803763520000000000000000E+16
        5.052000000000192336813142901519   -9.275118379773209600000000000000E+16
        5.053000000000192670768228708766   -9.366765551282688000000000000000E+16
        5.054000000000193004723314516013   -9.459337743943718400000000000000E+16
        5.055000000000193338678400323261   -9.552844482282435200000000000000E+16
        5.056000000000193672633486130508   -9.647295390755152000000000000000E+16
        5.057000000000194006588571937755   -9.742700194815632000000000000000E+16
        5.058000000000194340543657745002   -9.839068721993955200000000000000E+16
        5.059000000000194674498743552249   -9.936410902987100800000000000000E+16
        5.060000000000195008453829359496   -1.003473677276138560000000000000E+17
        5.061000000000195342408915166743   -1.013405647166688000000000000000E+17
        5.062000000000195676364000973990   -1.023438024656393600000000000000E+17
        5.063000000000196010319086781237   -1.033571845196196800000000000000E+17
        5.064000000000196344274172588484   -1.043808155117061120000000000000E+17
        5.065000000000196678229258395731   -1.054148011746340160000000000000E+17
        5.066000000000197012184344202979   -1.064592483525411520000000000000E+17
        5.067000000000197346139430010226   -1.075142650128590080000000000000E+17
        5.068000000000197680094515817473   -1.085799602583335680000000000000E+17
        5.069000000000198014049601624720   -1.096564443391767680000000000000E+17
        5.070000000000198348004687431967   -1.107438286653504960000000000000E+17
        5.071000000000198681959773239214   -1.118422258189840000000000000000E+17
        5.072000000000199015914859046461   -1.129517495669267520000000000000E+17
        5.073000000000199349869944853708   -1.140725148734379200000000000000E+17
        5.074000000000199683825030660955   -1.152046379130140480000000000000E+17
        5.075000000000200017780116468202   -1.163482360833564800000000000000E+17
        5.076000000000200351735202275449   -1.175034280184800960000000000000E+17
        5.077000000000200685690288082696   -1.186703336019650560000000000000E+17
        5.078000000000201019645373889944   -1.198490739803527040000000000000E+17
        5.079000000000201353600459697191   -1.210397715766877440000000000000E+17
        5.080000000000201687555545504438   -1.222425501042079360000000000000E+17
        5.081000000000202021510631311685   -1.234575345801832320000000000000E+17
        5.082000000000202355465717118932   -1.246848513399057280000000000000E+17
        5.083000000000202689420802926179   -1.259246280508322560000000000000E+17
        5.084000000000203023375888733426   -1.271769937268814080000000000000E+17
        5.085000000000203357330974540673   -1.284420787428864640000000000000E+17
        5.086000000000203691286060347920   -1.297200148492061760000000000000E+17
        5.087000000000204025241146155167   -1.310109351864949440000000000000E+17
        5.088000000000204359196231962414   -1.323149743006343360000000000000E+17
        5.089000000000204693151317769662   -1.336322681578277440000000000000E+17
        5.090000000000205027106403576909   -1.349629541598597440000000000000E+17
        5.091000000000205361061489384156   -1.363071711595223680000000000000E+17
        5.092000000000205695016575191403   -1.376650594762097280000000000000E+17
        5.093000000000206028971660998650   -1.390367609116831680000000000000E+17
        5.094000000000206362926746805897   -1.404224187660088000000000000000E+17
        5.095000000000206696881832613144   -1.418221778536691520000000000000E+17
        5.096000000000207030836918420391   -1.432361845198510400000000000000E+17
        5.097000000000207364792004227638   -1.446645866569115840000000000000E+17
        5.098000000000207698747090034885   -1.461075337210242240000000000000E+17
        5.099000000000208032702175842132   -1.475651767490070720000000000000E+17
        5.100000000000208366657261649380   -1.490376683753350720000000000000E+17
        5.101000000000208700612347456627   -1.505251628493387200000000000000E+17
        5.102000000000209034567433263874   -1.520278160525906240000000000000E+17
        5.103000000000209368522519071121   -1.535457855164826560000000000000E+17
        5.104000000000209702477604878368   -1.550792304399956160000000000000E+17
        5.105000000000210036432690685615   -1.566283117076632640000000000000E+17
        5.106000000000210370387776492862   -1.581931919077334080000000000000E+17
        5.107000000000210704342862300109   -1.597740353505275840000000000000E+17
        5.108000000000211038297948107356   -1.613710080870021440000000000000E+17
        5.109000000000211372253033914603   -1.629842779275128000000000000000E+17
        5.110000000000211706208119721850   -1.646140144607847360000000000000E+17
        5.111000000000212040163205529097   -1.662603890730906560000000000000E+17
        5.112000000000212374118291336345   -1.679235749676391360000000000000E+17
        5.113000000000212708073377143592   -1.696037471841756480000000000000E+17
        5.114000000000213042028462950839   -1.713010826187985600000000000000E+17
        5.115000000000213375983548758086   -1.730157600439924160000000000000E+17
        5.116000000000213709938634565333   -1.747479601288812480000000000000E+17
        5.117000000000214043893720372580   -1.764978654597039040000000000000E+17
        5.118000000000214377848806179827   -1.782656605605142080000000000000E+17
        5.119000000000214711803891987074   -1.800515319141084480000000000000E+17
        5.120000000000215045758977794321   -1.818556679831824960000000000000E+17
        5.121000000000215379714063601568   -1.836782592317214400000000000000E+17
        5.122000000000215713669149408815   -1.855194981466239040000000000000E+17
        5.123000000000216047624235216063   -1.873795792595641920000000000000E+17
        5.124000000000216381579321023310   -1.892586991690944960000000000000E+17
        5.125000000000216715534406830557   -1.911570565629899200000000000000E+17
        5.126000000000217049489492637804   -1.930748522408392000000000000000E+17
        5.127000000000217383444578445051   -1.950122891368838080000000000000E+17
        5.128000000000217717399664252298   -1.969695723431081920000000000000E+17
        5.129000000000218051354750059545   -1.989469091325836480000000000000E+17
        5.130000000000218385309835866792   -2.009445089830693440000000000000E+17
        5.131000000000218719264921674039   -2.029625836008726080000000000000E+17
        5.132000000000219053220007481286   -2.050013469449720000000000000000E+17
        5.133000000000219387175093288533   -2.070610152514057280000000000000E+17
        5.134000000000219721130179095780   -2.091418070579286080000000000000E+17
        5.135000000000220055085264903028   -2.112439432289401920000000000000E+17
        5.136000000000220389040350710275   -2.133676469806876480000000000000E+17
        5.137000000000220722995436517522   -2.155131439067460160000000000000E+17
        5.138000000000221056950522324769   -2.176806620037791040000000000000E+17
        5.139000000000221390905608132016   -2.198704316975842240000000000000E+17
        5.140000000000221724860693939263   -2.220826858694237760000000000000E+17
        5.141000000000222058815779746510   -2.243176598826472000000000000000E+17
        5.142000000000222392770865553757   -2.265755916096061120000000000000E+17
        5.143000000000222726725951361004   -2.288567214588661440000000000000E+17
        5.144000000000223060681037168251   -2.311612924027191360000000000000E+17
        5.145000000000223394636122975498   -2.334895500049982400000000000000E+17
        5.146000000000223728591208782746   -2.358417424492000320000000000000E+17
        5.147000000000224062546294589993   -2.382181205669169600000000000000E+17
        5.148000000000224396501380397240   -2.406189378665832640000000000000E+17
        5.149000000000224730456466204487   -2.430444505625382720000000000000E+17
        5.150000000000225064411552011734   -2.454949176044102720000000000000E+17
        5.151000000000225398366637818981   -2.479706007068249920000000000000E+17
        5.152000000000225732321723626228   -2.504717643794417600000000000000E+17
        5.153000000000226066276809433475   -2.529986759573215040000000000000E+17
        5.154000000000226400231895240722   -2.555516056316302400000000000000E+17
        5.155000000000226734186981047969   -2.581308264806815040000000000000E+17
        5.156000000000227068142066855216   -2.607366145013219520000000000000E+17
        5.157000000000227402097152662463   -2.633692486406636480000000000000E+17
        5.158000000000227736052238469711   -2.660290108281672000000000000000E+17
        5.159000000000228070007324276958   -2.687161860080790720000000000000E+17
        5.160000000000228403962410084205   -2.714310621722283200000000000000E+17
        5.161000000000228737917495891452   -2.741739303931850560000000000000E+17
        5.162000000000229071872581698699   -2.769450848577863360000000000000E+17
        5.163000000000229405827667505946   -2.797448229010326080000000000000E+17
        5.164000000000229739782753313193   -2.825734450403592000000000000000E+17
        5.165000000000230073737839120440   -2.854312550102870080000000000000E+17
        5.166000000000230407692924927687   -2.883185597974567680000000000000E+17
        5.167000000000230741648010734934   -2.912356696760506880000000000000E+17
        5.168000000000231075603096542181   -2.941828982436070400000000000000E+17
        5.169000000000231409558182349429   -2.971605624572304640000000000000E+17
        5.170000000000231743513268156676   -3.001689826702040320000000000000E+17
        5.171000000000232077468353963923   -3.032084826690062080000000000000E+17
        5.172000000000232411423439771170   -3.062793897107383040000000000000E+17
        5.173000000000232745378525578417   -3.093820345609664000000000000000E+17
        5.174000000000233079333611385664   -3.125167515319829760000000000000E+17
        5.175000000000233413288697192911   -3.156838785214923520000000000000E+17
        5.176000000000233747243783000158   -3.188837570517248000000000000000E+17
        5.177000000000234081198868807405   -3.221167323089850880000000000000E+17
        5.178000000000234415153954614652   -3.253831531836390400000000000000E+17
        5.179000000000234749109040421899   -3.286833723105432320000000000000E+17
        5.180000000000235083064126229146   -3.320177461099243520000000000000E+17
        5.181000000000235417019212036394   -3.353866348287111680000000000000E+17
        5.182000000000235750974297843641   -3.387904025823255040000000000000E+17
        5.183000000000236084929383650888   -3.422294173969369600000000000000E+17
        5.184000000000236418884469458135   -3.457040512521870080000000000000E+17
        5.185000000000236752839555265382   -3.492146801243870720000000000000E+17
        5.186000000000237086794641072629   -3.527616840301966080000000000000E+17
        5.187000000000237420749726879876   -3.563454470707863040000000000000E+17
        5.188000000000237754704812687123   -3.599663574764917760000000000000E+17
        5.189000000000238088659898494370   -3.636248076519632640000000000000E+17
        5.190000000000238422614984301617   -3.673211942218173440000000000000E+17
        5.191000000000238756570070108864   -3.710559180767960320000000000000E+17
        5.192000000000239090525155916112   -3.748293844204385280000000000000E+17
        5.193000000000239424480241723359   -3.786420028162726400000000000000E+17
        5.194000000000239758435327530606   -3.824941872355302400000000000000E+17
        5.195000000000240092390413337853   -3.863863561053940480000000000000E+17
        5.196000000000240426345499145100   -3.903189323577808640000000000000E+17
        5.197000000000240760300584952347   -3.942923434786673920000000000000E+17
        5.198000000000241094255670759594   -3.983070215579649280000000000000E+17
        5.199000000000241428210756566841   -4.023634033399496960000000000000E+17
        5.200000000000241762165842374088   -4.064619302742539520000000000000E+17
        5.201000000000242096120928181335   -4.106030485674250240000000000000E+17
        5.202000000000242430076013988582   -4.147872092350585600000000000000E+17
        5.203000000000242764031099795830   -4.190148681545122560000000000000E+17
        5.204000000000243097986185603077   -4.232864861182069760000000000000E+17
        5.205000000000243431941271410324   -4.276025288875214080000000000000E+17
        5.206000000000243765896357217571   -4.319634672472875520000000000000E+17
        5.207000000000244099851443024818   -4.363697770608935680000000000000E+17
        5.208000000000244433806528832065   -4.408219393260003840000000000000E+17
        5.209000000000244767761614639312   -4.453204402308803840000000000000E+17
        5.210000000000245101716700446559   -4.498657712113831680000000000000E+17
        5.211000000000245435671786253806   -4.544584290085377280000000000000E+17
        5.212000000000245769626872061053   -4.590989157267961600000000000000E+17
        5.213000000000246103581957868300   -4.637877388929280000000000000000E+17
        5.214000000000246437537043675547   -4.685254115155710720000000000000E+17
        5.215000000000246771492129482795   -4.733124521454475520000000000000E+17
        5.216000000000247105447215290042   -4.781493849362517760000000000000E+17
        5.217000000000247439402301097289   -4.830367397062173440000000000000E+17
        5.218000000000247773357386904536   -4.879750520003731200000000000000E+17
        5.219000000000248107312472711783   -4.929648631534926080000000000000E+17
        5.220000000000248441267558519030   -4.980067203537480960000000000000E+17
        5.221000000000248775222644326277   -5.031011767070750720000000000000E+17
        5.222000000000249109177730133524   -5.082487913022560000000000000000E+17
        5.223000000000249443132815940771   -5.134501292767311360000000000000E+17
        5.224000000000249777087901748018   -5.187057618831453440000000000000E+17
        5.225000000000250111042987555265   -5.240162665566388480000000000000E+17
        5.226000000000250444998073362513   -5.293822269828904960000000000000E+17
        5.227000000000250778953159169760   -5.348042331669212160000000000000E+17
        5.228000000000251112908244977007   -5.402828815026676480000000000000E+17
        5.229000000000251446863330784254   -5.458187748433338880000000000000E+17
        5.230000000000251780818416591501   -5.514125225725308160000000000000E+17
        5.231000000000252114773502398748   -5.570647406762109440000000000000E+17
        5.232000000000252448728588205995   -5.627760518154085120000000000000E+17
        5.233000000000252782683674013242   -5.685470853997939200000000000000E+17
        5.234000000000253116638759820489   -5.743784776620515840000000000000E+17
        5.235000000000253450593845627736   -5.802708717330913280000000000000E+17
        5.236000000000253784548931434983   -5.862249177181015040000000000000E+17
        5.237000000000254118504017242230   -5.922412727734543360000000000000E+17
        5.238000000000254452459103049478   -5.983206011844720640000000000000E+17
        5.239000000000254786414188856725   -6.044635744440660480000000000000E+17
        5.240000000000255120369274663972   -6.106708713322562560000000000000E+17
        5.241000000000255454324360471219   -6.169431779965824000000000000000E+17
        5.242000000000255788279446278466   -6.232811880334164480000000000000E+17
        5.243000000000256122234532085713   -6.296856025701867520000000000000E+17
        5.244000000000256456189617892960   -6.361571303485248000000000000000E+17
        5.245000000000256790144703700207   -6.426964878083448320000000000000E+17
        5.246000000000257124099789507454   -6.493043991728660480000000000000E+17
        5.247000000000257458054875314701   -6.559815965345891840000000000000E+17
        5.248000000000257792009961121948   -6.627288199422382080000000000000E+17
        5.249000000000258125965046929196   -6.695468174886773760000000000000E+17
        5.250000000000258459920132736443   -6.764363453998159360000000000000E+17
        5.251000000000258793875218543690   -6.833981681245112320000000000000E+17
        5.252000000000259127830304350937   -6.904330584254801920000000000000E+17
        5.253000000000259461785390158184   -6.975417974712340480000000000000E+17
        5.254000000000259795740475965431   -7.047251749290434560000000000000E+17
        5.255000000000260129695561772678   -7.119839890589504000000000000000E+17
        5.256000000000260463650647579925   -7.193190468088353280000000000000E+17
        5.257000000000260797605733387172   -7.267311639105533440000000000000E+17
        5.258000000000261131560819194419   -7.342211649771507200000000000000E+17
        5.259000000000261465515905001666   -7.417898836011752960000000000000E+17
        5.260000000000261799470990808913   -7.494381624540915200000000000000E+17
        5.261000000000262133426076616161   -7.571668533868144640000000000000E+17
        5.262000000000262467381162423408   -7.649768175313743360000000000000E+17
        5.263000000000262801336248230655   -7.728689254037250560000000000000E+17
        5.264000000000263135291334037902   -7.808440570077096960000000000000E+17
        5.265000000000263469246419845149   -7.889031019401963520000000000000E+17
        5.266000000000263803201505652396   -7.970469594973969920000000000000E+17
        5.267000000000264137156591459643   -8.052765387823841280000000000000E+17
        5.268000000000264471111677266890   -8.135927588138173440000000000000E+17
        5.269000000000264805066763074137   -8.219965486358952960000000000000E+17
        5.270000000000265139021848881384   -8.304888474295454720000000000000E+17
        5.271000000000265472976934688631   -8.390706046248678400000000000000E+17
        5.272000000000265806932020495879   -8.477427800148441600000000000000E+17
        5.273000000000266140887106303126   -8.565063438703298560000000000000E+17
        5.274000000000266474842192110373   -8.653622770563417600000000000000E+17
        5.275000000000266808797277917620   -8.743115711496573440000000000000E+17
        5.276000000000267142752363724867   -8.833552285577395200000000000000E+17
        5.277000000000267476707449532114   -8.924942626390023680000000000000E+17
        5.278000000000267810662535339361   -9.017296978244346880000000000000E+17
        5.279000000000268144617621146608   -9.110625697405952000000000000000E+17
        5.280000000000268478572706953855   -9.204939253339944960000000000000E+17
        5.281000000000268812527792761102   -9.300248229968821760000000000000E+17
        5.282000000000269146482878568349   -9.396563326944537600000000000000E+17
        5.283000000000269480437964375596   -9.493895360934924800000000000000E+17
        5.284000000000269814393050182844   -9.592255266924651520000000000000E+17
        5.285000000000270148348135990091   -9.691654099530856960000000000000E+17
        5.286000000000270482303221797338   -9.792103034333665280000000000000E+17
        5.287000000000270816258307604585   -9.893613369221716480000000000000E+17
        5.288000000000271150213393411832   -9.996196525752903680000000000000E+17
        5.289000000000271484168479219079   -1.009986405053049088000000000000E+18
        5.290000000000271818123565026326   -1.020462761659478784000000000000E+18
        5.291000000000272152078650833573   -1.031049902483054592000000000000E+18
        5.292000000000272486033736640820   -1.041749020539028224000000000000E+18
        5.293000000000272819988822448067   -1.052561321913368832000000000000E+18
        5.294000000000273153943908255314   -1.063488025908332544000000000000E+18
        5.295000000000273487898994062562   -1.074530365189678336000000000000E+18
        5.296000000000273821854079869809   -1.085689585935549440000000000000E+18
        5.297000000000274155809165677056   -1.096966947987040512000000000000E+18
        5.298000000000274489764251484303   -1.108363725000467456000000000000E+18
        5.299000000000274823719337291550   -1.119881204601362176000000000000E+18
        5.300000000000275157674423098797   -1.131520688540210944000000000000E+18
        5.301000000000275491629508906044   -1.143283492849955072000000000000E+18
        5.302000000000275825584594713291   -1.155170948005276928000000000000E+18
        5.303000000000276159539680520538   -1.167184399083688704000000000000E+18
        5.304000000000276493494766327785   -1.179325205928448256000000000000E+18
        5.305000000000276827449852135032   -1.191594743313318656000000000000E+18
        5.306000000000277161404937942280   -1.203994401109197056000000000000E+18
        5.307000000000277495360023749527   -1.216525584452631296000000000000E+18
        5.308000000000277829315109556774   -1.229189713916247296000000000000E+18
        5.309000000000278163270195364021   -1.241988225681108224000000000000E+18
        5.310000000000278497225281171268   -1.254922571711030528000000000000E+18
        5.311000000000278831180366978515   -1.267994219928875264000000000000E+18
        5.312000000000279165135452785762   -1.281204654394839808000000000000E+18
        5.313000000000279499090538593009   -1.294555375486772480000000000000E+18
        5.314000000000279833045624400256   -1.308047900082534656000000000000E+18
        5.315000000000280167000710207503   -1.321683761744430848000000000000E+18
        5.316000000000280500955796014750   -1.335464510905734912000000000000E+18
        5.317000000000280834910881821997   -1.349391715059331328000000000000E+18
        5.318000000000281168865967629245   -1.363466958948502272000000000000E+18
        5.319000000000281502821053436492   -1.377691844759877376000000000000E+18
        5.320000000000281836776139243739   -1.392067992318579456000000000000E+18
        5.321000000000282170731225050986   -1.406597039285585152000000000000E+18
        5.322000000000282504686310858233   -1.421280641357329152000000000000E+18
        5.323000000000282838641396665480   -1.436120472467576576000000000000E+18
        5.324000000000283172596482472727   -1.451118224991590656000000000000E+18
        5.325000000000283506551568279974   -1.466275609952622336000000000000E+18
        5.326000000000283840506654087221   -1.481594357230745856000000000000E+18
        5.327000000000284174461739894468   -1.497076215774072576000000000000E+18
        5.328000000000284508416825701715   -1.512722953812365056000000000000E+18
        5.329000000000284842371911508963   -1.528536359073082112000000000000E+18
        5.330000000000285176326997316210   -1.544518238999881472000000000000E+18
        5.331000000000285510282083123457   -1.560670420973612288000000000000E+18
        5.332000000000285844237168930704   -1.576994752535818496000000000000E+18
        5.333000000000286178192254737951   -1.593493101614791424000000000000E+18
        5.334000000000286512147340545198   -1.610167356754194176000000000000E+18
        5.335000000000286846102426352445   -1.627019427344289024000000000000E+18
        5.336000000000287180057512159692   -1.644051243855799040000000000000E+18
        5.337000000000287514012597966939   -1.661264758076435712000000000000E+18
        5.338000000000287847967683774186   -1.678661943350120192000000000000E+18
        5.339000000000288181922769581433   -1.696244794818929920000000000000E+18
        5.340000000000288515877855388680   -1.714015329667804928000000000000E+18
        5.341000000000288849832941195928   -1.731975587372043520000000000000E+18
        5.342000000000289183788027003175   -1.750127629947618560000000000000E+18
        5.343000000000289517743112810422   -1.768473542204349696000000000000E+18
        5.344000000000289851698198617669   -1.787015432001961728000000000000E+18
        5.345000000000290185653284424916   -1.805755430509067008000000000000E+18
        5.346000000000290519608370232163   -1.824695692465099008000000000000E+18
        5.347000000000290853563456039410   -1.843838396445238016000000000000E+18
        5.348000000000291187518541846657   -1.863185745128358656000000000000E+18
        5.349000000000291521473627653904   -1.882739965568036096000000000000E+18
        5.350000000000291855428713461151   -1.902503309466648832000000000000E+18
        5.351000000000292189383799268398   -1.922478053452609280000000000000E+18
        5.352000000000292523338885075646   -1.942666499360760064000000000000E+18
        5.353000000000292857293970882893   -1.963070974515975424000000000000E+18
        5.354000000000293191249056690140   -1.983693832020002048000000000000E+18
        5.355000000000293525204142497387   -2.004537451041575680000000000000E+18
        5.356000000000293859159228304634   -2.025604237109857536000000000000E+18
        5.357000000000294193114314111881   -2.046896622411219712000000000000E+18
        5.358000000000294527069399919128   -2.068417066089428224000000000000E+18
        5.359000000000294861024485726375   -2.090168054549256960000000000000E+18
        5.360000000000295194979571533622   -2.112152101763570944000000000000E+18
        5.361000000000295528934657340869   -2.134371749583927552000000000000E+18
        5.362000000000295862889743148116   -2.156829568054725888000000000000E+18
        5.363000000000296196844828955363   -2.179528155730954496000000000000E+18
        5.364000000000296530799914762611   -2.202470139999574272000000000000E+18
        5.365000000000296864755000569858   -2.225658177404578048000000000000E+18
        5.366000000000297198710086377105   -2.249094953975772928000000000000E+18
        5.367000000000297532665172184352   -2.272783185561327872000000000000E+18
        5.368000000000297866620257991599   -2.296725618164128512000000000000E+18
        5.369000000000298200575343798846   -2.320925028281986048000000000000E+18
        5.370000000000298534530429606093   -2.345384223251739648000000000000E+18
        5.371000000000298868485515413340   -2.370106041597304832000000000000E+18
        5.372000000000299202440601220587   -2.395093353381707776000000000000E+18
        5.373000000000299536395687027834   -2.420349060563159040000000000000E+18
        5.374000000000299870350772835081   -2.445876097355202560000000000000E+18
        5.375000000000300204305858642329   -2.471677430590997504000000000000E+18
        5.376000000000300538260944449576   -2.497756060091779072000000000000E+18
        5.377000000000300872216030256823   -2.524115019039539200000000000000E+18
        5.378000000000301206171116064070   -2.550757374353987584000000000000E+18
        5.379000000000301540126201871317   -2.577686227073836032000000000000E+18
        5.380000000000301874081287678564   -2.604904712742456320000000000000E+18
        5.381000000000302208036373485811   -2.632416001797966848000000000000E+18
        5.382000000000302541991459293058   -2.660223299967793152000000000000E+18
        5.383000000000302875946545100305   -2.688329848667761664000000000000E+18
        5.384000000000303209901630907552   -2.716738925405774848000000000000E+18
        5.385000000000303543856716714799   -2.745453844190118912000000000000E+18
        5.386000000000303877811802522046   -2.774477955942467584000000000000E+18
        5.387000000000304211766888329294   -2.803814648915627008000000000000E+18
        5.388000000000304545721974136541   -2.833467349116078080000000000000E+18
        5.389000000000304879677059943788   -2.863439520731378688000000000000E+18
        5.390000000000305213632145751035   -2.893734666562477056000000000000E+18
        5.391000000000305547587231558282   -2.924356328460993536000000000000E+18
        5.392000000000305881542317365529   -2.955308087771532288000000000000E+18
        5.393000000000306215497403172776   -2.986593565779076096000000000000E+18
        5.394000000000306549452488980023   -3.018216424161528832000000000000E+18
        5.395000000000306883407574787270   -3.050180365447464960000000000000E+18
        5.396000000000307217362660594517   -3.082489133479142400000000000000E+18
        5.397000000000307551317746401764   -3.115146513880847360000000000000E+18
        5.398000000000307885272832209012   -3.148156334532624384000000000000E+18
        5.399000000000308219227918016259   -3.181522466049461248000000000000E+18
        5.400000000000308553183003823506   -3.215248822265994240000000000000E+18
        5.401000000000308887138089630753   -3.249339360726790144000000000000E+18
        5.402000000000309221093175438000   -3.283798083182274560000000000000E+18
        5.403000000000309555048261245247   -3.318629036090377216000000000000E+18
        5.404000000000309889003347052494   -3.353836311123952640000000000000E+18
        5.405000000000310222958432859741   -3.389424045684044800000000000000E+18
        5.406000000000310556913518666988   -3.425396423419075584000000000000E+18
        5.407000000000310890868604474235   -3.461757674750007296000000000000E+18
        5.408000000000311224823690281482   -3.498512077401567232000000000000E+18
        5.409000000000311558778776088730   -3.535663956939591680000000000000E+18
        5.410000000000311892733861895977   -3.573217687314571264000000000000E+18
        5.411000000000312226688947703224   -3.611177691411461120000000000000E+18
        5.412000000000312560644033510471   -3.649548441605836800000000000000E+18
        5.413000000000312894599119317718   -3.688334460326464512000000000000E+18
        5.414000000000313228554205124965   -3.727540320624363520000000000000E+18
        5.415000000000313562509290932212   -3.767170646748439552000000000000E+18
        5.416000000000313896464376739459   -3.807230114727756800000000000000E+18
        5.417000000000314230419462546706   -3.847723452960537600000000000000E+18
        5.418000000000314564374548353953   -3.888655442809962496000000000000E+18
        5.419000000000314898329634161200   -3.930030919206850560000000000000E+18
        5.420000000000315232284719968447   -3.971854771259297792000000000000E+18
        5.421000000000315566239805775695   -4.014131942869366784000000000000E+18
        5.422000000000315900194891582942   -4.056867433356893184000000000000E+18
        5.423000000000316234149977390189   -4.100066298090507264000000000000E+18
        5.424000000000316568105063197436   -4.143733649125946368000000000000E+18
        5.425000000000316902060149004683   -4.187874655851749376000000000000E+18
        5.426000000000317236015234811930   -4.232494545642413056000000000000E+18
        5.427000000000317569970320619177   -4.277598604519105536000000000000E+18
        5.428000000000317903925406426424   -4.323192177818017792000000000000E+18
        5.429000000000318237880492233671   -4.369280670866450432000000000000E+18
        5.430000000000318571835578040918   -4.415869549666721792000000000000E+18
        5.431000000000318905790663848165   -4.462964341587988480000000000000E+18
        5.432000000000319239745749655413   -4.510570636066074624000000000000E+18
        5.433000000000319573700835462660   -4.558694085311403008000000000000E+18
        5.434000000000319907655921269907   -4.607340405025120256000000000000E+18
        5.435000000000320241611007077154   -4.656515375123516416000000000000E+18
        5.436000000000320575566092884401   -4.706224840470833152000000000000E+18
        5.437000000000320909521178691648   -4.756474711620559872000000000000E+18
        5.438000000000321243476264498895   -4.807270965565321216000000000000E+18
        5.439000000000321577431350306142   -4.858619646495448064000000000000E+18
        5.440000000000321911386436113389   -4.910526866566344704000000000000E+18
        5.441000000000322245341521920636   -4.962998806674750464000000000000E+18
        5.442000000000322579296607727883   -5.016041717243998208000000000000E+18
        5.443000000000322913251693535130   -5.069661919018378240000000000000E+18
        5.444000000000323247206779342378   -5.123865803866714112000000000000E+18
        5.445000000000323581161865149625   -5.178659835595262976000000000000E+18
        5.446000000000323915116950956872   -5.234050550770038784000000000000E+18
        5.447000000000324249072036764119   -5.290044559548685312000000000000E+18
        5.448000000000324583027122571366   -5.346648546521991168000000000000E+18
        5.449000000000324916982208378613   -5.403869271565184000000000000000E+18
        5.450000000000325250937294185860   -5.461713570699098112000000000000E+18
        5.451000000000325584892379993107   -5.520188356961348608000000000000E+18
        5.452000000000325918847465800354   -5.579300621287610368000000000000E+18
        5.453000000000326252802551607601   -5.639057433403141120000000000000E+18
        5.454000000000326586757637414848   -5.699465942724657152000000000000E+18
        5.455000000000326920712723222096   -5.760533379272690688000000000000E+18
        5.456000000000327254667809029343   -5.822267054594541568000000000000E+18
        5.457000000000327588622894836590   -5.884674362697958400000000000000E+18
        5.458000000000327922577980643837   -5.947762780995678208000000000000E+18
        5.459000000000328256533066451084   -6.011539871260937216000000000000E+18
        5.460000000000328590488152258331   -6.076013280594100224000000000000E+18
        5.461000000000328924443238065578   -6.141190742400523264000000000000E+18
        5.462000000000329258398323872825   -6.207080077379799040000000000000E+18
        5.463000000000329592353409680072   -6.273689194526495744000000000000E+18
        5.464000000000329926308495487319   -6.341026092142563328000000000000E+18
        5.465000000000330260263581294566   -6.409098858861495296000000000000E+18
        5.466000000000330594218667101813   -6.477915674684426240000000000000E+18
        5.467000000000330928173752909061   -6.547484812028290048000000000000E+18
        5.468000000000331262128838716308   -6.617814636786173952000000000000E+18
        5.469000000000331596083924523555   -6.688913609400024064000000000000E+18
        5.470000000000331930039010330802   -6.760790285945847808000000000000E+18
        5.471000000000332263994096138049   -6.833453319231548416000000000000E+18
        5.472000000000332597949181945296   -6.906911459907557376000000000000E+18
        5.473000000000332931904267752543   -6.981173557590408192000000000000E+18
        5.474000000000333265859353559790   -7.056248561999396864000000000000E+18
        5.475000000000333599814439367037   -7.132145524106503168000000000000E+18
        5.476000000000333933769525174284   -7.208873597299705856000000000000E+18
        5.477000000000334267724610981531   -7.286442038559867904000000000000E+18
        5.478000000000334601679696788779   -7.364860209651349504000000000000E+18
        5.479000000000334935634782596026   -7.444137578326500352000000000000E+18
        5.480000000000335269589868403273   -7.524283719544211456000000000000E+18
        5.481000000000335603544954210520   -7.605308316702678016000000000000E+18
        5.482000000000335937500040017767   -7.687221162886549504000000000000E+18
        5.483000000000336271455125825014   -7.770032162128634880000000000000E+18
        5.484000000000336605410211632261   -7.853751330686345216000000000000E+18
        5.485000000000336939365297439508   -7.938388798333021184000000000000E+18
        5.486000000000337273320383246755   -8.023954809664356352000000000000E+18
        5.487000000000337607275469054002   -8.110459725420073984000000000000E+18
        5.488000000000337941230554861249   -8.197914023821033472000000000000E+18
        5.489000000000338275185640668496   -8.286328301921973248000000000000E+18
        5.490000000000338609140726475744   -8.375713276980043776000000000000E+18
        5.491000000000338943095812282991   -8.466079787839347712000000000000E+18
        5.492000000000339277050898090238   -8.557438796331657216000000000000E+18
        5.493000000000339611005983897485   -8.649801388693505024000000000000E+18
        5.494000000000339944961069704732   -8.743178776999845888000000000000E+18
        5.495000000000340278916155511979   -8.837582300614487040000000000000E+18
        5.496000000000340612871241319226   -8.933023427657482240000000000000E+18
        5.497000000000340946826327126473   -9.029513756489692160000000000000E+18
        5.498000000000341280781412933720   -9.127065017214707712000000000000E+18
        5.499000000000341614736498740967   -9.225689073198354432000000000000E+18
        5.500000000000341948691584548214   -9.325397922605983744000000000000E+18
