  -5.49900007       1.16860974E-08
  -5.49800014       2.55608423E-08
  -5.49700022       9.70789245E-08
  -5.49599981       2.82016295E-08
  -5.49499989       2.66314011E-08
  -5.49399996       1.05176007E-07
  -5.49300003       5.85950666E-08
  -5.49200010       4.61415617E-08
  -5.49100018       1.70920856E-07
  -5.48999977       2.33969772E-07
  -5.48899984       3.34799040E-07
  -5.48799992       4.88300088E-07
  -5.48699999       7.43501232E-07
  -5.48600006       1.12985833E-06
  -5.48500013       1.36102869E-06
  -5.48400021       1.49918139E-06
  -5.48299980       1.58495277E-06
  -5.48199987       1.64269102E-06
  -5.48099995       1.80288350E-06
  -5.48000002       1.93612595E-06
  -5.47900009       2.03725040E-06
  -5.47800016       2.09373979E-06
  -5.47700024       2.08678057E-06
  -5.47599983       2.17942966E-06
  -5.47499990       2.31949048E-06
  -5.47399998       2.28123508E-06
  -5.47300005       2.19613048E-06
  -5.47200012       2.16708145E-06
  -5.47100019       2.11863494E-06
  -5.46999979       2.12504710E-06
  -5.46899986       1.95298185E-06
  -5.46799994       1.66814561E-06
  -5.46700001       1.31816864E-06
  -5.46600008       1.06570485E-06
  -5.46500015       9.17060447E-07
  -5.46400023       8.67583935E-07
  -5.46299982       7.83156622E-07
  -5.46199989       6.50536322E-07
  -5.46099997       5.04185437E-07
  -5.46000004       4.74751857E-07
  -5.45900011       6.15189833E-07
  -5.45800018       5.43868680E-07
  -5.45699978       3.14578529E-07
  -5.45599985       1.64512343E-07
  -5.45499992       1.03261470E-07
  -5.45400000       1.28748596E-07
  -5.45300007       2.28271276E-07
  -5.45200014       1.98158148E-07
  -5.45100021       1.96428331E-07
  -5.44999981       1.83153702E-07
  -5.44899988       2.80567377E-07
  -5.44799995       4.23593008E-07
  -5.44700003       3.78944264E-07
  -5.44600010       2.39989561E-07
  -5.44500017       8.16764469E-08
  -5.44399977       3.79785199E-08
  -5.44299984       7.65490569E-08
  -5.44199991       5.98979266E-09
  -5.44099998       4.42286137E-08
  -5.44000006       8.47289314E-08
  -5.43900013       1.14229522E-07
  -5.43800020       1.20406085E-07
  -5.43699980       2.14521350E-07
  -5.43599987       2.25808975E-07
  -5.43499994       1.13486458E-07
  -5.43400002       4.46704895E-08
  -5.43300009       1.87416433E-07
  -5.43200016       2.68906291E-07
  -5.43100023       2.57656524E-07
  -5.42999983       3.13175093E-07
  -5.42899990       4.79242829E-07
  -5.42799997       5.21723223E-07
  -5.42700005       4.58234553E-07
  -5.42600012       3.16617701E-07
  -5.42500019       3.52346689E-07
  -5.42399979       3.86814662E-07
  -5.42299986       4.75066003E-07
  -5.42199993       4.72099771E-07
  -5.42100000       4.57868367E-07
  -5.42000008       3.17240733E-07
  -5.41900015       3.50384369E-07
  -5.41800022       4.59771059E-07
  -5.41699982       5.64941445E-07
  -5.41599989       6.01512056E-07
  -5.41499996       5.20245806E-07
  -5.41400003       4.70300563E-07
  -5.41300011       4.22117125E-07
  -5.41200018       3.59169718E-07
  -5.41099977       2.77225752E-07
  -5.40999985       1.83649036E-07
  -5.40899992       7.45035464E-08
  -5.40799999       2.92526892E-07
  -5.40700006       4.32207230E-07
  -5.40600014       6.10281290E-07
  -5.40500021       7.63853507E-07
  -5.40399981       9.81757012E-07
  -5.40299988       1.02173601E-06
  -5.40199995       9.53953077E-07
  -5.40100002       8.33540469E-07
  -5.40000010       7.01386455E-07
  -5.39900017       5.84880411E-07
  -5.39799976       6.45726459E-07
  -5.39699984       5.90231480E-07
  -5.39599991       5.58483123E-07
  -5.39499998       5.30592558E-07
  -5.39400005       6.15865190E-07
  -5.39300013       7.68898474E-07
  -5.39200020       7.99356769E-07
  -5.39099979       7.83647749E-07
  -5.38999987       7.83009057E-07
  -5.38899994       8.44255339E-07
  -5.38800001       1.00049033E-06
  -5.38700008       1.27178566E-06
  -5.38600016       1.41425028E-06
  -5.38500023       1.55752991E-06
  -5.38399982       1.69090004E-06
  -5.38299990       1.91398635E-06
  -5.38199997       2.19056642E-06
  -5.38100004       2.35676634E-06
  -5.38000011       2.36216306E-06
  -5.37900019       2.26282691E-06
  -5.37799978       2.10090457E-06
  -5.37699986       1.90528033E-06
  -5.37599993       1.91424419E-06
  -5.37500000       1.90457820E-06
  -5.37400007       1.86919306E-06
  -5.37300014       1.79011113E-06
  -5.37200022       1.85045576E-06
  -5.37099981       2.00441559E-06
  -5.36999989       1.99066039E-06
  -5.36899996       1.95694770E-06
  -5.36800003       1.83137774E-06
  -5.36700010       1.73336957E-06
  -5.36600018       1.76552192E-06
  -5.36499977       1.81995756E-06
  -5.36399984       1.78262030E-06
  -5.36299992       1.72346176E-06
  -5.36199999       1.69802070E-06
  -5.36100006       1.74806701E-06
  -5.36000013       1.90222215E-06
  -5.35900021       1.99547071E-06
  -5.35799980       2.03823970E-06
  -5.35699987       2.02935894E-06
  -5.35599995       1.95660095E-06
  -5.35500002       1.97001623E-06
  -5.35400009       2.03081026E-06
  -5.35300016       1.92194739E-06
  -5.35200024       1.75904574E-06
  -5.35099983       1.64140977E-06
  -5.34999990       1.48962408E-06
  -5.34899998       1.37801078E-06
  -5.34800005       1.36642711E-06
  -5.34700012       1.34331901E-06
  -5.34600019       1.34684524E-06
  -5.34499979       1.40236648E-06
  -5.34399986       1.52301095E-06
  -5.34299994       1.71022100E-06
  -5.34200001       1.80544748E-06
  -5.34100008       1.79336575E-06
  -5.34000015       1.79386018E-06
  -5.33900023       1.76660285E-06
  -5.33799982       1.80428935E-06
  -5.33699989       1.98445923E-06
  -5.33599997       2.09198902E-06
  -5.33500004       2.18531545E-06
  -5.33400011       2.30931801E-06
  -5.33300018       2.49589743E-06
  -5.33199978       2.76453466E-06
  -5.33099985       2.85986448E-06
  -5.32999992       2.91692118E-06
  -5.32900000       2.92532241E-06
  -5.32800007       2.99137764E-06
  -5.32700014       3.08003291E-06
  -5.32600021       3.27117118E-06
  -5.32499981       3.38423752E-06
  -5.32399988       3.47891341E-06
  -5.32299995       3.60139029E-06
  -5.32200003       3.78493542E-06
  -5.32100010       4.05043966E-06
  -5.32000017       4.40694930E-06
  -5.31899977       4.62200023E-06
  -5.31799984       4.69004090E-06
  -5.31699991       4.82015321E-06
  -5.31599998       4.97881092E-06
  -5.31500006       5.12306315E-06
  -5.31400013       5.20097183E-06
  -5.31300020       5.15204101E-06
  -5.31199980       5.12077168E-06
  -5.31099987       5.02381408E-06
  -5.30999994       4.97915744E-06
  -5.30900002       5.08890616E-06
  -5.30800009       5.03183901E-06
  -5.30700016       4.89342074E-06
  -5.30600023       4.74474291E-06
  -5.30499983       4.64310142E-06
  -5.30399990       4.63256038E-06
  -5.30299997       4.55126474E-06
  -5.30200005       4.42468627E-06
  -5.30100012       4.26650695E-06
  -5.30000019       4.07911557E-06
  -5.29899979       4.03912873E-06
  -5.29799986       4.12182453E-06
  -5.29699993       4.11167366E-06
  -5.29600000       3.97075746E-06
  -5.29500008       3.82935650E-06
  -5.29400015       3.80156166E-06
  -5.29300022       3.81247582E-06
  -5.29199982       3.95123516E-06
  -5.29099989       3.95302413E-06
  -5.28999996       3.88944727E-06
  -5.28900003       3.81849122E-06
  -5.28800011       3.78507229E-06
  -5.28700018       3.82156668E-06
  -5.28599977       3.78747700E-06
  -5.28499985       3.69677878E-06
  -5.28399992       3.55229508E-06
  -5.28299999       3.50193045E-06
  -5.28200006       3.52263851E-06
  -5.28100014       3.58171678E-06
  -5.28000021       3.48639719E-06
  -5.27899981       3.33999606E-06
  -5.27799988       3.23098516E-06
  -5.27699995       3.08748281E-06
  -5.27600002       2.97463225E-06
  -5.27500010       2.94430743E-06
  -5.27400017       2.89415607E-06
  -5.27299976       2.85558622E-06
  -5.27199984       2.84818407E-06
  -5.27099991       2.88020306E-06
  -5.26999998       2.94903930E-06
  -5.26900005       2.90753678E-06
  -5.26800013       2.73700243E-06
  -5.26700020       2.54047859E-06
  -5.26599979       2.40628333E-06
  -5.26499987       2.27999658E-06
  -5.26399994       2.22624044E-06
  -5.26300001       2.04470962E-06
  -5.26200008       1.78218625E-06
  -5.26100016       1.47314927E-06
  -5.26000023       1.26222017E-06
  -5.25899982       1.15690057E-06
  -5.25799990       1.15392538E-06
  -5.25699997       1.12157727E-06
  -5.25600004       9.81686640E-07
  -5.25500011       8.80365405E-07
  -5.25400019       8.90071249E-07
  -5.25299978       1.06984703E-06
  -5.25199986       1.24171095E-06
  -5.25099993       1.44649130E-06
  -5.25000000       1.71298439E-06
  -5.24900007       2.05844162E-06
  -5.24800014       2.48904303E-06
  -5.24700022       3.00035867E-06
  -5.24599981       3.36738503E-06
  -5.24499989       3.57240765E-06
  -5.24399996       3.79430071E-06
  -5.24300003       3.99041210E-06
  -5.24200010       4.31135095E-06
  -5.24100018       4.69155611E-06
  -5.23999977       5.05788239E-06
  -5.23899984       5.32996501E-06
  -5.23799992       5.61402976E-06
  -5.23699999       6.00170779E-06
  -5.23600006       6.38115080E-06
  -5.23500013       6.63490482E-06
  -5.23400021       6.82573364E-06
  -5.23299980       7.00367809E-06
  -5.23199987       7.20655453E-06
  -5.23099995       7.46044452E-06
  -5.23000002       7.78016420E-06
  -5.22900009       7.99367353E-06
  -5.22800016       8.10012716E-06
  -5.22700024       8.26105315E-06
  -5.22599983       8.45058366E-06
  -5.22499990       8.63377227E-06
  -5.22399998       8.93408469E-06
  -5.22300005       9.12904125E-06
  -5.22200012       9.32251533E-06
  -5.22100019       9.44210115E-06
  -5.21999979       9.56858094E-06
  -5.21899986       9.76936280E-06
  -5.21799994       9.78507342E-06
  -5.21700001       9.66765128E-06
  -5.21600008       9.45695410E-06
  -5.21500015       9.33336014E-06
  -5.21400023       9.30925125E-06
  -5.21299982       9.38641733E-06
  -5.21199989       9.40904829E-06
  -5.21099997       9.36363813E-06
  -5.21000004       9.37169443E-06
  -5.20900011       9.39682832E-06
  -5.20800018       9.53558538E-06
  -5.20699978       9.73055103E-06
  -5.20599985       9.77810578E-06
  -5.20499992       9.74726845E-06
  -5.20400000       9.69434950E-06
  -5.20300007       9.66343941E-06
  -5.20200014       9.68688983E-06
  -5.20100021       9.78578009E-06
  -5.19999981       9.84018880E-06
  -5.19899988       9.85402039E-06
  -5.19799995       9.82114761E-06
  -5.19700003       9.85201950E-06
  -5.19600010       9.91778325E-06
  -5.19500017       9.85725364E-06
  -5.19399977       9.75066087E-06
  -5.19299984       9.66515017E-06
  -5.19199991       9.65527852E-06
  -5.19099998       9.64490391E-06
  -5.19000006       9.66850985E-06
  -5.18900013       9.63316688E-06
  -5.18800020       9.43992563E-06
  -5.18699980       9.21171250E-06
  -5.18599987       9.05669367E-06
  -5.18499994       9.06881633E-06
  -5.18400002       9.10769540E-06
  -5.18300009       9.02883221E-06
  -5.18200016       8.90000229E-06
  -5.18100023       8.77650746E-06
  -5.17999983       8.70165695E-06
  -5.17899990       8.70722852E-06
  -5.17799997       8.81392953E-06
  -5.17700005       8.82656605E-06
  -5.17600012       8.75132991E-06
  -5.17500019       8.58449766E-06
  -5.17399979       8.51186633E-06
  -5.17299986       8.50499418E-06
  -5.17199993       8.33189279E-06
  -5.17100000       8.14628584E-06
  -5.17000008       7.89503611E-06
  -5.16900015       7.70655970E-06
  -5.16800022       7.50729532E-06
  -5.16699982       7.40219048E-06
  -5.16599989       7.11567463E-06
  -5.16499996       6.73659588E-06
  -5.16400003       6.34065191E-06
  -5.16300011       5.99088253E-06
  -5.16200018       5.73815169E-06
  -5.16099977       5.62161313E-06
  -5.15999985       5.49683000E-06
  -5.15899992       5.38617269E-06
  -5.15799999       5.30152147E-06
  -5.15700006       5.24469215E-06
  -5.15600014       5.20784761E-06
  -5.15500021       5.33761386E-06
  -5.15399981       5.44097838E-06
  -5.15299988       5.48355456E-06
  -5.15199995       5.58160309E-06
  -5.15100002       5.68001269E-06
  -5.15000010       5.87190925E-06
  -5.14900017       5.92920151E-06
  -5.14799976       5.92830929E-06
  -5.14699984       5.93312689E-06
  -5.14599991       5.99549639E-06
  -5.14499998       6.15566705E-06
  -5.14400005       6.44274587E-06
  -5.14300013       6.58555973E-06
  -5.14200020       6.60106616E-06
  -5.14099979       6.63803030E-06
  -5.13999987       6.68939128E-06
  -5.13899994       6.73893192E-06
  -5.13800001       6.89923581E-06
  -5.13700008       6.99654629E-06
  -5.13600016       6.98948725E-06
  -5.13500023       6.96242250E-06
  -5.13399982       6.98696294E-06
  -5.13299990       7.12243855E-06
  -5.13199997       7.41636404E-06
  -5.13100004       7.64871857E-06
  -5.13000011       7.85252723E-06
  -5.12900019       8.05016134E-06
  -5.12799978       8.25375446E-06
  -5.12699986       8.58858402E-06
  -5.12599993       9.04379067E-06
  -5.12500000       9.35858498E-06
  -5.12400007       9.63115599E-06
  -5.12300014       9.94649326E-06
  -5.12200022       1.02015765E-05
  -5.12099981       1.06352763E-05
  -5.11999989       1.09522625E-05
  -5.11899996       1.10864758E-05
  -5.11800003       1.11897343E-05
  -5.11700010       1.13985607E-05
  -5.11600018       1.16148385E-05
  -5.11499977       1.19527704E-05
  -5.11399984       1.20817895E-05
  -5.11299992       1.21019502E-05
  -5.11199999       1.21001649E-05
  -5.11100006       1.21506873E-05
  -5.11000013       1.23155778E-05
  -5.10900021       1.26451605E-05
  -5.10799980       1.27730336E-05
  -5.10699987       1.29403279E-05
  -5.10599995       1.31707375E-05
  -5.10500002       1.34778074E-05
  -5.10400009       1.38653440E-05
  -5.10300016       1.43278003E-05
  -5.10200024       1.46599123E-05
  -5.10099983       1.48443442E-05
  -5.09999990       1.50423220E-05
  -5.09899998       1.52145076E-05
  -5.09800005       1.54971949E-05
  -5.09700012       1.58307721E-05
  -5.09600019       1.61488661E-05
  -5.09499979       1.63786553E-05
  -5.09399986       1.66170848E-05
  -5.09299994       1.69481646E-05
  -5.09200001       1.72710825E-05
  -5.09100008       1.76506037E-05
  -5.09000015       1.79709205E-05
  -5.08900023       1.82790318E-05
  -5.08799982       1.86110428E-05
  -5.08699989       1.89925831E-05
  -5.08599997       1.94392196E-05
  -5.08500004       1.97962509E-05
  -5.08400011       2.00651284E-05
  -5.08300018       2.02383089E-05
  -5.08199978       2.04554126E-05
  -5.08099985       2.06872846E-05
  -5.07999992       2.10496346E-05
  -5.07900000       2.13422263E-05
  -5.07800007       2.15134714E-05
  -5.07700014       2.16530807E-05
  -5.07600021       2.18382866E-05
  -5.07499981       2.21343071E-05
  -5.07399988       2.24510623E-05
  -5.07299995       2.26930952E-05
  -5.07200003       2.29007110E-05
  -5.07100010       2.31037320E-05
  -5.07000017       2.33219089E-05
  -5.06899977       2.35653079E-05
  -5.06799984       2.38347002E-05
  -5.06699991       2.39879955E-05
  -5.06599998       2.41451071E-05
  -5.06500006       2.42810820E-05
  -5.06400013       2.44930634E-05
  -5.06300020       2.47368225E-05
  -5.06199980       2.50883786E-05
  -5.06099987       2.53596718E-05
  -5.05999994       2.56109470E-05
  -5.05900002       2.58912660E-05
  -5.05800009       2.62389367E-05
  -5.05700016       2.66819134E-05
  -5.05600023       2.72381967E-05
  -5.05499983       2.76787887E-05
  -5.05399990       2.81275934E-05
  -5.05299997       2.85785009E-05
  -5.05200005       2.90168773E-05
  -5.05100012       2.94199108E-05
  -5.05000019       2.99827789E-05
  -5.04899979       3.04370114E-05
  -5.04799986       3.07373630E-05
  -5.04699993       3.10508512E-05
  -5.04600000       3.13122655E-05
  -5.04500008       3.16650512E-05
  -5.04400015       3.20256149E-05
  -5.04300022       3.23049535E-05
  -5.04199982       3.26173358E-05
  -5.04099989       3.28574934E-05
  -5.03999996       3.31199481E-05
  -5.03900003       3.34868309E-05
  -5.03800011       3.40283295E-05
  -5.03700018       3.44066248E-05
  -5.03599977       3.46811466E-05
  -5.03499985       3.49004222E-05
  -5.03399992       3.51024682E-05
  -5.03299999       3.53152027E-05
  -5.03200006       3.53682444E-05
  -5.03100014       3.52760799E-05
  -5.03000021       3.52289608E-05
  -5.02899981       3.52180505E-05
  -5.02799988       3.52262614E-05
  -5.02699995       3.52285751E-05
  -5.02600002       3.51923882E-05
  -5.02500010       3.50778391E-05
  -5.02400017       3.50122064E-05
  -5.02299976       3.49368420E-05
  -5.02199984       3.49575239E-05
  -5.02099991       3.49983311E-05
  -5.01999998       3.49777692E-05
  -5.01900005       3.48090434E-05
  -5.01800013       3.45643275E-05
  -5.01700020       3.43045067E-05
  -5.01599979       3.40795959E-05
  -5.01499987       3.39291546E-05
  -5.01399994       3.37250785E-05
  -5.01300001       3.34918514E-05
  -5.01200008       3.32445452E-05
  -5.01100016       3.29891955E-05
  -5.01000023       3.27231537E-05
  -5.00899982       3.25853689E-05
  -5.00799990       3.24039538E-05
  -5.00699997       3.21522966E-05
  -5.00600004       3.19419814E-05
  -5.00500011       3.17276972E-05
  -5.00400019       3.16001715E-05
  -5.00299978       3.16381374E-05
  -5.00199986       3.16290461E-05
  -5.00099993       3.14987483E-05
  -5.00000000       3.13047822E-05
  -4.99900007       3.10941032E-05
  -4.99800014       3.09034913E-05
  -4.99700022       3.07599184E-05
  -4.99599981       3.05491449E-05
  -4.99499989       3.02835615E-05
  -4.99399996       2.99667536E-05
  -4.99300003       2.97217903E-05
  -4.99200010       2.95319333E-05
  -4.99100018       2.94981546E-05
  -4.98999977       2.93366047E-05
  -4.98899984       2.91350625E-05
  -4.98799992       2.89696218E-05
  -4.98699999       2.87845814E-05
  -4.98600006       2.86374834E-05
  -4.98500013       2.86344148E-05
  -4.98400021       2.86935010E-05
  -4.98299980       2.87856692E-05
  -4.98199987       2.89320651E-05
  -4.98099995       2.91447323E-05
  -4.98000002       2.94269757E-05
  -4.97900009       2.97737006E-05
  -4.97800016       2.99512194E-05
  -4.97700024       3.01635027E-05
  -4.97599983       3.03821689E-05
  -4.97499990       3.05717331E-05
  -4.97399998       3.09018869E-05
  -4.97300005       3.13175806E-05
  -4.97200012       3.15498291E-05
  -4.97100019       3.17435843E-05
  -4.96999979       3.18262682E-05
  -4.96899986       3.19217797E-05
  -4.96799994       3.21410662E-05
  -4.96700001       3.23847380E-05
  -4.96600008       3.25490983E-05
  -4.96500015       3.27203343E-05
  -4.96400023       3.27811103E-05
  -4.96299982       3.28007627E-05
  -4.96199989       3.28378410E-05
  -4.96099997       3.29405375E-05
  -4.96000004       3.29623908E-05
  -4.95900011       3.29374052E-05
  -4.95800018       3.28901951E-05
  -4.95699978       3.28363822E-05
  -4.95599985       3.27829111E-05
  -4.95499992       3.29041686E-05
  -4.95400000       3.28375063E-05
  -4.95300007       3.27433736E-05
  -4.95200014       3.25973415E-05
  -4.95100021       3.25369219E-05
  -4.94999981       3.25189030E-05
  -4.94899988       3.26594054E-05
  -4.94799995       3.27337948E-05
  -4.94700003       3.26806185E-05
  -4.94600010       3.25937508E-05
  -4.94500017       3.25554865E-05
  -4.94399977       3.26369336E-05
  -4.94299984       3.27421949E-05
  -4.94199991       3.27710841E-05
  -4.94099998       3.27725356E-05
  -4.94000006       3.27856687E-05
  -4.93900013       3.28401366E-05
  -4.93800020       3.29564828E-05
  -4.93699980       3.31465053E-05
  -4.93599987       3.32677009E-05
  -4.93499994       3.33196076E-05
  -4.93400002       3.32939126E-05
  -4.93300009       3.33163844E-05
  -4.93200016       3.33597818E-05
  -4.93100023       3.35289005E-05
  -4.92999983       3.36414669E-05
  -4.92899990       3.36505618E-05
  -4.92799997       3.36381272E-05
  -4.92700005       3.36751036E-05
  -4.92600012       3.38218306E-05
  -4.92500019       3.39974395E-05
  -4.92399979       3.41162959E-05
  -4.92299986       3.42166932E-05
  -4.92199993       3.43276261E-05
  -4.92100000       3.44691580E-05
  -4.92000008       3.46527377E-05
  -4.91900015       3.48815447E-05
  -4.91800022       3.50284899E-05
  -4.91699982       3.50847331E-05
  -4.91599989       3.51539784E-05
  -4.91499996       3.52093884E-05
  -4.91400003       3.52173738E-05
  -4.91300011       3.52543902E-05
  -4.91200018       3.51554590E-05
  -4.91099977       3.49827205E-05
  -4.90999985       3.47882306E-05
  -4.90899992       3.46143170E-05
  -4.90799999       3.44939581E-05
  -4.90700006       3.44511063E-05
  -4.90600014       3.42834028E-05
  -4.90500021       3.40041079E-05
  -4.90399981       3.36183184E-05
  -4.90299988       3.33346470E-05
  -4.90199995       3.31366937E-05
  -4.90100002       3.30009389E-05
  -4.90000010       3.28970564E-05
  -4.89900017       3.27881753E-05
  -4.89799976       3.26311783E-05
  -4.89699984       3.25763285E-05
  -4.89599991       3.25630026E-05
  -4.89499998       3.27207636E-05
  -4.89400005       3.29728464E-05
  -4.89300013       3.30459516E-05
  -4.89200020       3.30495131E-05
  -4.89099979       3.30812145E-05
  -4.88999987       3.32273848E-05
  -4.88899994       3.33789249E-05
  -4.88800001       3.36059857E-05
  -4.88700008       3.37874808E-05
  -4.88600016       3.39785438E-05
  -4.88500023       3.42246349E-05
  -4.88399982       3.45618791E-05
  -4.88299990       3.50174123E-05
  -4.88199997       3.56097080E-05
  -4.88100004       3.61782077E-05
  -4.88000011       3.67299799E-05
  -4.87900019       3.72642971E-05
  -4.87799978       3.77729302E-05
  -4.87699986       3.84046652E-05
  -4.87599993       3.91324138E-05
  -4.87500000       3.97614895E-05
  -4.87400007       4.02566438E-05
  -4.87300014       4.07345360E-05
  -4.87200022       4.12999070E-05
  -4.87099981       4.18910386E-05
  -4.86999989       4.25945109E-05
  -4.86899996       4.31821172E-05
  -4.86800003       4.37279487E-05
  -4.86700010       4.42958553E-05
  -4.86600018       4.49397994E-05
  -4.86499977       4.55579757E-05
  -4.86399984       4.61898344E-05
  -4.86299992       4.67224600E-05
  -4.86199999       4.71818894E-05
  -4.86100006       4.75857960E-05
  -4.86000013       4.79437986E-05
  -4.85900021       4.83957701E-05
  -4.85799980       4.89321683E-05
  -4.85699987       4.94009873E-05
  -4.85599995       4.97827059E-05
  -4.85500002       5.01839786E-05
  -4.85400009       5.05685421E-05
  -4.85300016       5.10243844E-05
  -4.85200024       5.14997773E-05
  -4.85099983       5.18098022E-05
  -4.84999990       5.20223621E-05
  -4.84899998       5.21955080E-05
  -4.84800005       5.23777744E-05
  -4.84700012       5.26085350E-05
  -4.84600019       5.29183344E-05
  -4.84499979       5.33292005E-05
  -4.84399986       5.36160805E-05
  -4.84299994       5.38509303E-05
  -4.84200001       5.41543159E-05
  -4.84100008       5.45768999E-05
  -4.84000015       5.49876750E-05
  -4.83900023       5.54809885E-05
  -4.83799982       5.59148175E-05
  -4.83699989       5.63686044E-05
  -4.83599997       5.69115327E-05
  -4.83500004       5.73837751E-05
  -4.83400011       5.78413346E-05
  -4.83300018       5.83308720E-05
  -4.83199978       5.86771566E-05
  -4.83099985       5.89152623E-05
  -4.82999992       5.90717791E-05
  -4.82900000       5.91651406E-05
  -4.82800007       5.94107878E-05
  -4.82700014       5.98058614E-05
  -4.82600021       6.01393367E-05
  -4.82499981       6.04000525E-05
  -4.82399988       6.05701207E-05
  -4.82299995       6.08205191E-05
  -4.82200003       6.11151409E-05
  -4.82100010       6.14120509E-05
  -4.82000017       6.16637408E-05
  -4.81899977       6.18173581E-05
  -4.81799984       6.20011415E-05
  -4.81699991       6.21469444E-05
  -4.81599998       6.23647284E-05
  -4.81500006       6.27531772E-05
  -4.81400013       6.30416762E-05
  -4.81300020       6.33176678E-05
  -4.81199980       6.34824537E-05
  -4.81099987       6.36080949E-05
  -4.80999994       6.37569246E-05
  -4.80900002       6.39818172E-05
  -4.80800009       6.43265594E-05
  -4.80700016       6.46585613E-05
  -4.80600023       6.50091533E-05
  -4.80499983       6.54014366E-05
  -4.80399990       6.58505523E-05
  -4.80299997       6.63640385E-05
  -4.80200005       6.69420479E-05
  -4.80100012       6.74193798E-05
  -4.80000019       6.77868229E-05
  -4.79899979       6.81838865E-05
  -4.79799986       6.85839696E-05
  -4.79699993       6.91068562E-05
  -4.79600000       6.97098440E-05
  -4.79500008       7.01952886E-05
  -4.79400015       7.06621795E-05
  -4.79300022       7.10521563E-05
  -4.79199982       7.14474008E-05
  -4.79099989       7.19200616E-05
  -4.78999996       7.25325881E-05
  -4.78900003       7.30556349E-05
  -4.78800011       7.35412759E-05
  -4.78700018       7.40327159E-05
  -4.78599977       7.45646248E-05
  -4.78499985       7.51634070E-05
  -4.78399992       7.58475362E-05
  -4.78299999       7.63610442E-05
  -4.78200006       7.68470709E-05
  -4.78100014       7.73056599E-05
  -4.78000021       7.77299647E-05
  -4.77899981       7.82349452E-05
  -4.77799988       7.87971512E-05
  -4.77699995       7.95130836E-05
  -4.77600002       8.00942362E-05
  -4.77500010       8.06269891E-05
  -4.77400017       8.11876671E-05
  -4.77299976       8.17215550E-05
  -4.77199984       8.22893271E-05
  -4.77099991       8.29425480E-05
  -4.76999998       8.36060426E-05
  -4.76900005       8.42006048E-05
  -4.76800013       8.48746058E-05
  -4.76700020       8.55348044E-05
  -4.76599979       8.63117166E-05
  -4.76499987       8.70991717E-05
  -4.76399994       8.77881394E-05
  -4.76300001       8.84876426E-05
  -4.76200008       8.90771989E-05
  -4.76100016       8.96506826E-05
  -4.76000023       9.02917309E-05
  -4.75899982       9.10740782E-05
  -4.75799990       9.16407225E-05
  -4.75699997       9.20584571E-05
  -4.75600004       9.23849293E-05
  -4.75500011       9.26689463E-05
  -4.75400019       9.29507951E-05
  -4.75299978       9.32625480E-05
  -4.75199986       9.36283323E-05
  -4.75099993       9.38675366E-05
  -4.75000000       9.39948513E-05
  -4.74900007       9.40177706E-05
  -4.74800014       9.41285034E-05
  -4.74700022       9.43155610E-05
  -4.74599981       9.45611682E-05
  -4.74499989       9.46552173E-05
  -4.74399996       9.47578374E-05
  -4.74300003       9.48337620E-05
  -4.74200010       9.48423694E-05
  -4.74100018       9.49173482E-05
  -4.73999977       9.50030080E-05
  -4.73899984       9.50390822E-05
  -4.73799992       9.49609166E-05
  -4.73699999       9.48724555E-05
  -4.73600006       9.48671877E-05
  -4.73500013       9.48589077E-05
  -4.73400021       9.49259920E-05
  -4.73299980       9.51372494E-05
  -4.73199987       9.52225819E-05
  -4.73099995       9.52419505E-05
  -4.73000002       9.52465416E-05
  -4.72900009       9.52790797E-05
  -4.72800016       9.53741473E-05
  -4.72700024       9.55584255E-05
  -4.72599983       9.56951772E-05
  -4.72499990       9.58005403E-05
  -4.72399998       9.58835299E-05
  -4.72300005       9.59462996E-05
  -4.72200012       9.61344704E-05
  -4.72100019       9.64330393E-05
  -4.71999979       9.66736334E-05
  -4.71899986       9.68335153E-05
  -4.71799994       9.70289038E-05
  -4.71700001       9.72219859E-05
  -4.71600008       9.75117291E-05
  -4.71500015       9.78463213E-05
  -4.71400023       9.83086429E-05
  -4.71299982       9.86960004E-05
  -4.71199989       9.90800909E-05
  -4.71099997       9.93880894E-05
  -4.71000004       9.96775780E-05
  -4.70900011       9.99975528E-05
  -4.70800018       1.00388759E-04
  -4.70699978       1.00623052E-04
  -4.70599985       1.00862002E-04
  -4.70499992       1.01126781E-04
  -4.70400000       1.01431331E-04
  -4.70300007       1.01782651E-04
  -4.70200014       1.02181024E-04
  -4.70100021       1.02496939E-04
  -4.69999981       1.02721468E-04
  -4.69899988       1.02960723E-04
  -4.69799995       1.03190570E-04
  -4.69700003       1.03500228E-04
  -4.69600010       1.03851475E-04
  -4.69500017       1.04201084E-04
  -4.69399977       1.04501058E-04
  -4.69299984       1.04698789E-04
  -4.69199991       1.04964151E-04
  -4.69099998       1.05229665E-04
  -4.69000006       1.05646635E-04
  -4.68900013       1.06133819E-04
  -4.68800020       1.06606552E-04
  -4.68699980       1.06976942E-04
  -4.68599987       1.07368578E-04
  -4.68499994       1.07681648E-04
  -4.68400002       1.08024287E-04
  -4.68300009       1.08494387E-04
  -4.68200016       1.08766435E-04
  -4.68100023       1.08930231E-04
  -4.67999983       1.09066059E-04
  -4.67899990       1.09245004E-04
  -4.67799997       1.09529254E-04
  -4.67700005       1.09972410E-04
  -4.67600012       1.10619781E-04
  -4.67500019       1.11121204E-04
  -4.67399979       1.11516973E-04
  -4.67299986       1.11839690E-04
  -4.67199993       1.12114591E-04
  -4.67100000       1.12359747E-04
  -4.67000008       1.12771326E-04
  -4.66900015       1.13165559E-04
  -4.66800022       1.13540700E-04
  -4.66699982       1.13888862E-04
  -4.66599989       1.14196235E-04
  -4.66499996       1.14619943E-04
  -4.66400003       1.15130155E-04
  -4.66300011       1.15518553E-04
  -4.66200018       1.15750030E-04
  -4.66099977       1.15954790E-04
  -4.65999985       1.16083567E-04
  -4.65899992       1.16249794E-04
  -4.65799999       1.16556614E-04
  -4.65700006       1.16933195E-04
  -4.65600014       1.17142612E-04
  -4.65500021       1.17272459E-04
  -4.65399981       1.17401054E-04
  -4.65299988       1.17597723E-04
  -4.65199995       1.17923140E-04
  -4.65100002       1.18274438E-04
  -4.65000010       1.18546326E-04
  -4.64900017       1.18783602E-04
  -4.64799976       1.19023331E-04
  -4.64699984       1.19295160E-04
  -4.64599991       1.19621531E-04
  -4.64499998       1.20017976E-04
  -4.64400005       1.20493336E-04
  -4.64300013       1.20905890E-04
  -4.64200020       1.21255827E-04
  -4.64099979       1.21537269E-04
  -4.63999987       1.21878751E-04
  -4.63899994       1.22259138E-04
  -4.63800001       1.22789657E-04
  -4.63700008       1.23162245E-04
  -4.63600016       1.23479389E-04
  -4.63500023       1.23700011E-04
  -4.63399982       1.23911173E-04
  -4.63299990       1.24190832E-04
  -4.63199997       1.24608036E-04
  -4.63100004       1.24965140E-04
  -4.63000011       1.25193576E-04
  -4.62900019       1.25347986E-04
  -4.62799978       1.25475126E-04
  -4.62699986       1.25614082E-04
  -4.62599993       1.25796549E-04
  -4.62500000       1.26047074E-04
  -4.62400007       1.26141254E-04
  -4.62300014       1.26216692E-04
  -4.62200022       1.26340630E-04
  -4.62099981       1.26454208E-04
  -4.61999989       1.26553045E-04
  -4.61899996       1.26627026E-04
  -4.61800003       1.26660452E-04
  -4.61700010       1.26632265E-04
  -4.61600018       1.26516301E-04
  -4.61499977       1.26504397E-04
  -4.61399984       1.26554572E-04
  -4.61299992       1.26620507E-04
  -4.61199999       1.26868472E-04
  -4.61100006       1.27022970E-04
  -4.61000013       1.27025487E-04
  -4.60900021       1.27024876E-04
  -4.60799980       1.26949613E-04
  -4.60699987       1.26932151E-04
  -4.60599995       1.27094259E-04
  -4.60500002       1.27140505E-04
  -4.60400009       1.27183448E-04
  -4.60300016       1.27126026E-04
  -4.60200024       1.27066771E-04
  -4.60099983       1.27094871E-04
  -4.59999990       1.27290419E-04
  -4.59899998       1.27532170E-04
  -4.59800005       1.27697320E-04
  -4.59700012       1.27850857E-04
  -4.59600019       1.28049593E-04
  -4.59499979       1.28342523E-04
  -4.59399986       1.28771033E-04
  -4.59299994       1.29369131E-04
  -4.59200001       1.29802356E-04
  -4.59100008       1.30100671E-04
  -4.59000015       1.30287182E-04
  -4.58900023       1.30554341E-04
  -4.58799982       1.30907662E-04
  -4.58699989       1.31346649E-04
  -4.58599997       1.31865017E-04
  -4.58500004       1.32281391E-04
  -4.58400011       1.32583169E-04
  -4.58300018       1.32919027E-04
  -4.58199978       1.33261594E-04
  -4.58099985       1.33578724E-04
  -4.57999992       1.33995767E-04
  -4.57900000       1.34306669E-04
  -4.57800007       1.34466201E-04
  -4.57700014       1.34582777E-04
  -4.57600021       1.34755290E-04
  -4.57499981       1.34918504E-04
  -4.57399988       1.35157286E-04
  -4.57299995       1.35547773E-04
  -4.57200003       1.35856229E-04
  -4.57100010       1.36150309E-04
  -4.57000017       1.36489543E-04
  -4.56899977       1.36779068E-04
  -4.56799984       1.37067036E-04
  -4.56699991       1.37394280E-04
  -4.56599998       1.37651747E-04
  -4.56500006       1.37870127E-04
  -4.56400013       1.38073374E-04
  -4.56300020       1.38278992E-04
  -4.56199980       1.38498217E-04
  -4.56099987       1.38736272E-04
  -4.55999994       1.39127718E-04
  -4.55900002       1.39394819E-04
  -4.55800009       1.39662385E-04
  -4.55700016       1.39913667E-04
  -4.55600023       1.40126911E-04
  -4.55499983       1.40404751E-04
  -4.55399990       1.40712538E-04
  -4.55299997       1.40884396E-04
  -4.55200005       1.41006298E-04
  -4.55100012       1.41031007E-04
  -4.55000019       1.41030949E-04
  -4.54899979       1.41070428E-04
  -4.54799986       1.41205950E-04
  -4.54699993       1.41486365E-04
  -4.54600000       1.41714976E-04
  -4.54500008       1.41814598E-04
  -4.54400015       1.41822311E-04
  -4.54300022       1.41768367E-04
  -4.54199982       1.41676486E-04
  -4.54099989       1.41564073E-04
  -4.53999996       1.41442390E-04
  -4.53900003       1.41316821E-04
  -4.53800011       1.41187062E-04
  -4.53700018       1.41047320E-04
  -4.53599977       1.40886550E-04
  -4.53499985       1.40688615E-04
  -4.53399992       1.40646342E-04
  -4.53299999       1.40516320E-04
  -4.53200006       1.40268399E-04
  -4.53100014       1.40076198E-04
  -4.53000021       1.39895448E-04
  -4.52899981       1.39678014E-04
  -4.52799988       1.39574622E-04
  -4.52699995       1.39524403E-04
  -4.52600002       1.39463169E-04
  -4.52500010       1.39323587E-04
  -4.52400017       1.39230760E-04
  -4.52299976       1.39106254E-04
  -4.52199984       1.39060998E-04
  -4.52099991       1.39196534E-04
  -4.51999998       1.39228214E-04
  -4.51900005       1.39249823E-04
  -4.51800013       1.39161260E-04
  -4.51700020       1.39044219E-04
  -4.51599979       1.38972129E-04
  -4.51499987       1.39010444E-04
  -4.51399994       1.39216907E-04
  -4.51300001       1.39287498E-04
  -4.51200008       1.39274722E-04
  -4.51100016       1.39223906E-04
  -4.51000023       1.39173484E-04
  -4.50899982       1.39155192E-04
  -4.50799990       1.39194279E-04
  -4.50699997       1.39141877E-04
  -4.50600004       1.39015450E-04
  -4.50500011       1.38826566E-04
  -4.50400019       1.38581090E-04
  -4.50299978       1.38441406E-04
  -4.50199986       1.38398304E-04
  -4.50099993       1.38437506E-04
  -4.50000000       1.38382224E-04
  -4.49900007       1.38212927E-04
  -4.49800014       1.38060452E-04
  -4.49700022       1.37892232E-04
  -4.49599981       1.37823765E-04
  -4.49499989       1.37810319E-04
  -4.49399996       1.37952986E-04
  -4.49300003       1.38047588E-04
  -4.49200010       1.38038740E-04
  -4.49100018       1.38013376E-04
  -4.48999977       1.38050149E-04
  -4.48899984       1.38076648E-04
  -4.48799992       1.38159579E-04
  -4.48699999       1.38077041E-04
  -4.48600006       1.37888230E-04
  -4.48500013       1.37645111E-04
  -4.48400021       1.37392635E-04
  -4.48299980       1.37169001E-04
  -4.48199987       1.37005831E-04
  -4.48099995       1.36928444E-04
  -4.48000002       1.36824005E-04
  -4.47900009       1.36709306E-04
  -4.47800016       1.36595379E-04
  -4.47700024       1.36487666E-04
  -4.47599983       1.36386283E-04
  -4.47499990       1.36412433E-04
  -4.47399998       1.36552699E-04
  -4.47300005       1.36664865E-04
  -4.47200012       1.36729519E-04
  -4.47100019       1.36722781E-04
  -4.46999979       1.36737319E-04
  -4.46899986       1.36857372E-04
  -4.46799994       1.36981107E-04
  -4.46700001       1.36828632E-04
  -4.46600008       1.36532879E-04
  -4.46500015       1.36159331E-04
  -4.46400023       1.35766124E-04
  -4.46299982       1.35404262E-04
  -4.46199989       1.35117865E-04
  -4.46099997       1.34944406E-04
  -4.46000004       1.34693750E-04
  -4.45900011       1.34396527E-04
  -4.45800018       1.34077229E-04
  -4.45699978       1.33754467E-04
  -4.45599985       1.33441077E-04
  -4.45499992       1.33144451E-04
  -4.45400000       1.32866611E-04
  -4.45300007       1.32604458E-04
  -4.45200014       1.32349931E-04
  -4.45100021       1.32090237E-04
  -4.44999981       1.31807930E-04
  -4.44899988       1.31681882E-04
  -4.44799995       1.31680717E-04
  -4.44700003       1.31571884E-04
  -4.44600010       1.31321387E-04
  -4.44500017       1.31085166E-04
  -4.44399977       1.30816712E-04
  -4.44299984       1.30656495E-04
  -4.44199991       1.30546381E-04
  -4.44099998       1.30612258E-04
  -4.44000006       1.30599845E-04
  -4.43900013       1.30442408E-04
  -4.43800020       1.30252825E-04
  -4.43699980       1.30135071E-04
  -4.43599987       1.30005545E-04
  -4.43499994       1.29955995E-04
  -4.43400002       1.30070010E-04
  -4.43300009       1.30074608E-04
  -4.43200016       1.30046945E-04
  -4.43100023       1.30056549E-04
  -4.42999983       1.30165630E-04
  -4.42899990       1.30260916E-04
  -4.42799997       1.30394983E-04
  -4.42700005       1.30448287E-04
  -4.42600012       1.30464425E-04
  -4.42500019       1.30480606E-04
  -4.42399979       1.30527827E-04
  -4.42299986       1.30631117E-04
  -4.42199993       1.30809713E-04
  -4.42100000       1.31077220E-04
  -4.42000008       1.31286375E-04
  -4.41900015       1.31444263E-04
  -4.41800022       1.31552850E-04
  -4.41699982       1.31609224E-04
  -4.41599989       1.31755849E-04
  -4.41499996       1.31976558E-04
  -4.41400003       1.32250803E-04
  -4.41300011       1.32407600E-04
  -4.41200018       1.32567075E-04
  -4.41099977       1.32696601E-04
  -4.40999985       1.32902351E-04
  -4.40899992       1.33140726E-04
  -4.40799999       1.33504785E-04
  -4.40700006       1.33940732E-04
  -4.40600014       1.34254122E-04
  -4.40500021       1.34525239E-04
  -4.40399981       1.34826827E-04
  -4.40299988       1.35090275E-04
  -4.40199995       1.35377384E-04
  -4.40100002       1.35743088E-04
  -4.40000010       1.35974347E-04
  -4.39900017       1.36119663E-04
  -4.39799976       1.36221119E-04
  -4.39699984       1.36314586E-04
  -4.39599991       1.36429939E-04
  -4.39499998       1.36591232E-04
  -4.39400005       1.36816947E-04
  -4.39300013       1.36874369E-04
  -4.39200020       1.36899485E-04
  -4.39099979       1.36898147E-04
  -4.38999987       1.36871298E-04
  -4.38899994       1.36933726E-04
  -4.38800001       1.36956296E-04
  -4.38700008       1.37042793E-04
  -4.38600016       1.37057446E-04
  -4.38500023       1.37093710E-04
  -4.38399982       1.37009833E-04
  -4.38299990       1.36889546E-04
  -4.38199997       1.36809016E-04
  -4.38100004       1.36837101E-04
  -4.38000011       1.37035546E-04
  -4.37900019       1.37241645E-04
  -4.37799978       1.37293551E-04
  -4.37699986       1.37244133E-04
  -4.37599993       1.37139883E-04
  -4.37500000       1.37021008E-04
  -4.37400007       1.36921692E-04
  -4.37300014       1.36870280E-04
  -4.37200022       1.36684685E-04
  -4.37099981       1.36387462E-04
  -4.36999989       1.35995782E-04
  -4.36899996       1.35721129E-04
  -4.36800003       1.35565322E-04
  -4.36700010       1.35525406E-04
  -4.36600018       1.35399459E-04
  -4.36499977       1.35180540E-04
  -4.36399984       1.34857386E-04
  -4.36299992       1.34603994E-04
  -4.36199999       1.34395945E-04
  -4.36100006       1.34205067E-04
  -4.36000013       1.34184113E-04
  -4.35900021       1.34109956E-04
  -4.35799980       1.33943933E-04
  -4.35699987       1.33823982E-04
  -4.35599995       1.33700451E-04
  -4.35500002       1.33697555E-04
  -4.35400009       1.33755442E-04
  -4.35300016       1.33985406E-04
  -4.35200024       1.34145826E-04
  -4.35099983       1.34169502E-04
  -4.34999990       1.34156362E-04
  -4.34899998       1.34198373E-04
  -4.34800005       1.34213435E-04
  -4.34700012       1.34282673E-04
  -4.34600019       1.34479895E-04
  -4.34499979       1.34547459E-04
  -4.34399986       1.34553542E-04
  -4.34299994       1.34559552E-04
  -4.34200001       1.34620277E-04
  -4.34100008       1.34784117E-04
  -4.34000015       1.35093287E-04
  -4.33900023       1.35583978E-04
  -4.33799982       1.35981187E-04
  -4.33699989       1.36317540E-04
  -4.33599997       1.36620074E-04
  -4.33500004       1.36910487E-04
  -4.33400011       1.37205236E-04
  -4.33300018       1.37515730E-04
  -4.33199978       1.37993586E-04
  -4.33099985       1.38349322E-04
  -4.32999992       1.38583957E-04
  -4.32900000       1.38835458E-04
  -4.32800007       1.39092488E-04
  -4.32700014       1.39339667E-04
  -4.32600021       1.39695447E-04
  -4.32499981       1.40133197E-04
  -4.32399988       1.40487289E-04
  -4.32299995       1.40727541E-04
  -4.32200003       1.40953562E-04
  -4.32100010       1.41257158E-04
  -4.32000017       1.41591736E-04
  -4.31899977       1.42037607E-04
  -4.31799984       1.42410601E-04
  -4.31699991       1.42655917E-04
  -4.31599998       1.42842749E-04
  -4.31500006       1.43033569E-04
  -4.31400013       1.43284371E-04
  -4.31300020       1.43644836E-04
  -4.31199980       1.44036341E-04
  -4.31099987       1.44257298E-04
  -4.30999994       1.44348931E-04
  -4.30900002       1.44346734E-04
  -4.30800009       1.44280712E-04
  -4.30700016       1.44292615E-04
  -4.30600023       1.44282822E-04
  -4.30499983       1.44380989E-04
  -4.30399990       1.44479694E-04
  -4.30299997       1.44470774E-04
  -4.30200005       1.44469886E-04
  -4.30100012       1.44361897E-04
  -4.30000019       1.44251913E-04
  -4.29899979       1.44237216E-04
  -4.29799986       1.44407430E-04
  -4.29699993       1.44414618E-04
  -4.29600000       1.44344798E-04
  -4.29500008       1.44276826E-04
  -4.29400015       1.44282603E-04
  -4.29300022       1.44219433E-04
  -4.29199982       1.44151243E-04
  -4.29099989       1.44135542E-04
  -4.28999996       1.44020916E-04
  -4.28900003       1.43857775E-04
  -4.28800011       1.43690559E-04
  -4.28700018       1.43557962E-04
  -4.28599977       1.43493104E-04
  -4.28499985       1.43523706E-04
  -4.28399992       1.43672281E-04
  -4.28299999       1.43765283E-04
  -4.28200006       1.43820129E-04
  -4.28100014       1.43849393E-04
  -4.28000021       1.43861034E-04
  -4.27899981       1.43858473E-04
  -4.27799988       1.43840851E-04
  -4.27699995       1.43984566E-04
  -4.27600002       1.44095931E-04
  -4.27500010       1.44161939E-04
  -4.27400017       1.44165868E-04
  -4.27299976       1.44087317E-04
  -4.27199984       1.44076417E-04
  -4.27099991       1.44101519E-04
  -4.26999998       1.44298931E-04
  -4.26900005       1.44456848E-04
  -4.26800013       1.44534584E-04
  -4.26700020       1.44655438E-04
  -4.26599979       1.44769016E-04
  -4.26499987       1.44986421E-04
  -4.26399994       1.45248239E-04
  -4.26300001       1.45654107E-04
  -4.26200008       1.45976315E-04
  -4.26100016       1.46149177E-04
  -4.26000023       1.46262304E-04
  -4.25899982       1.46398175E-04
  -4.25799990       1.46632432E-04
  -4.25699997       1.46880702E-04
  -4.25600004       1.47209270E-04
  -4.25500011       1.47376617E-04
  -4.25400019       1.47444109E-04
  -4.25299978       1.47466970E-04
  -4.25199986       1.47494502E-04
  -4.25099993       1.47570274E-04
  -4.25000000       1.47732251E-04
  -4.24900007       1.48013060E-04
  -4.24800014       1.48155814E-04
  -4.24700022       1.48189982E-04
  -4.24599981       1.48139967E-04
  -4.24499989       1.48025327E-04
  -4.24399996       1.47998318E-04
  -4.24300003       1.48065810E-04
  -4.24200010       1.48230291E-04
  -4.24100018       1.48356135E-04
  -4.23999977       1.48440944E-04
  -4.23899984       1.48478386E-04
  -4.23799992       1.48458319E-04
  -4.23699999       1.48496445E-04
  -4.23600006       1.48572071E-04
  -4.23500013       1.48788589E-04
  -4.23400021       1.48862804E-04
  -4.23299980       1.48892781E-04
  -4.23199987       1.48845080E-04
  -4.23099995       1.48806575E-04
  -4.23000002       1.48857245E-04
  -4.22900009       1.48949228E-04
  -4.22800016       1.49152358E-04
  -4.22700024       1.49232219E-04
  -4.22599983       1.49253581E-04
  -4.22499990       1.49333660E-04
  -4.22399998       1.49407526E-04
  -4.22300005       1.49408370E-04
  -4.22200012       1.49496176E-04
  -4.22100019       1.49594984E-04
  -4.21999979       1.49627376E-04
  -4.21899986       1.49514526E-04
  -4.21799994       1.49397296E-04
  -4.21700001       1.49188767E-04
  -4.21600008       1.49018320E-04
  -4.21500015       1.49007115E-04
  -4.21400023       1.49054526E-04
  -4.21299982       1.49059299E-04
  -4.21199989       1.48919513E-04
  -4.21099997       1.48741252E-04
  -4.21000004       1.48623149E-04
  -4.20900011       1.48451640E-04
  -4.20800018       1.48316292E-04
  -4.20699978       1.48299805E-04
  -4.20599985       1.48078238E-04
  -4.20499992       1.47731073E-04
  -4.20400000       1.47331317E-04
  -4.20300007       1.46945706E-04
  -4.20200014       1.46634877E-04
  -4.20100021       1.46453560E-04
  -4.19999981       1.46450722E-04
  -4.19899988       1.46292485E-04
  -4.19799995       1.46026214E-04
  -4.19700003       1.45693906E-04
  -4.19600010       1.45332364E-04
  -4.19500017       1.44973281E-04
  -4.19399977       1.44643433E-04
  -4.19299984       1.44364894E-04
  -4.19199991       1.44155085E-04
  -4.19099998       1.43850470E-04
  -4.19000006       1.43464102E-04
  -4.18900013       1.43004756E-04
  -4.18800020       1.42649369E-04
  -4.18699980       1.42394376E-04
  -4.18599987       1.42232500E-04
  -4.18499994       1.42152800E-04
  -4.18400002       1.41974262E-04
  -4.18300009       1.41683180E-04
  -4.18200016       1.41426397E-04
  -4.18100023       1.41179611E-04
  -4.17999983       1.40915494E-04
  -4.17899990       1.40763645E-04
  -4.17799997       1.40687087E-04
  -4.17700005       1.40488992E-04
  -4.17600012       1.40287040E-04
  -4.17500019       1.40036631E-04
  -4.17399979       1.39844211E-04
  -4.17299986       1.39656870E-04
  -4.17199993       1.39570475E-04
  -4.17100000       1.39524360E-04
  -4.17000008       1.39456039E-04
  -4.16900015       1.39301264E-04
  -4.16800022       1.39140160E-04
  -4.16699982       1.39046417E-04
  -4.16599989       1.38944029E-04
  -4.16499996       1.38898104E-04
  -4.16400003       1.38967807E-04
  -4.16300011       1.38926567E-04
  -4.16200018       1.38829186E-04
  -4.16099977       1.38725052E-04
  -4.15999985       1.38658172E-04
  -4.15899992       1.38667398E-04
  -4.15799999       1.38786578E-04
  -4.15700006       1.39044671E-04
  -4.15600014       1.39201540E-04
  -4.15500021       1.39283395E-04
  -4.15399981       1.39311916E-04
  -4.15299988       1.39304379E-04
  -4.15199995       1.39273834E-04
  -4.15100002       1.39356111E-04
  -4.15000010       1.39553042E-04
  -4.14900017       1.39613054E-04
  -4.14799976       1.39536642E-04
  -4.14699984       1.39443466E-04
  -4.14599991       1.39323864E-04
  -4.14499998       1.39164811E-04
  -4.14400005       1.39069860E-04
  -4.14300013       1.39016716E-04
  -4.14200020       1.39097960E-04
  -4.14099979       1.39048818E-04
  -4.13999987       1.38841322E-04
  -4.13899994       1.38674819E-04
  -4.13800001       1.38510441E-04
  -4.13700008       1.38306932E-04
  -4.13600016       1.38245145E-04
  -4.13500023       1.38273870E-04
  -4.13399982       1.38119096E-04
  -4.13299990       1.37950003E-04
  -4.13199997       1.37709561E-04
  -4.13100004       1.37554380E-04
  -4.13000011       1.37418698E-04
  -4.12900019       1.37447205E-04
  -4.12799978       1.37566065E-04
  -4.12699986       1.37491719E-04
  -4.12599993       1.37359733E-04
  -4.12500000       1.37092677E-04
  -4.12400007       1.36815477E-04
  -4.12300014       1.36645496E-04
  -4.12200022       1.36492527E-04
  -4.12099981       1.36464223E-04
  -4.11999989       1.36267336E-04
  -4.11899996       1.36005139E-04
  -4.11800003       1.35774040E-04
  -4.11700010       1.35471666E-04
  -4.11600018       1.35185925E-04
  -4.11499977       1.34998423E-04
  -4.11399984       1.34984497E-04
  -4.11299992       1.35027498E-04
  -4.11199999       1.35010952E-04
  -4.11100006       1.35001566E-04
  -4.11000013       1.35060400E-04
  -4.10900021       1.35062946E-04
  -4.10799980       1.35063761E-04
  -4.10699987       1.35112146E-04
  -4.10599995       1.35252252E-04
  -4.10500002       1.35349037E-04
  -4.10400009       1.35441107E-04
  -4.10300016       1.35562354E-04
  -4.10200024       1.35742055E-04
  -4.10099983       1.36005052E-04
  -4.09999990       1.36371833E-04
  -4.09899998       1.36858725E-04
  -4.09800005       1.37313342E-04
  -4.09700012       1.37748008E-04
  -4.09600019       1.38171163E-04
  -4.09499979       1.38587537E-04
  -4.09399986       1.38998221E-04
  -4.09299994       1.39400785E-04
  -4.09200001       1.39946293E-04
  -4.09100008       1.40310702E-04
  -4.09000015       1.40639924E-04
  -4.08900023       1.40918666E-04
  -4.08799982       1.41128694E-04
  -4.08699989       1.41399563E-04
  -4.08599997       1.41703829E-04
  -4.08500004       1.42159668E-04
  -4.08400011       1.42730991E-04
  -4.08300018       1.43233556E-04
  -4.08199978       1.43630241E-04
  -4.08099985       1.44025194E-04
  -4.07999992       1.44373509E-04
  -4.07900000       1.44769510E-04
  -4.07800007       1.45301063E-04
  -4.07700014       1.45910875E-04
  -4.07600021       1.46402192E-04
  -4.07499981       1.46854625E-04
  -4.07399988       1.47206185E-04
  -4.07299995       1.47528088E-04
  -4.07200003       1.47885861E-04
  -4.07100010       1.48339604E-04
  -4.07000017       1.48944047E-04
  -4.06899977       1.49488231E-04
  -4.06799984       1.49893778E-04
  -4.06699991       1.50209627E-04
  -4.06599998       1.50479842E-04
  -4.06500006       1.50743741E-04
  -4.06400013       1.51036045E-04
  -4.06300020       1.51387008E-04
  -4.06199980       1.51822547E-04
  -4.06099987       1.52120076E-04
  -4.05999994       1.52303124E-04
  -4.05900002       1.52511348E-04
  -4.05800009       1.52757420E-04
  -4.05700016       1.53050263E-04
  -4.05600023       1.53395158E-04
  -4.05499983       1.53793866E-04
  -4.05399990       1.54013847E-04
  -4.05299997       1.54055699E-04
  -4.05200005       1.54144058E-04
  -4.05100012       1.54267676E-04
  -4.05000019       1.54412322E-04
  -4.04899979       1.54560927E-04
  -4.04799986       1.54913752E-04
  -4.04699993       1.55224669E-04
  -4.04600000       1.55468646E-04
  -4.04500008       1.55618167E-04
  -4.04400015       1.55856513E-04
  -4.04300022       1.56146387E-04
  -4.04199982       1.56448397E-04
  -4.04099989       1.56929193E-04
  -4.03999996       1.57540431E-04
  -4.03900003       1.58027091E-04
  -4.03800011       1.58545387E-04
  -4.03700018       1.59041767E-04
  -4.03599977       1.59461080E-04
  -4.03499985       1.59945092E-04
  -4.03399992       1.60431038E-04
  -4.03299999       1.61050120E-04
  -4.03200006       1.61538715E-04
  -4.03100014       1.62022639E-04
  -4.03000021       1.62429860E-04
  -4.02899981       1.62876546E-04
  -4.02799988       1.63284334E-04
  -4.02699995       1.63760255E-04
  -4.02600002       1.64404744E-04
  -4.02500010       1.64945421E-04
  -4.02400017       1.65478734E-04
  -4.02299976       1.65914622E-04
  -4.02199984       1.66341546E-04
  -4.02099991       1.66841957E-04
  -4.01999998       1.67316510E-04
  -4.01900005       1.67840379E-04
  -4.01800013       1.68483224E-04
  -4.01700020       1.68965475E-04
  -4.01599979       1.69354258E-04
  -4.01499987       1.69711449E-04
  -4.01399994       1.70093830E-04
  -4.01300001       1.70553220E-04
  -4.01200008       1.71136635E-04
  -4.01100016       1.71886364E-04
  -4.01000023       1.72515021E-04
  -4.00899982       1.73063658E-04
  -4.00799990       1.73568944E-04
  -4.00699997       1.74063243E-04
  -4.00600004       1.74574801E-04
  -4.00500011       1.75127789E-04
  -4.00400019       1.75742491E-04
  -4.00299978       1.76435409E-04
  -4.00199986       1.77066715E-04
  -4.00099993       1.77649301E-04
  -4.00000000       1.78192495E-04
  -3.99900007       1.78702248E-04
  -3.99799991       1.79181196E-04
  -3.99699998       1.79775525E-04
  -3.99600005       1.80478120E-04
  -3.99499989       1.81134601E-04
  -3.99399996       1.81735522E-04
  -3.99300003       1.82268646E-04
  -3.99200010       1.82719072E-04
  -3.99099994       1.83209195E-04
  -3.99000001       1.83715645E-04
  -3.98900008       1.84350472E-04
  -3.98799992       1.85082434E-04
  -3.98699999       1.85742610E-04
  -3.98600006       1.86298726E-04
  -3.98499990       1.86849968E-04
  -3.98399997       1.87356927E-04
  -3.98300004       1.87909769E-04
  -3.98200011       1.88462422E-04
  -3.98099995       1.89096507E-04
  -3.98000002       1.89631435E-04
  -3.97900009       1.90143779E-04
  -3.97799993       1.90578401E-04
  -3.97700000       1.91004161E-04
  -3.97600007       1.91484723E-04
  -3.97499990       1.91955391E-04
  -3.97399998       1.92472828E-04
  -3.97300005       1.93088883E-04
  -3.97199988       1.93609812E-04
  -3.97099996       1.94083899E-04
  -3.97000003       1.94614244E-04
  -3.96900010       1.95121218E-04
  -3.96799994       1.95583038E-04
  -3.96700001       1.96033492E-04
  -3.96600008       1.96502311E-04
  -3.96499991       1.96787281E-04
  -3.96399999       1.96915717E-04
  -3.96300006       1.96911205E-04
  -3.96199989       1.96793611E-04
  -3.96099997       1.96800305E-04
  -3.96000004       1.96938941E-04
  -3.95900011       1.97213987E-04
  -3.95799994       1.97626679E-04
  -3.95700002       1.97961024E-04
  -3.95600009       1.98217240E-04
  -3.95499992       1.98392649E-04
  -3.95400000       1.98481663E-04
  -3.95300007       1.98683570E-04
  -3.95199990       1.98982554E-04
  -3.95099998       1.99360249E-04
  -3.95000005       1.99593080E-04
  -3.94899988       1.99662711E-04
  -3.94799995       1.99748116E-04
  -3.94700003       1.99821705E-04
  -3.94600010       1.99853806E-04
  -3.94499993       2.00007780E-04
  -3.94400001       2.00245500E-04
  -3.94300008       2.00526993E-04
  -3.94199991       2.00620081E-04
  -3.94099998       2.00674956E-04
  -3.94000006       2.00646711E-04
  -3.93899989       2.00675044E-04
  -3.93799996       2.00707786E-04
  -3.93700004       2.00874667E-04
  -3.93600011       2.01116709E-04
  -3.93499994       2.01193310E-04
  -3.93400002       2.01226547E-04
  -3.93300009       2.01154166E-04
  -3.93199992       2.01089264E-04
  -3.93099999       2.00963681E-04
  -3.93000007       2.00882016E-04
  -3.92899990       2.00942784E-04
  -3.92799997       2.01067684E-04
  -3.92700005       2.01177885E-04
  -3.92600012       2.01194154E-04
  -3.92499995       2.01203729E-04
  -3.92400002       2.01288363E-04
  -3.92300010       2.01360046E-04
  -3.92199993       2.01493676E-04
  -3.92100000       2.01759001E-04
  -3.92000008       2.01899587E-04
  -3.91899991       2.01982693E-04
  -3.91799998       2.02070718E-04
  -3.91700006       2.02064388E-04
  -3.91599989       2.02020383E-04
  -3.91499996       2.01990799E-04
  -3.91400003       2.02023337E-04
  -3.91300011       2.02161362E-04
  -3.91199994       2.02142182E-04
  -3.91100001       2.02007912E-04
  -3.91000009       2.01796589E-04
  -3.90899992       2.01542323E-04
  -3.90799999       2.01275398E-04
  -3.90700006       2.01022325E-04
  -3.90599990       2.00806055E-04
  -3.90499997       2.00646013E-04
  -3.90400004       2.00416282E-04
  -3.90300012       2.00132839E-04
  -3.90199995       1.99808404E-04
  -3.90100002       1.99452537E-04
  -3.90000010       1.99071728E-04
  -3.89899993       1.98806039E-04
  -3.89800000       1.98652968E-04
  -3.89700007       1.98338385E-04
  -3.89599991       1.97993999E-04
  -3.89499998       1.97612404E-04
  -3.89400005       1.97183617E-04
  -3.89299989       1.96825626E-04
  -3.89199996       1.96520676E-04
  -3.89100003       1.96248773E-04
  -3.89000010       1.96115157E-04
  -3.88899994       1.95839835E-04
  -3.88800001       1.95524946E-04
  -3.88700008       1.95142304E-04
  -3.88599992       1.94785433E-04
  -3.88499999       1.94419670E-04
  -3.88400006       1.94130305E-04
  -3.88299990       1.93876622E-04
  -3.88199997       1.93736138E-04
  -3.88100004       1.93543528E-04
  -3.88000011       1.93371729E-04
  -3.87899995       1.93288710E-04
  -3.87800002       1.93125321E-04
  -3.87700009       1.92945387E-04
  -3.87599993       1.92808147E-04
  -3.87500000       1.92768319E-04
  -3.87400007       1.92650856E-04
  -3.87299991       1.92506996E-04
  -3.87199998       1.92383712E-04
  -3.87100005       1.92323903E-04
  -3.86999989       1.92366439E-04
  -3.86899996       1.92546300E-04
  -3.86800003       1.92894688E-04
  -3.86700010       1.93439148E-04
  -3.86599994       1.93779648E-04
  -3.86500001       1.93946340E-04
  -3.86400008       1.94174689E-04
  -3.86299992       1.94483131E-04
  -3.86199999       1.94886903E-04
  -3.86100006       1.95398083E-04
  -3.85999990       1.96025692E-04
  -3.85899997       1.96775771E-04
  -3.85800004       1.97452071E-04
  -3.85700011       1.98059526E-04
  -3.85599995       1.98600319E-04
  -3.85500002       1.99073926E-04
  -3.85400009       1.99477232E-04
  -3.85299993       1.99996604E-04
  -3.85200000       2.00619572E-04
  -3.85100007       2.01142335E-04
  -3.84999990       2.01552262E-04
  -3.84899998       2.01834511E-04
  -3.84800005       2.02156894E-04
  -3.84699988       2.02496187E-04
  -3.84599996       2.02827228E-04
  -3.84500003       2.03303658E-04
  -3.84400010       2.03892574E-04
  -3.84299994       2.04381489E-04
  -3.84200001       2.04738288E-04
  -3.84100008       2.05104516E-04
  -3.83999991       2.05440971E-04
  -3.83899999       2.05707023E-04
  -3.83800006       2.06032026E-04
  -3.83699989       2.06368801E-04
  -3.83599997       2.06837780E-04
  -3.83500004       2.07218240E-04
  -3.83400011       2.07459685E-04
  -3.83299994       2.07675563E-04
  -3.83200002       2.07809644E-04
  -3.83100009       2.07967343E-04
  -3.82999992       2.08248312E-04
  -3.82900000       2.08586658E-04
  -3.82800007       2.09074642E-04
  -3.82699990       2.09483973E-04
  -3.82599998       2.09747071E-04
  -3.82500005       2.09951104E-04
  -3.82399988       2.10178128E-04
  -3.82299995       2.10505183E-04
  -3.82200003       2.10852711E-04
  -3.82100010       2.11291583E-04
  -3.81999993       2.11887993E-04
  -3.81900001       2.12406885E-04
  -3.81800008       2.12912157E-04
  -3.81699991       2.13317166E-04
  -3.81599998       2.13680381E-04
  -3.81500006       2.14056068E-04
  -3.81399989       2.14494328E-04
  -3.81299996       2.15041291E-04
  -3.81200004       2.15457607E-04
  -3.81100011       2.15788023E-04
  -3.80999994       2.16073429E-04
  -3.80900002       2.16351065E-04
  -3.80800009       2.16654546E-04
  -3.80699992       2.17013978E-04
  -3.80599999       2.17456094E-04
  -3.80500007       2.18004323E-04
  -3.80399990       2.18413785E-04
  -3.80299997       2.18707544E-04
  -3.80200005       2.18905494E-04
  -3.80100012       2.19024529E-04
  -3.79999995       2.19207184E-04
  -3.79900002       2.19461654E-04
  -3.79800010       2.19793394E-04
  -3.79699993       2.20205227E-04
  -3.79600000       2.20572576E-04
  -3.79500008       2.20896021E-04
  -3.79399991       2.21173628E-04
  -3.79299998       2.21401118E-04
  -3.79200006       2.21693030E-04
  -3.79099989       2.22037823E-04
  -3.78999996       2.22421848E-04
  -3.78900003       2.22947841E-04
  -3.78800011       2.23477924E-04
  -3.78699994       2.23875846E-04
  -3.78600001       2.24238625E-04
  -3.78500009       2.24657939E-04
  -3.78399992       2.24992225E-04
  -3.78299999       2.25328113E-04
  -3.78200006       2.25747295E-04
  -3.78099990       2.26326592E-04
  -3.77999997       2.26695236E-04
  -3.77900004       2.26930584E-04
  -3.77800012       2.27105382E-04
  -3.77699995       2.27287877E-04
  -3.77600002       2.27541852E-04
  -3.77500010       2.27926852E-04
  -3.77399993       2.28498189E-04
  -3.77300000       2.29096928E-04
  -3.77200007       2.29566445E-04
  -3.77099991       2.29959376E-04
  -3.76999998       2.30324513E-04
  -3.76900005       2.30706821E-04
  -3.76799989       2.31147569E-04
  -3.76699996       2.31684404E-04
  -3.76600003       2.32351493E-04
  -3.76500010       2.33179599E-04
  -3.76399994       2.33999555E-04
  -3.76300001       2.34839943E-04
  -3.76200008       2.35726140E-04
  -3.76099992       2.36680396E-04
  -3.75999999       2.37721921E-04
  -3.75900006       2.38867011E-04
  -3.75799990       2.40129099E-04
  -3.75699997       2.41332207E-04
  -3.75600004       2.42488459E-04
  -3.75500011       2.43607225E-04
  -3.75399995       2.44695373E-04
  -3.75300002       2.45757139E-04
  -3.75200009       2.46794400E-04
  -3.75099993       2.47806631E-04
  -3.75000000       2.48968165E-04
  -3.74900007       2.49918259E-04
  -3.74799991       2.50828190E-04
  -3.74699998       2.51688645E-04
  -3.74600005       2.52488302E-04
  -3.74499989       2.53213802E-04
  -3.74399996       2.54019455E-04
  -3.74300003       2.54884479E-04
  -3.74200010       2.55786406E-04
  -3.74099994       2.56535248E-04
  -3.74000001       2.57273525E-04
  -3.73900008       2.57973879E-04
  -3.73799992       2.58607528E-04
  -3.73699999       2.59305205E-04
  -3.73600006       2.60031724E-04
  -3.73499990       2.60750676E-04
  -3.73399997       2.61581852E-04
  -3.73300004       2.62326677E-04
  -3.73200011       2.62945308E-04
  -3.73099995       2.63550697E-04
  -3.73000002       2.64097471E-04
  -3.72900009       2.64691043E-04
  -3.72799993       2.65280862E-04
  -3.72700000       2.65965122E-04
  -3.72600007       2.66688468E-04
  -3.72499990       2.67247495E-04
  -3.72399998       2.67735100E-04
  -3.72300005       2.68093951E-04
  -3.72199988       2.68410397E-04
  -3.72099996       2.68766045E-04
  -3.72000003       2.69095792E-04
  -3.71900010       2.69475247E-04
  -3.71799994       2.69975571E-04
  -3.71700001       2.70385703E-04
  -3.71600008       2.70774384E-04
  -3.71499991       2.71069177E-04
  -3.71399999       2.71333498E-04
  -3.71300006       2.71626632E-04
  -3.71199989       2.72004050E-04
  -3.71099997       2.72384321E-04
  -3.71000004       2.72818201E-04
  -3.70900011       2.73090729E-04
  -3.70799994       2.73251062E-04
  -3.70700002       2.73344805E-04
  -3.70600009       2.73414073E-04
  -3.70499992       2.73497542E-04
  -3.70400000       2.73630576E-04
  -3.70300007       2.73845333E-04
  -3.70199990       2.74170859E-04
  -3.70099998       2.74385966E-04
  -3.70000005       2.74519029E-04
  -3.69899988       2.74595455E-04
  -3.69799995       2.74637772E-04
  -3.69700003       2.74665654E-04
  -3.69600010       2.74755672E-04
  -3.69499993       2.74861697E-04
  -3.69400001       2.75112834E-04
  -3.69300008       2.75399245E-04
  -3.69199991       2.75612023E-04
  -3.69099998       2.75872968E-04
  -3.69000006       2.76070175E-04
  -3.68899989       2.76319246E-04
  -3.68799996       2.76505511E-04
  -3.68700004       2.76738574E-04
  -3.68600011       2.77122803E-04
  -3.68499994       2.77537416E-04
  -3.68400002       2.77862913E-04
  -3.68300009       2.78197957E-04
  -3.68199992       2.78420950E-04
  -3.68099999       2.78625434E-04
  -3.68000007       2.78899999E-04
  -3.67899990       2.79328669E-04
  -3.67799997       2.79781816E-04
  -3.67700005       2.80338922E-04
  -3.67600012       2.80869019E-04
  -3.67499995       2.81242828E-04
  -3.67400002       2.81535700E-04
  -3.67300010       2.81818706E-04
  -3.67199993       2.82158871E-04
  -3.67100000       2.82619119E-04
  -3.67000008       2.83061236E-04
  -3.66899991       2.83544650E-04
  -3.66799998       2.83930596E-04
  -3.66700006       2.84275186E-04
  -3.66599989       2.84630863E-04
  -3.66499996       2.85046524E-04
  -3.66400003       2.85567512E-04
  -3.66300011       2.86048249E-04
  -3.66199994       2.86531460E-04
  -3.66100001       2.87056522E-04
  -3.66000009       2.87476112E-04
  -3.65899992       2.87827279E-04
  -3.65799999       2.88143929E-04
  -3.65700006       2.88456911E-04
  -3.65599990       2.88794196E-04
  -3.65499997       2.89180840E-04
  -3.65400004       2.89639167E-04
  -3.65300012       2.90188764E-04
  -3.65199995       2.90673343E-04
  -3.65100002       2.91111035E-04
  -3.65000010       2.91517383E-04
  -3.64899993       2.91905511E-04
  -3.64800000       2.92286015E-04
  -3.64700007       2.92667304E-04
  -3.64599991       2.93055375E-04
  -3.64499998       2.93618737E-04
  -3.64400005       2.94028607E-04
  -3.64299989       2.94288126E-04
  -3.64199996       2.94559519E-04
  -3.64100003       2.94838421E-04
  -3.64000010       2.95118516E-04
  -3.63899994       2.95391685E-04
  -3.63800001       2.95804581E-04
  -3.63700008       2.96342245E-04
  -3.63599992       2.96833692E-04
  -3.63499999       2.97263963E-04
  -3.63400006       2.97616643E-04
  -3.63299990       2.97873747E-04
  -3.63199997       2.98165862E-04
  -3.63100004       2.98468891E-04
  -3.63000011       2.98757455E-04
  -3.62899995       2.99151696E-04
  -3.62800002       2.99620588E-04
  -3.62700009       2.99987267E-04
  -3.62599993       3.00221524E-04
  -3.62500000       3.00434825E-04
  -3.62400007       3.00591812E-04
  -3.62299991       3.00796790E-04
  -3.62199998       3.01009510E-04
  -3.62100005       3.01327556E-04
  -3.61999989       3.01706052E-04
  -3.61899996       3.01962747E-04
  -3.61800003       3.02190019E-04
  -3.61700010       3.02340923E-04
  -3.61599994       3.02501692E-04
  -3.61500001       3.02621367E-04
  -3.61400008       3.02780274E-04
  -3.61299992       3.03054665E-04
  -3.61199999       3.03386536E-04
  -3.61100006       3.03588429E-04
  -3.60999990       3.03732726E-04
  -3.60899997       3.03887704E-04
  -3.60800004       3.03991575E-04
  -3.60700011       3.04107671E-04
  -3.60599995       3.04295769E-04
  -3.60500002       3.04488145E-04
  -3.60400009       3.04740010E-04
  -3.60299993       3.04859102E-04
  -3.60200000       3.04898858E-04
  -3.60100007       3.04909336E-04
  -3.59999990       3.04937246E-04
  -3.59899998       3.05085385E-04
  -3.59800005       3.05216265E-04
  -3.59699988       3.05486581E-04
  -3.59599996       3.05814523E-04
  -3.59500003       3.06349160E-04
  -3.59400010       3.06775764E-04
  -3.59299994       3.07240931E-04
  -3.59200001       3.07659677E-04
  -3.59100008       3.08171497E-04
  -3.58999991       3.08687653E-04
  -3.58899999       3.09340801E-04
  -3.58800006       3.10038769E-04
  -3.58699989       3.10907722E-04
  -3.58599997       3.11635929E-04
  -3.58500004       3.12347955E-04
  -3.58400011       3.12949793E-04
  -3.58299994       3.13559896E-04
  -3.58200002       3.14081408E-04
  -3.58100009       3.14626959E-04
  -3.57999992       3.15304205E-04
  -3.57900000       3.16010090E-04
  -3.57800007       3.16642545E-04
  -3.57699990       3.17100523E-04
  -3.57599998       3.17485479E-04
  -3.57500005       3.17894155E-04
  -3.57399988       3.18220118E-04
  -3.57299995       3.18555307E-04
  -3.57200003       3.18987295E-04
  -3.57100010       3.19599261E-04
  -3.56999993       3.20277148E-04
  -3.56900001       3.20908119E-04
  -3.56800008       3.21380678E-04
  -3.56699991       3.21773725E-04
  -3.56599998       3.22162145E-04
  -3.56500006       3.22616979E-04
  -3.56399989       3.23205342E-04
  -3.56299996       3.23806860E-04
  -3.56200004       3.24485154E-04
  -3.56100011       3.25119036E-04
  -3.55999994       3.25588771E-04
  -3.55900002       3.25955014E-04
  -3.55800009       3.26274894E-04
  -3.55699992       3.26602167E-04
  -3.55599999       3.26987356E-04
  -3.55500007       3.27477668E-04
  -3.55399990       3.28117225E-04
  -3.55299997       3.28604248E-04
  -3.55200005       3.28983966E-04
  -3.55100012       3.29298608E-04
  -3.54999995       3.29587405E-04
  -3.54900002       3.29886796E-04
  -3.54800010       3.30230338E-04
  -3.54699993       3.30648909E-04
  -3.54600000       3.31170741E-04
  -3.54500008       3.31821386E-04
  -3.54399991       3.32302094E-04
  -3.54299998       3.32640222E-04
  -3.54200006       3.32860596E-04
  -3.54099989       3.33143253E-04
  -3.53999996       3.33505013E-04
  -3.53900003       3.33960372E-04
  -3.53800011       3.34521639E-04
  -3.53699994       3.35199060E-04
  -3.53600001       3.35696328E-04
  -3.53500009       3.36177036E-04
  -3.53399992       3.36648402E-04
  -3.53299999       3.37115722E-04
  -3.53200006       3.37582402E-04
  -3.53099990       3.38049984E-04
  -3.52999997       3.38518206E-04
  -3.52900004       3.39130027E-04
  -3.52800012       3.39878810E-04
  -3.52699995       3.40470287E-04
  -3.52600002       3.41042585E-04
  -3.52500010       3.41587234E-04
  -3.52399993       3.42094310E-04
  -3.52300000       3.42552463E-04
  -3.52200007       3.43086955E-04
  -3.52099991       3.43680818E-04
  -3.51999998       3.44315718E-04
  -3.51900005       3.44836910E-04
  -3.51799989       3.45226494E-04
  -3.51699996       3.45598761E-04
  -3.51600003       3.45930661E-04
  -3.51500010       3.46329645E-04
  -3.51399994       3.46767862E-04
  -3.51300001       3.47216497E-04
  -3.51200008       3.47774650E-04
  -3.51099992       3.48409027E-04
  -3.50999999       3.48958507E-04
  -3.50900006       3.49390757E-04
  -3.50799990       3.49798123E-04
  -3.50699997       3.50144197E-04
  -3.50600004       3.50515475E-04
  -3.50500011       3.50994465E-04
  -3.50399995       3.51537776E-04
  -3.50300002       3.52222502E-04
  -3.50200009       3.52761330E-04
  -3.50099993       3.53231240E-04
  -3.50000000       3.53764830E-04
  -3.49900007       3.54253774E-04
  -3.49799991       3.54649586E-04
  -3.49699998       3.55135737E-04
  -3.49600005       3.55658238E-04
  -3.49499989       3.56163015E-04
  -3.49399996       3.56823235E-04
  -3.49300003       3.57353740E-04
  -3.49200010       3.57924349E-04
  -3.49099994       3.58475692E-04
  -3.49000001       3.58948397E-04
  -3.48900008       3.59502883E-04
  -3.48799992       3.60075239E-04
  -3.48699999       3.60818405E-04
  -3.48600006       3.61664162E-04
  -3.48499990       3.62330640E-04
  -3.48399997       3.62966734E-04
  -3.48300004       3.63504834E-04
  -3.48200011       3.64086940E-04
  -3.48099995       3.64641601E-04
  -3.48000002       3.65304266E-04
  -3.47900009       3.65999789E-04
  -3.47799993       3.66857334E-04
  -3.47700000       3.67798348E-04
  -3.47600007       3.68543784E-04
  -3.47499990       3.69219866E-04
  -3.47399998       3.69947928E-04
  -3.47300005       3.70647263E-04
  -3.47199988       3.71433533E-04
  -3.47099996       3.72223236E-04
  -3.47000003       3.73126473E-04
  -3.46900010       3.74057156E-04
  -3.46799994       3.74929805E-04
  -3.46700001       3.75659700E-04
  -3.46600008       3.76350654E-04
  -3.46499991       3.76915501E-04
  -3.46399999       3.77453223E-04
  -3.46300006       3.78058437E-04
  -3.46199989       3.78638913E-04
  -3.46099997       3.79284815E-04
  -3.46000004       3.80082260E-04
  -3.45900011       3.80755344E-04
  -3.45799994       3.81389662E-04
  -3.45700002       3.81890393E-04
  -3.45600009       3.82339029E-04
  -3.45499992       3.82813392E-04
  -3.45400000       3.83387553E-04
  -3.45300007       3.83960229E-04
  -3.45199990       3.84601881E-04
  -3.45099998       3.85040446E-04
  -3.45000005       3.85346444E-04
  -3.44899988       3.85586987E-04
  -3.44799995       3.85825813E-04
  -3.44700003       3.86123371E-04
  -3.44600010       3.86373111E-04
  -3.44499993       3.86632484E-04
  -3.44400001       3.86955886E-04
  -3.44300008       3.87394684E-04
  -3.44199991       3.87678301E-04
  -3.44099998       3.87858745E-04
  -3.44000006       3.87985026E-04
  -3.43899989       3.88103450E-04
  -3.43799996       3.88257467E-04
  -3.43700004       3.88487795E-04
  -3.43600011       3.88832588E-04
  -3.43499994       3.89327324E-04
  -3.43400002       3.90005036E-04
  -3.43300009       3.90596106E-04
  -3.43199992       3.91134759E-04
  -3.43099999       3.91652778E-04
  -3.43000007       3.92179587E-04
  -3.42899990       3.92742280E-04
  -3.42799997       3.93365714E-04
  -3.42700005       3.94072558E-04
  -3.42600012       3.94883333E-04
  -3.42499995       3.95532086E-04
  -3.42400002       3.96040996E-04
  -3.42300010       3.96430114E-04
  -3.42199993       3.96717456E-04
  -3.42100000       3.97057564E-04
  -3.42000008       3.97461845E-04
  -3.41899991       3.97939846E-04
  -3.41799998       3.98499396E-04
  -3.41700006       3.99146578E-04
  -3.41599989       3.99618148E-04
  -3.41499996       4.00055200E-04
  -3.41400003       4.00461577E-04
  -3.41300011       4.00839461E-04
  -3.41199994       4.01189551E-04
  -3.41100001       4.01511119E-04
  -3.41000009       4.01930360E-04
  -3.40899992       4.02441074E-04
  -3.40799999       4.03035665E-04
  -3.40700006       4.03579295E-04
  -3.40599990       4.04064369E-04
  -3.40499997       4.04482009E-04
  -3.40400004       4.04822174E-04
  -3.40300012       4.05196188E-04
  -3.40199995       4.05589206E-04
  -3.40100002       4.05985309E-04
  -3.40000010       4.06487670E-04
  -3.39899993       4.07075917E-04
  -3.39800000       4.07610147E-04
  -3.39700007       4.08070511E-04
  -3.39599991       4.08436172E-04
  -3.39499998       4.08685533E-04
  -3.39400005       4.09026979E-04
  -3.39299989       4.09432629E-04
  -3.39199996       4.09873755E-04
  -3.39100003       4.10321081E-04
  -3.39000010       4.10744542E-04
  -3.38899994       4.11113491E-04
  -3.38800001       4.11396672E-04
  -3.38700008       4.11562185E-04
  -3.38599992       4.11796558E-04
  -3.38499999       4.12062422E-04
  -3.38400006       4.12321999E-04
  -3.38299990       4.12751717E-04
  -3.38199997       4.13308619E-04
  -3.38100004       4.13737755E-04
  -3.38000011       4.13999835E-04
  -3.37899995       4.14264156E-04
  -3.37800002       4.14486567E-04
  -3.37700009       4.14622686E-04
  -3.37599993       4.14832757E-04
  -3.37500000       4.15067858E-04
  -3.37400007       4.15279064E-04
  -3.37299991       4.15617949E-04
  -3.37199998       4.15831892E-04
  -3.37100005       4.15871618E-04
  -3.36999989       4.15884628E-04
  -3.36899996       4.15817602E-04
  -3.36800003       4.15811519E-04
  -3.36700010       4.15809278E-04
  -3.36599994       4.15945571E-04
  -3.36500001       4.16159746E-04
  -3.36400008       4.16391296E-04
  -3.36299992       4.16579947E-04
  -3.36199999       4.16665629E-04
  -3.36100006       4.16773837E-04
  -3.35999990       4.16841329E-04
  -3.35899997       4.16988012E-04
  -3.35800004       4.17147530E-04
  -3.35700011       4.17434523E-04
  -3.35599995       4.17779753E-04
  -3.35500002       4.18292650E-04
  -3.35400009       4.18724347E-04
  -3.35299993       4.19006945E-04
  -3.35200000       4.19247692E-04
  -3.35100007       4.19549731E-04
  -3.34999990       4.19839722E-04
  -3.34899998       4.20216151E-04
  -3.34800005       4.20603377E-04
  -3.34699988       4.21095436E-04
  -3.34599996       4.21614648E-04
  -3.34500003       4.22083889E-04
  -3.34400010       4.22426849E-04
  -3.34299994       4.22732410E-04
  -3.34200001       4.23085876E-04
  -3.34100008       4.23406484E-04
  -3.33999991       4.23775666E-04
  -3.33899999       4.24271362E-04
  -3.33800006       4.24808823E-04
  -3.33699989       4.25462407E-04
  -3.33599997       4.25988750E-04
  -3.33500004       4.26461833E-04
  -3.33400011       4.26952553E-04
  -3.33299994       4.27374296E-04
  -3.33200002       4.27794701E-04
  -3.33100009       4.28278203E-04
  -3.32999992       4.28886357E-04
  -3.32900000       4.29527514E-04
  -3.32800007       4.30260261E-04
  -3.32699990       4.30843938E-04
  -3.32599998       4.31337277E-04
  -3.32500005       4.31796274E-04
  -3.32399988       4.32274130E-04
  -3.32299995       4.32821427E-04
  -3.32200003       4.33342590E-04
  -3.32100010       4.33885783E-04
  -3.31999993       4.34496586E-04
  -3.31900001       4.35218099E-04
  -3.31800008       4.35811497E-04
  -3.31699991       4.36320464E-04
  -3.31599998       4.36786417E-04
  -3.31500006       4.37248294E-04
  -3.31399989       4.37742856E-04
  -3.31299996       4.38304531E-04
  -3.31200004       4.38965595E-04
  -3.31100011       4.39756230E-04
  -3.30999994       4.40704462E-04
  -3.30900002       4.41572687E-04
  -3.30800009       4.42390039E-04
  -3.30699992       4.43183671E-04
  -3.30599999       4.43978759E-04
  -3.30500007       4.44798556E-04
  -3.30399990       4.45664424E-04
  -3.30299997       4.46595950E-04
  -3.30200005       4.47610830E-04
  -3.30100012       4.48725128E-04
  -3.29999995       4.49704559E-04
  -3.29900002       4.50566557E-04
  -3.29800010       4.51326981E-04
  -3.29699993       4.52121923E-04
  -3.29600000       4.52961569E-04
  -3.29500008       4.53854620E-04
  -3.29399991       4.54808294E-04
  -3.29299998       4.55828325E-04
  -3.29200006       4.57037066E-04
  -3.29099989       4.58200695E-04
  -3.28999996       4.59323084E-04
  -3.28900003       4.60406853E-04
  -3.28800011       4.61453252E-04
  -3.28699994       4.62462282E-04
  -3.28600001       4.63432778E-04
  -3.28500009       4.64362296E-04
  -3.28399992       4.65471472E-04
  -3.28299999       4.66751226E-04
  -3.28200006       4.67970211E-04
  -3.28099990       4.69121645E-04
  -3.27999997       4.70197643E-04
  -3.27900004       4.71189414E-04
  -3.27800012       4.72087064E-04
  -3.27699995       4.73094144E-04
  -3.27600002       4.74194763E-04
  -3.27500010       4.75372304E-04
  -3.27399993       4.76609275E-04
  -3.27300000       4.77678608E-04
  -3.27200007       4.78565315E-04
  -3.27099991       4.79459733E-04
  -3.26999998       4.80341405E-04
  -3.26900005       4.81189112E-04
  -3.26799989       4.81981027E-04
  -3.26699996       4.82895557E-04
  -3.26600003       4.83905780E-04
  -3.26500010       4.84984164E-04
  -3.26399994       4.85905679E-04
  -3.26300001       4.86841367E-04
  -3.26200008       4.87762270E-04
  -3.26099992       4.88638936E-04
  -3.25999999       4.89441503E-04
  -3.25900006       4.90330451E-04
  -3.25799990       4.91271436E-04
  -3.25699997       4.92229883E-04
  -3.25600004       4.93357948E-04
  -3.25500011       4.94430773E-04
  -3.25399995       4.95412794E-04
  -3.25300002       4.96268214E-04
  -3.25200009       4.97143541E-04
  -3.25099993       4.97999019E-04
  -3.25000000       4.98794718E-04
  -3.24900007       4.99669637E-04
  -3.24799991       5.00580121E-04
  -3.24699998       5.01659291E-04
  -3.24600005       5.02684386E-04
  -3.24499989       5.03611576E-04
  -3.24399996       5.04397147E-04
  -3.24300003       5.05169504E-04
  -3.24200010       5.05881559E-04
  -3.24099994       5.06656303E-04
  -3.24000001       5.07443503E-04
  -3.23900008       5.08360972E-04
  -3.23799992       5.09355508E-04
  -3.23699999       5.10208134E-04
  -3.23600006       5.11033926E-04
  -3.23499990       5.11780207E-04
  -3.23399997       5.12557162E-04
  -3.23300004       5.13309438E-04
  -3.23200011       5.14142448E-04
  -3.23099995       5.14998334E-04
  -3.23000002       5.15978085E-04
  -3.22900009       5.17021341E-04
  -3.22799993       5.18224901E-04
  -3.22700000       5.19370486E-04
  -3.22600007       5.20398957E-04
  -3.22499990       5.21405193E-04
  -3.22399998       5.22327842E-04
  -3.22300005       5.23257768E-04
  -3.22199988       5.24282397E-04
  -3.22099996       5.25336014E-04
  -3.22000003       5.26502379E-04
  -3.21900010       5.27713913E-04
  -3.21799994       5.28756762E-04
  -3.21700001       5.29713288E-04
  -3.21600008       5.30663005E-04
  -3.21499991       5.31537808E-04
  -3.21399999       5.32413658E-04
  -3.21300006       5.33363549E-04
  -3.21199989       5.34315885E-04
  -3.21099997       5.35340456E-04
  -3.21000004       5.36504260E-04
  -3.20900011       5.37593616E-04
  -3.20799994       5.38537162E-04
  -3.20700002       5.39401430E-04
  -3.20600009       5.40250039E-04
  -3.20499992       5.41144167E-04
  -3.20400000       5.42007620E-04
  -3.20300007       5.42898837E-04
  -3.20199990       5.43873699E-04
  -3.20099998       5.44985523E-04
  -3.20000005       5.46022784E-04
  -3.19899988       5.46908646E-04
  -3.19799995       5.47696545E-04
  -3.19700003       5.48437587E-04
  -3.19600010       5.49180608E-04
  -3.19499993       5.49972174E-04
  -3.19400001       5.50856406E-04
  -3.19300008       5.51749952E-04
  -3.19199991       5.52695012E-04
  -3.19099998       5.53731748E-04
  -3.19000006       5.54651779E-04
  -3.18899989       5.55495790E-04
  -3.18799996       5.56302315E-04
  -3.18700004       5.57107967E-04
  -3.18600011       5.57947380E-04
  -3.18499994       5.58853266E-04
  -3.18400002       5.59915788E-04
  -3.18300009       5.61044901E-04
  -3.18199992       5.62327390E-04
  -3.18099999       5.63555863E-04
  -3.18000007       5.64758200E-04
  -3.17899990       5.65960887E-04
  -3.17799997       5.67188428E-04
  -3.17700005       5.68463875E-04
  -3.17600012       5.69808530E-04
  -3.17499995       5.71242126E-04
  -3.17400002       5.72782883E-04
  -3.17300010       5.74447564E-04
  -3.17199993       5.76031103E-04
  -3.17100000       5.77551313E-04
  -3.17000008       5.79024665E-04
  -3.16899991       5.80466178E-04
  -3.16799998       5.81889472E-04
  -3.16700006       5.83306712E-04
  -3.16599989       5.84728783E-04
  -3.16499996       5.86165406E-04
  -3.16400003       5.87624905E-04
  -3.16300011       5.89114323E-04
  -3.16199994       5.90432668E-04
  -3.16100001       5.91588498E-04
  -3.16000009       5.92589204E-04
  -3.15899992       5.93644159E-04
  -3.15799999       5.94754703E-04
  -3.15700006       5.95921068E-04
  -3.15599990       5.97142498E-04
  -3.15499997       5.98417188E-04
  -3.15400004       5.99742460E-04
  -3.15300012       6.00918836E-04
  -3.15199995       6.01945270E-04
  -3.15100002       6.02819899E-04
  -3.15000010       6.03731896E-04
  -3.14899993       6.04673987E-04
  -3.14800000       6.05638023E-04
  -3.14700007       6.06615038E-04
  -3.14599991       6.07595313E-04
  -3.14499998       6.08568313E-04
  -3.14400005       6.09708019E-04
  -3.14299989       6.10815012E-04
  -3.14199996       6.11876720E-04
  -3.14100003       6.12879870E-04
  -3.14000010       6.13810495E-04
  -3.13899994       6.14654040E-04
  -3.13800001       6.15573779E-04
  -3.13700008       6.16550678E-04
  -3.13599992       6.17565063E-04
  -3.13499999       6.18596969E-04
  -3.13400006       6.19451632E-04
  -3.13299990       6.20284292E-04
  -3.13199997       6.21073414E-04
  -3.13100004       6.21796993E-04
  -3.13000011       6.22432621E-04
  -3.12899995       6.23126398E-04
  -3.12800002       6.23851898E-04
  -3.12700009       6.24582579E-04
  -3.12599993       6.25457207E-04
  -3.12500000       6.26445457E-04
  -3.12400007       6.27353089E-04
  -3.12299991       6.28152397E-04
  -3.12199998       6.28815324E-04
  -3.12100005       6.29474293E-04
  -3.11999989       6.30097813E-04
  -3.11899996       6.30813011E-04
  -3.11800003       6.31585135E-04
  -3.11700010       6.32379320E-04
  -3.11599994       6.33316580E-04
  -3.11500001       6.34203956E-04
  -3.11400008       6.35006407E-04
  -3.11299992       6.35688717E-04
  -3.11199999       6.36367709E-04
  -3.11100006       6.37005258E-04
  -3.10999990       6.37713529E-04
  -3.10899997       6.38451602E-04
  -3.10800004       6.39178674E-04
  -3.10700011       6.40001555E-04
  -3.10599995       6.40876824E-04
  -3.10500002       6.41615479E-04
  -3.10400009       6.42321771E-04
  -3.10299993       6.42952684E-04
  -3.10200000       6.43608277E-04
  -3.10100007       6.44243264E-04
  -3.09999990       6.44953630E-04
  -3.09899998       6.45691762E-04
  -3.09800005       6.46549859E-04
  -3.09699988       6.47478271E-04
  -3.09599996       6.48565416E-04
  -3.09500003       6.49485330E-04
  -3.09400010       6.50327886E-04
  -3.09299994       6.51179871E-04
  -3.09200001       6.51990471E-04
  -3.09100008       6.52842980E-04
  -3.08999991       6.53684780E-04
  -3.08899999       6.54595846E-04
  -3.08800006       6.55521813E-04
  -3.08699989       6.56539516E-04
  -3.08599997       6.57463039E-04
  -3.08500004       6.58239471E-04
  -3.08400011       6.58944249E-04
  -3.08299994       6.59650308E-04
  -3.08200002       6.60301186E-04
  -3.08100009       6.60966791E-04
  -3.07999992       6.61714468E-04
  -3.07900000       6.62484672E-04
  -3.07800007       6.63342013E-04
  -3.07699990       6.64348714E-04
  -3.07599998       6.65197789E-04
  -3.07500005       6.65953383E-04
  -3.07399988       6.66677137E-04
  -3.07299995       6.67308224E-04
  -3.07200003       6.67905901E-04
  -3.07100010       6.68527035E-04
  -3.06999993       6.69226283E-04
  -3.06900001       6.70056033E-04
  -3.06800008       6.71066635E-04
  -3.06699991       6.72074733E-04
  -3.06599998       6.72900409E-04
  -3.06500006       6.73596049E-04
  -3.06399989       6.74211944E-04
  -3.06299996       6.74796232E-04
  -3.06200004       6.75395189E-04
  -3.06100011       6.76053052E-04
  -3.05999994       6.76812138E-04
  -3.05900002       6.77712786E-04
  -3.05800009       6.78793644E-04
  -3.05699992       6.79655408E-04
  -3.05599999       6.80340920E-04
  -3.05500007       6.80891040E-04
  -3.05399990       6.81345002E-04
  -3.05299997       6.81740232E-04
  -3.05200005       6.82112353E-04
  -3.05100012       6.82495476E-04
  -3.04999995       6.82921847E-04
  -3.04900002       6.83422200E-04
  -3.04800010       6.84025639E-04
  -3.04699993       6.84554398E-04
  -3.04600000       6.85038220E-04
  -3.04500008       6.85505220E-04
  -3.04399991       6.85982115E-04
  -3.04299998       6.86494110E-04
  -3.04200006       6.87064952E-04
  -3.04099989       6.87717053E-04
  -3.03999996       6.88471366E-04
  -3.03900003       6.89347449E-04
  -3.03800011       6.90363755E-04
  -3.03699994       6.91343681E-04
  -3.03600001       6.92306494E-04
  -3.03500009       6.93270122E-04
  -3.03399992       6.94251212E-04
  -3.03299999       6.95265306E-04
  -3.03200006       6.96326490E-04
  -3.03099990       6.97448035E-04
  -3.02999997       6.98641757E-04
  -3.02900004       6.99918543E-04
  -3.02800012       7.01288169E-04
  -3.02699995       7.02576945E-04
  -3.02600002       7.03795755E-04
  -3.02500010       7.04954437E-04
  -3.02399993       7.06061721E-04
  -3.02300000       7.07125466E-04
  -3.02200007       7.08152424E-04
  -3.02099991       7.09148415E-04
  -3.01999998       7.10293243E-04
  -3.01900005       7.11587723E-04
  -3.01799989       7.13031972E-04
  -3.01699996       7.14453286E-04
  -3.01600003       7.15853123E-04
  -3.01500010       7.17232062E-04
  -3.01399994       7.18589814E-04
  -3.01300001       7.19925505E-04
  -3.01200008       7.21237215E-04
  -3.01099992       7.22522440E-04
  -3.00999999       7.23942823E-04
  -3.00900006       7.25491438E-04
  -3.00799990       7.26834929E-04
  -3.00699997       7.28132785E-04
  -3.00600004       7.29379070E-04
  -3.00500011       7.30567146E-04
  -3.00399995       7.31689797E-04
  -3.00300002       7.32739165E-04
  -3.00200009       7.33864028E-04
  -3.00099993       7.35052687E-04
  -3.00000000       7.36292859E-04
  -2.99900007       7.37571740E-04
  -2.99799991       7.38722389E-04
  -2.99699998       7.39733863E-04
  -2.99600005       7.40746327E-04
  -2.99499989       7.41745171E-04
  -2.99399996       7.42715201E-04
  -2.99300003       7.43640994E-04
  -2.99200010       7.44654797E-04
  -2.99099994       7.45737751E-04
  -2.99000001       7.46870588E-04
  -2.98900008       7.48033694E-04
  -2.98799992       7.49062339E-04
  -2.98699999       7.49938830E-04
  -2.98600006       7.50788371E-04
  -2.98499990       7.51590065E-04
  -2.98399997       7.52322958E-04
  -2.98300004       7.53106258E-04
  -2.98200011       7.53915985E-04
  -2.98099995       7.54727866E-04
  -2.98000002       7.55655696E-04
  -2.97900009       7.56672409E-04
  -2.97799993       7.57614267E-04
  -2.97700000       7.58456241E-04
  -2.97600007       7.59173359E-04
  -2.97499990       7.59874529E-04
  -2.97399998       7.60532042E-04
  -2.97300005       7.61250907E-04
  -2.97199988       7.62000796E-04
  -2.97099996       7.62751501E-04
  -2.97000003       7.63603079E-04
  -2.96900010       7.64522993E-04
  -2.96799994       7.65349658E-04
  -2.96700001       7.66052748E-04
  -2.96600008       7.66729354E-04
  -2.96499991       7.67346763E-04
  -2.96399999       7.67998397E-04
  -2.96300006       7.68649508E-04
  -2.96199989       7.69265520E-04
  -2.96099997       7.69935490E-04
  -2.96000004       7.70622806E-04
  -2.95900011       7.71413324E-04
  -2.95799994       7.72025203E-04
  -2.95700002       7.72545172E-04
  -2.95600009       7.72937026E-04
  -2.95499992       7.73284351E-04
  -2.95400000       7.73667940E-04
  -2.95300007       7.74225162E-04
  -2.95199990       7.74737040E-04
  -2.95099998       7.75280991E-04
  -2.95000005       7.75931810E-04
  -2.94899988       7.76761910E-04
  -2.94799995       7.77382171E-04
  -2.94700003       7.77868205E-04
  -2.94600010       7.78293121E-04
  -2.94499993       7.78727757E-04
  -2.94400001       7.79240567E-04
  -2.94300008       7.79674738E-04
  -2.94199991       7.80098024E-04
  -2.94099998       7.80576025E-04
  -2.94000006       7.81172072E-04
  -2.93899989       7.81947398E-04
  -2.93799996       7.82744202E-04
  -2.93700004       7.83407886E-04
  -2.93600011       7.84000731E-04
  -2.93499994       7.84582866E-04
  -2.93400002       7.85212498E-04
  -2.93300009       7.85735203E-04
  -2.93199992       7.86208780E-04
  -2.93099999       7.86688877E-04
  -2.93000007       7.87229394E-04
  -2.92899990       7.87882193E-04
  -2.92799997       7.88697216E-04
  -2.92700005       7.89315847E-04
  -2.92600012       7.89791346E-04
  -2.92499995       7.90175167E-04
  -2.92400002       7.90516962E-04
  -2.92300010       7.90864520E-04
  -2.92199993       7.91263883E-04
  -2.92100000       7.91759347E-04
  -2.92000008       7.92393635E-04
  -2.91899991       7.93013314E-04
  -2.91799998       7.93661049E-04
  -2.91700006       7.94185791E-04
  -2.91599989       7.94630090E-04
  -2.91499996       7.95035157E-04
  -2.91400003       7.95440341E-04
  -2.91300011       7.95883650E-04
  -2.91199994       7.96401349E-04
  -2.91100001       7.97028420E-04
  -2.91000009       7.97798275E-04
  -2.90899992       7.98559224E-04
  -2.90799999       7.99345085E-04
  -2.90700006       8.00006615E-04
  -2.90599990       8.00577691E-04
  -2.90499997       8.01090908E-04
  -2.90400004       8.01577407E-04
  -2.90300012       8.02067050E-04
  -2.90199995       8.02588242E-04
  -2.90100002       8.03168281E-04
  -2.90000010       8.03832954E-04
  -2.89899993       8.04607000E-04
  -2.89800000       8.05513817E-04
  -2.89700007       8.06232740E-04
  -2.89599991       8.06790777E-04
  -2.89499998       8.07213422E-04
  -2.89400005       8.07525299E-04
  -2.89299989       8.07749573E-04
  -2.89199996       8.07908422E-04
  -2.89100003       8.08022916E-04
  -2.89000010       8.08112905E-04
  -2.88899994       8.08197190E-04
  -2.88800001       8.08293640E-04
  -2.88700008       8.08580953E-04
  -2.88599992       8.08749930E-04
  -2.88499999       8.08818091E-04
  -2.88400006       8.08801793E-04
  -2.88299990       8.08716577E-04
  -2.88199997       8.08576937E-04
  -2.88100004       8.08396435E-04
  -2.88000011       8.08187760E-04
  -2.87899995       8.08117446E-04
  -2.87800002       8.08193814E-04
  -2.87700009       8.08424200E-04
  -2.87599993       8.08510755E-04
  -2.87500000       8.08464305E-04
  -2.87400007       8.08295037E-04
  -2.87299991       8.08161800E-04
  -2.87199998       8.08070705E-04
  -2.87100005       8.08026758E-04
  -2.86999989       8.08034500E-04
  -2.86899996       8.08097597E-04
  -2.86800003       8.08219076E-04
  -2.86700010       8.08401324E-04
  -2.86599994       8.08501907E-04
  -2.86500001       8.08524317E-04
  -2.86400008       8.08471290E-04
  -2.86299992       8.08344863E-04
  -2.86199999       8.08146491E-04
  -2.86100006       8.08016921E-04
  -2.85999990       8.07953998E-04
  -2.85899997       8.07955046E-04
  -2.85800004       8.08016805E-04
  -2.85700011       8.08135374E-04
  -2.85599995       8.08306504E-04
  -2.85500002       8.08389974E-04
  -2.85400009       8.08382698E-04
  -2.85299993       8.08281067E-04
  -2.85200000       8.08214070E-04
  -2.85100007       8.08174955E-04
  -2.84999990       8.08156386E-04
  -2.84899998       8.08150740E-04
  -2.84800005       8.08149809E-04
  -2.84699988       8.08274548E-04
  -2.84599996       8.08513898E-04
  -2.84500003       8.08600395E-04
  -2.84400010       8.08653713E-04
  -2.84299994       8.08663899E-04
  -2.84200001       8.08620476E-04
  -2.84100008       8.08512676E-04
  -2.83999991       8.08454002E-04
  -2.83899999       8.08430894E-04
  -2.83800006       8.08429555E-04
  -2.83699989       8.08558427E-04
  -2.83599997       8.08801095E-04
  -2.83500004       8.09141027E-04
  -2.83400011       8.09320481E-04
  -2.83299994       8.09446268E-04
  -2.83200002       8.09443474E-04
  -2.83100009       8.09356803E-04
  -2.82999992       8.09288293E-04
  -2.82900000       8.09337187E-04
  -2.82800007       8.09366931E-04
  -2.82699990       8.09475197E-04
  -2.82599998       8.09756806E-04
  -2.82500005       8.10074911E-04
  -2.82399988       8.10294994E-04
  -2.82299995       8.10511527E-04
  -2.82200003       8.10591038E-04
  -2.82100010       8.10626603E-04
  -2.81999993       8.10708618E-04
  -2.81900001       8.10703321E-04
  -2.81800008       8.10699770E-04
  -2.81699991       8.10784521E-04
  -2.81599998       8.11041682E-04
  -2.81500006       8.11336038E-04
  -2.81399989       8.11750535E-04
  -2.81299996       8.12151178E-04
  -2.81200004       8.12406302E-04
  -2.81100011       8.12598853E-04
  -2.80999994       8.12809274E-04
  -2.80900002       8.12906015E-04
  -2.80800009       8.12968472E-04
  -2.80699992       8.13073711E-04
  -2.80599999       8.13296705E-04
  -2.80500007       8.13504856E-04
  -2.80399990       8.13772087E-04
  -2.80299997       8.14170169E-04
  -2.80200005       8.14566913E-04
  -2.80100012       8.14832340E-04
  -2.79999995       8.15038453E-04
  -2.79900002       8.15255335E-04
  -2.79800010       8.15550913E-04
  -2.79699993       8.15794570E-04
  -2.79600000       8.16053536E-04
  -2.79500008       8.16392829E-04
  -2.79399991       8.16875778E-04
  -2.79299998       8.17371358E-04
  -2.79200006       8.17750930E-04
  -2.79099989       8.18078290E-04
  -2.78999996       8.18415312E-04
  -2.78900003       8.18633824E-04
  -2.78800011       8.18795175E-04
  -2.78699994       8.18958681E-04
  -2.78600001       8.19181849E-04
  -2.78500009       8.19520617E-04
  -2.78399992       8.19845940E-04
  -2.78299999       8.20213230E-04
  -2.78200006       8.20676039E-04
  -2.78099990       8.21106252E-04
  -2.77999997       8.21377966E-04
  -2.77900004       8.21545662E-04
  -2.77800012       8.21662077E-04
  -2.77699995       8.21778376E-04
  -2.77600002       8.21943977E-04
  -2.77500010       8.22206843E-04
  -2.77399993       8.22440081E-04
  -2.77300000       8.22691247E-04
  -2.77200007       8.23006500E-04
  -2.77099991       8.23430426E-04
  -2.76999998       8.23836541E-04
  -2.76900005       8.24100629E-04
  -2.76799989       8.24268267E-04
  -2.76699996       8.24383751E-04
  -2.76600003       8.24489747E-04
  -2.76500010       8.24627758E-04
  -2.76399994       8.24837654E-04
  -2.76300001       8.25158088E-04
  -2.76200008       8.25626252E-04
  -2.76099992       8.26116593E-04
  -2.75999999       8.26505595E-04
  -2.75900006       8.26831849E-04
  -2.75799990       8.27132608E-04
  -2.75699997       8.27443728E-04
  -2.75600004       8.27800017E-04
  -2.75500011       8.28078366E-04
  -2.75399995       8.28313641E-04
  -2.75300002       8.28539312E-04
  -2.75200009       8.28787684E-04
  -2.75099993       8.29089899E-04
  -2.75000000       8.29475990E-04
  -2.74900007       8.29823315E-04
  -2.74799991       8.30011326E-04
  -2.74699998       8.30071571E-04
  -2.74600005       8.30034318E-04
  -2.74499989       8.29928846E-04
  -2.74399996       8.29783152E-04
  -2.74300003       8.29624420E-04
  -2.74200010       8.29478551E-04
  -2.74099994       8.29370518E-04
  -2.74000001       8.29324301E-04
  -2.73900008       8.29362893E-04
  -2.73799992       8.29365395E-04
  -2.73699999       8.29213182E-04
  -2.73600006       8.28930817E-04
  -2.73499990       8.28541990E-04
  -2.73399997       8.28069285E-04
  -2.73300004       8.27673648E-04
  -2.73200011       8.27373529E-04
  -2.73099995       8.27186683E-04
  -2.73000002       8.27130047E-04
  -2.72900009       8.27219686E-04
  -2.72799993       8.27470678E-04
  -2.72700000       8.27628188E-04
  -2.72600007       8.27710086E-04
  -2.72499990       8.27733485E-04
  -2.72399998       8.27714510E-04
  -2.72300005       8.27668759E-04
  -2.72199988       8.27610784E-04
  -2.72099996       8.27554555E-04
  -2.72000003       8.27513111E-04
  -2.71900010       8.27499025E-04
  -2.71799994       8.27523880E-04
  -2.71700001       8.27598677E-04
  -2.71600008       8.27606709E-04
  -2.71499991       8.27559619E-04
  -2.71399999       8.27468291E-04
  -2.71300006       8.27343029E-04
  -2.71199989       8.27193493E-04
  -2.71099997       8.27028533E-04
  -2.71000004       8.26856529E-04
  -2.70900011       8.26685107E-04
  -2.70799994       8.26643198E-04
  -2.70700002       8.26735341E-04
  -2.70600009       8.26965494E-04
  -2.70499992       8.27097509E-04
  -2.70400000       8.27138079E-04
  -2.70300007       8.27093376E-04
  -2.70199990       8.27086915E-04
  -2.70099998       8.27004493E-04
  -2.70000005       8.26967414E-04
  -2.69899988       8.26861651E-04
  -2.69799995       8.26806296E-04
  -2.69700003       8.26917239E-04
  -2.69600010       8.27079173E-04
  -2.69499993       8.27406126E-04
  -2.69400001       8.27556709E-04
  -2.69300008       8.27646523E-04
  -2.69199991       8.27564218E-04
  -2.69099998       8.27423239E-04
  -2.69000006       8.27334123E-04
  -2.68899989       8.27184354E-04
  -2.68799996       8.27082607E-04
  -2.68700004       8.27134645E-04
  -2.68600011       8.27226962E-04
  -2.68499994       8.27463518E-04
  -2.68400002       8.27731215E-04
  -2.68300009       8.27918819E-04
  -2.68199992       8.27916956E-04
  -2.68099999       8.27829412E-04
  -2.68000007       8.27757409E-04
  -2.67899990       8.27590527E-04
  -2.67799997       8.27428361E-04
  -2.67700005       8.27367883E-04
  -2.67600012       8.27297801E-04
  -2.67499995       8.27313575E-04
  -2.67400002       8.27508164E-04
  -2.67300010       8.27769574E-04
  -2.67199993       8.27987737E-04
  -2.67100000       8.28054384E-04
  -2.67000008       8.28062592E-04
  -2.66899991       8.28103162E-04
  -2.66799998       8.28067132E-04
  -2.66700006       8.28043791E-04
  -2.66599989       8.28120159E-04
  -2.66499996       8.28186749E-04
  -2.66400003       8.28329183E-04
  -2.66300011       8.28630989E-04
  -2.66199994       8.28982214E-04
  -2.66100001       8.29274592E-04
  -2.66000009       8.29401892E-04
  -2.65899992       8.29447992E-04
  -2.65799999       8.29494558E-04
  -2.65700006       8.29434954E-04
  -2.65599990       8.29349563E-04
  -2.65499997       8.29316967E-04
  -2.65400004       8.29230063E-04
  -2.65300012       8.29166034E-04
  -2.65199995       8.29200319E-04
  -2.65100002       8.29406315E-04
  -2.65000010       8.29675584E-04
  -2.64899993       8.29901663E-04
  -2.64800000       8.29979777E-04
  -2.64700007       8.29984026E-04
  -2.64599991       8.29986588E-04
  -2.64499998       8.30057717E-04
  -2.64400005       8.30091652E-04
  -2.64299989       8.30157660E-04
  -2.64199996       8.30323319E-04
  -2.64100003       8.30482808E-04
  -2.64000010       8.30702716E-04
  -2.63899994       8.31047946E-04
  -2.63800001       8.31243698E-04
  -2.63700008       8.31356621E-04
  -2.63599992       8.31451733E-04
  -2.63499999       8.31425772E-04
  -2.63400006       8.31342943E-04
  -2.63299990       8.31265643E-04
  -2.63199997       8.31254758E-04
  -2.63100004       8.31369427E-04
  -2.63000011       8.31504993E-04
  -2.62899995       8.31720070E-04
  -2.62800002       8.32071528E-04
  -2.62700009       8.32295220E-04
  -2.62599993       8.32449936E-04
  -2.62500000       8.32592952E-04
  -2.62400007       8.32622463E-04
  -2.62299991       8.32595164E-04
  -2.62199998       8.32566060E-04
  -2.62100005       8.32588761E-04
  -2.61999989       8.32715305E-04
  -2.61899996       8.32843129E-04
  -2.61800003       8.33023747E-04
  -2.61700010       8.33307393E-04
  -2.61599994       8.33742844E-04
  -2.61500001       8.34077073E-04
  -2.61400008       8.34360661E-04
  -2.61299992       8.34642909E-04
  -2.61199999       8.34823819E-04
  -2.61100006       8.34952109E-04
  -2.60999990       8.35075392E-04
  -2.60899997       8.35239771E-04
  -2.60800004       8.35490180E-04
  -2.60700011       8.35870218E-04
  -2.60599995       8.36278719E-04
  -2.60500002       8.36758991E-04
  -2.60400009       8.37068947E-04
  -2.60299993       8.37253756E-04
  -2.60200000       8.37357307E-04
  -2.60100007       8.37422383E-04
  -2.59999990       8.37490370E-04
  -2.59899998       8.37601605E-04
  -2.59800005       8.37795262E-04
  -2.59699988       8.37972213E-04
  -2.59599996       8.38171400E-04
  -2.59500003       8.38430540E-04
  -2.59400010       8.38786422E-04
  -2.59299994       8.39005923E-04
  -2.59200001       8.39127519E-04
  -2.59100008       8.39188753E-04
  -2.58999991       8.39226006E-04
  -2.58899999       8.39274551E-04
  -2.58800006       8.39368789E-04
  -2.58699989       8.39411514E-04
  -2.58599997       8.39436892E-04
  -2.58500004       8.39478162E-04
  -2.58400011       8.39567394E-04
  -2.58299994       8.39735905E-04
  -2.58200002       8.40013789E-04
  -2.58100009       8.40177352E-04
  -2.57999992       8.40258726E-04
  -2.57900000       8.40289053E-04
  -2.57800007       8.40298482E-04
  -2.57699990       8.40316410E-04
  -2.57599998       8.40371125E-04
  -2.57500005       8.40490102E-04
  -2.57399988       8.40699882E-04
  -2.57299995       8.41026194E-04
  -2.57200003       8.41372937E-04
  -2.57100010       8.41766014E-04
  -2.56999993       8.42230220E-04
  -2.56900001       8.42492096E-04
  -2.56800008       8.42638547E-04
  -2.56699991       8.42813577E-04
  -2.56599998       8.42923298E-04
  -2.56500006       8.43108806E-04
  -2.56399989       8.43275804E-04
  -2.56299996       8.43562710E-04
  -2.56200004       8.43874819E-04
  -2.56100011       8.44347815E-04
  -2.55999994       8.44886701E-04
  -2.55900002       8.45624600E-04
  -2.55800009       8.46240669E-04
  -2.55699992       8.46868788E-04
  -2.55599999       8.47416813E-04
  -2.55500007       8.48015945E-04
  -2.55399990       8.48573691E-04
  -2.55299997       8.49218981E-04
  -2.55200005       8.49858858E-04
  -2.55100012       8.50619806E-04
  -2.54999995       8.51408811E-04
  -2.54900002       8.52349855E-04
  -2.54800010       8.53349746E-04
  -2.54699993       8.54530197E-04
  -2.54600000       8.55585386E-04
  -2.54500008       8.56637838E-04
  -2.54399991       8.57597217E-04
  -2.54299998       8.58583837E-04
  -2.54200006       8.59507127E-04
  -2.54099989       8.60485190E-04
  -2.53999996       8.61427339E-04
  -2.53900003       8.62449466E-04
  -2.53800011       8.63460882E-04
  -2.53699994       8.64575268E-04
  -2.53600001       8.65701877E-04
  -2.53500009       8.66952352E-04
  -2.53399992       8.68035655E-04
  -2.53299999       8.69064475E-04
  -2.53200006       8.69950745E-04
  -2.53099990       8.70805234E-04
  -2.52999997       8.71539756E-04
  -2.52900004       8.72263045E-04
  -2.52800012       8.73081444E-04
  -2.52699995       8.73905374E-04
  -2.52600002       8.74839257E-04
  -2.52500010       8.75793572E-04
  -2.52399993       8.76870996E-04
  -2.52300000       8.77792307E-04
  -2.52200007       8.78661172E-04
  -2.52099991       8.79390980E-04
  -2.51999998       8.80083535E-04
  -2.51900005       8.80652224E-04
  -2.51799989       8.81197164E-04
  -2.51699996       8.81816028E-04
  -2.51600003       8.82421096E-04
  -2.51500010       8.83108529E-04
  -2.51399994       8.83790664E-04
  -2.51300001       8.84561974E-04
  -2.51200008       8.85514775E-04
  -2.51099992       8.86381662E-04
  -2.50999999       8.87077942E-04
  -2.50900006       8.87697504E-04
  -2.50799990       8.88332259E-04
  -2.50699997       8.88896408E-04
  -2.50600004       8.89480347E-04
  -2.50500011       8.89998511E-04
  -2.50399995       8.90539784E-04
  -2.50300002       8.91190895E-04
  -2.50200009       8.91865522E-04
  -2.50099993       8.92648997E-04
  -2.50000000       8.93455173E-04
  -2.49900007       8.94199475E-04
  -2.49799991       8.94798490E-04
  -2.49699998       8.95337202E-04
  -2.49600005       8.95898906E-04
  -2.49499989       8.96399375E-04
  -2.49399996       8.96920450E-04
  -2.49300003       8.97378253E-04
  -2.49200010       8.97853344E-04
  -2.49099994       8.98424478E-04
  -2.49000001       8.99007020E-04
  -2.48900008       8.99678504E-04
  -2.48799992       9.00514657E-04
  -2.48699999       9.01271182E-04
  -2.48600006       9.01866471E-04
  -2.48499990       9.02378059E-04
  -2.48399997       9.02881613E-04
  -2.48300004       9.03294887E-04
  -2.48200011       9.03692562E-04
  -2.48099995       9.04147455E-04
  -2.48000002       9.04576795E-04
  -2.47900009       9.05052468E-04
  -2.47799993       9.05644614E-04
  -2.47700000       9.06269997E-04
  -2.47600007       9.06997768E-04
  -2.47499990       9.07594978E-04
  -2.47399998       9.08132002E-04
  -2.47300005       9.08528629E-04
  -2.47199988       9.08854126E-04
  -2.47099996       9.09176248E-04
  -2.47000003       9.09561117E-04
  -2.46900010       9.09927359E-04
  -2.46799994       9.10340284E-04
  -2.46700001       9.10863455E-04
  -2.46600008       9.11415380E-04
  -2.46499991       9.12058866E-04
  -2.46399999       9.12855263E-04
  -2.46300006       9.13580880E-04
  -2.46199989       9.14157194E-04
  -2.46099997       9.14647360E-04
  -2.46000004       9.15113196E-04
  -2.45900011       9.15614888E-04
  -2.45799994       9.16072982E-04
  -2.45700002       9.16547026E-04
  -2.45600009       9.17095109E-04
  -2.45499992       9.17637546E-04
  -2.45400000       9.18231730E-04
  -2.45300007       9.18933772E-04
  -2.45199990       9.19798447E-04
  -2.45099998       9.20611259E-04
  -2.45000005       9.21295024E-04
  -2.44899988       9.21906263E-04
  -2.44799995       9.22500214E-04
  -2.44700003       9.22999578E-04
  -2.44600010       9.23458952E-04
  -2.44499993       9.23931599E-04
  -2.44400001       9.24469670E-04
  -2.44300008       9.24995169E-04
  -2.44199991       9.25559492E-04
  -2.44099998       9.26212990E-04
  -2.44000006       9.27004672E-04
  -2.43899989       9.27729474E-04
  -2.43799996       9.28311842E-04
  -2.43700004       9.28802707E-04
  -2.43600011       9.29251837E-04
  -2.43499994       9.29707778E-04
  -2.43400002       9.30094509E-04
  -2.43300009       9.30460053E-04
  -2.43199992       9.30851384E-04
  -2.43099999       9.31314309E-04
  -2.43000007       9.31893592E-04
  -2.42899990       9.32512165E-04
  -2.42799997       9.33214324E-04
  -2.42700005       9.34043317E-04
  -2.42600012       9.34862881E-04
  -2.42499995       9.35538963E-04
  -2.42400002       9.36234544E-04
  -2.42300010       9.36874712E-04
  -2.42199993       9.37385717E-04
  -2.42100000       9.37927398E-04
  -2.42000008       9.38425073E-04
  -2.41899991       9.39035439E-04
  -2.41799998       9.39682941E-04
  -2.41700006       9.40293074E-04
  -2.41599989       9.41019680E-04
  -2.41499996       9.41787439E-04
  -2.41400003       9.42522252E-04
  -2.41300011       9.43151128E-04
  -2.41199994       9.43602237E-04
  -2.41100001       9.44026688E-04
  -2.41000009       9.44351894E-04
  -2.40899992       9.44725936E-04
  -2.40799999       9.45075357E-04
  -2.40700006       9.45545558E-04
  -2.40599990       9.46062268E-04
  -2.40499997       9.46552493E-04
  -2.40400004       9.47158784E-04
  -2.40300012       9.47807450E-04
  -2.40199995       9.48425790E-04
  -2.40100002       9.48942266E-04
  -2.40000010       9.49286507E-04
  -2.39899993       9.49598791E-04
  -2.39800000       9.49808105E-04
  -2.39700007       9.50052170E-04
  -2.39599991       9.50259098E-04
  -2.39499998       9.50564165E-04
  -2.39400005       9.50894842E-04
  -2.39299989       9.51383729E-04
  -2.39199996       9.51957889E-04
  -2.39100003       9.52545262E-04
  -2.39000010       9.53276176E-04
  -2.38899994       9.53878043E-04
  -2.38800001       9.54481366E-04
  -2.38700008       9.55016003E-04
  -2.38599992       9.55412688E-04
  -2.38499999       9.55799769E-04
  -2.38400006       9.56107571E-04
  -2.38299990       9.56462056E-04
  -2.38199997       9.56792966E-04
  -2.38100004       9.57223994E-04
  -2.38000011       9.57684300E-04
  -2.37899995       9.58295423E-04
  -2.37800002       9.58985998E-04
  -2.37700009       9.59496479E-04
  -2.37599993       9.59948869E-04
  -2.37500000       9.60275182E-04
  -2.37400007       9.60595149E-04
  -2.37299991       9.60840378E-04
  -2.37199998       9.61128448E-04
  -2.37100005       9.61390440E-04
  -2.36999989       9.61741840E-04
  -2.36899996       9.62113321E-04
  -2.36800003       9.62618273E-04
  -2.36700010       9.63187078E-04
  -2.36599994       9.63931030E-04
  -2.36500001       9.64780163E-04
  -2.36400008       9.65486921E-04
  -2.36299992       9.66163527E-04
  -2.36199999       9.66742984E-04
  -2.36100006       9.67335422E-04
  -2.35999990       9.67873610E-04
  -2.35899997       9.68465640E-04
  -2.35800004       9.69043991E-04
  -2.35700011       9.69714834E-04
  -2.35599995       9.70410358E-04
  -2.35500002       9.71234927E-04
  -2.35400009       9.72120382E-04
  -2.35299993       9.73169226E-04
  -2.35200000       9.74313123E-04
  -2.35100007       9.75316565E-04
  -2.34999990       9.76282754E-04
  -2.34899998       9.77146556E-04
  -2.34800005       9.78009310E-04
  -2.34699988       9.78805590E-04
  -2.34599996       9.79635050E-04
  -2.34500003       9.80431912E-04
  -2.34400010       9.81294201E-04
  -2.34299994       9.82156023E-04
  -2.34200001       9.83113656E-04
  -2.34100008       9.84100858E-04
  -2.33999991       9.85212391E-04
  -2.33899999       9.86222643E-04
  -2.33800006       9.87068517E-04
  -2.33699989       9.87845357E-04
  -2.33599997       9.88489948E-04
  -2.33500004       9.89096123E-04
  -2.33400011       9.89755965E-04
  -2.33299994       9.90404631E-04
  -2.33200002       9.91132925E-04
  -2.33100009       9.91875888E-04
  -2.32999992       9.92722460E-04
  -2.32900000       9.93607799E-04
  -2.32800007       9.94619331E-04
  -2.32699990       9.95692215E-04
  -2.32599998       9.96612129E-04
  -2.32500005       9.97467432E-04
  -2.32399988       9.98196076E-04
  -2.32299995       9.98885022E-04
  -2.32200003       9.99472104E-04
  -2.32100010       1.00004277E-03
  -2.31999993       1.00068084E-03
  -2.31900001       1.00132311E-03
  -2.31800008       1.00205198E-03
  -2.31699991       1.00280414E-03
  -2.31599998       1.00366073E-03
  -2.31500006       1.00455841E-03
  -2.31399989       1.00557692E-03
  -2.31299996       1.00651127E-03
  -2.31200004       1.00730103E-03
  -2.31100011       1.00802688E-03
  -2.30999994       1.00876810E-03
  -2.30900002       1.00946298E-03
  -2.30800009       1.01018965E-03
  -2.30699992       1.01088639E-03
  -2.30599999       1.01163017E-03
  -2.30500007       1.01235928E-03
  -2.30399990       1.01314927E-03
  -2.30299997       1.01407419E-03
  -2.30200005       1.01507164E-03
  -2.30100012       1.01621449E-03
  -2.29999995       1.01730681E-03
  -2.29900002       1.01828901E-03
  -2.29800010       1.01923500E-03
  -2.29699993       1.02008518E-03
  -2.29600000       1.02091220E-03
  -2.29500008       1.02178741E-03
  -2.29399991       1.02265039E-03
  -2.29299998       1.02357147E-03
  -2.29200006       1.02449022E-03
  -2.29099989       1.02547591E-03
  -2.28999996       1.02659629E-03
  -2.28900003       1.02779036E-03
  -2.28800011       1.02912472E-03
  -2.28699994       1.03028654E-03
  -2.28600001       1.03134464E-03
  -2.28500009       1.03236688E-03
  -2.28399992       1.03329506E-03
  -2.28299999       1.03419588E-03
  -2.28200006       1.03513489E-03
  -2.28099990       1.03605317E-03
  -2.27999997       1.03701523E-03
  -2.27900004       1.03796250E-03
  -2.27800012       1.03895832E-03
  -2.27699995       1.04006520E-03
  -2.27600002       1.04122364E-03
  -2.27500010       1.04249525E-03
  -2.27399993       1.04370166E-03
  -2.27300000       1.04478654E-03
  -2.27200007       1.04569399E-03
  -2.27099991       1.04660436E-03
  -2.26999998       1.04746060E-03
  -2.26900005       1.04820624E-03
  -2.26799989       1.04901823E-03
  -2.26699996       1.04983873E-03
  -2.26600003       1.05061103E-03
  -2.26500010       1.05150824E-03
  -2.26399994       1.05247239E-03
  -2.26300001       1.05344621E-03
  -2.26200008       1.05459930E-03
  -2.26099992       1.05564832E-03
  -2.25999999       1.05653831E-03
  -2.25900006       1.05743879E-03
  -2.25799990       1.05829374E-03
  -2.25699997       1.05904788E-03
  -2.25600004       1.05986744E-03
  -2.25500011       1.06069585E-03
  -2.25399995       1.06147781E-03
  -2.25300002       1.06237573E-03
  -2.25200009       1.06333313E-03
  -2.25099993       1.06429413E-03
  -2.25000000       1.06541824E-03
  -2.24900007       1.06664840E-03
  -2.24799991       1.06771593E-03
  -2.24699998       1.06877973E-03
  -2.24600005       1.06978556E-03
  -2.24499989       1.07067963E-03
  -2.24399996       1.07161805E-03
  -2.24300003       1.07254600E-03
  -2.24200010       1.07340945E-03
  -2.24099994       1.07436161E-03
  -2.24000001       1.07534730E-03
  -2.23900008       1.07631227E-03
  -2.23799992       1.07740669E-03
  -2.23699999       1.07857550E-03
  -2.23600006       1.07976387E-03
  -2.23499990       1.08091836E-03
  -2.23399997       1.08198589E-03
  -2.23300004       1.08291442E-03
  -2.23200011       1.08385121E-03
  -2.23099995       1.08474295E-03
  -2.23000002       1.08553737E-03
  -2.22900009       1.08637894E-03
  -2.22799993       1.08721422E-03
  -2.22700000       1.08799082E-03
  -2.22600007       1.08885032E-03
  -2.22499990       1.08973926E-03
  -2.22399998       1.09079678E-03
  -2.22300005       1.09196850E-03
  -2.22199988       1.09320087E-03
  -2.22099996       1.09425175E-03
  -2.22000003       1.09526003E-03
  -2.21900010       1.09617447E-03
  -2.21799994       1.09694456E-03
  -2.21700001       1.09770685E-03
  -2.21600008       1.09840964E-03
  -2.21499991       1.09918707E-03
  -2.21399999       1.09998684E-03
  -2.21300006       1.10075739E-03
  -2.21199989       1.10163027E-03
  -2.21099997       1.10255321E-03
  -2.21000004       1.10347453E-03
  -2.20900011       1.10452354E-03
  -2.20799994       1.10546872E-03
  -2.20700002       1.10626069E-03
  -2.20600009       1.10702869E-03
  -2.20499992       1.10772252E-03
  -2.20400000       1.10829284E-03
  -2.20300007       1.10886630E-03
  -2.20199990       1.10939296E-03
  -2.20099998       1.10999716E-03
  -2.20000005       1.11062801E-03
  -2.19899988       1.11123547E-03
  -2.19799995       1.11194176E-03
  -2.19700003       1.11269602E-03
  -2.19600010       1.11361837E-03
  -2.19499993       1.11465727E-03
  -2.19400001       1.11559324E-03
  -2.19300008       1.11637835E-03
  -2.19199991       1.11713272E-03
  -2.19099998       1.11780770E-03
  -2.19000006       1.11852144E-03
  -2.18899989       1.11922447E-03
  -2.18799996       1.11986848E-03
  -2.18700004       1.12056918E-03
  -2.18600011       1.12127746E-03
  -2.18499994       1.12210738E-03
  -2.18400002       1.12300890E-03
  -2.18300009       1.12393301E-03
  -2.18199992       1.12499180E-03
  -2.18099999       1.12597563E-03
  -2.18000007       1.12683768E-03
  -2.17899990       1.12768984E-03
  -2.17799997       1.12848473E-03
  -2.17700005       1.12917519E-03
  -2.17600012       1.12987158E-03
  -2.17499995       1.13052642E-03
  -2.17400002       1.13124796E-03
  -2.17300010       1.13198801E-03
  -2.17199993       1.13269943E-03
  -2.17100000       1.13348849E-03
  -2.17000008       1.13430736E-03
  -2.16899991       1.13526068E-03
  -2.16799998       1.13630004E-03
  -2.16700006       1.13722705E-03
  -2.16599989       1.13799644E-03
  -2.16499996       1.13871309E-03
  -2.16400003       1.13933138E-03
  -2.16300011       1.13995431E-03
  -2.16199994       1.14053558E-03
  -2.16100001       1.14117679E-03
  -2.16000009       1.14183093E-03
  -2.15899992       1.14245201E-03
  -2.15799999       1.14313979E-03
  -2.15700006       1.14384771E-03
  -2.15599990       1.14467379E-03
  -2.15499997       1.14557100E-03
  -2.15400004       1.14663586E-03
  -2.15300012       1.14753656E-03
  -2.15199995       1.14837149E-03
  -2.15100002       1.14909618E-03
  -2.15000010       1.14980736E-03
  -2.14899993       1.15046022E-03
  -2.14800000       1.15114986E-03
  -2.14700007       1.15183112E-03
  -2.14599991       1.15245930E-03
  -2.14499998       1.15312799E-03
  -2.14400005       1.15379225E-03
  -2.14299989       1.15454406E-03
  -2.14199996       1.15533802E-03
  -2.14100003       1.15626468E-03
  -2.14000010       1.15727820E-03
  -2.13899994       1.15819951E-03
  -2.13800001       1.15898554E-03
  -2.13700008       1.15972722E-03
  -2.13599992       1.16038148E-03
  -2.13499999       1.16103748E-03
  -2.13400006       1.16165169E-03
  -2.13299990       1.16231211E-03
  -2.13199997       1.16297475E-03
  -2.13100004       1.16372609E-03
  -2.13000011       1.16452191E-03
  -2.12899995       1.16531842E-03
  -2.12800002       1.16620085E-03
  -2.12700009       1.16712519E-03
  -2.12599993       1.16817537E-03
  -2.12500000       1.16905372E-03
  -2.12400007       1.16984569E-03
  -2.12299991       1.17050996E-03
  -2.12199998       1.17113069E-03
  -2.12100005       1.17166585E-03
  -2.11999989       1.17219845E-03
  -2.11899996       1.17268634E-03
  -2.11800003       1.17321115E-03
  -2.11700010       1.17373012E-03
  -2.11599994       1.17432384E-03
  -2.11500001       1.17494934E-03
  -2.11400008       1.17568567E-03
  -2.11299992       1.17648975E-03
  -2.11199999       1.17743947E-03
  -2.11100006       1.17825228E-03
  -2.10999990       1.17900746E-03
  -2.10899997       1.17966451E-03
  -2.10800004       1.18018338E-03
  -2.10700011       1.18075998E-03
  -2.10599995       1.18135277E-03
  -2.10500002       1.18192041E-03
  -2.10400009       1.18242262E-03
  -2.10299993       1.18305080E-03
  -2.10200000       1.18376303E-03
  -2.10100007       1.18451752E-03
  -2.09999990       1.18527340E-03
  -2.09899998       1.18621811E-03
  -2.09800005       1.18730904E-03
  -2.09699988       1.18827808E-03
  -2.09599996       1.18908659E-03
  -2.09500003       1.18992070E-03
  -2.09400010       1.19074015E-03
  -2.09299994       1.19150523E-03
  -2.09200001       1.19217671E-03
  -2.09100008       1.19293691E-03
  -2.08999991       1.19374506E-03
  -2.08899999       1.19456102E-03
  -2.08800006       1.19534531E-03
  -2.08699989       1.19627628E-03
  -2.08599997       1.19731261E-03
  -2.08500004       1.19841413E-03
  -2.08400011       1.19954091E-03
  -2.08299994       1.20065350E-03
  -2.08200002       1.20171322E-03
  -2.08100009       1.20268180E-03
  -2.07999992       1.20352162E-03
  -2.07900000       1.20440603E-03
  -2.07800007       1.20529579E-03
  -2.07699990       1.20615226E-03
  -2.07599998       1.20693771E-03
  -2.07500005       1.20782154E-03
  -2.07399988       1.20876438E-03
  -2.07299995       1.20972737E-03
  -2.07200003       1.21067220E-03
  -2.07100010       1.21176499E-03
  -2.06999993       1.21296605E-03
  -2.06900001       1.21423614E-03
  -2.06800008       1.21533556E-03
  -2.06699991       1.21642917E-03
  -2.06599998       1.21747935E-03
  -2.06500006       1.21844944E-03
  -2.06399989       1.21930277E-03
  -2.06299996       1.22020091E-03
  -2.06200004       1.22110627E-03
  -2.06100011       1.22198148E-03
  -2.05999994       1.22278987E-03
  -2.05900002       1.22368964E-03
  -2.05800009       1.22464285E-03
  -2.05699992       1.22561213E-03
  -2.05599999       1.22675265E-03
  -2.05500007       1.22802565E-03
  -2.05399990       1.22920261E-03
  -2.05299997       1.23024813E-03
  -2.05200005       1.23112742E-03
  -2.05100012       1.23199448E-03
  -2.04999995       1.23281323E-03
  -2.04900002       1.23354816E-03
  -2.04800010       1.23435026E-03
  -2.04699993       1.23518298E-03
  -2.04600000       1.23600988E-03
  -2.04500008       1.23679533E-03
  -2.04399991       1.23768742E-03
  -2.04299998       1.23864925E-03
  -2.04200006       1.23964448E-03
  -2.04099989       1.24081818E-03
  -2.03999996       1.24213309E-03
  -2.03900003       1.24337268E-03
  -2.03800011       1.24450237E-03
  -2.03699994       1.24548853E-03
  -2.03600001       1.24647527E-03
  -2.03500009       1.24742766E-03
  -2.03399992       1.24831125E-03
  -2.03299999       1.24926749E-03
  -2.03200006       1.25026086E-03
  -2.03099990       1.25125633E-03
  -2.02999997       1.25221931E-03
  -2.02900004       1.25328859E-03
  -2.02800012       1.25442841E-03
  -2.02699995       1.25560374E-03
  -2.02600002       1.25695078E-03
  -2.02500010       1.25809305E-03
  -2.02399993       1.25916849E-03
  -2.02300000       1.26014370E-03
  -2.02200007       1.26098609E-03
  -2.02099991       1.26183080E-03
  -2.01999998       1.26264419E-03
  -2.01900005       1.26339297E-03
  -2.01799989       1.26420986E-03
  -2.01699996       1.26506062E-03
  -2.01600003       1.26591139E-03
  -2.01500010       1.26672897E-03
  -2.01399994       1.26764353E-03
  -2.01300001       1.26862072E-03
  -2.01200008       1.26962678E-03
  -2.01099992       1.27078954E-03
  -2.00999999       1.27191364E-03
  -2.00900006       1.27296685E-03
  -2.00799990       1.27391727E-03
  -2.00699997       1.27473311E-03
  -2.00600004       1.27554173E-03
  -2.00500011       1.27631042E-03
  -2.00399995       1.27700740E-03
  -2.00300002       1.27775734E-03
  -2.00200009       1.27852731E-03
  -2.00099993       1.27928506E-03
  -2.00000000       1.28015294E-03
  -1.99899995       1.28109776E-03
  -1.99800003       1.28208660E-03
  -1.99699998       1.28323992E-03
  -1.99600005       1.28452387E-03
  -1.99500000       1.28575368E-03
  -1.99399996       1.28689839E-03
  -1.99300003       1.28792739E-03
  -1.99199998       1.28896034E-03
  -1.99100006       1.28996570E-03
  -1.99000001       1.29091251E-03
  -1.98899996       1.29177026E-03
  -1.98800004       1.29265618E-03
  -1.98699999       1.29353895E-03
  -1.98599994       1.29438762E-03
  -1.98500001       1.29531755E-03
  -1.98399997       1.29629683E-03
  -1.98300004       1.29729416E-03
  -1.98199999       1.29842293E-03
  -1.98099995       1.29965099E-03
  -1.98000002       1.30080339E-03
  -1.97899997       1.30185066E-03
  -1.97800004       1.30276347E-03
  -1.97700000       1.30365463E-03
  -1.97599995       1.30449398E-03
  -1.97500002       1.30525220E-03
  -1.97399998       1.30603986E-03
  -1.97300005       1.30682660E-03
  -1.97200000       1.30758260E-03
  -1.97099996       1.30841671E-03
  -1.97000003       1.30929821E-03
  -1.96899998       1.31019694E-03
  -1.96800005       1.31121976E-03
  -1.96700001       1.31233584E-03
  -1.96599996       1.31351454E-03
  -1.96500003       1.31459057E-03
  -1.96399999       1.31553563E-03
  -1.96300006       1.31645624E-03
  -1.96200001       1.31732353E-03
  -1.96099997       1.31810899E-03
  -1.96000004       1.31891714E-03
  -1.95899999       1.31971901E-03
  -1.95799994       1.32048561E-03
  -1.95700002       1.32131984E-03
  -1.95599997       1.32219226E-03
  -1.95500004       1.32307387E-03
  -1.95400000       1.32406573E-03
  -1.95299995       1.32513803E-03
  -1.95200002       1.32626155E-03
  -1.95099998       1.32753584E-03
  -1.95000005       1.32867484E-03
  -1.94900000       1.32965203E-03
  -1.94799995       1.33056787E-03
  -1.94700003       1.33139524E-03
  -1.94599998       1.33210688E-03
  -1.94500005       1.33280177E-03
  -1.94400001       1.33345241E-03
  -1.94299996       1.33415603E-03
  -1.94200003       1.33488444E-03
  -1.94099998       1.33560959E-03
  -1.94000006       1.33642741E-03
  -1.93900001       1.33730937E-03
  -1.93799996       1.33822730E-03
  -1.93700004       1.33927551E-03
  -1.93599999       1.34042511E-03
  -1.93499994       1.34164782E-03
  -1.93400002       1.34279532E-03
  -1.93299997       1.34384132E-03
  -1.93200004       1.34475995E-03
  -1.93099999       1.34570454E-03
  -1.92999995       1.34658860E-03
  -1.92900002       1.34738616E-03
  -1.92799997       1.34807127E-03
  -1.92700005       1.34885381E-03
  -1.92600000       1.34970597E-03
  -1.92499995       1.35060074E-03
  -1.92400002       1.35151111E-03
  -1.92299998       1.35241053E-03
  -1.92200005       1.35327305E-03
  -1.92100000       1.35430275E-03
  -1.91999996       1.35547167E-03
  -1.91900003       1.35652395E-03
  -1.91799998       1.35743513E-03
  -1.91700006       1.35818077E-03
  -1.91600001       1.35896250E-03
  -1.91499996       1.35975424E-03
  -1.91400003       1.36053015E-03
  -1.91299999       1.36126496E-03
  -1.91199994       1.36193342E-03
  -1.91100001       1.36251096E-03
  -1.90999997       1.36319385E-03
  -1.90900004       1.36395579E-03
  -1.90799999       1.36477058E-03
  -1.90699995       1.36561249E-03
  -1.90600002       1.36645616E-03
  -1.90499997       1.36749342E-03
  -1.90400004       1.36869703E-03
  -1.90300000       1.36982510E-03
  -1.90199995       1.37085363E-03
  -1.90100002       1.37175911E-03
  -1.89999998       1.37251790E-03
  -1.89900005       1.37331930E-03
  -1.89800000       1.37413829E-03
  -1.89699996       1.37495028E-03
  -1.89600003       1.37573073E-03
  -1.89499998       1.37645588E-03
  -1.89400005       1.37731025E-03
  -1.89300001       1.37826847E-03
  -1.89199996       1.37930503E-03
  -1.89100003       1.38039526E-03
  -1.88999999       1.38151436E-03
  -1.88900006       1.38263835E-03
  -1.88800001       1.38353917E-03
  -1.88699996       1.38439878E-03
  -1.88600004       1.38519390E-03
  -1.88499999       1.38590136E-03
  -1.88399994       1.38649880E-03
  -1.88300002       1.38696376E-03
  -1.88199997       1.38747389E-03
  -1.88100004       1.38800521E-03
  -1.88000000       1.38853432E-03
  -1.87899995       1.38903793E-03
  -1.87800002       1.38949323E-03
  -1.87699997       1.39007356E-03
  -1.87600005       1.39075471E-03
  -1.87500000       1.39151257E-03
  -1.87399995       1.39232341E-03
  -1.87300003       1.39316393E-03
  -1.87199998       1.39381841E-03
  -1.87100005       1.39445800E-03
  -1.87000000       1.39506033E-03
  -1.86899996       1.39560318E-03
  -1.86800003       1.39606465E-03
  -1.86699998       1.39642332E-03
  -1.86600006       1.39684626E-03
  -1.86500001       1.39731064E-03
  -1.86399996       1.39779376E-03
  -1.86300004       1.39827328E-03
  -1.86199999       1.39872718E-03
  -1.86099994       1.39931880E-03
  -1.86000001       1.40002498E-03
  -1.85899997       1.40082231E-03
  -1.85800004       1.40168821E-03
  -1.85699999       1.40260009E-03
  -1.85599995       1.40335388E-03
  -1.85500002       1.40392955E-03
  -1.85399997       1.40448823E-03
  -1.85300004       1.40500837E-03
  -1.85200000       1.40546914E-03
  -1.85099995       1.40584982E-03
  -1.85000002       1.40612980E-03
  -1.84899998       1.40646659E-03
  -1.84800005       1.40683830E-03
  -1.84700000       1.40722352E-03
  -1.84599996       1.40760117E-03
  -1.84500003       1.40795030E-03
  -1.84399998       1.40842469E-03
  -1.84300005       1.40900223E-03
  -1.84200001       1.40966114E-03
  -1.84099996       1.41037966E-03
  -1.84000003       1.41096476E-03
  -1.83899999       1.41139713E-03
  -1.83800006       1.41182856E-03
  -1.83700001       1.41223881E-03
  -1.83599997       1.41260750E-03
  -1.83500004       1.41291495E-03
  -1.83399999       1.41314138E-03
  -1.83299994       1.41343533E-03
  -1.83200002       1.41377607E-03
  -1.83099997       1.41414301E-03
  -1.83000004       1.41451578E-03
  -1.82900000       1.41487445E-03
  -1.82799995       1.41536433E-03
  -1.82700002       1.41596422E-03
  -1.82599998       1.41665316E-03
  -1.82500005       1.41741056E-03
  -1.82400000       1.41821604E-03
  -1.82299995       1.41888752E-03
  -1.82200003       1.41940673E-03
  -1.82099998       1.41991687E-03
  -1.82000005       1.42039871E-03
  -1.81900001       1.42083329E-03
  -1.81799996       1.42120162E-03
  -1.81700003       1.42148533E-03
  -1.81599998       1.42182456E-03
  -1.81500006       1.42219954E-03
  -1.81400001       1.42259081E-03
  -1.81299996       1.42297952E-03
  -1.81200004       1.42334669E-03
  -1.81099999       1.42382924E-03
  -1.80999994       1.42440735E-03
  -1.80900002       1.42506126E-03
  -1.80799997       1.42577162E-03
  -1.80700004       1.42636581E-03
  -1.80599999       1.42682646E-03
  -1.80499995       1.42713659E-03
  -1.80400002       1.42743124E-03
  -1.80299997       1.42769213E-03
  -1.80200005       1.42790133E-03
  -1.80100000       1.42804137E-03
  -1.79999995       1.42824452E-03
  -1.79900002       1.42849213E-03
  -1.79799998       1.42876571E-03
  -1.79700005       1.42904697E-03
  -1.79600000       1.42931798E-03
  -1.79499996       1.42970844E-03
  -1.79400003       1.43019925E-03
  -1.79299998       1.43077166E-03
  -1.79200006       1.43140717E-03
  -1.79100001       1.43208762E-03
  -1.78999996       1.43265026E-03
  -1.78900003       1.43307867E-03
  -1.78799999       1.43350055E-03
  -1.78699994       1.43389893E-03
  -1.78600001       1.43425644E-03
  -1.78499997       1.43455644E-03
  -1.78400004       1.43478229E-03
  -1.78299999       1.43505901E-03
  -1.78199995       1.43536914E-03
  -1.78100002       1.43569522E-03
  -1.77999997       1.43602025E-03
  -1.77900004       1.43646693E-03
  -1.77800000       1.43701723E-03
  -1.77699995       1.43765321E-03
  -1.77600002       1.43835740E-03
  -1.77499998       1.43911247E-03
  -1.77400005       1.43976405E-03
  -1.77300000       1.44029676E-03
  -1.77199996       1.44069514E-03
  -1.77100003       1.44108012E-03
  -1.76999998       1.44143542E-03
  -1.76900005       1.44174509E-03
  -1.76800001       1.44199340E-03
  -1.76699996       1.44216465E-03
  -1.76600003       1.44237711E-03
  -1.76499999       1.44261448E-03
  -1.76400006       1.44286035E-03
  -1.76300001       1.44309876E-03
  -1.76199996       1.44344580E-03
  -1.76100004       1.44388445E-03
  -1.75999999       1.44439808E-03
  -1.75899994       1.44497014E-03
  -1.75800002       1.44571462E-03
  -1.75699997       1.44635479E-03
  -1.75600004       1.44687621E-03
  -1.75500000       1.44726457E-03
  -1.75399995       1.44763407E-03
  -1.75300002       1.44796958E-03
  -1.75199997       1.44825608E-03
  -1.75100005       1.44847878E-03
  -1.75000000       1.44874991E-03
  -1.74899995       1.44905387E-03
  -1.74800003       1.44937506E-03
  -1.74699998       1.44969835E-03
  -1.74600005       1.45000883E-03
  -1.74500000       1.45041640E-03
  -1.74399996       1.45090499E-03
  -1.74300003       1.45145913E-03
  -1.74199998       1.45206356E-03
  -1.74100006       1.45282573E-03
  -1.74000001       1.45348464E-03
  -1.73899996       1.45402655E-03
  -1.73800004       1.45443808E-03
  -1.73699999       1.45482749E-03
  -1.73599994       1.45518058E-03
  -1.73500001       1.45548314E-03
  -1.73399997       1.45572168E-03
  -1.73300004       1.45600212E-03
  -1.73199999       1.45631004E-03
  -1.73099995       1.45663088E-03
  -1.73000002       1.45695056E-03
  -1.72899997       1.45725498E-03
  -1.72800004       1.45753042E-03
  -1.72700000       1.45776314E-03
  -1.72599995       1.45817397E-03
  -1.72500002       1.45874720E-03
  -1.72399998       1.45946769E-03
  -1.72300005       1.46008842E-03
  -1.72200000       1.46059657E-03
  -1.72099996       1.46097958E-03
  -1.72000003       1.46122533E-03
  -1.71899998       1.46132160E-03
  -1.71800005       1.46148447E-03
  -1.71700001       1.46170007E-03
  -1.71599996       1.46195455E-03
  -1.71500003       1.46223418E-03
  -1.71399999       1.46252557E-03
  -1.71300006       1.46281556E-03
  -1.71200001       1.46309088E-03
  -1.71099997       1.46333873E-03
  -1.71000004       1.46354642E-03
  -1.70899999       1.46392290E-03
  -1.70799994       1.46445364E-03
  -1.70700002       1.46512454E-03
  -1.70599997       1.46592129E-03
  -1.70500004       1.46661117E-03
  -1.70400000       1.46718242E-03
  -1.70299995       1.46762375E-03
  -1.70200002       1.46792375E-03
  -1.70099998       1.46807113E-03
  -1.70000005       1.46827032E-03
  -1.69900000       1.46850839E-03
  -1.69799995       1.46877265E-03
  -1.69700003       1.46905053E-03
  -1.69599998       1.46932958E-03
  -1.69500005       1.46959769E-03
  -1.69400001       1.46984274E-03
  -1.69299996       1.47005287E-03
  -1.69200003       1.47042621E-03
  -1.69099998       1.47094938E-03
  -1.69000006       1.47160876E-03
  -1.68900001       1.47239142E-03
  -1.68799996       1.47307687E-03
  -1.68700004       1.47365429E-03
  -1.68599999       1.47411309E-03
  -1.68499994       1.47444243E-03
  -1.68400002       1.47463218E-03
  -1.68299997       1.47487596E-03
  -1.68200004       1.47516164E-03
  -1.68099999       1.47547747E-03
  -1.67999995       1.47581170E-03
  -1.67900002       1.47615280E-03
  -1.67799997       1.47648924E-03
  -1.67700005       1.47680996E-03
  -1.67600000       1.47710368E-03
  -1.67499995       1.47735968E-03
  -1.67400002       1.47776539E-03
  -1.67299998       1.47830835E-03
  -1.67200005       1.47897610E-03
  -1.67100000       1.47975667E-03
  -1.66999996       1.48044224E-03
  -1.66900003       1.48102269E-03
  -1.66799998       1.48148811E-03
  -1.66700006       1.48182909E-03
  -1.66600001       1.48203585E-03
  -1.66499996       1.48229173E-03
  -1.66400003       1.48258568E-03
  -1.66299999       1.48290687E-03
  -1.66199994       1.48324436E-03
  -1.66100001       1.48358766E-03
  -1.65999997       1.48392608E-03
  -1.65900004       1.48424949E-03
  -1.65799999       1.48454763E-03
  -1.65699995       1.48499850E-03
  -1.65600002       1.48559036E-03
  -1.65499997       1.48631178E-03
  -1.65400004       1.48715149E-03
  -1.65300000       1.48809806E-03
  -1.65199995       1.48895558E-03
  -1.65100002       1.48971472E-03
  -1.64999998       1.49036641E-03
  -1.64900005       1.49090181E-03
  -1.64800000       1.49131229E-03
  -1.64699996       1.49158889E-03
  -1.64600003       1.49190507E-03
  -1.64499998       1.49225071E-03
  -1.64400005       1.49261591E-03
  -1.64300001       1.49299076E-03
  -1.64199996       1.49336562E-03
  -1.64100003       1.49373116E-03
  -1.63999999       1.49407797E-03
  -1.63900006       1.49439659E-03
  -1.63800001       1.49485539E-03
  -1.63699996       1.49544387E-03
  -1.63600004       1.49615132E-03
  -1.63499999       1.49696763E-03
  -1.63399994       1.49770733E-03
  -1.63300002       1.49836205E-03
  -1.63199997       1.49892340E-03
  -1.63100004       1.49938336E-03
  -1.63000000       1.49973365E-03
  -1.62899995       1.49996660E-03
  -1.62800002       1.50024612E-03
  -1.62699997       1.50056300E-03
  -1.62600005       1.50090817E-03
  -1.62500000       1.50127255E-03
  -1.62399995       1.50164729E-03
  -1.62300003       1.50202366E-03
  -1.62199998       1.50239293E-03
  -1.62100005       1.50274672E-03
  -1.62000000       1.50324428E-03
  -1.61899996       1.50387618E-03
  -1.61800003       1.50463241E-03
  -1.61699998       1.50550366E-03
  -1.61600006       1.50631473E-03
  -1.61500001       1.50705769E-03
  -1.61399996       1.50772510E-03
  -1.61300004       1.50830939E-03
  -1.61199999       1.50880299E-03
  -1.61099994       1.50919880E-03
  -1.61000001       1.50948961E-03
  -1.60899997       1.50983059E-03
  -1.60800004       1.51021336E-03
  -1.60699999       1.51062966E-03
  -1.60599995       1.51107134E-03
  -1.60500002       1.51153025E-03
  -1.60399997       1.51199836E-03
  -1.60300004       1.51246798E-03
  -1.60200000       1.51293143E-03
  -1.60099995       1.51353946E-03
  -1.60000002       1.51428324E-03
  -1.59899998       1.51515403E-03
  -1.59800005       1.51614298E-03
  -1.59700000       1.51708513E-03
  -1.59599996       1.51797337E-03
  -1.59500003       1.51880074E-03
  -1.59399998       1.51956046E-03
  -1.59300005       1.52024592E-03
  -1.59200001       1.52085023E-03
  -1.59099996       1.52136723E-03
  -1.59000003       1.52179028E-03
  -1.58899999       1.52226607E-03
  -1.58800006       1.52278715E-03
  -1.58700001       1.52334594E-03
  -1.58599997       1.52393524E-03
  -1.58500004       1.52454770E-03
  -1.58399999       1.52517634E-03
  -1.58299994       1.52581395E-03
  -1.58200002       1.52645388E-03
  -1.58099997       1.52723840E-03
  -1.58000004       1.52815972E-03
  -1.57900000       1.52920978E-03
  -1.57799995       1.53008488E-03
  -1.57700002       1.53092726E-03
  -1.57599998       1.53173087E-03
  -1.57500005       1.53248943E-03
  -1.57400000       1.53319689E-03
  -1.57299995       1.53384730E-03
  -1.57200003       1.53443462E-03
  -1.57099998       1.53495313E-03
  -1.57000005       1.53539714E-03
  -1.56900001       1.53590506E-03
  -1.56799996       1.53647037E-03
  -1.56700003       1.53708621E-03
  -1.56599998       1.53774605E-03
  -1.56500006       1.53844338E-03
  -1.56400001       1.53917179E-03
  -1.56299996       1.53992511E-03
  -1.56200004       1.54083828E-03
  -1.56099999       1.54190394E-03
  -1.55999994       1.54311501E-03
  -1.55900002       1.54418417E-03
  -1.55799997       1.54510688E-03
  -1.55700004       1.54587859E-03
  -1.55599999       1.54663366E-03
  -1.55499995       1.54736673E-03
  -1.55400002       1.54807209E-03
  -1.55299997       1.54874462E-03
  -1.55200005       1.54937885E-03
  -1.55100000       1.54996978E-03
  -1.54999995       1.55051204E-03
  -1.54900002       1.55100087E-03
  -1.54799998       1.55156676E-03
  -1.54700005       1.55220390E-03
  -1.54600000       1.55290635E-03
  -1.54499996       1.55366806E-03
  -1.54400003       1.55448343E-03
  -1.54299998       1.55534688E-03
  -1.54200006       1.55625260E-03
  -1.54100001       1.55732839E-03
  -1.53999996       1.55830220E-03
  -1.53900003       1.55917008E-03
  -1.53799999       1.55992783E-03
  -1.53699994       1.56057149E-03
  -1.53600001       1.56109699E-03
  -1.53499997       1.56163133E-03
  -1.53400004       1.56216964E-03
  -1.53299999       1.56270689E-03
  -1.53199995       1.56323845E-03
  -1.53100002       1.56375964E-03
  -1.52999997       1.56426581E-03
  -1.52900004       1.56475254E-03
  -1.52800000       1.56521529E-03
  -1.52699995       1.56577770E-03
  -1.52600002       1.56643416E-03
  -1.52499998       1.56717945E-03
  -1.52400005       1.56800845E-03
  -1.52300000       1.56891590E-03
  -1.52199996       1.56989694E-03
  -1.52100003       1.57069531E-03
  -1.51999998       1.57143350E-03
  -1.51900005       1.57210766E-03
  -1.51800001       1.57271430E-03
  -1.51699996       1.57324981E-03
  -1.51600003       1.57371047E-03
  -1.51499999       1.57409289E-03
  -1.51400006       1.57439383E-03
  -1.51300001       1.57473260E-03
  -1.51199996       1.57510489E-03
  -1.51100004       1.57550664E-03
  -1.50999999       1.57593354E-03
  -1.50899994       1.57638174E-03
  -1.50800002       1.57684693E-03
  -1.50699997       1.57732540E-03
  -1.50600004       1.57781318E-03
  -1.50500000       1.57842669E-03
  -1.50399995       1.57916115E-03
  -1.50300002       1.58001180E-03
  -1.50199997       1.58103381E-03
  -1.50100005       1.58192508E-03
  -1.50000000       1.58268330E-03
  -1.49899995       1.58330589E-03
  -1.49800003       1.58379064E-03
  -1.49699998       1.58413523E-03
  -1.49600005       1.58433744E-03
  -1.49500000       1.58439507E-03
  -1.49399996       1.58453919E-03
  -1.49300003       1.58476562E-03
  -1.49199998       1.58507063E-03
  -1.49100006       1.58545026E-03
  -1.49000001       1.58590078E-03
  -1.48899996       1.58641837E-03
  -1.48800004       1.58699951E-03
  -1.48699999       1.58764073E-03
  -1.48599994       1.58833829E-03
  -1.48500001       1.58908882E-03
  -1.48399997       1.58988906E-03
  -1.48300004       1.59073551E-03
  -1.48199999       1.59162492E-03
  -1.48099995       1.59232947E-03
  -1.48000002       1.59284775E-03
  -1.47899997       1.59317837E-03
  -1.47800004       1.59332040E-03
  -1.47700000       1.59349490E-03
  -1.47599995       1.59369898E-03
  -1.47500002       1.59392983E-03
  -1.47399998       1.59418467E-03
  -1.47300005       1.59446069E-03
  -1.47200000       1.59475522E-03
  -1.47099996       1.59506558E-03
  -1.47000003       1.59538933E-03
  -1.46899998       1.59572379E-03
  -1.46800005       1.59606664E-03
  -1.46700001       1.59641553E-03
  -1.46599996       1.59676780E-03
  -1.46500003       1.59712147E-03
  -1.46399999       1.59747421E-03
  -1.46300006       1.59782369E-03
  -1.46200001       1.59838155E-03
  -1.46099997       1.59871776E-03
  -1.46000004       1.59904466E-03
  -1.45899999       1.59936014E-03
  -1.45799994       1.59966224E-03
  -1.45700002       1.59994920E-03
  -1.45599997       1.60021894E-03
  -1.45500004       1.60046993E-03
  -1.45400000       1.60070031E-03
  -1.45299995       1.60090846E-03
  -1.45200002       1.60109263E-03
  -1.45099998       1.60125119E-03
  -1.45000005       1.60138286E-03
  -1.44900000       1.60148577E-03
  -1.44799995       1.60155876E-03
  -1.44700003       1.60160020E-03
  -1.44599998       1.60160894E-03
  -1.44500005       1.60178752E-03
  -1.44400001       1.60213304E-03
  -1.44299996       1.60264270E-03
  -1.44200003       1.60331372E-03
  -1.44099998       1.60414330E-03
  -1.44000006       1.60492747E-03
  -1.43900001       1.60566519E-03
  -1.43799996       1.60635554E-03
  -1.43700004       1.60699734E-03
  -1.43599999       1.60758977E-03
  -1.43499994       1.60813215E-03
  -1.43400002       1.60862331E-03
  -1.43299997       1.60906278E-03
  -1.43200004       1.60944951E-03
  -1.43099999       1.60978304E-03
  -1.42999995       1.61006243E-03
  -1.42900002       1.61028735E-03
  -1.42799997       1.61045697E-03
  -1.42700005       1.61057070E-03
  -1.42600000       1.61082228E-03
  -1.42499995       1.61120947E-03
  -1.42400002       1.61173055E-03
  -1.42299998       1.61238329E-03
  -1.42200005       1.61316607E-03
  -1.42100000       1.61407690E-03
  -1.41999996       1.61511404E-03
  -1.41900003       1.61608530E-03
  -1.41799998       1.61699031E-03
  -1.41700006       1.61782908E-03
  -1.41600001       1.61860127E-03
  -1.41499996       1.61930686E-03
  -1.41400003       1.61994586E-03
  -1.41299999       1.62051804E-03
  -1.41199994       1.62102340E-03
  -1.41100001       1.62146217E-03
  -1.40999997       1.62183424E-03
  -1.40900004       1.62213959E-03
  -1.40799999       1.62237859E-03
  -1.40699995       1.62273587E-03
  -1.40600002       1.62321026E-03
  -1.40499997       1.62380049E-03
  -1.40400004       1.62450550E-03
  -1.40300000       1.62532402E-03
  -1.40199995       1.62625511E-03
  -1.40100002       1.62729749E-03
  -1.39999998       1.62845035E-03
  -1.39900005       1.62971253E-03
  -1.39800000       1.63090264E-03
  -1.39699996       1.63202127E-03
  -1.39600003       1.63306878E-03
  -1.39499998       1.63404562E-03
  -1.39400005       1.63495261E-03
  -1.39300001       1.63578999E-03
  -1.39199996       1.63655856E-03
  -1.39100003       1.63725903E-03
  -1.38999999       1.63789187E-03
  -1.38900006       1.63845776E-03
  -1.38800001       1.63895753E-03
  -1.38699996       1.63939176E-03
  -1.38600004       1.63976138E-03
  -1.38499999       1.64024159E-03
  -1.38399994       1.64083194E-03
  -1.38300002       1.64153206E-03
  -1.38199997       1.64234126E-03
  -1.38100004       1.64325931E-03
  -1.38000000       1.64428574E-03
  -1.37899995       1.64542021E-03
  -1.37800002       1.64666225E-03
  -1.37699997       1.64784060E-03
  -1.37600005       1.64895609E-03
  -1.37500000       1.65001000E-03
  -1.37399995       1.65100314E-03
  -1.37300003       1.65193668E-03
  -1.37199998       1.65281177E-03
  -1.37100005       1.65362947E-03
  -1.37000000       1.65439083E-03
  -1.36899996       1.65509724E-03
  -1.36800003       1.65574963E-03
  -1.36699998       1.65634940E-03
  -1.36600006       1.65689760E-03
  -1.36500001       1.65739551E-03
  -1.36399996       1.65784452E-03
  -1.36300004       1.65841100E-03
  -1.36199999       1.65909505E-03
  -1.36099994       1.65989681E-03
  -1.36000001       1.66081626E-03
  -1.35899997       1.66185375E-03
  -1.35800004       1.66300929E-03
  -1.35699999       1.66428322E-03
  -1.35599995       1.66567555E-03
  -1.35500002       1.66702457E-03
  -1.35399997       1.66833191E-03
  -1.35300004       1.66959886E-03
  -1.35200000       1.67082704E-03
  -1.35099995       1.67201785E-03
  -1.35000002       1.67317293E-03
  -1.34899998       1.67429366E-03
  -1.34800005       1.67538179E-03
  -1.34700000       1.67643884E-03
  -1.34599996       1.67746632E-03
  -1.34500003       1.67846598E-03
  -1.34399998       1.67943933E-03
  -1.34300005       1.68038800E-03
  -1.34200001       1.68131373E-03
  -1.34099996       1.68221805E-03
  -1.34000003       1.68310269E-03
  -1.33899999       1.68396952E-03
  -1.33800006       1.68497546E-03
  -1.33700001       1.68612110E-03
  -1.33599997       1.68740714E-03
  -1.33500004       1.68883428E-03
  -1.33399999       1.69040298E-03
  -1.33299994       1.69180695E-03
  -1.33200002       1.69304910E-03
  -1.33099997       1.69413222E-03
  -1.33000004       1.69505947E-03
  -1.32900000       1.69583363E-03
  -1.32799995       1.69660931E-03
  -1.32700002       1.69738848E-03
  -1.32599998       1.69817300E-03
  -1.32500005       1.69896462E-03
  -1.32400000       1.69976533E-03
  -1.32299995       1.70057698E-03
  -1.32200003       1.70140143E-03
  -1.32099998       1.70224078E-03
  -1.32000005       1.70309679E-03
  -1.31900001       1.70397141E-03
  -1.31799996       1.70486665E-03
  -1.31700003       1.70578458E-03
  -1.31599998       1.70672697E-03
  -1.31500006       1.70769589E-03
  -1.31400001       1.70869345E-03
  -1.31299996       1.70972140E-03
  -1.31200004       1.71078194E-03
  -1.31099999       1.71202281E-03
  -1.30999994       1.71315426E-03
  -1.30900002       1.71417929E-03
  -1.30799997       1.71510119E-03
  -1.30700004       1.71592284E-03
  -1.30599999       1.71664753E-03
  -1.30499995       1.71727815E-03
  -1.30400002       1.71781785E-03
  -1.30299997       1.71826989E-03
  -1.30200005       1.71863718E-03
  -1.30100000       1.71892287E-03
  -1.29999995       1.71927200E-03
  -1.29900002       1.71968667E-03
  -1.29799998       1.72016909E-03
  -1.29700005       1.72072125E-03
  -1.29600000       1.72134535E-03
  -1.29499996       1.72204350E-03
  -1.29400003       1.72281789E-03
  -1.29299998       1.72367063E-03
  -1.29200006       1.72460405E-03
  -1.29100001       1.72562001E-03
  -1.28999996       1.72672106E-03
  -1.28900003       1.72790908E-03
  -1.28799999       1.72918639E-03
  -1.28699994       1.73027976E-03
  -1.28600001       1.73133065E-03
  -1.28499997       1.73234241E-03
  -1.28400004       1.73331797E-03
  -1.28299999       1.73426070E-03
  -1.28199995       1.73517352E-03
  -1.28100002       1.73605990E-03
  -1.27999997       1.73692277E-03
  -1.27900004       1.73776539E-03
  -1.27800000       1.73859100E-03
  -1.27699995       1.73940265E-03
  -1.27600002       1.74020347E-03
  -1.27499998       1.74099684E-03
  -1.27400005       1.74178579E-03
  -1.27300000       1.74257345E-03
  -1.27199996       1.74336298E-03
  -1.27100003       1.74415775E-03
  -1.26999998       1.74496078E-03
  -1.26900005       1.74577523E-03
  -1.26800001       1.74660422E-03
  -1.26699996       1.74758269E-03
  -1.26600003       1.74871262E-03
  -1.26499999       1.74999656E-03
  -1.26400006       1.75117538E-03
  -1.26300001       1.75225304E-03
  -1.26199996       1.75323384E-03
  -1.26100004       1.75412174E-03
  -1.25999999       1.75492081E-03
  -1.25899994       1.75563490E-03
  -1.25800002       1.75626832E-03
  -1.25699997       1.75682502E-03
  -1.25600004       1.75730896E-03
  -1.25500000       1.75772421E-03
  -1.25399995       1.75807474E-03
  -1.25300002       1.75836449E-03
  -1.25199997       1.75859767E-03
  -1.25100005       1.75890501E-03
  -1.25000000       1.75928976E-03
  -1.24899995       1.75975484E-03
  -1.24800003       1.76030351E-03
  -1.24699998       1.76093890E-03
  -1.24600005       1.76166417E-03
  -1.24500000       1.76248245E-03
  -1.24399996       1.76339690E-03
  -1.24300003       1.76441052E-03
  -1.24199998       1.76552660E-03
  -1.24100006       1.76674826E-03
  -1.24000001       1.76783092E-03
  -1.23899996       1.76877936E-03
  -1.23800004       1.76959857E-03
  -1.23699999       1.77029299E-03
  -1.23599994       1.77086762E-03
  -1.23500001       1.77132699E-03
  -1.23399997       1.77167589E-03
  -1.23300004       1.77204097E-03
  -1.23199999       1.77242607E-03
  -1.23099995       1.77283504E-03
  -1.23000002       1.77327183E-03
  -1.22899997       1.77374028E-03
  -1.22800004       1.77424424E-03
  -1.22700000       1.77478755E-03
  -1.22599995       1.77537417E-03
  -1.22500002       1.77600782E-03
  -1.22399998       1.77669234E-03
  -1.22300005       1.77743169E-03
  -1.22200000       1.77822961E-03
  -1.22099996       1.77908991E-03
  -1.22000003       1.78001646E-03
  -1.21899998       1.78101298E-03
  -1.21800005       1.78208342E-03
  -1.21700001       1.78323139E-03
  -1.21599996       1.78422593E-03
  -1.21500003       1.78507227E-03
  -1.21399999       1.78577576E-03
  -1.21300006       1.78634166E-03
  -1.21200001       1.78677507E-03
  -1.21099997       1.78708148E-03
  -1.21000004       1.78726600E-03
  -1.20899999       1.78733387E-03
  -1.20799994       1.78729021E-03
  -1.20700002       1.78714027E-03
  -1.20599997       1.78688916E-03
  -1.20500004       1.78654224E-03
  -1.20400000       1.78610440E-03
  -1.20299995       1.78558077E-03
  -1.20200002       1.78497669E-03
  -1.20099998       1.78429706E-03
  -1.20000005       1.78354699E-03
  -1.19900000       1.78295805E-03
  -1.19799995       1.78253383E-03
  -1.19700003       1.78227806E-03
  -1.19599998       1.78219413E-03
  -1.19500005       1.78228586E-03
  -1.19400001       1.78255665E-03
  -1.19299996       1.78301008E-03
  -1.19200003       1.78364990E-03
  -1.19099998       1.78425678E-03
  -1.19000006       1.78483571E-03
  -1.18900001       1.78539183E-03
  -1.18799996       1.78592990E-03
  -1.18700004       1.78645493E-03
  -1.18599999       1.78697170E-03
  -1.18499994       1.78748532E-03
  -1.18400002       1.78800046E-03
  -1.18299997       1.78852212E-03
  -1.18200004       1.78905518E-03
  -1.18099999       1.78960443E-03
  -1.17999995       1.79017463E-03
  -1.17900002       1.79077068E-03
  -1.17799997       1.79139734E-03
  -1.17700005       1.79205951E-03
  -1.17600000       1.79276173E-03
  -1.17499995       1.79350900E-03
  -1.17400002       1.79430598E-03
  -1.17299998       1.79515732E-03
  -1.17200005       1.79606793E-03
  -1.17100000       1.79704232E-03
  -1.16999996       1.79808529E-03
  -1.16900003       1.79920148E-03
  -1.16799998       1.80039555E-03
  -1.16700006       1.80167216E-03
  -1.16600001       1.80282455E-03
  -1.16499996       1.80385879E-03
  -1.16400003       1.80478056E-03
  -1.16299999       1.80559582E-03
  -1.16199994       1.80631049E-03
  -1.16100001       1.80693029E-03
  -1.15999997       1.80746126E-03
  -1.15900004       1.80790899E-03
  -1.15799999       1.80827943E-03
  -1.15699995       1.80857826E-03
  -1.15600002       1.80881133E-03
  -1.15499997       1.80898409E-03
  -1.15400004       1.80910260E-03
  -1.15300000       1.80917222E-03
  -1.15199995       1.80919887E-03
  -1.15100002       1.80918805E-03
  -1.14999998       1.80914556E-03
  -1.14900005       1.80907676E-03
  -1.14800000       1.80898735E-03
  -1.14699996       1.80888292E-03
  -1.14600003       1.80876907E-03
  -1.14499998       1.80865126E-03
  -1.14400005       1.80853496E-03
  -1.14300001       1.80842576E-03
  -1.14199996       1.80832914E-03
  -1.14100003       1.80825044E-03
  -1.13999999       1.80799456E-03
  -1.13900006       1.80756825E-03
  -1.13800001       1.80697790E-03
  -1.13699996       1.80623028E-03
  -1.13600004       1.80533179E-03
  -1.13499999       1.80428894E-03
  -1.13399994       1.80310837E-03
  -1.13300002       1.80179637E-03
  -1.13199997       1.80035958E-03
  -1.13100004       1.79880415E-03
  -1.13000000       1.79713673E-03
  -1.12899995       1.79555977E-03
  -1.12800002       1.79407850E-03
  -1.12699997       1.79269817E-03
  -1.12600005       1.79142377E-03
  -1.12500000       1.79026066E-03
  -1.12399995       1.78921374E-03
  -1.12300003       1.78828824E-03
  -1.12199998       1.78748916E-03
  -1.12100005       1.78682152E-03
  -1.12000000       1.78629067E-03
  -1.11899996       1.78590126E-03
  -1.11800003       1.78565853E-03
  -1.11699998       1.78556750E-03
  -1.11600006       1.78563304E-03
  -1.11500001       1.78586028E-03
  -1.11399996       1.78625400E-03
  -1.11300004       1.78662897E-03
  -1.11199999       1.78699126E-03
  -1.11099994       1.78734690E-03
  -1.11000001       1.78770185E-03
  -1.10899997       1.78806216E-03
  -1.10800004       1.78843352E-03
  -1.10699999       1.78882212E-03
  -1.10599995       1.78923365E-03
  -1.10500002       1.78967405E-03
  -1.10399997       1.79014925E-03
  -1.10300004       1.79066509E-03
  -1.10200000       1.79122726E-03
  -1.10099995       1.79184158E-03
  -1.10000002       1.79251388E-03
  -1.09899998       1.79324974E-03
  -1.09800005       1.79405522E-03
  -1.09700000       1.79493567E-03
  -1.09599996       1.79589703E-03
  -1.09500003       1.79694477E-03
  -1.09399998       1.79808459E-03
  -1.09300005       1.79932232E-03
  -1.09200001       1.80066330E-03
  -1.09099996       1.80211314E-03
  -1.09000003       1.80367753E-03
  -1.08899999       1.80536206E-03
  -1.08800006       1.80717197E-03
  -1.08700001       1.80911308E-03
  -1.08599997       1.81101006E-03
  -1.08500004       1.81286945E-03
  -1.08399999       1.81469764E-03
  -1.08299994       1.81650103E-03
  -1.08200002       1.81828614E-03
  -1.08099997       1.82005938E-03
  -1.08000004       1.82182691E-03
  -1.07900000       1.82359526E-03
  -1.07799995       1.82537071E-03
  -1.07700002       1.82715943E-03
  -1.07599998       1.82896783E-03
  -1.07500005       1.83080195E-03
  -1.07400000       1.83266820E-03
  -1.07299995       1.83457264E-03
  -1.07200003       1.83652155E-03
  -1.07099998       1.83852098E-03
  -1.07000005       1.84057711E-03
  -1.06900001       1.84269599E-03
  -1.06799996       1.84488378E-03
  -1.06700003       1.84714643E-03
  -1.06599998       1.84948987E-03
  -1.06500006       1.85192039E-03
  -1.06400001       1.85444369E-03
  -1.06299996       1.85706594E-03
  -1.06200004       1.85979297E-03
  -1.06099999       1.86263071E-03
  -1.05999994       1.86558510E-03
  -1.05900002       1.86849001E-03
  -1.05799997       1.87135232E-03
  -1.05700004       1.87417888E-03
  -1.05599999       1.87697622E-03
  -1.05499995       1.87975122E-03
  -1.05400002       1.88251038E-03
  -1.05299997       1.88526057E-03
  -1.05200005       1.88800821E-03
  -1.05100000       1.89075992E-03
  -1.04999995       1.89352245E-03
  -1.04900002       1.89630222E-03
  -1.04799998       1.89910573E-03
  -1.04700005       1.90193951E-03
  -1.04600000       1.90481008E-03
  -1.04499996       1.90772372E-03
  -1.04400003       1.91068707E-03
  -1.04299998       1.91370642E-03
  -1.04200006       1.91678805E-03
  -1.04100001       1.91993848E-03
  -1.03999996       1.92316389E-03
  -1.03900003       1.92647066E-03
  -1.03799999       1.92986499E-03
  -1.03699994       1.93335325E-03
  -1.03600001       1.93694152E-03
  -1.03499997       1.94063608E-03
  -1.03400004       1.94444309E-03
  -1.03299999       1.94836862E-03
  -1.03199995       1.95241894E-03
  -1.03100002       1.95660023E-03
  -1.02999997       1.96059188E-03
  -1.02900004       1.96440169E-03
  -1.02800000       1.96803757E-03
  -1.02699995       1.97150721E-03
  -1.02600002       1.97481806E-03
  -1.02499998       1.97797804E-03
  -1.02400005       1.98099460E-03
  -1.02300000       1.98387541E-03
  -1.02199996       1.98662793E-03
  -1.02100003       1.98925985E-03
  -1.01999998       1.99177838E-03
  -1.01900005       1.99419120E-03
  -1.01800001       1.99650531E-03
  -1.01699996       1.99872884E-03
  -1.01600003       2.00086832E-03
  -1.01499999       2.00293167E-03
  -1.01400006       2.00508488E-03
  -1.01300001       2.00733403E-03
  -1.01199996       2.00968585E-03
  -1.01100004       2.01214687E-03
  -1.00999999       2.01472314E-03
  -1.00899994       2.01742118E-03
  -1.00800002       2.02024705E-03
  -1.00699997       2.02320749E-03
  -1.00600004       2.02630856E-03
  -1.00500000       2.02955655E-03
  -1.00399995       2.03295751E-03
  -1.00300002       2.03651795E-03
  -1.00199997       2.04024394E-03
  -1.00100005       2.04383093E-03
  -1.00000000       2.04728660E-03
 -0.999000013       2.05061887E-03
 -0.998000026       2.05383520E-03
 -0.996999979       2.05694325E-03
 -0.995999992       2.05995073E-03
 -0.995000005       2.06286483E-03
 -0.994000018       2.06569349E-03
 -0.992999971       2.06844369E-03
 -0.991999984       2.07112334E-03
 -0.990999997       2.07373966E-03
 -0.990000010       2.07630009E-03
 -0.989000022       2.07881187E-03
 -0.987999976       2.08128244E-03
 -0.986999989       2.08371924E-03
 -0.986000001       2.08612904E-03
 -0.985000014       2.08851951E-03
 -0.984000027       2.09089788E-03
 -0.982999980       2.09327089E-03
 -0.981999993       2.09564622E-03
 -0.981000006       2.09803064E-03
 -0.980000019       2.10043136E-03
 -0.978999972       2.10285536E-03
 -0.977999985       2.10530986E-03
 -0.976999998       2.10780161E-03
 -0.976000011       2.11033784E-03
 -0.975000024       2.11292529E-03
 -0.973999977       2.11557094E-03
 -0.972999990       2.11828179E-03
 -0.972000003       2.12106435E-03
 -0.971000016       2.12377822E-03
 -0.970000029       2.12643039E-03
 -0.968999982       2.12902878E-03
 -0.967999995       2.13158061E-03
 -0.967000008       2.13409332E-03
 -0.966000021       2.13657436E-03
 -0.964999974       2.13903119E-03
 -0.963999987       2.14147102E-03
 -0.963000000       2.14390131E-03
 -0.962000012       2.14632903E-03
 -0.961000025       2.14876165E-03
 -0.959999979       2.15120637E-03
 -0.958999991       2.15367042E-03
 -0.958000004       2.15616100E-03
 -0.957000017       2.15868489E-03
 -0.955999970       2.16124975E-03
 -0.954999983       2.16386211E-03
 -0.953999996       2.16652942E-03
 -0.953000009       2.16925866E-03
 -0.952000022       2.17205635E-03
 -0.950999975       2.17493018E-03
 -0.949999988       2.17788643E-03
 -0.949000001       2.18093232E-03
 -0.948000014       2.18407484E-03
 -0.947000027       2.18732073E-03
 -0.945999980       2.19067652E-03
 -0.944999993       2.19414942E-03
 -0.944000006       2.19774595E-03
 -0.943000019       2.20147311E-03
 -0.941999972       2.20533716E-03
 -0.940999985       2.20934534E-03
 -0.939999998       2.21350393E-03
 -0.939000010       2.21753889E-03
 -0.938000023       2.22145766E-03
 -0.936999977       2.22526863E-03
 -0.935999990       2.22897949E-03
 -0.935000002       2.23259791E-03
 -0.934000015       2.23613181E-03
 -0.933000028       2.23958865E-03
 -0.931999981       2.24297657E-03
 -0.930999994       2.24630302E-03
 -0.930000007       2.24957592E-03
 -0.929000020       2.25280249E-03
 -0.927999973       2.25599040E-03
 -0.926999986       2.25914735E-03
 -0.925999999       2.26228079E-03
 -0.925000012       2.26539839E-03
 -0.924000025       2.26850738E-03
 -0.922999978       2.27161543E-03
 -0.921999991       2.27472954E-03
 -0.921000004       2.27785762E-03
 -0.920000017       2.28100643E-03
 -0.919000030       2.28418387E-03
 -0.917999983       2.28739670E-03
 -0.916999996       2.29065260E-03
 -0.916000009       2.29395833E-03
 -0.915000021       2.29718629E-03
 -0.913999975       2.30034348E-03
 -0.912999988       2.30343826E-03
 -0.912000000       2.30647810E-03
 -0.911000013       2.30947044E-03
 -0.910000026       2.31242343E-03
 -0.908999979       2.31534429E-03
 -0.907999992       2.31824070E-03
 -0.907000005       2.32112012E-03
 -0.906000018       2.32399045E-03
 -0.904999971       2.32685870E-03
 -0.903999984       2.32973252E-03
 -0.902999997       2.33261939E-03
 -0.902000010       2.33552675E-03
 -0.901000023       2.33846181E-03
 -0.899999976       2.34143180E-03
 -0.898999989       2.34431215E-03
 -0.898000002       2.34711030E-03
 -0.897000015       2.34983419E-03
 -0.896000028       2.35249172E-03
 -0.894999981       2.35509058E-03
 -0.893999994       2.35763867E-03
 -0.893000007       2.36014323E-03
 -0.892000020       2.36261217E-03
 -0.890999973       2.36505317E-03
 -0.889999986       2.36747391E-03
 -0.888999999       2.36988184E-03
 -0.888000011       2.37228442E-03
 -0.887000024       2.37468909E-03
 -0.885999978       2.37710378E-03
 -0.884999990       2.37953546E-03
 -0.884000003       2.38199160E-03
 -0.883000016       2.38447986E-03
 -0.882000029       2.38687824E-03
 -0.880999982       2.38919468E-03
 -0.879999995       2.39143684E-03
 -0.879000008       2.39361287E-03
 -0.878000021       2.39573023E-03
 -0.876999974       2.39779707E-03
 -0.875999987       2.39982060E-03
 -0.875000000       2.40180874E-03
 -0.874000013       2.40376918E-03
 -0.873000026       2.40570959E-03
 -0.871999979       2.40763742E-03
 -0.870999992       2.40956014E-03
 -0.870000005       2.41148542E-03
 -0.869000018       2.41342094E-03
 -0.867999971       2.41537369E-03
 -0.866999984       2.41735135E-03
 -0.865999997       2.41936161E-03
 -0.865000010       2.42128526E-03
 -0.864000022       2.42313044E-03
 -0.862999976       2.42490484E-03
 -0.861999989       2.42661638E-03
 -0.861000001       2.42827274E-03
 -0.860000014       2.42988183E-03
 -0.859000027       2.43145111E-03
 -0.857999980       2.43298826E-03
 -0.856999993       2.43450119E-03
 -0.856000006       2.43599736E-03
 -0.855000019       2.43748422E-03
 -0.853999972       2.43896944E-03
 -0.852999985       2.44046049E-03
 -0.851999998       2.44196504E-03
 -0.851000011       2.44349032E-03
 -0.850000024       2.44504376E-03
 -0.848999977       2.44663283E-03
 -0.847999990       2.44814181E-03
 -0.847000003       2.44957837E-03
 -0.846000016       2.45095021E-03
 -0.845000029       2.45226547E-03
 -0.843999982       2.45353137E-03
 -0.842999995       2.45475606E-03
 -0.842000008       2.45594699E-03
 -0.841000021       2.45711184E-03
 -0.839999974       2.45825830E-03
 -0.838999987       2.45939381E-03
 -0.838000000       2.46052584E-03
 -0.837000012       2.46166228E-03
 -0.836000025       2.46281037E-03
 -0.834999979       2.46397755E-03
 -0.833999991       2.46517151E-03
 -0.833000004       2.46639922E-03
 -0.832000017       2.46766838E-03
 -0.830999970       2.46898620E-03
 -0.829999983       2.47023953E-03
 -0.828999996       2.47143651E-03
 -0.828000009       2.47258437E-03
 -0.827000022       2.47369125E-03
 -0.825999975       2.47476459E-03
 -0.824999988       2.47581187E-03
 -0.824000001       2.47684098E-03
 -0.823000014       2.47785915E-03
 -0.822000027       2.47887429E-03
 -0.820999980       2.47989362E-03
 -0.819999993       2.48092483E-03
 -0.819000006       2.48197513E-03
 -0.818000019       2.48305220E-03
 -0.816999972       2.48416327E-03
 -0.815999985       2.48531555E-03
 -0.814999998       2.48651672E-03
 -0.814000010       2.48777377E-03
 -0.813000023       2.48909416E-03
 -0.811999977       2.49024970E-03
 -0.810999990       2.49124854E-03
 -0.810000002       2.49209907E-03
 -0.809000015       2.49280874E-03
 -0.808000028       2.49338592E-03
 -0.806999981       2.49383855E-03
 -0.805999994       2.49417452E-03
 -0.805000007       2.49440176E-03
 -0.804000020       2.49452819E-03
 -0.802999973       2.49456125E-03
 -0.801999986       2.49450933E-03
 -0.800999999       2.49437965E-03
 -0.800000012       2.49418034E-03
 -0.799000025       2.49391911E-03
 -0.797999978       2.49360339E-03
 -0.796999991       2.49324087E-03
 -0.796000004       2.49283924E-03
 -0.795000017       2.49240617E-03
 -0.794000030       2.49194913E-03
 -0.792999983       2.49147555E-03
 -0.791999996       2.49099312E-03
 -0.791000009       2.49050907E-03
 -0.790000021       2.49003107E-03
 -0.788999975       2.48956634E-03
 -0.787999988       2.48912233E-03
 -0.787000000       2.48870626E-03
 -0.786000013       2.48832582E-03
 -0.785000026       2.48798798E-03
 -0.783999979       2.48769997E-03
 -0.782999992       2.48746946E-03
 -0.782000005       2.48730299E-03
 -0.781000018       2.48720823E-03
 -0.779999971       2.48719216E-03
 -0.778999984       2.48726201E-03
 -0.777999997       2.48742453E-03
 -0.777000010       2.48768739E-03
 -0.776000023       2.48805713E-03
 -0.774999976       2.48854095E-03
 -0.773999989       2.48892093E-03
 -0.773000002       2.48920522E-03
 -0.772000015       2.48940126E-03
 -0.771000028       2.48951674E-03
 -0.769999981       2.48955935E-03
 -0.768999994       2.48953653E-03
 -0.768000007       2.48945621E-03
 -0.767000020       2.48932582E-03
 -0.765999973       2.48915283E-03
 -0.764999986       2.48894468E-03
 -0.763999999       2.48870905E-03
 -0.763000011       2.48845317E-03
 -0.762000024       2.48818449E-03
 -0.760999978       2.48791045E-03
 -0.759999990       2.48763850E-03
 -0.759000003       2.48737587E-03
 -0.758000016       2.48712976E-03
 -0.757000029       2.48690741E-03
 -0.755999982       2.48671649E-03
 -0.754999995       2.48656375E-03
 -0.754000008       2.48645642E-03
 -0.753000021       2.48640194E-03
 -0.751999974       2.48640706E-03
 -0.750999987       2.48647924E-03
 -0.750000000       2.48662545E-03
 -0.749000013       2.48685246E-03
 -0.748000026       2.48716772E-03
 -0.746999979       2.48757796E-03
 -0.745999992       2.48809042E-03
 -0.745000005       2.48871162E-03
 -0.744000018       2.48944876E-03
 -0.742999971       2.49009160E-03
 -0.741999984       2.49064784E-03
 -0.740999997       2.49112514E-03
 -0.740000010       2.49153050E-03
 -0.739000022       2.49187183E-03
 -0.737999976       2.49215658E-03
 -0.736999989       2.49239197E-03
 -0.736000001       2.49258569E-03
 -0.735000014       2.49274471E-03
 -0.734000027       2.49287672E-03
 -0.732999980       2.49298871E-03
 -0.731999993       2.49308837E-03
 -0.731000006       2.49318266E-03
 -0.730000019       2.49327882E-03
 -0.728999972       2.49338406E-03
 -0.727999985       2.49350583E-03
 -0.726999998       2.49365065E-03
 -0.726000011       2.49382621E-03
 -0.725000024       2.49403948E-03
 -0.723999977       2.49429746E-03
 -0.722999990       2.49460712E-03
 -0.722000003       2.49497546E-03
 -0.721000016       2.49540946E-03
 -0.720000029       2.49591633E-03
 -0.718999982       2.49650283E-03
 -0.717999995       2.49717571E-03
 -0.717000008       2.49794195E-03
 -0.716000021       2.49880855E-03
 -0.714999974       2.49978201E-03
 -0.713999987       2.50065909E-03
 -0.713000000       2.50144675E-03
 -0.712000012       2.50215270E-03
 -0.711000025       2.50278437E-03
 -0.709999979       2.50334851E-03
 -0.708999991       2.50385306E-03
 -0.708000004       2.50430522E-03
 -0.707000017       2.50471174E-03
 -0.705999970       2.50508054E-03
 -0.704999983       2.50541815E-03
 -0.703999996       2.50573200E-03
 -0.703000009       2.50602956E-03
 -0.702000022       2.50631734E-03
 -0.700999975       2.50660279E-03
 -0.699999988       2.50689313E-03
 -0.699000001       2.50719488E-03
 -0.698000014       2.50751525E-03
 -0.697000027       2.50786147E-03
 -0.695999980       2.50824029E-03
 -0.694999993       2.50865845E-03
 -0.694000006       2.50912318E-03
 -0.693000019       2.50943494E-03
 -0.691999972       2.50960118E-03
 -0.690999985       2.50962959E-03
 -0.689999998       2.50952737E-03
 -0.689000010       2.50930176E-03
 -0.688000023       2.50896020E-03
 -0.686999977       2.50850990E-03
 -0.685999990       2.50795833E-03
 -0.685000002       2.50731246E-03
 -0.684000015       2.50657974E-03
 -0.683000028       2.50576716E-03
 -0.681999981       2.50488217E-03
 -0.680999994       2.50393152E-03
 -0.680000007       2.50292243E-03
 -0.679000020       2.50186212E-03
 -0.677999973       2.50075758E-03
 -0.676999986       2.49961554E-03
 -0.675999999       2.49844347E-03
 -0.675000012       2.49724789E-03
 -0.674000025       2.49603624E-03
 -0.672999978       2.49481481E-03
 -0.671999991       2.49359105E-03
 -0.671000004       2.49237148E-03
 -0.670000017       2.49116286E-03
 -0.669000030       2.48997239E-03
 -0.667999983       2.48880661E-03
 -0.666999996       2.48767203E-03
 -0.666000009       2.48657586E-03
 -0.665000021       2.48552463E-03
 -0.663999975       2.48452486E-03
 -0.662999988       2.48358329E-03
 -0.662000000       2.48270668E-03
 -0.661000013       2.48190155E-03
 -0.660000026       2.48117442E-03
 -0.658999979       2.48053204E-03
 -0.657999992       2.47998070E-03
 -0.657000005       2.47952691E-03
 -0.656000018       2.47917743E-03
 -0.654999971       2.47893832E-03
 -0.653999984       2.47881655E-03
 -0.652999997       2.47881818E-03
 -0.652000010       2.47894973E-03
 -0.651000023       2.47921725E-03
 -0.649999976       2.47962773E-03
 -0.648999989       2.47998885E-03
 -0.648000002       2.48030759E-03
 -0.647000015       2.48059095E-03
 -0.646000028       2.48084567E-03
 -0.644999981       2.48107826E-03
 -0.643999994       2.48129549E-03
 -0.643000007       2.48150411E-03
 -0.642000020       2.48171086E-03
 -0.640999973       2.48192204E-03
 -0.639999986       2.48214486E-03
 -0.638999999       2.48238537E-03
 -0.638000011       2.48265034E-03
 -0.637000024       2.48294626E-03
 -0.635999978       2.48327968E-03
 -0.634999990       2.48365710E-03
 -0.634000003       2.48408504E-03
 -0.633000016       2.48456979E-03
 -0.632000029       2.48511788E-03
 -0.630999982       2.48573557E-03
 -0.629999995       2.48642941E-03
 -0.629000008       2.48720590E-03
 -0.628000021       2.48807087E-03
 -0.626999974       2.48903106E-03
 -0.625999987       2.49009253E-03
 -0.625000000       2.49106763E-03
 -0.624000013       2.49196263E-03
 -0.623000026       2.49278476E-03
 -0.621999979       2.49354006E-03
 -0.620999992       2.49423576E-03
 -0.620000005       2.49487814E-03
 -0.619000018       2.49547372E-03
 -0.617999971       2.49602902E-03
 -0.616999984       2.49655102E-03
 -0.615999997       2.49704556E-03
 -0.615000010       2.49751960E-03
 -0.614000022       2.49797944E-03
 -0.612999976       2.49843160E-03
 -0.611999989       2.49888236E-03
 -0.611000001       2.49933801E-03
 -0.610000014       2.49980506E-03
 -0.609000027       2.50028982E-03
 -0.607999980       2.50079879E-03
 -0.606999993       2.50133779E-03
 -0.606000006       2.50191358E-03
 -0.605000019       2.50253198E-03
 -0.603999972       2.50319950E-03
 -0.602999985       2.50392221E-03
 -0.601999998       2.50470615E-03
 -0.601000011       2.50536716E-03
 -0.600000024       2.50591175E-03
 -0.598999977       2.50634621E-03
 -0.597999990       2.50667729E-03
 -0.597000003       2.50691129E-03
 -0.596000016       2.50705471E-03
 -0.595000029       2.50711408E-03
 -0.593999982       2.50709569E-03
 -0.592999995       2.50700582E-03
 -0.592000008       2.50685099E-03
 -0.591000021       2.50663748E-03
 -0.589999974       2.50637159E-03
 -0.588999987       2.50605959E-03
 -0.588000000       2.50570779E-03
 -0.587000012       2.50532222E-03
 -0.586000025       2.50490941E-03
 -0.584999979       2.50447518E-03
 -0.583999991       2.50402605E-03
 -0.583000004       2.50356784E-03
 -0.582000017       2.50310684E-03
 -0.580999970       2.50264909E-03
 -0.579999983       2.50220066E-03
 -0.578999996       2.50176759E-03
 -0.578000009       2.50135595E-03
 -0.577000022       2.50097178E-03
 -0.575999975       2.50062090E-03
 -0.574999988       2.50030938E-03
 -0.574000001       2.50004302E-03
 -0.573000014       2.49964115E-03
 -0.572000027       2.49910983E-03
 -0.570999980       2.49845535E-03
 -0.569999993       2.49768374E-03
 -0.569000006       2.49680155E-03
 -0.568000019       2.49581481E-03
 -0.566999972       2.49472936E-03
 -0.565999985       2.49355170E-03
 -0.564999998       2.49228789E-03
 -0.564000010       2.49094376E-03
 -0.563000023       2.48952559E-03
 -0.561999977       2.48803920E-03
 -0.560999990       2.48649088E-03
 -0.560000002       2.48488644E-03
 -0.559000015       2.48323171E-03
 -0.558000028       2.48153275E-03
 -0.556999981       2.47979560E-03
 -0.555999994       2.47802609E-03
 -0.555000007       2.47622980E-03
 -0.554000020       2.47441302E-03
 -0.552999973       2.47258111E-03
 -0.551999986       2.47074035E-03
 -0.550999999       2.46889610E-03
 -0.550000012       2.46705441E-03
 -0.549000025       2.46522087E-03
 -0.547999978       2.46340130E-03
 -0.546999991       2.46160105E-03
 -0.546000004       2.45982641E-03
 -0.545000017       2.45808251E-03
 -0.544000030       2.45637516E-03
 -0.542999983       2.45470996E-03
 -0.541999996       2.45309225E-03
 -0.541000009       2.45152810E-03
 -0.540000021       2.45002285E-03
 -0.538999975       2.44858186E-03
 -0.537999988       2.44721072E-03
 -0.537000000       2.44591502E-03
 -0.536000013       2.44470011E-03
 -0.535000026       2.44357134E-03
 -0.533999979       2.44253455E-03
 -0.532999992       2.44159461E-03
 -0.532000005       2.44075735E-03
 -0.531000018       2.44002789E-03
 -0.529999971       2.43941182E-03
 -0.528999984       2.43891403E-03
 -0.527999997       2.43854034E-03
 -0.527000010       2.43829563E-03
 -0.526000023       2.43818550E-03
 -0.524999976       2.43803347E-03
 -0.523999989       2.43784511E-03
 -0.523000002       2.43762601E-03
 -0.522000015       2.43738154E-03
 -0.521000028       2.43711728E-03
 -0.519999981       2.43683881E-03
 -0.518999994       2.43655127E-03
 -0.518000007       2.43626023E-03
 -0.517000020       2.43597082E-03
 -0.515999973       2.43568886E-03
 -0.514999986       2.43541948E-03
 -0.513999999       2.43516779E-03
 -0.513000011       2.43493938E-03
 -0.512000024       2.43473961E-03
 -0.510999978       2.43457337E-03
 -0.509999990       2.43444624E-03
 -0.509000003       2.43436336E-03
 -0.508000016       2.43432983E-03
 -0.507000029       2.43435078E-03
 -0.505999982       2.43443181E-03
 -0.504999995       2.43457756E-03
 -0.504000008       2.43479339E-03
 -0.503000021       2.43508443E-03
 -0.501999974       2.43545580E-03
 -0.500999987       2.43591238E-03
 -0.500000000       2.43645953E-03
 -0.499000013       2.43710191E-03
 -0.497999996       2.43784487E-03
 -0.497000009       2.43869331E-03
 -0.495999992       2.43965234E-03
 -0.495000005       2.44072662E-03
 -0.493999988       2.44192104E-03
 -0.493000001       2.44324096E-03
 -0.492000014       2.44451244E-03
 -0.490999997       2.44574086E-03
 -0.490000010       2.44693109E-03
 -0.488999993       2.44808826E-03
 -0.488000005       2.44921749E-03
 -0.486999989       2.45032413E-03
 -0.486000001       2.45141261E-03
 -0.485000014       2.45248829E-03
 -0.483999997       2.45355628E-03
 -0.483000010       2.45462148E-03
 -0.481999993       2.45568878E-03
 -0.481000006       2.45676306E-03
 -0.479999989       2.45784922E-03
 -0.479000002       2.45895237E-03
 -0.477999985       2.46007740E-03
 -0.476999998       2.46122899E-03
 -0.476000011       2.46241200E-03
 -0.474999994       2.46363133E-03
 -0.474000007       2.46489164E-03
 -0.472999990       2.46619806E-03
 -0.472000003       2.46755499E-03
 -0.470999986       2.46896734E-03
 -0.469999999       2.47043977E-03
 -0.469000012       2.47197715E-03
 -0.467999995       2.47358414E-03
 -0.467000008       2.47526541E-03
 -0.465999991       2.47702538E-03
 -0.465000004       2.47886917E-03
 -0.463999987       2.48080096E-03
 -0.463000000       2.48282542E-03
 -0.462000012       2.48494744E-03
 -0.460999995       2.48699496E-03
 -0.460000008       2.48897308E-03
 -0.458999991       2.49088625E-03
 -0.458000004       2.49273935E-03
 -0.456999987       2.49453704E-03
 -0.456000000       2.49628420E-03
 -0.455000013       2.49798503E-03
 -0.453999996       2.49964441E-03
 -0.453000009       2.50126701E-03
 -0.451999992       2.50285724E-03
 -0.451000005       2.50441977E-03
 -0.449999988       2.50595948E-03
 -0.449000001       2.50748033E-03
 -0.448000014       2.50898721E-03
 -0.446999997       2.51048477E-03
 -0.446000010       2.51197699E-03
 -0.444999993       2.51346873E-03
 -0.444000006       2.51496444E-03
 -0.442999989       2.51646829E-03
 -0.442000002       2.51798471E-03
 -0.441000015       2.51951837E-03
 -0.439999998       2.52107368E-03
 -0.439000010       2.52265460E-03
 -0.437999994       2.52426555E-03
 -0.437000006       2.52591120E-03
 -0.435999990       2.52759550E-03
 -0.435000002       2.52932287E-03
 -0.433999985       2.53109750E-03
 -0.432999998       2.53292383E-03
 -0.432000011       2.53480603E-03
 -0.430999994       2.53674830E-03
 -0.430000007       2.53875460E-03
 -0.428999990       2.54082936E-03
 -0.428000003       2.54280237E-03
 -0.426999986       2.54467782E-03
 -0.425999999       2.54646013E-03
 -0.425000012       2.54815351E-03
 -0.423999995       2.54976191E-03
 -0.423000008       2.55128997E-03
 -0.421999991       2.55274167E-03
 -0.421000004       2.55412143E-03
 -0.419999987       2.55543296E-03
 -0.419000000       2.55668070E-03
 -0.418000013       2.55786884E-03
 -0.416999996       2.55900132E-03
 -0.416000009       2.56008212E-03
 -0.414999992       2.56111566E-03
 -0.414000005       2.56210566E-03
 -0.412999988       2.56305630E-03
 -0.412000000       2.56397133E-03
 -0.411000013       2.56485515E-03
 -0.409999996       2.56571174E-03
 -0.409000009       2.56654457E-03
 -0.407999992       2.56735808E-03
 -0.407000005       2.56815576E-03
 -0.405999988       2.56894203E-03
 -0.405000001       2.56972015E-03
 -0.404000014       2.57049454E-03
 -0.402999997       2.57126871E-03
 -0.402000010       2.57204659E-03
 -0.400999993       2.57283193E-03
 -0.400000006       2.57362868E-03
 -0.398999989       2.57444056E-03
 -0.398000002       2.57527130E-03
 -0.397000015       2.57612439E-03
 -0.395999998       2.57700402E-03
 -0.395000011       2.57791369E-03
 -0.393999994       2.57885712E-03
 -0.393000007       2.57983780E-03
 -0.391999990       2.58085970E-03
 -0.391000003       2.58175330E-03
 -0.389999986       2.58252234E-03
 -0.388999999       2.58317078E-03
 -0.388000011       2.58370209E-03
 -0.386999995       2.58411979E-03
 -0.386000007       2.58442783E-03
 -0.384999990       2.58462969E-03
 -0.384000003       2.58472911E-03
 -0.382999986       2.58472934E-03
 -0.381999999       2.58463412E-03
 -0.381000012       2.58444715E-03
 -0.379999995       2.58417171E-03
 -0.379000008       2.58381129E-03
 -0.377999991       2.58336961E-03
 -0.377000004       2.58285017E-03
 -0.375999987       2.58225622E-03
 -0.375000000       2.58159102E-03
 -0.374000013       2.58085853E-03
 -0.372999996       2.58006155E-03
 -0.372000009       2.57920381E-03
 -0.370999992       2.57828878E-03
 -0.370000005       2.57731928E-03
 -0.368999988       2.57629924E-03
 -0.368000001       2.57523148E-03
 -0.367000014       2.57411972E-03
 -0.365999997       2.57296674E-03
 -0.365000010       2.57177628E-03
 -0.363999993       2.57055112E-03
 -0.363000005       2.56929477E-03
 -0.361999989       2.56801047E-03
 -0.361000001       2.56670103E-03
 -0.360000014       2.56536994E-03
 -0.358999997       2.56402045E-03
 -0.358000010       2.56265537E-03
 -0.356999993       2.56127794E-03
 -0.356000006       2.55989120E-03
 -0.354999989       2.55849818E-03
 -0.354000002       2.55710236E-03
 -0.352999985       2.55570607E-03
 -0.351999998       2.55431305E-03
 -0.351000011       2.55292584E-03
 -0.349999994       2.55154748E-03
 -0.349000007       2.55018123E-03
 -0.347999990       2.54882965E-03
 -0.347000003       2.54749600E-03
 -0.345999986       2.54618283E-03
 -0.344999999       2.54489342E-03
 -0.344000012       2.54363054E-03
 -0.342999995       2.54239724E-03
 -0.342000008       2.54119607E-03
 -0.340999991       2.54002982E-03
 -0.340000004       2.53890152E-03
 -0.338999987       2.53781420E-03
 -0.338000000       2.53677019E-03
 -0.337000012       2.53577228E-03
 -0.335999995       2.53482373E-03
 -0.335000008       2.53392686E-03
 -0.333999991       2.53308448E-03
 -0.333000004       2.53229914E-03
 -0.331999987       2.53157387E-03
 -0.331000000       2.53091124E-03
 -0.330000013       2.53031380E-03
 -0.328999996       2.52978434E-03
 -0.328000009       2.52932543E-03
 -0.326999992       2.52893963E-03
 -0.326000005       2.52862950E-03
 -0.324999988       2.52839783E-03
 -0.324000001       2.52824696E-03
 -0.323000014       2.52817944E-03
 -0.321999997       2.52819806E-03
 -0.321000010       2.52830517E-03
 -0.319999993       2.52850330E-03
 -0.319000006       2.52879504E-03
 -0.317999989       2.52918270E-03
 -0.317000002       2.52966885E-03
 -0.316000015       2.53025582E-03
 -0.314999998       2.53094616E-03
 -0.314000010       2.53174221E-03
 -0.312999994       2.53264629E-03
 -0.312000006       2.53366097E-03
 -0.310999990       2.53478857E-03
 -0.310000002       2.53603165E-03
 -0.308999985       2.53739208E-03
 -0.307999998       2.53887242E-03
 -0.307000011       2.54047499E-03
 -0.305999994       2.54203007E-03
 -0.305000007       2.54353997E-03
 -0.303999990       2.54500681E-03
 -0.303000003       2.54643266E-03
 -0.301999986       2.54781987E-03
 -0.300999999       2.54917052E-03
 -0.300000012       2.55048694E-03
 -0.298999995       2.55177123E-03
 -0.298000008       2.55302549E-03
 -0.296999991       2.55425158E-03
 -0.296000004       2.55545182E-03
 -0.294999987       2.55662831E-03
 -0.294000000       2.55778292E-03
 -0.293000013       2.55891797E-03
 -0.291999996       2.56003533E-03
 -0.291000009       2.56113685E-03
 -0.289999992       2.56222463E-03
 -0.289000005       2.56330054E-03
 -0.287999988       2.56436667E-03
 -0.287000000       2.56542489E-03
 -0.286000013       2.56647728E-03
 -0.284999996       2.56752549E-03
 -0.284000009       2.56857136E-03
 -0.282999992       2.56961701E-03
 -0.282000005       2.57066404E-03
 -0.280999988       2.57171434E-03
 -0.280000001       2.57276976E-03
 -0.279000014       2.57383217E-03
 -0.277999997       2.57490319E-03
 -0.277000010       2.57598446E-03
 -0.275999993       2.57707806E-03
 -0.275000006       2.57818564E-03
 -0.273999989       2.57930881E-03
 -0.273000002       2.58044922E-03
 -0.272000015       2.58160848E-03
 -0.270999998       2.58278847E-03
 -0.270000011       2.58399057E-03
 -0.268999994       2.58521643E-03
 -0.268000007       2.58646812E-03
 -0.266999990       2.58774660E-03
 -0.266000003       2.58905371E-03
 -0.264999986       2.59039109E-03
 -0.263999999       2.59176013E-03
 -0.263000011       2.59316224E-03
 -0.261999995       2.59459927E-03
 -0.261000007       2.59607239E-03
 -0.259999990       2.59758322E-03
 -0.259000003       2.59913318E-03
 -0.257999986       2.60072364E-03
 -0.256999999       2.60235625E-03
 -0.256000012       2.60403194E-03
 -0.254999995       2.60575255E-03
 -0.254000008       2.60751927E-03
 -0.252999991       2.60916003E-03
 -0.252000004       2.61067599E-03
 -0.250999987       2.61206855E-03
 -0.250000000       2.61333841E-03
 -0.248999998       2.61448696E-03
 -0.247999996       2.61551561E-03
 -0.246999994       2.61642504E-03
 -0.246000007       2.61721667E-03
 -0.245000005       2.61789118E-03
 -0.244000003       2.61844997E-03
 -0.243000001       2.61889398E-03
 -0.241999999       2.61922413E-03
 -0.240999997       2.61944137E-03
 -0.239999995       2.61954707E-03
 -0.238999993       2.61954148E-03
 -0.238000005       2.61942600E-03
 -0.237000003       2.61920155E-03
 -0.236000001       2.61886884E-03
 -0.234999999       2.61842879E-03
 -0.233999997       2.61788233E-03
 -0.232999995       2.61723017E-03
 -0.231999993       2.61647301E-03
 -0.231000006       2.61578639E-03
 -0.230000004       2.61517102E-03
 -0.229000002       2.61462806E-03
 -0.228000000       2.61415797E-03
 -0.226999998       2.61376216E-03
 -0.225999996       2.61344109E-03
 -0.224999994       2.61319568E-03
 -0.224000007       2.61302688E-03
 -0.223000005       2.61293515E-03
 -0.222000003       2.61292187E-03
 -0.221000001       2.61298730E-03
 -0.219999999       2.61313235E-03
 -0.218999997       2.61335797E-03
 -0.217999995       2.61366437E-03
 -0.216999993       2.61405273E-03
 -0.216000006       2.61452375E-03
 -0.215000004       2.61507765E-03
 -0.214000002       2.61571538E-03
 -0.213000000       2.61643762E-03
 -0.211999997       2.61724484E-03
 -0.210999995       2.61813775E-03
 -0.209999993       2.61911703E-03
 -0.209000006       2.62018293E-03
 -0.208000004       2.62133614E-03
 -0.207000002       2.62257736E-03
 -0.206000000       2.62390682E-03
 -0.204999998       2.62532523E-03
 -0.203999996       2.62683304E-03
 -0.202999994       2.62843049E-03
 -0.202000007       2.63011828E-03
 -0.201000005       2.63189687E-03
 -0.200000003       2.63376650E-03
 -0.199000001       2.63572764E-03
 -0.197999999       2.63778050E-03
 -0.196999997       2.63992557E-03
 -0.195999995       2.64216331E-03
 -0.194999993       2.64449394E-03
 -0.194000006       2.64691771E-03
 -0.193000004       2.64943484E-03
 -0.192000002       2.65204557E-03
 -0.191000000       2.65475060E-03
 -0.189999998       2.65754969E-03
 -0.188999996       2.66044308E-03
 -0.187999994       2.66343122E-03
 -0.187000006       2.66651413E-03
 -0.186000004       2.66969181E-03
 -0.185000002       2.67278706E-03
 -0.184000000       2.67579989E-03
 -0.182999998       2.67872959E-03
 -0.181999996       2.68157641E-03
 -0.180999994       2.68434011E-03
 -0.180000007       2.68702046E-03
 -0.179000005       2.68961699E-03
 -0.178000003       2.69212993E-03
 -0.177000001       2.69455859E-03
 -0.175999999       2.69690272E-03
 -0.174999997       2.69916211E-03
 -0.173999995       2.70133629E-03
 -0.172999993       2.70342524E-03
 -0.172000006       2.70542805E-03
 -0.171000004       2.70734448E-03
 -0.170000002       2.70917430E-03
 -0.169000000       2.71091703E-03
 -0.167999998       2.71257176E-03
 -0.166999996       2.71413848E-03
 -0.165999994       2.71561649E-03
 -0.165000007       2.71700509E-03
 -0.164000005       2.71830382E-03
 -0.163000003       2.71951198E-03
 -0.162000000       2.72062933E-03
 -0.160999998       2.72165472E-03
 -0.159999996       2.72258767E-03
 -0.158999994       2.72342749E-03
 -0.158000007       2.72417348E-03
 -0.157000005       2.72482494E-03
 -0.156000003       2.72538094E-03
 -0.155000001       2.72584101E-03
 -0.153999999       2.72620376E-03
 -0.152999997       2.72646896E-03
 -0.151999995       2.72663543E-03
 -0.150999993       2.72670249E-03
 -0.150000006       2.72666872E-03
 -0.149000004       2.72671483E-03
 -0.148000002       2.72683986E-03
 -0.147000000       2.72704312E-03
 -0.145999998       2.72732414E-03
 -0.144999996       2.72768200E-03
 -0.143999994       2.72811600E-03
 -0.143000007       2.72862567E-03
 -0.142000005       2.72920984E-03
 -0.141000003       2.72986805E-03
 -0.140000001       2.73059914E-03
 -0.138999999       2.73140264E-03
 -0.137999997       2.73227761E-03
 -0.136999995       2.73322314E-03
 -0.136000007       2.73423828E-03
 -0.135000005       2.73532211E-03
 -0.134000003       2.73647369E-03
 -0.133000001       2.73769232E-03
 -0.131999999       2.73897662E-03
 -0.130999997       2.74032587E-03
 -0.129999995       2.74173892E-03
 -0.128999993       2.74321483E-03
 -0.128000006       2.74475245E-03
 -0.127000004       2.74635083E-03
 -0.126000002       2.74800858E-03
 -0.125000000       2.74972478E-03
 -0.123999998       2.75149825E-03
 -0.123000003       2.75332783E-03
 -0.122000001       2.75521213E-03
 -0.120999999       2.75715021E-03
 -0.119999997       2.75914045E-03
 -0.119000003       2.76118214E-03
 -0.118000001       2.76327343E-03
 -0.116999999       2.76541314E-03
 -0.115999997       2.76760012E-03
 -0.115000002       2.76983273E-03
 -0.114000000       2.77211005E-03
 -0.112999998       2.77443021E-03
 -0.112000003       2.77679181E-03
 -0.111000001       2.77919346E-03
 -0.109999999       2.78163399E-03
 -0.108999997       2.78411130E-03
 -0.108000003       2.78662425E-03
 -0.107000001       2.78917141E-03
 -0.105999999       2.79175071E-03
 -0.104999997       2.79436097E-03
 -0.104000002       2.79700034E-03
 -0.103000000       2.79966719E-03
 -0.101999998       2.80236010E-03
 -0.101000004       2.80507677E-03
 -0.100000001       2.80781602E-03
  -9.89999995E-02   2.81057600E-03
  -9.79999974E-02   2.81335460E-03
  -9.70000029E-02   2.81615043E-03
  -9.60000008E-02   2.81896139E-03
  -9.49999988E-02   2.82178563E-03
  -9.39999968E-02   2.82462128E-03
  -9.30000022E-02   2.82746647E-03
  -9.20000002E-02   2.83031911E-03
  -9.09999982E-02   2.83317734E-03
  -9.00000036E-02   2.83603929E-03
  -8.90000015E-02   2.83890287E-03
  -8.79999995E-02   2.84176599E-03
  -8.69999975E-02   2.84462632E-03
  -8.60000029E-02   2.84748222E-03
  -8.50000009E-02   2.85033113E-03
  -8.39999989E-02   2.85317120E-03
  -8.29999968E-02   2.85599986E-03
  -8.20000023E-02   2.85881548E-03
  -8.10000002E-02   2.86161527E-03
  -7.99999982E-02   2.86439713E-03
  -7.90000036E-02   2.86715874E-03
  -7.80000016E-02   2.86989799E-03
  -7.69999996E-02   2.87261209E-03
  -7.59999976E-02   2.87529896E-03
  -7.50000030E-02   2.87795626E-03
  -7.40000010E-02   2.88058119E-03
  -7.29999989E-02   2.88336282E-03
  -7.19999969E-02   2.88629951E-03
  -7.10000023E-02   2.88938894E-03
  -7.00000003E-02   2.89262901E-03
  -6.89999983E-02   2.89601763E-03
  -6.80000037E-02   2.89955293E-03
  -6.70000017E-02   2.90304003E-03
  -6.59999996E-02   2.90647661E-03
  -6.49999976E-02   2.90985941E-03
  -6.40000030E-02   2.91318609E-03
  -6.30000010E-02   2.91645364E-03
  -6.19999990E-02   2.91965948E-03
  -6.10000007E-02   2.92280060E-03
  -5.99999987E-02   2.92587420E-03
  -5.90000004E-02   2.92887748E-03
  -5.79999983E-02   2.93180719E-03
  -5.70000000E-02   2.93466053E-03
  -5.60000017E-02   2.93743447E-03
  -5.49999997E-02   2.94012600E-03
  -5.40000014E-02   2.94273207E-03
  -5.29999994E-02   2.94524943E-03
  -5.20000011E-02   2.94767506E-03
  -5.09999990E-02   2.95000593E-03
  -5.00000007E-02   2.95223854E-03
  -4.89999987E-02   2.95436964E-03
  -4.80000004E-02   2.95639620E-03
  -4.69999984E-02   2.95831473E-03
  -4.60000001E-02   2.96012196E-03
  -4.50000018E-02   2.96181440E-03
  -4.39999998E-02   2.96338880E-03
  -4.30000015E-02   2.96484143E-03
  -4.19999994E-02   2.96616880E-03
  -4.10000011E-02   2.96736765E-03
  -3.99999991E-02   2.96843401E-03
  -3.90000008E-02   2.96936487E-03
  -3.79999988E-02   2.97015579E-03
  -3.70000005E-02   2.97080376E-03
  -3.59999985E-02   2.97150319E-03
  -3.50000001E-02   2.97225104E-03
  -3.40000018E-02   2.97304406E-03
  -3.29999998E-02   2.97387922E-03
  -3.20000015E-02   2.97475304E-03
  -3.09999995E-02   2.97566224E-03
  -2.99999993E-02   2.97660381E-03
  -2.89999992E-02   2.97757424E-03
  -2.80000009E-02   2.97857006E-03
  -2.70000007E-02   2.97958800E-03
  -2.60000005E-02   2.98062456E-03
  -2.50000004E-02   2.98167625E-03
  -2.40000002E-02   2.98273959E-03
  -2.30000000E-02   2.98381085E-03
  -2.19999999E-02   2.98488676E-03
  -2.09999997E-02   2.98596337E-03
  -1.99999996E-02   2.98703741E-03
  -1.89999994E-02   2.98810494E-03
  -1.79999992E-02   2.98916223E-03
  -1.70000009E-02   2.99020531E-03
  -1.60000008E-02   2.99123093E-03
  -1.49999997E-02   2.99223466E-03
  -1.40000004E-02   2.99321301E-03
  -1.30000003E-02   2.99416203E-03
  -1.20000001E-02   2.99507729E-03
  -1.09999999E-02   2.99595552E-03
  -9.99999978E-03   2.99679209E-03
  -8.99999961E-03   2.99758324E-03
  -8.00000038E-03   2.99832481E-03
  -7.00000022E-03   2.99901259E-03
  -6.00000005E-03   2.99964217E-03
  -4.99999989E-03   3.00020981E-03
  -4.00000019E-03   3.00071063E-03
  -3.00000003E-03   3.00114090E-03
  -2.00000009E-03   3.00149573E-03
  -1.00000005E-03   3.00177117E-03
  -0.00000000       3.00196232E-03
   1.00000005E-03   3.00206523E-03
   2.00000009E-03   3.00207478E-03
   3.00000003E-03   3.00198677E-03
   4.00000019E-03   3.00179631E-03
   4.99999989E-03   3.00149899E-03
   6.00000005E-03   3.00109014E-03
   7.00000022E-03   3.00056464E-03
   8.00000038E-03   2.99991807E-03
   8.99999961E-03   2.99914507E-03
   9.99999978E-03   2.99824146E-03
   1.09999999E-02   2.99720163E-03
   1.20000001E-02   2.99602095E-03
   1.30000003E-02   2.99469428E-03
   1.40000004E-02   2.99342675E-03
   1.49999997E-02   2.99221440E-03
   1.60000008E-02   2.99105281E-03
   1.70000009E-02   2.98993755E-03
   1.79999992E-02   2.98886397E-03
   1.89999994E-02   2.98782764E-03
   1.99999996E-02   2.98682437E-03
   2.09999997E-02   2.98584905E-03
   2.19999999E-02   2.98489747E-03
   2.30000000E-02   2.98396498E-03
   2.40000002E-02   2.98304646E-03
   2.50000004E-02   2.98213772E-03
   2.60000005E-02   2.98123364E-03
   2.70000007E-02   2.98032933E-03
   2.80000009E-02   2.97941989E-03
   2.89999992E-02   2.97850091E-03
   2.99999993E-02   2.97756679E-03
   3.09999995E-02   2.97661265E-03
   3.20000015E-02   2.97563360E-03
   3.29999998E-02   2.97462451E-03
   3.40000018E-02   2.97358003E-03
   3.50000001E-02   2.97249528E-03
   3.59999985E-02   2.97136465E-03
   3.70000005E-02   2.97018304E-03
   3.79999988E-02   2.96894484E-03
   3.90000008E-02   2.96764495E-03
   3.99999991E-02   2.96627777E-03
   4.10000011E-02   2.96483771E-03
   4.19999994E-02   2.96331942E-03
   4.30000015E-02   2.96171708E-03
   4.39999998E-02   2.96002487E-03
   4.50000018E-02   2.95823766E-03
   4.60000001E-02   2.95634917E-03
   4.69999984E-02   2.95435358E-03
   4.80000004E-02   2.95224530E-03
   4.89999987E-02   2.95001804E-03
   5.00000007E-02   2.94766598E-03
   5.09999990E-02   2.94518308E-03
   5.20000011E-02   2.94256327E-03
   5.29999994E-02   2.93980027E-03
   5.40000014E-02   2.93688802E-03
   5.49999997E-02   2.93382001E-03
   5.60000017E-02   2.93058995E-03
   5.70000000E-02   2.92719156E-03
   5.79999983E-02   2.92361830E-03
   5.90000004E-02   2.92008789E-03
   5.99999987E-02   2.91659473E-03
   6.10000007E-02   2.91313324E-03
   6.19999990E-02   2.90969759E-03
   6.30000010E-02   2.90628243E-03
   6.40000030E-02   2.90288171E-03
   6.49999976E-02   2.89948983E-03
   6.59999996E-02   2.89610075E-03
   6.70000017E-02   2.89270841E-03
   6.80000037E-02   2.88930722E-03
   6.89999983E-02   2.88589089E-03
   7.00000003E-02   2.88245315E-03
   7.10000023E-02   2.87898816E-03
   7.19999969E-02   2.87548965E-03
   7.29999989E-02   2.87195132E-03
   7.40000010E-02   2.86836689E-03
   7.50000030E-02   2.86472985E-03
   7.59999976E-02   2.86103389E-03
   7.69999996E-02   2.85727228E-03
   7.80000016E-02   2.85343872E-03
   7.90000036E-02   2.84975767E-03
   7.99999982E-02   2.84622423E-03
   8.10000002E-02   2.84283212E-03
   8.20000023E-02   2.83957622E-03
   8.29999968E-02   2.83645070E-03
   8.39999989E-02   2.83344951E-03
   8.50000009E-02   2.83056707E-03
   8.60000029E-02   2.82779778E-03
   8.69999975E-02   2.82513513E-03
   8.79999995E-02   2.82257376E-03
   8.90000015E-02   2.82010715E-03
   9.00000036E-02   2.81772949E-03
   9.09999982E-02   2.81543471E-03
   9.20000002E-02   2.81321630E-03
   9.30000022E-02   2.81106844E-03
   9.39999968E-02   2.80898437E-03
   9.49999988E-02   2.80695804E-03
   9.60000008E-02   2.80498271E-03
   9.70000029E-02   2.80305231E-03
   9.79999974E-02   2.80115986E-03
   9.89999995E-02   2.79929885E-03
  0.100000001       2.79746298E-03
  0.101000004       2.79564504E-03
  0.101999998       2.79383827E-03
  0.103000000       2.79203593E-03
  0.104000002       2.79023126E-03
  0.104999997       2.78841681E-03
  0.105999999       2.78658583E-03
  0.107000001       2.78473110E-03
  0.108000003       2.78284540E-03
  0.108999997       2.78104329E-03
  0.109999999       2.77931825E-03
  0.111000001       2.77766353E-03
  0.112000003       2.77607236E-03
  0.112999998       2.77453777E-03
  0.114000000       2.77305278E-03
  0.115000002       2.77161063E-03
  0.115999997       2.77020386E-03
  0.116999999       2.76882574E-03
  0.118000001       2.76746880E-03
  0.119000003       2.76612584E-03
  0.119999997       2.76478939E-03
  0.120999999       2.76345224E-03
  0.122000001       2.76210671E-03
  0.123000003       2.76074535E-03
  0.123999998       2.75936048E-03
  0.125000000       2.75794440E-03
  0.126000002       2.75648921E-03
  0.127000004       2.75498698E-03
  0.128000006       2.75343005E-03
  0.128999993       2.75193690E-03
  0.129999995       2.75050011E-03
  0.130999997       2.74911267E-03
  0.131999999       2.74776644E-03
  0.133000001       2.74645444E-03
  0.134000003       2.74516852E-03
  0.135000005       2.74390145E-03
  0.136000007       2.74264487E-03
  0.136999995       2.74139130E-03
  0.137999997       2.74013286E-03
  0.138999999       2.73886090E-03
  0.140000001       2.73756799E-03
  0.141000003       2.73624575E-03
  0.142000005       2.73488555E-03
  0.143000007       2.73347925E-03
  0.143999994       2.73201847E-03
  0.144999996       2.73049437E-03
  0.145999998       2.72889878E-03
  0.147000000       2.72722263E-03
  0.148000002       2.72558886E-03
  0.149000004       2.72398978E-03
  0.150000006       2.72241677E-03
  0.150999993       2.72086193E-03
  0.151999995       2.71931686E-03
  0.152999997       2.71777320E-03
  0.153999999       2.71622231E-03
  0.155000001       2.71465583E-03
  0.156000003       2.71306513E-03
  0.157000005       2.71144114E-03
  0.158000007       2.70977523E-03
  0.158999994       2.70805857E-03
  0.159999996       2.70628207E-03
  0.160999998       2.70443643E-03
  0.162000000       2.70251255E-03
  0.163000003       2.70050135E-03
  0.164000005       2.69839307E-03
  0.165000007       2.69617816E-03
  0.165999994       2.69398442E-03
  0.166999996       2.69180303E-03
  0.167999998       2.68962490E-03
  0.169000000       2.68744119E-03
  0.170000002       2.68524303E-03
  0.171000004       2.68302090E-03
  0.172000006       2.68076570E-03
  0.172999993       2.67846836E-03
  0.173999995       2.67611886E-03
  0.174999997       2.67370814E-03
  0.175999999       2.67122616E-03
  0.177000001       2.66866339E-03
  0.178000003       2.66600982E-03
  0.179000005       2.66325567E-03
  0.180000007       2.66039069E-03
  0.180999994       2.65740464E-03
  0.181999996       2.65428727E-03
  0.182999998       2.65102810E-03
  0.184000000       2.64775963E-03
  0.185000002       2.64447252E-03
  0.186000004       2.64115678E-03
  0.187000006       2.63794675E-03
  0.187999994       2.63483357E-03
  0.188999996       2.63180840E-03
  0.189999998       2.62886193E-03
  0.191000000       2.62598507E-03
  0.192000002       2.62316875E-03
  0.193000004       2.62040342E-03
  0.194000006       2.61767977E-03
  0.194999993       2.61498801E-03
  0.195999995       2.61231838E-03
  0.196999997       2.60966155E-03
  0.197999999       2.60700705E-03
  0.199000001       2.60434533E-03
  0.200000003       2.60166591E-03
  0.201000005       2.59895879E-03
  0.202000007       2.59621348E-03
  0.202999994       2.59341951E-03
  0.203999996       2.59071682E-03
  0.204999998       2.58809561E-03
  0.206000000       2.58554681E-03
  0.207000002       2.58305995E-03
  0.208000004       2.58062570E-03
  0.209000006       2.57823383E-03
  0.209999993       2.57587433E-03
  0.210999995       2.57353694E-03
  0.211999997       2.57121143E-03
  0.213000000       2.56888731E-03
  0.214000002       2.56655365E-03
  0.215000004       2.56420020E-03
  0.216000006       2.56181578E-03
  0.216999993       2.55938992E-03
  0.217999995       2.55691097E-03
  0.218999997       2.55436776E-03
  0.219999999       2.55174935E-03
  0.221000001       2.54904386E-03
  0.222000003       2.54639797E-03
  0.223000005       2.54380098E-03
  0.224000007       2.54124240E-03
  0.224999994       2.53871176E-03
  0.225999996       2.53619789E-03
  0.226999998       2.53369007E-03
  0.228000000       2.53117736E-03
  0.229000002       2.52864813E-03
  0.230000004       2.52609118E-03
  0.231000006       2.52349488E-03
  0.231999993       2.52084807E-03
  0.232999995       2.51813838E-03
  0.233999997       2.51535419E-03
  0.234999999       2.51248339E-03
  0.236000001       2.50951340E-03
  0.237000003       2.50643236E-03
  0.238000005       2.50322721E-03
  0.238999993       2.50005187E-03
  0.239999995       2.49689445E-03
  0.240999997       2.49374378E-03
  0.241999999       2.49058800E-03
  0.243000001       2.48741522E-03
  0.244000003       2.48421379E-03
  0.245000005       2.48097139E-03
  0.246000007       2.47767591E-03
  0.246999994       2.47431477E-03
  0.247999996       2.47087539E-03
  0.248999998       2.46734498E-03
  0.250000000       2.46371049E-03
  0.250999987       2.45995913E-03
  0.252000004       2.45607737E-03
  0.252999991       2.45205197E-03
  0.254000008       2.44804332E-03
  0.254999995       2.44403910E-03
  0.256000012       2.44002696E-03
  0.256999999       2.43599480E-03
  0.257999986       2.43192981E-03
  0.259000003       2.42781918E-03
  0.259999990       2.42364989E-03
  0.261000007       2.41940888E-03
  0.261999995       2.41526146E-03
  0.263000011       2.41119601E-03
  0.263999999       2.40720063E-03
  0.264999986       2.40326300E-03
  0.266000003       2.39937124E-03
  0.266999990       2.39551300E-03
  0.268000007       2.39167549E-03
  0.268999994       2.38784612E-03
  0.270000011       2.38401187E-03
  0.270999998       2.38015992E-03
  0.272000015       2.37627677E-03
  0.273000002       2.37234915E-03
  0.273999989       2.36836332E-03
  0.275000006       2.36430531E-03
  0.275999993       2.36016139E-03
  0.277000010       2.35591712E-03
  0.277999997       2.35155807E-03
  0.279000014       2.34725908E-03
  0.280000001       2.34300736E-03
  0.280999988       2.33878987E-03
  0.282000005       2.33459356E-03
  0.282999992       2.33040471E-03
  0.284000009       2.32621003E-03
  0.284999996       2.32199533E-03
  0.286000013       2.31774733E-03
  0.287000000       2.31345114E-03
  0.287999988       2.30909255E-03
  0.289000005       2.30465713E-03
  0.289999992       2.30012997E-03
  0.291000009       2.29549571E-03
  0.291999996       2.29073921E-03
  0.293000013       2.28584511E-03
  0.294000000       2.28079734E-03
  0.294999987       2.27558007E-03
  0.296000004       2.27037864E-03
  0.296999991       2.26517930E-03
  0.298000008       2.25996715E-03
  0.298999995       2.25472776E-03
  0.300000012       2.24944646E-03
  0.300999999       2.24410789E-03
  0.301999986       2.23869691E-03
  0.303000003       2.23319791E-03
  0.303999990       2.22759484E-03
  0.305000007       2.22187210E-03
  0.305999994       2.21601292E-03
  0.307000011       2.21021171E-03
  0.307999998       2.20445427E-03
  0.308999985       2.19872594E-03
  0.310000002       2.19301227E-03
  0.310999990       2.18729791E-03
  0.312000006       2.18156772E-03
  0.312999994       2.17580632E-03
  0.314000010       2.16999790E-03
  0.314999998       2.16412661E-03
  0.316000015       2.15817569E-03
  0.317000002       2.15212931E-03
  0.317999989       2.14597001E-03
  0.319000006       2.13968102E-03
  0.319999993       2.13346747E-03
  0.321000010       2.12731468E-03
  0.321999997       2.12120754E-03
  0.323000014       2.11513066E-03
  0.324000001       2.10906868E-03
  0.324999988       2.10300577E-03
  0.326000005       2.09692563E-03
  0.326999992       2.09081173E-03
  0.328000009       2.08464777E-03
  0.328999996       2.07841629E-03
  0.330000013       2.07210053E-03
  0.331000000       2.06568232E-03
  0.331999987       2.05914420E-03
  0.333000004       2.05246755E-03
  0.333999991       2.04563420E-03
  0.335000008       2.03862460E-03
  0.335999995       2.03142012E-03
  0.337000012       2.02412088E-03
  0.338000000       2.01670895E-03
  0.338999987       2.00916571E-03
  0.340000004       2.00147182E-03
  0.340999991       1.99373090E-03
  0.342000008       1.98592478E-03
  0.342999995       1.97803555E-03
  0.344000012       1.97004434E-03
  0.344999999       1.96193205E-03
  0.345999986       1.95367960E-03
  0.347000003       1.94526720E-03
  0.347999990       1.93667470E-03
  0.349000007       1.92788150E-03
  0.349999994       1.91899505E-03
  0.351000011       1.90999603E-03
  0.351999998       1.90086453E-03
  0.352999985       1.89171080E-03
  0.354000002       1.88251620E-03
  0.354999989       1.87326188E-03
  0.356000006       1.86392863E-03
  0.356999993       1.85449666E-03
  0.358000010       1.84494595E-03
  0.358999997       1.83539034E-03
  0.360000014       1.82581111E-03
  0.361000001       1.81618927E-03
  0.361999989       1.80650502E-03
  0.363000005       1.79673859E-03
  0.363999993       1.78686948E-03
  0.365000010       1.77687686E-03
  0.365999997       1.76673941E-03
  0.367000014       1.75643538E-03
  0.368000001       1.74608396E-03
  0.368999988       1.73566467E-03
  0.370000005       1.72515691E-03
  0.370999992       1.71453936E-03
  0.372000009       1.70379039E-03
  0.372999996       1.69288786E-03
  0.374000013       1.68180885E-03
  0.375000000       1.67053042E-03
  0.375999987       1.65917678E-03
  0.377000004       1.64772617E-03
  0.377999991       1.63615670E-03
  0.379000008       1.62444543E-03
  0.379999995       1.61256944E-03
  0.381000012       1.60050474E-03
  0.381999999       1.58822723E-03
  0.382999986       1.57571188E-03
  0.384000003       1.56293320E-03
  0.384999990       1.55002158E-03
  0.386000007       1.53695315E-03
  0.386999995       1.52370357E-03
  0.388000011       1.51024794E-03
  0.388999999       1.49656052E-03
  0.389999986       1.48261501E-03
  0.391000003       1.46838475E-03
  0.391999990       1.45384180E-03
  0.393000007       1.43912283E-03
  0.393999994       1.42420200E-03
  0.395000011       1.40905299E-03
  0.395999998       1.39381678E-03
  0.397000015       1.37846905E-03
  0.398000002       1.36298477E-03
  0.398999989       1.34733832E-03
  0.400000006       1.33150327E-03
  0.400999993       1.31545239E-03
  0.402000010       1.29915809E-03
  0.402999997       1.28259149E-03
  0.404000014       1.26572326E-03
  0.405000001       1.24870252E-03
  0.405999988       1.23150193E-03
  0.407000005       1.21409365E-03
  0.407999992       1.19644881E-03
  0.409000009       1.17853808E-03
  0.409999996       1.16033072E-03
  0.411000013       1.14179566E-03
  0.412000000       1.12290040E-03
  0.412999988       1.10361178E-03
  0.414000005       1.08408742E-03
  0.414999992       1.06429646E-03
  0.416000009       1.04420737E-03
  0.416999996       1.02378742E-03
  0.418000013       1.00300275E-03
  0.419000000       9.81818652E-04
  0.419999987       9.60199221E-04
  0.421000004       9.38107318E-04
  0.421999991       9.15504643E-04
  0.423000008       8.92558310E-04
  0.423999995       8.69232696E-04
  0.425000012       8.45491071E-04
  0.425999999       8.21295427E-04
  0.426999986       7.96606473E-04
  0.428000003       7.71383580E-04
  0.428999990       7.45802361E-04
  0.430000007       7.19825155E-04
  0.430999994       6.93413022E-04
  0.432000011       6.66525564E-04
  0.432999998       6.39120990E-04
  0.433999985       6.11155992E-04
  0.435000002       5.82585519E-04
  0.435999990       5.53595368E-04
  0.437000006       5.24143805E-04
  0.437999994       4.94187581E-04
  0.439000010       4.63681965E-04
  0.439999998       4.32580215E-04
  0.441000015       4.00833960E-04
  0.442000002       3.68392823E-04
  0.442999989       3.35328892E-04
  0.444000006       3.01591557E-04
  0.444999993       2.67128140E-04
  0.446000010       2.31883721E-04
  0.446999997       1.95930974E-04
  0.448000014       1.59214498E-04
  0.449000001       1.21676523E-04
  0.449999988       8.32567821E-05
  0.451000005       4.38923453E-05
  0.451999992       3.65470510E-06
  0.453000009       3.75200980E-05
  0.453999996       7.96989407E-05
  0.455000013       1.22951780E-04
  0.456000000       1.67208113E-04
  0.456999987       2.12539424E-04
  0.458000004       2.59020657E-04
  0.458999991       3.06730391E-04
  0.460000008       3.55751050E-04
  0.460999995       4.06016363E-04
  0.462000012       4.57611342E-04
  0.463000000       5.10468613E-04
  0.463999987       5.64675953E-04
  0.465000004       6.20325853E-04
  0.465999991       6.77515753E-04
  0.467000008       7.36182905E-04
  0.467999995       7.96428765E-04
  0.469000012       8.58360319E-04
  0.469999999       9.22090840E-04
  0.470999986       9.87564912E-04
  0.472000003       1.05490128E-03
  0.472999990       1.12422614E-03
  0.474000007       1.19567278E-03
  0.474999994       1.26938312E-03
  0.476000011       1.34531886E-03
  0.476999998       1.42363086E-03
  0.477999985       1.50448002E-03
  0.479000002       1.58803759E-03
  0.479999989       1.67448621E-03
  0.481000006       1.76381599E-03
  0.481999993       1.85622461E-03
  0.483000010       1.95192406E-03
  0.483999997       2.05114111E-03
  0.485000014       2.15411908E-03
  0.486000001       2.26089521E-03
  0.486999989       2.37173843E-03
  0.488000005       2.48693768E-03
  0.488999993       2.60680518E-03
  0.490000010       2.73167784E-03
  0.490999997       2.86179688E-03
  0.492000014       2.99742399E-03
  0.493000001       3.13897175E-03
  0.493999988       3.28662526E-03
  0.495000005       3.44085647E-03
  0.495999992       3.60217947E-03
  0.497000009       3.77101661E-03
  0.497999996       3.94797418E-03
  0.499000013       4.13357140E-03
  0.500000000       4.32853121E-03
  0.500999987       4.53365128E-03
  0.501999974       4.74965526E-03
  0.503000021       4.97750938E-03
  0.504000008       5.21812029E-03
  0.504999995       5.47267403E-03
  0.505999982       5.74249728E-03
  0.507000029       6.02889666E-03
  0.508000016       6.33353414E-03
  0.509000003       6.65809447E-03
  0.509999990       7.00469362E-03
  0.510999978       7.37574464E-03
  0.512000024       7.77379563E-03
  0.513000011       8.20200425E-03
  0.513999999       8.66379123E-03
  0.514999986       9.16338060E-03
  0.515999973       9.70559008E-03
  0.517000020       1.02960961E-02
  0.518000007       1.09417737E-02
  0.518999994       1.16506973E-02
  0.519999981       1.24326022E-02
  0.521000028       1.32993385E-02
  0.522000015       1.42654730E-02
  0.523000002       1.53491190E-02
  0.523999989       1.65730845E-02
  0.524999976       1.79664996E-02
  0.526000023       1.95673909E-02
  0.527000010       2.14257818E-02
  0.527999997       2.36092024E-02
  0.528999984       2.62112152E-02
  0.529999971       2.93649156E-02
  0.531000018       3.32667232E-02
  0.532000005       3.82185876E-02
  0.532999992       4.47105207E-02
  0.533999979       5.35933152E-02
  0.535000026       6.64858967E-02
  0.536000013       8.68948549E-02
  0.537000000      0.124097578    
  0.537999988      0.213313133    
  0.538999975      0.716989279    
  0.540000021      0.548210800    
  0.541000009      0.201163799    
  0.541999996      0.124246031    
  0.542999983       9.04254392E-02
  0.544000030       7.14074820E-02
  0.545000017       5.92187271E-02
  0.546000004       5.07406257E-02
  0.546999991       4.45025861E-02
  0.547999978       3.97203118E-02
  0.549000025       3.59375030E-02
  0.550000012       3.28703932E-02
  0.550999999       3.03334631E-02
  0.551999986       2.82002240E-02
  0.552999973       2.63814721E-02
  0.554000020       2.48123929E-02
  0.555000007       2.34448258E-02
  0.555999994       2.22424138E-02
  0.556999981       2.11769044E-02
  0.558000028       2.02261321E-02
  0.559000015       1.93724651E-02
  0.560000002       1.86018404E-02
  0.560999990       1.79026648E-02
  0.561999977       1.72653999E-02
  0.563000023       1.66822560E-02
  0.564000010       1.61465835E-02
  0.564999998       1.56527162E-02
  0.565999985       1.51960691E-02
  0.566999972       1.47724478E-02
  0.568000019       1.43784527E-02
  0.569000006       1.40111474E-02
  0.569999993       1.36677828E-02
  0.570999980       1.33461449E-02
  0.572000027       1.30442930E-02
  0.573000014       1.27603402E-02
  0.574000001       1.24927899E-02
  0.574999988       1.22401444E-02
  0.575999975       1.20012332E-02
  0.577000022       1.17750121E-02
  0.578000009       1.15605434E-02
  0.578999996       1.13569833E-02
  0.579999983       1.11634256E-02
  0.580999970       1.09791933E-02
  0.582000017       1.08036734E-02
  0.583000004       1.06361704E-02
  0.583999991       1.04761878E-02
  0.584999979       1.03232712E-02
  0.586000025       1.01768747E-02
  0.587000012       1.00366268E-02
  0.588000000       9.90218483E-03
  0.588999987       9.77311283E-03
  0.589999974       9.64918640E-03
  0.591000021       9.52996872E-03
  0.592000008       9.41522326E-03
  0.592999995       9.30473208E-03
  0.593999982       9.19829495E-03
  0.595000029       9.09572374E-03
  0.596000016       8.99684429E-03
  0.597000003       8.90128687E-03
  0.597999990       8.80890898E-03
  0.598999977       8.71958025E-03
  0.600000024       8.63317680E-03
  0.601000011       8.54958408E-03
  0.601999998       8.46850313E-03
  0.602999985       8.39002989E-03
  0.603999972       8.31406750E-03
  0.605000019       8.24052840E-03
  0.606000006       8.16914532E-03
  0.606999993       8.09984840E-03
  0.607999980       8.03256966E-03
  0.609000027       7.96724483E-03
  0.610000014       7.90381432E-03
  0.611000001       7.84221850E-03
  0.611999989       7.78240571E-03
  0.612999976       7.72415986E-03
  0.614000022       7.66743952E-03
  0.615000010       7.61220464E-03
  0.615999997       7.55841658E-03
  0.616999984       7.50603853E-03
  0.617999971       7.45503698E-03
  0.619000018       7.40522705E-03
  0.620000005       7.35658361E-03
  0.620999992       7.30908150E-03
  0.621999979       7.26269698E-03
  0.623000026       7.21740769E-03
  0.624000013       7.17319129E-03
  0.625000000       7.12988665E-03
  0.625999987       7.08747935E-03
  0.626999974       7.04609090E-03
  0.628000021       7.00570317E-03
  0.629000008       6.96629798E-03
  0.629999995       6.92785764E-03
  0.630999982       6.89023454E-03
  0.632000029       6.85341749E-03
  0.633000016       6.81739440E-03
  0.634000003       6.78215455E-03
  0.634999990       6.74768677E-03
  0.635999978       6.71398081E-03
  0.637000024       6.68102689E-03
  0.638000011       6.64869277E-03
  0.638999999       6.61697332E-03
  0.639999986       6.58586295E-03
  0.640999973       6.55523688E-03
  0.642000020       6.52509369E-03
  0.643000007       6.49543107E-03
  0.643999994       6.46624714E-03
  0.644999981       6.43753912E-03
  0.646000028       6.40930561E-03
  0.647000015       6.38154428E-03
  0.648000002       6.35425234E-03
  0.648999989       6.32742792E-03
  0.649999976       6.30106917E-03
  0.651000023       6.27517281E-03
  0.652000010       6.24973746E-03
  0.652999997       6.22475985E-03
  0.653999984       6.20023860E-03
  0.654999971       6.17617089E-03
  0.656000018       6.15255442E-03
  0.657000005       6.12938683E-03
  0.657999992       6.10666582E-03
  0.658999979       6.08438812E-03
  0.660000026       6.06255280E-03
  0.661000013       6.04115613E-03
  0.662000000       6.02019625E-03
  0.662999988       5.99947572E-03
  0.663999975       5.97899687E-03
  0.665000021       5.95876202E-03
  0.666000009       5.93877304E-03
  0.666999996       5.91903087E-03
  0.667999983       5.89953735E-03
  0.669000030       5.88029437E-03
  0.670000017       5.86130284E-03
  0.671000004       5.84256416E-03
  0.671999991       5.82407881E-03
  0.672999978       5.80584817E-03
  0.674000025       5.78787271E-03
  0.675000012       5.77015290E-03
  0.675999999       5.75269014E-03
  0.676999986       5.73548442E-03
  0.677999973       5.71853574E-03
  0.679000020       5.70184505E-03
  0.680000007       5.68541186E-03
  0.680999994       5.66923711E-03
  0.681999981       5.65331988E-03
  0.683000028       5.63766062E-03
  0.684000015       5.62225888E-03
  0.685000002       5.60711464E-03
  0.685999990       5.59222791E-03
  0.686999977       5.57759730E-03
  0.688000023       5.56306122E-03
  0.689000010       5.54862153E-03
  0.689999998       5.53428149E-03
  0.690999985       5.52004296E-03
  0.691999972       5.50590875E-03
  0.693000019       5.49188023E-03
  0.694000006       5.47795976E-03
  0.694999993       5.46430377E-03
  0.695999980       5.45091182E-03
  0.697000027       5.43778203E-03
  0.698000014       5.42491302E-03
  0.699000001       5.41230338E-03
  0.699999988       5.39980223E-03
  0.700999975       5.38741006E-03
  0.702000022       5.37512824E-03
  0.703000009       5.36295818E-03
  0.703999996       5.35090081E-03
  0.704999983       5.33895707E-03
  0.705999970       5.32712694E-03
  0.707000017       5.31541230E-03
  0.708000004       5.30381314E-03
  0.708999991       5.29232947E-03
  0.709999979       5.28096268E-03
  0.711000025       5.26971277E-03
  0.712000012       5.25857974E-03
  0.713000000       5.24756406E-03
  0.713999987       5.23666572E-03
  0.714999974       5.22588473E-03
  0.716000021       5.21522108E-03
  0.717000008       5.20467479E-03
  0.717999995       5.19424491E-03
  0.718999982       5.18393237E-03
  0.720000029       5.17373579E-03
  0.721000016       5.16365562E-03
  0.722000003       5.15369093E-03
  0.722999990       5.14384126E-03
  0.723999977       5.13410615E-03
  0.725000024       5.12448465E-03
  0.726000011       5.11497678E-03
  0.726999998       5.10558113E-03
  0.727999985       5.09629678E-03
  0.728999972       5.08712372E-03
  0.730000019       5.07806009E-03
  0.731000006       5.06910542E-03
  0.731999993       5.06025879E-03
  0.732999980       5.05151926E-03
  0.734000027       5.04276110E-03
  0.735000014       5.03398478E-03
  0.736000001       5.02531463E-03
  0.736999989       5.01674879E-03
  0.737999976       5.00828680E-03
  0.739000022       4.99992631E-03
  0.740000010       4.99166688E-03
  0.740999997       4.98350617E-03
  0.741999984       4.97550284E-03
  0.742999971       4.96759545E-03
  0.744000018       4.95978165E-03
  0.745000005       4.95206052E-03
  0.745999992       4.94443066E-03
  0.746999979       4.93688975E-03
  0.748000026       4.92943591E-03
  0.749000013       4.92206821E-03
  0.750000000       4.91478480E-03
  0.750999987       4.90758382E-03
  0.751999974       4.90046293E-03
  0.753000021       4.89342073E-03
  0.754000008       4.88645537E-03
  0.754999995       4.87956498E-03
  0.755999982       4.87274723E-03
  0.757000029       4.86600073E-03
  0.758000016       4.85932315E-03
  0.759000003       4.85271262E-03
  0.759999990       4.84616728E-03
  0.760999978       4.83968435E-03
  0.762000024       4.83326241E-03
  0.763000011       4.82689915E-03
  0.763999999       4.82059224E-03
  0.764999986       4.81433980E-03
  0.765999973       4.80813999E-03
  0.767000020       4.80198953E-03
  0.768000007       4.79588704E-03
  0.768999994       4.78982972E-03
  0.769999981       4.78381570E-03
  0.771000028       4.77784220E-03
  0.772000015       4.77190781E-03
  0.773000002       4.76600928E-03
  0.773999989       4.76014428E-03
  0.774999976       4.75431094E-03
  0.776000023       4.74850647E-03
  0.777000010       4.74272855E-03
  0.777999997       4.73697484E-03
  0.778999984       4.73124254E-03
  0.779999971       4.72552935E-03
  0.781000018       4.71983291E-03
  0.782000005       4.71415045E-03
  0.782999992       4.70847962E-03
  0.783999979       4.70281718E-03
  0.785000026       4.69716173E-03
  0.786000013       4.69150953E-03
  0.787000000       4.68585873E-03
  0.787999988       4.68020653E-03
  0.788999975       4.67454968E-03
  0.790000021       4.66888631E-03
  0.791000009       4.66321316E-03
  0.791999996       4.65752790E-03
  0.792999983       4.65182774E-03
  0.794000030       4.64610988E-03
  0.795000017       4.64056199E-03
  0.796000004       4.63517895E-03
  0.796999991       4.62995656E-03
  0.797999978       4.62488923E-03
  0.799000025       4.61997231E-03
  0.800000012       4.61520068E-03
  0.800999999       4.61057015E-03
  0.801999986       4.60588979E-03
  0.802999973       4.60115680E-03
  0.804000020       4.59636888E-03
  0.805000007       4.59152227E-03
  0.805999994       4.58661560E-03
  0.806999981       4.58164467E-03
  0.808000028       4.57660714E-03
  0.809000015       4.57150070E-03
  0.810000002       4.56632162E-03
  0.810999990       4.56106756E-03
  0.811999977       4.55573527E-03
  0.813000023       4.55050031E-03
  0.814000010       4.54535801E-03
  0.814999998       4.54030372E-03
  0.815999985       4.53533232E-03
  0.816999972       4.53043869E-03
  0.818000019       4.52561863E-03
  0.819000006       4.52086749E-03
  0.819999993       4.51618014E-03
  0.820999980       4.51155193E-03
  0.822000027       4.50697821E-03
  0.823000014       4.50245431E-03
  0.824000001       4.49797558E-03
  0.824999988       4.49353736E-03
  0.825999975       4.48913453E-03
  0.827000022       4.48476290E-03
  0.828000009       4.48041782E-03
  0.828999996       4.47609415E-03
  0.829999983       4.47178772E-03
  0.830999970       4.46749385E-03
  0.832000017       4.46320791E-03
  0.833000004       4.45892522E-03
  0.833999991       4.45464114E-03
  0.834999979       4.45035147E-03
  0.836000025       4.44605108E-03
  0.837000012       4.44173533E-03
  0.838000000       4.43740003E-03
  0.838999987       4.43304097E-03
  0.839999974       4.42865258E-03
  0.841000021       4.42423113E-03
  0.842000008       4.41977195E-03
  0.842999995       4.41526994E-03
  0.843999982       4.41072136E-03
  0.845000029       4.40612109E-03
  0.846000016       4.40146495E-03
  0.847000003       4.39674826E-03
  0.847999990       4.39196685E-03
  0.848999977       4.38727392E-03
  0.850000024       4.38266387E-03
  0.851000011       4.37813066E-03
  0.851999998       4.37366823E-03
  0.852999985       4.36927052E-03
  0.853999972       4.36493242E-03
  0.855000019       4.36064694E-03
  0.856000006       4.35640942E-03
  0.856999993       4.35221335E-03
  0.857999980       4.34805267E-03
  0.859000027       4.34392225E-03
  0.860000014       4.33981605E-03
  0.861000001       4.33572847E-03
  0.861999989       4.33165347E-03
  0.862999976       4.32758592E-03
  0.864000022       4.32351930E-03
  0.865000010       4.31944896E-03
  0.865999997       4.31536837E-03
  0.866999984       4.31142189E-03
  0.867999971       4.30760300E-03
  0.869000018       4.30390472E-03
  0.870000005       4.30032006E-03
  0.870999992       4.29684203E-03
  0.871999979       4.29346366E-03
  0.873000026       4.29017888E-03
  0.874000013       4.28698026E-03
  0.875000000       4.28386172E-03
  0.875999987       4.28081583E-03
  0.876999974       4.27783653E-03
  0.878000021       4.27491684E-03
  0.879000008       4.27205069E-03
  0.879999995       4.26923065E-03
  0.880999982       4.26645111E-03
  0.882000029       4.26370464E-03
  0.883000016       4.26084222E-03
  0.884000003       4.25800169E-03
  0.884999990       4.25517559E-03
  0.885999978       4.25235787E-03
  0.887000024       4.24954202E-03
  0.888000011       4.24672244E-03
  0.888999999       4.24389169E-03
  0.889999986       4.24104417E-03
  0.890999973       4.23817337E-03
  0.892000020       4.23527276E-03
  0.893000007       4.23233677E-03
  0.893999994       4.22935793E-03
  0.894999981       4.22633113E-03
  0.896000028       4.22324985E-03
  0.897000015       4.22010757E-03
  0.898000002       4.21689823E-03
  0.898999989       4.21361625E-03
  0.899999976       4.21039155E-03
  0.901000023       4.20721667E-03
  0.902000010       4.20408510E-03
  0.902999997       4.20098891E-03
  0.903999984       4.19792160E-03
  0.904999971       4.19487618E-03
  0.906000018       4.19184519E-03
  0.907000005       4.18882165E-03
  0.907999992       4.18579858E-03
  0.908999979       4.18276899E-03
  0.910000026       4.17972589E-03
  0.911000013       4.17666277E-03
  0.912000000       4.17357264E-03
  0.912999988       4.17044805E-03
  0.913999975       4.16728249E-03
  0.915000021       4.16406943E-03
  0.916000009       4.16080141E-03
  0.916999996       4.15760325E-03
  0.917999983       4.15446609E-03
  0.919000030       4.15138295E-03
  0.920000017       4.14834591E-03
  0.921000004       4.14534751E-03
  0.921999991       4.14237985E-03
  0.922999978       4.13943548E-03
  0.924000025       4.13650693E-03
  0.925000012       4.13358631E-03
  0.925999999       4.13066661E-03
  0.926999986       4.12773993E-03
  0.927999973       4.12479928E-03
  0.929000020       4.12183674E-03
  0.930000007       4.11884533E-03
  0.930999994       4.11581760E-03
  0.931999981       4.11274657E-03
  0.933000028       4.10962431E-03
  0.934000015       4.10644384E-03
  0.935000002       4.10319772E-03
  0.935999990       4.09987895E-03
  0.936999977       4.09648055E-03
  0.938000023       4.09299508E-03
  0.939000010       4.08941554E-03
  0.939999998       4.08573449E-03
  0.940999985       4.08219127E-03
  0.941999972       4.07877658E-03
  0.943000019       4.07548249E-03
  0.944000006       4.07229923E-03
  0.944999993       4.06921841E-03
  0.945999980       4.06623213E-03
  0.947000027       4.06333059E-03
  0.948000014       4.06050542E-03
  0.949000001       4.05774871E-03
  0.949999988       4.05505113E-03
  0.950999975       4.05240525E-03
  0.952000022       4.04980127E-03
  0.953000009       4.04717168E-03
  0.953999996       4.04456863E-03
  0.954999983       4.04198281E-03
  0.955999970       4.03940631E-03
  0.957000017       4.03683120E-03
  0.958000004       4.03424865E-03
  0.958999991       4.03165072E-03
  0.959999979       4.02902905E-03
  0.961000025       4.02637571E-03
  0.962000012       4.02368279E-03
  0.963000000       4.02094144E-03
  0.963999987       4.01814422E-03
  0.964999974       4.01528273E-03
  0.966000021       4.01234953E-03
  0.967000008       4.00933577E-03
  0.967999995       4.00623446E-03
  0.968999982       4.00303723E-03
  0.970000029       3.99973569E-03
  0.971000016       3.99632286E-03
  0.972000003       3.99301946E-03
  0.972999990       3.98981571E-03
  0.973999977       3.98670323E-03
  0.975000024       3.98367178E-03
  0.976000011       3.98071250E-03
  0.976999998       3.97781655E-03
  0.977999985       3.97497462E-03
  0.978999972       3.97217693E-03
  0.980000019       3.96941556E-03
  0.981000006       3.96668073E-03
  0.981999993       3.96396313E-03
  0.982999980       3.96125484E-03
  0.984000027       3.95854609E-03
  0.985000014       3.95582803E-03
  0.986000001       3.95309227E-03
  0.986999989       3.95032950E-03
  0.987999976       3.94753134E-03
  0.989000022       3.94468894E-03
  0.990000010       3.94179299E-03
  0.990999997       3.93883605E-03
  0.991999984       3.93580832E-03
  0.992999971       3.93270142E-03
  0.994000018       3.92950699E-03
  0.995000005       3.92621662E-03
  0.995999992       3.92282149E-03
  0.996999979       3.91931320E-03
  0.998000026       3.91568337E-03
  0.999000013       3.91192362E-03
   1.00000000       3.90802510E-03
   1.00100005       3.90397967E-03
   1.00199997       3.89999337E-03
   1.00300002       3.89605667E-03
   1.00399995       3.89215979E-03
   1.00500000       3.88829317E-03
   1.00600004       3.88444727E-03
   1.00699997       3.88061232E-03
   1.00800002       3.87677923E-03
   1.00899994       3.87293822E-03
   1.00999999       3.86907998E-03
   1.01100004       3.86519521E-03
   1.01199996       3.86127457E-03
   1.01300001       3.85730877E-03
   1.01400006       3.85328825E-03
   1.01499999       3.84920416E-03
   1.01600003       3.84504697E-03
   1.01699996       3.84080783E-03
   1.01800001       3.83647741E-03
   1.01900005       3.83204664E-03
   1.01999998       3.82750644E-03
   1.02100003       3.82284797E-03
   1.02199996       3.81806190E-03
   1.02300000       3.81313963E-03
   1.02400005       3.80807184E-03
   1.02499998       3.80305434E-03
   1.02600002       3.79807688E-03
   1.02699995       3.79312900E-03
   1.02800000       3.78820137E-03
   1.02900004       3.78328329E-03
   1.02999997       3.77836521E-03
   1.03100002       3.77343711E-03
   1.03199995       3.76869063E-03
   1.03299999       3.76411458E-03
   1.03400004       3.75969778E-03
   1.03499997       3.75542976E-03
   1.03600001       3.75129911E-03
   1.03699994       3.74729512E-03
   1.03799999       3.74340708E-03
   1.03900003       3.73962405E-03
   1.03999996       3.73593532E-03
   1.04100001       3.73232993E-03
   1.04200006       3.72879766E-03
   1.04299998       3.72532778E-03
   1.04400003       3.72190936E-03
   1.04499996       3.71853216E-03
   1.04600000       3.71518568E-03
   1.04700005       3.71185946E-03
   1.04799998       3.70854302E-03
   1.04900002       3.70522588E-03
   1.04999995       3.70189804E-03
   1.05100000       3.69854877E-03
   1.05200005       3.69516807E-03
   1.05299997       3.69174569E-03
   1.05400002       3.68827139E-03
   1.05499995       3.68473516E-03
   1.05599999       3.68112675E-03
   1.05700004       3.67743615E-03
   1.05799997       3.67365312E-03
   1.05900002       3.66976811E-03
   1.05999994       3.66596133E-03
   1.06099999       3.66222207E-03
   1.06200004       3.65853892E-03
   1.06299996       3.65490140E-03
   1.06400001       3.65129835E-03
   1.06500006       3.64771904E-03
   1.06599998       3.64415254E-03
   1.06700003       3.64058791E-03
   1.06799996       3.63701489E-03
   1.06900001       3.63342231E-03
   1.07000005       3.62979970E-03
   1.07099998       3.62613657E-03
   1.07200003       3.62242223E-03
   1.07299995       3.61864595E-03
   1.07400000       3.61479749E-03
   1.07500005       3.61086614E-03
   1.07599998       3.60684190E-03
   1.07700002       3.60271381E-03
   1.07799995       3.59847187E-03
   1.07900000       3.59410583E-03
   1.08000004       3.58978868E-03
   1.08099997       3.58550926E-03
   1.08200002       3.58125614E-03
   1.08299994       3.57701839E-03
   1.08399999       3.57278460E-03
   1.08500004       3.56854382E-03
   1.08599997       3.56428488E-03
   1.08700001       3.55999684E-03
   1.08800006       3.55584943E-03
   1.08899999       3.55183077E-03
   1.09000003       3.54792876E-03
   1.09099996       3.54413176E-03
   1.09200001       3.54042766E-03
   1.09300005       3.53680481E-03
   1.09399998       3.53325158E-03
   1.09500003       3.52975610E-03
   1.09599996       3.52630671E-03
   1.09700000       3.52289225E-03
   1.09800005       3.51950061E-03
   1.09899998       3.51612037E-03
   1.10000002       3.51274037E-03
   1.10099995       3.50934872E-03
   1.10200000       3.50593450E-03
   1.10300004       3.50248604E-03
   1.10399997       3.49899218E-03
   1.10500002       3.49544175E-03
   1.10599995       3.49182333E-03
   1.10699999       3.48812551E-03
   1.10800004       3.48433759E-03
   1.10899997       3.48044839E-03
   1.11000001       3.47644649E-03
   1.11099994       3.47232143E-03
   1.11199999       3.46806156E-03
   1.11300004       3.46365641E-03
   1.11399996       3.45909502E-03
   1.11500001       3.45471036E-03
   1.11600006       3.45048960E-03
   1.11699998       3.44641996E-03
   1.11800003       3.44248931E-03
   1.11899996       3.43868486E-03
   1.12000000       3.43499379E-03
   1.12100005       3.43140401E-03
   1.12199998       3.42790294E-03
   1.12300003       3.42447823E-03
   1.12399995       3.42111755E-03
   1.12500000       3.41780880E-03
   1.12600005       3.41453915E-03
   1.12699997       3.41129699E-03
   1.12800002       3.40806996E-03
   1.12899995       3.40484572E-03
   1.13000000       3.40161263E-03
   1.13100004       3.39835836E-03
   1.13199997       3.39507102E-03
   1.13300002       3.39173875E-03
   1.13399994       3.38834943E-03
   1.13499999       3.38489120E-03
   1.13600004       3.38135264E-03
   1.13699996       3.37772164E-03
   1.13800001       3.37398634E-03
   1.13900006       3.37013532E-03
   1.13999999       3.36615695E-03
   1.14100003       3.36236786E-03
   1.14199996       3.35875433E-03
   1.14300001       3.35530378E-03
   1.14400005       3.35200224E-03
   1.14499998       3.34883714E-03
   1.14600003       3.34579498E-03
   1.14699996       3.34286294E-03
   1.14800000       3.34002776E-03
   1.14900005       3.33727663E-03
   1.14999998       3.33459652E-03
   1.15100002       3.33197485E-03
   1.15199995       3.32939811E-03
   1.15300000       3.32685420E-03
   1.15400004       3.32432985E-03
   1.15499997       3.32181272E-03
   1.15600002       3.31929000E-03
   1.15699995       3.31674912E-03
   1.15799999       3.31417751E-03
   1.15900004       3.31156235E-03
   1.15999997       3.30889155E-03
   1.16100001       3.30615276E-03
   1.16199994       3.30333295E-03
   1.16299999       3.30042047E-03
   1.16400003       3.29740252E-03
   1.16499996       3.29426723E-03
   1.16600001       3.29100201E-03
   1.16700006       3.28790839E-03
   1.16799998       3.28497263E-03
   1.16900003       3.28218099E-03
   1.16999996       3.27951973E-03
   1.17100000       3.27697513E-03
   1.17200005       3.27453390E-03
   1.17299998       3.27218231E-03
   1.17400002       3.26990662E-03
   1.17499995       3.26769403E-03
   1.17600000       3.26553057E-03
   1.17700005       3.26340296E-03
   1.17799997       3.26129817E-03
   1.17900002       3.25920293E-03
   1.17999995       3.25710373E-03
   1.18099999       3.25498753E-03
   1.18200004       3.25284130E-03
   1.18299997       3.25065199E-03
   1.18400002       3.24840657E-03
   1.18499994       3.24609200E-03
   1.18599999       3.24369548E-03
   1.18700004       3.24120373E-03
   1.18799996       3.23860440E-03
   1.18900001       3.23588424E-03
   1.19000006       3.23303090E-03
   1.19099998       3.23003135E-03
   1.19200003       3.22717358E-03
   1.19299996       3.22444295E-03
   1.19400001       3.22182546E-03
   1.19500005       3.21930717E-03
   1.19599998       3.21687385E-03
   1.19700003       3.21451179E-03
   1.19799995       3.21220700E-03
   1.19900000       3.20994528E-03
   1.20000005       3.20771337E-03
   1.20099998       3.20549682E-03
   1.20200002       3.20328237E-03
   1.20299995       3.20105604E-03
   1.20400000       3.19880433E-03
   1.20500004       3.19651375E-03
   1.20599997       3.19417054E-03
   1.20700002       3.19176144E-03
   1.20799994       3.18927271E-03
   1.20899999       3.18669109E-03
   1.21000004       3.18400329E-03
   1.21099997       3.18119582E-03
   1.21200001       3.17825540E-03
   1.21300006       3.17516900E-03
   1.21399999       3.17206769E-03
   1.21500003       3.16893798E-03
   1.21599996       3.16576590E-03
   1.21700001       3.16268136E-03
   1.21800005       3.15966993E-03
   1.21899998       3.15671740E-03
   1.22000003       3.15380911E-03
   1.22099996       3.15093086E-03
   1.22200000       3.14806821E-03
   1.22300005       3.14520719E-03
   1.22399998       3.14233359E-03
   1.22500002       3.13957501E-03
   1.22599995       3.13691678E-03
   1.22700000       3.13434401E-03
   1.22800004       3.13184224E-03
   1.22899997       3.12939659E-03
   1.23000002       3.12699238E-03
   1.23099995       3.12461541E-03
   1.23199999       3.12225078E-03
   1.23300004       3.11988452E-03
   1.23399997       3.11750174E-03
   1.23500001       3.11508821E-03
   1.23599994       3.11262975E-03
   1.23699999       3.11011216E-03
   1.23800004       3.10752122E-03
   1.23899996       3.10484250E-03
   1.24000001       3.10206227E-03
   1.24100006       3.09944223E-03
   1.24199998       3.09696724E-03
   1.24300003       3.09462193E-03
   1.24399996       3.09239072E-03
   1.24500000       3.09025845E-03
   1.24600005       3.08821001E-03
   1.24699998       3.08623025E-03
   1.24800003       3.08430381E-03
   1.24899995       3.08241602E-03
   1.25000000       3.08055175E-03
   1.25100005       3.07869585E-03
   1.25199997       3.07683367E-03
   1.25300002       3.07495031E-03
   1.25399995       3.07303085E-03
   1.25500000       3.07106064E-03
   1.25600004       3.06902477E-03
   1.25699997       3.06690903E-03
   1.25800002       3.06469854E-03
   1.25899994       3.06237862E-03
   1.25999999       3.05993506E-03
   1.26100004       3.05735343E-03
   1.26199996       3.05475225E-03
   1.26300001       3.05211684E-03
   1.26400006       3.04943207E-03
   1.26499999       3.04681528E-03
   1.26600003       3.04425135E-03
   1.26699996       3.04172444E-03
   1.26800001       3.03935120E-03
   1.26900005       3.03711556E-03
   1.26999998       3.03500122E-03
   1.27100003       3.03299259E-03
   1.27199996       3.03107360E-03
   1.27300000       3.02922842E-03
   1.27400005       3.02744121E-03
   1.27499998       3.02569638E-03
   1.27600002       3.02397809E-03
   1.27699995       3.02227098E-03
   1.27800000       3.02055897E-03
   1.27900004       3.01882718E-03
   1.27999997       3.01705953E-03
   1.28100002       3.01524112E-03
   1.28199995       3.01335636E-03
   1.28299999       3.01138987E-03
   1.28400004       3.00932652E-03
   1.28499997       3.00715095E-03
   1.28600001       3.00484826E-03
   1.28699994       3.00240330E-03
   1.28799999       2.99980072E-03
   1.28900003       2.99728033E-03
   1.28999996       2.99482560E-03
   1.29100001       2.99242069E-03
   1.29200006       2.99004908E-03
   1.29299998       2.98769493E-03
   1.29400003       2.98534194E-03
   1.29499996       2.98310048E-03
   1.29600000       2.98095378E-03
   1.29700005       2.97888531E-03
   1.29799998       2.97687855E-03
   1.29900002       2.97491718E-03
   1.29999995       2.97298515E-03
   1.30100000       2.97106570E-03
   1.30200005       2.96914298E-03
   1.30299997       2.96720071E-03
   1.30400002       2.96522281E-03
   1.30499995       2.96319323E-03
   1.30599999       2.96109566E-03
   1.30700004       2.95891473E-03
   1.30799997       2.95663415E-03
   1.30900002       2.95423833E-03
   1.30999994       2.95171118E-03
   1.31099999       2.94903736E-03
   1.31200004       2.94644549E-03
   1.31299996       2.94391881E-03
   1.31400001       2.94144056E-03
   1.31500006       2.93899397E-03
   1.31599998       2.93656229E-03
   1.31700003       2.93425005E-03
   1.31799996       2.93204025E-03
   1.31900001       2.92991567E-03
   1.32000005       2.92785931E-03
   1.32099998       2.92585394E-03
   1.32200003       2.92388257E-03
   1.32299995       2.92192865E-03
   1.32400000       2.91997474E-03
   1.32500005       2.91800476E-03
   1.32599998       2.91594164E-03
   1.32700002       2.91382894E-03
   1.32799995       2.91165011E-03
   1.32900000       2.90938839E-03
   1.33000004       2.90702749E-03
   1.33099997       2.90455064E-03
   1.33200002       2.90194154E-03
   1.33299994       2.89918412E-03
   1.33399999       2.89649749E-03
   1.33500004       2.89386394E-03
   1.33599997       2.89126649E-03
   1.33700001       2.88868765E-03
   1.33800006       2.88610999E-03
   1.33899999       2.88351648E-03
   1.34000003       2.88089016E-03
   1.34099996       2.87821377E-03
   1.34200001       2.87547032E-03
   1.34300005       2.87264260E-03
   1.34399998       2.86994572E-03
   1.34500003       2.86736107E-03
   1.34599996       2.86487094E-03
   1.34700000       2.86245742E-03
   1.34800005       2.86010280E-03
   1.34899998       2.85778893E-03
   1.35000002       2.85549811E-03
   1.35099995       2.85321311E-03
   1.35200000       2.85091577E-03
   1.35300004       2.84858909E-03
   1.35399997       2.84621515E-03
   1.35500002       2.84377672E-03
   1.35599995       2.84148310E-03
   1.35699999       2.83931568E-03
   1.35800004       2.83725630E-03
   1.35899997       2.83528632E-03
   1.36000001       2.83338735E-03
   1.36099994       2.83154170E-03
   1.36199999       2.82973074E-03
   1.36300004       2.82793655E-03
   1.36399996       2.82614096E-03
   1.36500001       2.82432605E-03
   1.36600006       2.82247411E-03
   1.36699998       2.82056700E-03
   1.36800003       2.81858724E-03
   1.36899996       2.81651691E-03
   1.37000000       2.81433831E-03
   1.37100005       2.81203398E-03
   1.37199998       2.80958624E-03
   1.37300003       2.80697807E-03
   1.37399995       2.80419155E-03
   1.37500000       2.80142878E-03
   1.37600005       2.79867114E-03
   1.37699997       2.79590045E-03
   1.37800002       2.79331650E-03
   1.37899995       2.79089971E-03
   1.38000000       2.78863078E-03
   1.38100004       2.78649060E-03
   1.38199997       2.78445985E-03
   1.38300002       2.78251944E-03
   1.38399994       2.78065028E-03
   1.38499999       2.77883350E-03
   1.38600004       2.77705002E-03
   1.38699996       2.77528120E-03
   1.38800001       2.77350796E-03
   1.38900006       2.77171191E-03
   1.38999999       2.76987418E-03
   1.39100003       2.76797614E-03
   1.39199996       2.76599941E-03
   1.39300001       2.76392559E-03
   1.39400005       2.76173628E-03
   1.39499998       2.75941310E-03
   1.39600003       2.75693787E-03
   1.39699996       2.75429222E-03
   1.39800000       2.75145844E-03
   1.39900005       2.74841790E-03
   1.39999998       2.74557248E-03
   1.40100002       2.74290191E-03
   1.40199995       2.74038571E-03
   1.40300000       2.73800432E-03
   1.40400004       2.73573771E-03
   1.40499997       2.73356563E-03
   1.40600002       2.73146876E-03
   1.40699995       2.72942707E-03
   1.40799999       2.72742077E-03
   1.40900004       2.72543076E-03
   1.40999997       2.72343704E-03
   1.41100001       2.72142049E-03
   1.41199994       2.71936157E-03
   1.41299999       2.71724095E-03
   1.41400003       2.71503953E-03
   1.41499996       2.71273800E-03
   1.41600001       2.71031726E-03
   1.41700006       2.70775845E-03
   1.41799998       2.70504272E-03
   1.41900003       2.70215073E-03
   1.41999996       2.69906409E-03
   1.42100000       2.69616768E-03
   1.42200005       2.69344053E-03
   1.42299998       2.69086170E-03
   1.42400002       2.68841069E-03
   1.42499995       2.68606702E-03
   1.42600000       2.68380973E-03
   1.42700005       2.68161856E-03
   1.42799997       2.67947302E-03
   1.42900002       2.67735263E-03
   1.42999995       2.67523760E-03
   1.43099999       2.67310720E-03
   1.43200004       2.67094164E-03
   1.43299997       2.66872090E-03
   1.43400002       2.66642473E-03
   1.43499994       2.66403356E-03
   1.43599999       2.66152737E-03
   1.43700004       2.65888660E-03
   1.43799996       2.65609124E-03
   1.43900001       2.65312218E-03
   1.44000006       2.64995964E-03
   1.44099998       2.64677871E-03
   1.44200003       2.64375331E-03
   1.44299996       2.64086179E-03
   1.44400001       2.63808318E-03
   1.44500005       2.63539562E-03
   1.44599998       2.63277837E-03
   1.44700003       2.63021025E-03
   1.44799995       2.62766983E-03
   1.44900000       2.62513664E-03
   1.45000005       2.62258970E-03
   1.45099998       2.62000784E-03
   1.45200002       2.61737080E-03
   1.45299995       2.61465763E-03
   1.45400000       2.61184806E-03
   1.45500004       2.60892115E-03
   1.45599997       2.60585686E-03
   1.45700002       2.60282378E-03
   1.45799994       2.59980024E-03
   1.45899999       2.59676529E-03
   1.46000004       2.59369775E-03
   1.46099997       2.59057642E-03
   1.46200001       2.58756755E-03
   1.46300006       2.58464902E-03
   1.46399999       2.58179917E-03
   1.46500003       2.57899612E-03
   1.46599996       2.57621799E-03
   1.46700001       2.57344334E-03
   1.46800005       2.57065077E-03
   1.46899998       2.56781862E-03
   1.47000003       2.56492547E-03
   1.47099996       2.56213406E-03
   1.47200000       2.55942205E-03
   1.47300005       2.55676731E-03
   1.47399998       2.55414797E-03
   1.47500002       2.55154190E-03
   1.47599995       2.54892698E-03
   1.47700000       2.54628179E-03
   1.47800004       2.54358421E-03
   1.47899997       2.54081283E-03
   1.48000002       2.53794598E-03
   1.48099995       2.53496203E-03
   1.48199999       2.53202021E-03
   1.48300004       2.52927747E-03
   1.48399997       2.52671074E-03
   1.48500001       2.52429652E-03
   1.48599994       2.52201222E-03
   1.48699999       2.51983432E-03
   1.48800004       2.51774024E-03
   1.48899996       2.51570693E-03
   1.49000001       2.51371157E-03
   1.49100006       2.51173181E-03
   1.49199998       2.50974507E-03
   1.49300003       2.50772852E-03
   1.49399996       2.50566006E-03
   1.49500000       2.50351755E-03
   1.49600005       2.50127818E-03
   1.49699998       2.49892054E-03
   1.49800003       2.49642204E-03
   1.49899995       2.49376101E-03
   1.50000000       2.49108952E-03
   1.50100005       2.48838495E-03
   1.50199997       2.48579751E-03
   1.50300002       2.48330389E-03
   1.50399995       2.48088059E-03
   1.50500000       2.47850409E-03
   1.50600004       2.47615110E-03
   1.50699997       2.47379835E-03
   1.50800002       2.47142301E-03
   1.50899994       2.46900157E-03
   1.50999999       2.46668188E-03
   1.51100004       2.46443995E-03
   1.51199996       2.46225251E-03
   1.51300001       2.46009533E-03
   1.51400006       2.45794514E-03
   1.51499999       2.45577819E-03
   1.51600003       2.45357165E-03
   1.51699996       2.45130179E-03
   1.51800001       2.44894554E-03
   1.51900005       2.44647963E-03
   1.51999998       2.44388147E-03
   1.52100003       2.44112802E-03
   1.52199996       2.43852963E-03
   1.52300000       2.43606139E-03
   1.52400005       2.43369909E-03
   1.52499998       2.43141805E-03
   1.52600002       2.42919382E-03
   1.52699995       2.42700218E-03
   1.52800000       2.42481893E-03
   1.52900004       2.42262031E-03
   1.52999997       2.42038188E-03
   1.53100002       2.41807988E-03
   1.53199995       2.41585379E-03
   1.53299999       2.41367938E-03
   1.53400004       2.41153152E-03
   1.53499997       2.40938598E-03
   1.53600001       2.40721833E-03
   1.53699994       2.40500458E-03
   1.53799999       2.40272027E-03
   1.53900003       2.40034168E-03
   1.53999996       2.39784457E-03
   1.54100001       2.39552581E-03
   1.54200006       2.39336002E-03
   1.54299998       2.39132135E-03
   1.54400003       2.38938420E-03
   1.54499996       2.38752365E-03
   1.54600000       2.38571386E-03
   1.54700005       2.38393038E-03
   1.54799998       2.38214759E-03
   1.54900002       2.38034083E-03
   1.54999995       2.37848517E-03
   1.55100000       2.37655616E-03
   1.55200005       2.37468537E-03
   1.55299997       2.37284810E-03
   1.55400002       2.37101829E-03
   1.55499995       2.36917124E-03
   1.55599999       2.36728159E-03
   1.55700004       2.36532418E-03
   1.55799997       2.36327411E-03
   1.55900002       2.36110669E-03
   1.55999994       2.35879724E-03
   1.56099999       2.35662912E-03
   1.56200004       2.35457555E-03
   1.56299996       2.35261046E-03
   1.56400001       2.35070777E-03
   1.56500006       2.34884140E-03
   1.56599998       2.34698504E-03
   1.56700003       2.34511355E-03
   1.56799996       2.34320061E-03
   1.56900001       2.34137243E-03
   1.57000005       2.33960222E-03
   1.57099998       2.33786390E-03
   1.57200003       2.33613118E-03
   1.57299995       2.33437796E-03
   1.57400000       2.33257841E-03
   1.57500005       2.33070669E-03
   1.57599998       2.32873671E-03
   1.57700002       2.32664333E-03
   1.57799995       2.32440070E-03
   1.57900000       2.32198345E-03
   1.58000004       2.31966237E-03
   1.58099997       2.31741043E-03
   1.58200002       2.31520040E-03
   1.58299994       2.31300597E-03
   1.58399999       2.31094682E-03
   1.58500004       2.30899546E-03
   1.58599997       2.30712467E-03
   1.58700001       2.30530719E-03
   1.58800006       2.30351603E-03
   1.58899999       2.30172393E-03
   1.59000003       2.29990412E-03
   1.59099996       2.29803007E-03
   1.59200001       2.29607499E-03
   1.59300005       2.29401235E-03
   1.59399998       2.29181582E-03
   1.59500003       2.28960230E-03
   1.59599996       2.28734501E-03
   1.59700000       2.28501693E-03
   1.59800005       2.28287582E-03
   1.59899998       2.28089327E-03
   1.60000002       2.27904110E-03
   1.60099995       2.27729091E-03
   1.60200000       2.27561430E-03
   1.60300004       2.27398379E-03
   1.60399997       2.27237097E-03
   1.60500002       2.27074861E-03
   1.60599995       2.26908876E-03
   1.60699999       2.26750365E-03
   1.60800004       2.26596510E-03
   1.60899997       2.26444495E-03
   1.61000001       2.26291502E-03
   1.61099994       2.26134784E-03
   1.61199999       2.25971523E-03
   1.61300004       2.25798972E-03
   1.61399996       2.25614407E-03
   1.61500001       2.25415058E-03
   1.61600006       2.25198222E-03
   1.61699998       2.24988512E-03
   1.61800003       2.24783062E-03
   1.61899996       2.24592607E-03
   1.62000000       2.24414212E-03
   1.62100005       2.24244944E-03
   1.62199998       2.24081916E-03
   1.62300003       2.23922194E-03
   1.62399995       2.23762938E-03
   1.62500000       2.23601260E-03
   1.62600005       2.23434297E-03
   1.62699997       2.23272573E-03
   1.62800002       2.23113177E-03
   1.62899995       2.22953223E-03
   1.63000000       2.22789776E-03
   1.63100004       2.22620019E-03
   1.63199997       2.22441065E-03
   1.63300002       2.22250051E-03
   1.63399994       2.22044182E-03
   1.63499999       2.21846858E-03
   1.63600004       2.21655122E-03
   1.63699996       2.21479079E-03
   1.63800001       2.21315701E-03
   1.63900006       2.21161940E-03
   1.63999999       2.21014768E-03
   1.64100003       2.20871251E-03
   1.64199996       2.20728340E-03
   1.64300001       2.20583123E-03
   1.64400005       2.20432621E-03
   1.64499998       2.20286730E-03
   1.64600003       2.20142445E-03
   1.64699996       2.19996762E-03
   1.64800000       2.19846726E-03
   1.64900005       2.19689356E-03
   1.64999998       2.19521718E-03
   1.65100002       2.19340832E-03
   1.65199995       2.19143811E-03
   1.65300000       2.18952959E-03
   1.65400004       2.18777801E-03
   1.65499997       2.18615192E-03
   1.65600002       2.18462013E-03
   1.65699995       2.18315143E-03
   1.65799999       2.18171533E-03
   1.65900004       2.18028086E-03
   1.65999997       2.17881752E-03
   1.66100001       2.17741844E-03
   1.66199994       2.17605289E-03
   1.66299999       2.17468967E-03
   1.66400003       2.17329804E-03
   1.66499996       2.17184727E-03
   1.66600001       2.17030686E-03
   1.66700006       2.16864655E-03
   1.66799998       2.16695806E-03
   1.66900003       2.16521043E-03
   1.66999996       2.16337270E-03
   1.67100000       2.16165674E-03
   1.67200005       2.16003018E-03
   1.67299998       2.15846114E-03
   1.67400002       2.15691794E-03
   1.67499995       2.15548882E-03
   1.67600000       2.15414143E-03
   1.67700005       2.15290347E-03
   1.67799997       2.15168297E-03
   1.67900002       2.15044804E-03
   1.67999995       2.14916747E-03
   1.68099999       2.14780937E-03
   1.68200004       2.14634254E-03
   1.68299997       2.14473600E-03
   1.68400002       2.14319350E-03
   1.68499994       2.14168243E-03
   1.68599999       2.14017066E-03
   1.68700004       2.13862630E-03
   1.68799996       2.13701697E-03
   1.68900001       2.13554339E-03
   1.69000006       2.13417178E-03
   1.69099998       2.13286933E-03
   1.69200003       2.13160343E-03
   1.69299996       2.13034078E-03
   1.69400001       2.12904904E-03
   1.69500005       2.12769606E-03
   1.69599998       2.12647766E-03
   1.69700003       2.12535984E-03
   1.69799995       2.12430977E-03
   1.69900000       2.12329347E-03
   1.70000005       2.12227833E-03
   1.70099998       2.12123105E-03
   1.70200002       2.12011882E-03
   1.70299995       2.11890927E-03
   1.70400000       2.11756979E-03
   1.70500004       2.11606827E-03
   1.70599997       2.11437233E-03
   1.70700002       2.11289478E-03
   1.70799994       2.11160071E-03
   1.70899999       2.11045519E-03
   1.71000004       2.10942398E-03
   1.71099997       2.10847263E-03
   1.71200001       2.10756669E-03
   1.71300006       2.10667215E-03
   1.71399999       2.10575550E-03
   1.71500003       2.10478273E-03
   1.71599996       2.10372033E-03
   1.71700001       2.10253545E-03
   1.71800005       2.10141088E-03
   1.71899998       2.10031262E-03
   1.72000003       2.09920621E-03
   1.72099996       2.09805719E-03
   1.72200000       2.09683203E-03
   1.72300005       2.09549698E-03
   1.72399998       2.09423155E-03
   1.72500002       2.09300080E-03
   1.72599995       2.09177006E-03
   1.72700000       2.09071673E-03
   1.72800004       2.08980450E-03
   1.72899997       2.08899798E-03
   1.73000002       2.08826154E-03
   1.73099995       2.08755978E-03
   1.73199999       2.08685757E-03
   1.73300004       2.08611996E-03
   1.73399997       2.08531227E-03
   1.73500001       2.08439981E-03
   1.73599994       2.08334834E-03
   1.73699999       2.08233041E-03
   1.73800004       2.08131014E-03
   1.73899996       2.08025239E-03
   1.74000001       2.07912223E-03
   1.74100006       2.07808916E-03
   1.74199998       2.07711686E-03
   1.74300003       2.07616948E-03
   1.74399996       2.07521091E-03
   1.74500000       2.07440834E-03
   1.74600005       2.07372475E-03
   1.74699998       2.07312359E-03
   1.74800003       2.07256782E-03
   1.74899995       2.07202137E-03
   1.75000000       2.07144837E-03
   1.75100005       2.07081251E-03
   1.75199997       2.07007816E-03
   1.75300002       2.06921017E-03
   1.75399995       2.06837081E-03
   1.75500000       2.06752378E-03
   1.75600004       2.06663273E-03
   1.75699997       2.06566113E-03
   1.75800002       2.06476962E-03
   1.75899994       2.06392026E-03
   1.75999999       2.06307671E-03
   1.76100004       2.06239615E-03
   1.76199996       2.06184085E-03
   1.76300001       2.06137286E-03
   1.76400006       2.06095469E-03
   1.76499999       2.06054864E-03
   1.76600003       2.06011743E-03
   1.76699996       2.05962453E-03
   1.76800001       2.05903291E-03
   1.76900005       2.05849647E-03
   1.76999998       2.05797772E-03
   1.77100003       2.05743895E-03
   1.77199996       2.05684267E-03
   1.77300000       2.05615186E-03
   1.77400005       2.05532974E-03
   1.77499998       2.05471483E-03
   1.77600002       2.05426780E-03
   1.77699995       2.05394952E-03
   1.77800000       2.05372111E-03
   1.77900004       2.05354369E-03
   1.77999997       2.05337908E-03
   1.78100002       2.05318909E-03
   1.78199995       2.05293531E-03
   1.78299999       2.05276418E-03
   1.78400004       2.05263658E-03
   1.78499997       2.05251388E-03
   1.78600001       2.05235742E-03
   1.78699994       2.05212878E-03
   1.78799999       2.05179048E-03
   1.78900003       2.05130409E-03
   1.78999996       2.05063238E-03
   1.79100001       2.04991782E-03
   1.79200006       2.04930152E-03
   1.79299998       2.04874389E-03
   1.79400003       2.04820558E-03
   1.79499996       2.04764702E-03
   1.79600000       2.04720697E-03
   1.79700005       2.04684539E-03
   1.79799998       2.04652245E-03
   1.79900002       2.04619812E-03
   1.79999995       2.04583351E-03
   1.80100000       2.04538880E-03
   1.80200005       2.04482558E-03
   1.80299997       2.04427936E-03
   1.80400002       2.04371009E-03
   1.80499995       2.04307865E-03
   1.80599999       2.04234524E-03
   1.80700004       2.04147073E-03
   1.80799997       2.04076106E-03
   1.80900002       2.04017432E-03
   1.80999994       2.03966955E-03
   1.81099999       2.03920598E-03
   1.81200004       2.03874311E-03
   1.81299996       2.03841017E-03
   1.81400001       2.03816569E-03
   1.81500006       2.03796849E-03
   1.81599998       2.03777780E-03
   1.81700003       2.03755288E-03
   1.81799996       2.03725300E-03
   1.81900001       2.03683809E-03
   1.82000005       2.03643506E-03
   1.82099998       2.03600270E-03
   1.82200003       2.03550048E-03
   1.82299995       2.03488767E-03
   1.82400000       2.03412399E-03
   1.82500005       2.03349837E-03
   1.82599998       2.03296868E-03
   1.82700002       2.03249254E-03
   1.82799995       2.03202805E-03
   1.82900000       2.03153375E-03
   1.83000004       2.03113025E-03
   1.83099997       2.03077565E-03
   1.83200002       2.03042733E-03
   1.83299994       2.03004386E-03
   1.83399999       2.02958309E-03
   1.83500004       2.02916423E-03
   1.83599997       2.02874467E-03
   1.83700001       2.02828250E-03
   1.83800006       2.02773558E-03
   1.83899999       2.02706247E-03
   1.84000003       2.02622195E-03
   1.84099996       2.02548783E-03
   1.84200001       2.02481705E-03
   1.84300005       2.02416629E-03
   1.84399998       2.02364870E-03
   1.84500003       2.02322099E-03
   1.84599996       2.02283915E-03
   1.84700000       2.02246034E-03
   1.84800005       2.02204147E-03
   1.84899998       2.02169386E-03
   1.85000002       2.02137372E-03
   1.85099995       2.02103797E-03
   1.85200000       2.02064309E-03
   1.85300004       2.02014646E-03
   1.85399997       2.01950571E-03
   1.85500002       2.01882981E-03
   1.85599995       2.01807567E-03
   1.85699999       2.01750174E-03
   1.85800004       2.01706239E-03
   1.85899997       2.01671314E-03
   1.86000001       2.01640930E-03
   1.86099994       2.01610662E-03
   1.86199999       2.01590941E-03
   1.86300004       2.01577297E-03
   1.86399996       2.01565260E-03
   1.86500001       2.01550382E-03
   1.86600006       2.01528240E-03
   1.86699998       2.01509148E-03
   1.86800003       2.01488589E-03
   1.86899996       2.01462163E-03
   1.87000000       2.01425422E-03
   1.87100005       2.01374013E-03
   1.87199998       2.01317994E-03
   1.87300003       2.01267353E-03
   1.87399995       2.01231893E-03
   1.87500000       2.01207004E-03
   1.87600005       2.01188074E-03
   1.87699997       2.01170542E-03
   1.87800002       2.01149867E-03
   1.87899995       2.01135711E-03
   1.88000000       2.01123464E-03
   1.88100004       2.01108586E-03
   1.88199997       2.01086514E-03
   1.88300002       2.01066770E-03
   1.88399994       2.01044744E-03
   1.88499999       2.01015896E-03
   1.88600004       2.00975663E-03
   1.88699996       2.00919597E-03
   1.88800001       2.00856989E-03
   1.88900006       2.00810819E-03
   1.88999999       2.00776337E-03
   1.89100003       2.00748816E-03
   1.89199996       2.00723531E-03
   1.89300001       2.00709468E-03
   1.89400005       2.00701877E-03
   1.89499998       2.00695987E-03
   1.89600003       2.00687186E-03
   1.89699996       2.00670771E-03
   1.89800000       2.00655567E-03
   1.89900005       2.00636848E-03
   1.89999998       2.00609979E-03
   1.90100002       2.00570282E-03
   1.90199995       2.00526416E-03
   1.90300000       2.00473727E-03
   1.90400004       2.00407533E-03
   1.90499997       2.00349488E-03
   1.90600002       2.00294773E-03
   1.90699995       2.00251699E-03
   1.90799999       2.00215355E-03
   1.90900004       2.00180965E-03
   1.90999997       2.00143666E-03
   1.91100001       2.00111675E-03
   1.91199994       2.00080103E-03
   1.91299999       2.00044154E-03
   1.91400003       1.99999032E-03
   1.91499996       1.99952815E-03
   1.91600001       1.99900637E-03
   1.91700006       1.99837703E-03
   1.91799998       1.99771952E-03
   1.91900003       1.99698540E-03
   1.91999996       1.99637818E-03
   1.92100000       1.99584803E-03
   1.92200005       1.99534534E-03
   1.92299998       1.99494604E-03
   1.92400002       1.99459982E-03
   1.92499995       1.99425733E-03
   1.92600000       1.99399306E-03
   1.92700005       1.99375721E-03
   1.92799997       1.99349993E-03
   1.92900002       1.99317210E-03
   1.92999995       1.99284707E-03
   1.93099999       1.99247524E-03
   1.93200004       1.99200748E-03
   1.93299997       1.99151598E-03
   1.93400002       1.99095090E-03
   1.93499994       1.99026312E-03
   1.93599999       1.98964356E-03
   1.93700004       1.98916136E-03
   1.93799996       1.98876485E-03
   1.93900001       1.98840350E-03
   1.94000006       1.98802608E-03
   1.94099998       1.98758277E-03
   1.94200003       1.98725914E-03
   1.94299996       1.98700372E-03
   1.94400001       1.98676484E-03
   1.94500005       1.98649196E-03
   1.94599998       1.98613456E-03
   1.94700003       1.98564236E-03
   1.94799995       1.98496575E-03
   1.94900000       1.98428612E-03
   1.95000005       1.98355177E-03
   1.95099998       1.98294176E-03
   1.95200002       1.98240345E-03
   1.95299995       1.98188471E-03
   1.95400000       1.98133383E-03
   1.95500004       1.98092614E-03
   1.95599997       1.98060856E-03
   1.95700002       1.98032870E-03
   1.95799994       1.98003394E-03
   1.95899999       1.97967305E-03
   1.96000004       1.97919435E-03
   1.96099997       1.97876920E-03
   1.96200001       1.97834475E-03
   1.96300006       1.97786908E-03
   1.96399999       1.97729003E-03
   1.96500003       1.97655614E-03
   1.96599996       1.97583553E-03
   1.96700001       1.97529327E-03
   1.96800005       1.97487534E-03
   1.96899998       1.97452772E-03
   1.97000003       1.97419664E-03
   1.97099996       1.97382946E-03
   1.97200000       1.97358825E-03
   1.97300005       1.97341852E-03
   1.97399998       1.97326625E-03
   1.97500002       1.97307835E-03
   1.97599995       1.97280152E-03
   1.97700000       1.97238312E-03
   1.97800004       1.97198195E-03
   1.97899997       1.97154377E-03
   1.98000002       1.97101571E-03
   1.98099995       1.97055354E-03
   1.98199999       1.97010254E-03
   1.98300004       1.96981663E-03
   1.98399997       1.96963968E-03
   1.98500001       1.96951698E-03
   1.98599994       1.96939334E-03
   1.98699999       1.96921453E-03
   1.98800004       1.96913118E-03
   1.98899996       1.96908764E-03
   1.99000001       1.96902896E-03
   1.99100006       1.96890067E-03
   1.99199998       1.96864828E-03
   1.99300003       1.96841941E-03
   1.99399996       1.96815911E-03
   1.99500000       1.96781219E-03
   1.99600005       1.96752395E-03
   1.99699998       1.96723850E-03
   1.99800003       1.96709833E-03
   1.99899995       1.96704688E-03
   2.00000000       1.96702778E-03
   2.00099993       1.96698494E-03
   2.00200009       1.96705852E-03
   2.00300002       1.96719146E-03
   2.00399995       1.96732744E-03
   2.00500011       1.96741056E-03
   2.00600004       1.96738471E-03
   2.00699997       1.96738774E-03
   2.00799990       1.96736306E-03
   2.00900006       1.96725433E-03
   2.00999999       1.96700590E-03
   2.01099992       1.96694280E-03
   2.01200008       1.96700683E-03
   2.01300001       1.96713977E-03
   2.01399994       1.96728436E-03
   2.01500010       1.96757098E-03
   2.01600003       1.96794141E-03
   2.01699996       1.96833769E-03
   2.01799989       1.96870230E-03
   2.01900005       1.96897844E-03
   2.01999998       1.96929392E-03
   2.02099991       1.96959102E-03
   2.02200007       1.96981244E-03
   2.02300000       1.96990115E-03
   2.02399993       1.96998287E-03
   2.02500010       1.96999987E-03
   2.02600002       1.97007624E-03
   2.02699995       1.97033351E-03
   2.02800012       1.97071233E-03
   2.02900004       1.97115284E-03
   2.02999997       1.97159615E-03
   2.03099990       1.97198405E-03
   2.03200006       1.97243597E-03
   2.03299999       1.97289279E-03
   2.03399992       1.97329582E-03
   2.03500009       1.97358639E-03
   2.03600001       1.97388255E-03
   2.03699994       1.97412516E-03
   2.03800011       1.97425531E-03
   2.03900003       1.97421527E-03
   2.03999996       1.97412050E-03
   2.04099989       1.97408465E-03
   2.04200006       1.97421946E-03
   2.04299998       1.97446416E-03
   2.04399991       1.97475776E-03
   2.04500008       1.97504018E-03
   2.04600000       1.97542110E-03
   2.04699993       1.97583996E-03
   2.04800010       1.97623624E-03
   2.04900002       1.97654986E-03
   2.04999995       1.97688909E-03
   2.05100012       1.97719340E-03
   2.05200005       1.97740248E-03
   2.05299997       1.97745673E-03
   2.05399990       1.97746279E-03
   2.05500007       1.97752495E-03
   2.05599999       1.97774614E-03
   2.05699992       1.97806372E-03
   2.05800009       1.97841623E-03
   2.05900002       1.97874173E-03
   2.05999994       1.97914150E-03
   2.06100011       1.97955361E-03
   2.06200004       1.97991636E-03
   2.06299996       1.98032940E-03
   2.06399989       1.98073057E-03
   2.06500006       1.98105839E-03
   2.06599998       1.98125164E-03
   2.06699991       1.98140834E-03
   2.06800008       1.98146654E-03
   2.06900001       1.98136549E-03
   2.06999993       1.98135804E-03
   2.07100010       1.98138133E-03
   2.07200003       1.98152778E-03
   2.07299995       1.98173430E-03
   2.07399988       1.98193733E-03
   2.07500005       1.98222860E-03
   2.07599998       1.98254455E-03
   2.07699990       1.98282185E-03
   2.07800007       1.98299810E-03
   2.07900000       1.98316318E-03
   2.07999992       1.98325422E-03
   2.08100009       1.98320881E-03
   2.08200002       1.98311522E-03
   2.08299994       1.98291079E-03
   2.08400011       1.98283233E-03
   2.08500004       1.98281463E-03
   2.08599997       1.98294222E-03
   2.08699989       1.98314944E-03
   2.08800006       1.98337180E-03
   2.08899999       1.98369217E-03
   2.08999991       1.98404514E-03
   2.09100008       1.98436645E-03
   2.09200001       1.98459183E-03
   2.09299994       1.98480301E-03
   2.09400010       1.98493549E-03
   2.09500003       1.98492547E-03
   2.09599996       1.98485330E-03
   2.09699988       1.98465469E-03
   2.09800005       1.98455132E-03
   2.09899998       1.98447728E-03
   2.09999990       1.98450848E-03
   2.10100007       1.98457879E-03
   2.10200000       1.98476319E-03
   2.10299993       1.98499509E-03
   2.10400009       1.98520836E-03
   2.10500002       1.98547682E-03
   2.10599995       1.98573386E-03
   2.10700011       1.98591431E-03
   2.10800004       1.98609009E-03
   2.10899997       1.98619580E-03
   2.10999990       1.98616576E-03
   2.11100006       1.98607147E-03
   2.11199999       1.98584748E-03
   2.11299992       1.98569917E-03
   2.11400008       1.98569451E-03
   2.11500001       1.98576530E-03
   2.11599994       1.98584376E-03
   2.11700010       1.98599696E-03
   2.11800003       1.98615692E-03
   2.11899996       1.98625633E-03
   2.11999989       1.98636088E-03
   2.12100005       1.98640348E-03
   2.12199998       1.98644865E-03
   2.12299991       1.98642863E-03
   2.12400007       1.98627659E-03
   2.12500000       1.98605633E-03
   2.12599993       1.98570057E-03
   2.12700009       1.98540068E-03
   2.12800002       1.98521721E-03
   2.12899995       1.98508054E-03
   2.13000011       1.98504981E-03
   2.13100004       1.98505539E-03
   2.13199997       1.98502862E-03
   2.13299990       1.98502745E-03
   2.13400006       1.98498322E-03
   2.13499999       1.98495318E-03
   2.13599992       1.98486797E-03
   2.13700008       1.98465958E-03
   2.13800001       1.98438414E-03
   2.13899994       1.98397343E-03
   2.14000010       1.98348286E-03
   2.14100003       1.98308961E-03
   2.14199996       1.98272313E-03
   2.14299989       1.98243558E-03
   2.14400005       1.98215665E-03
   2.14499998       1.98193733E-03
   2.14599991       1.98170752E-03
   2.14700007       1.98151707E-03
   2.14800000       1.98129565E-03
   2.14899993       1.98109308E-03
   2.15000010       1.98083860E-03
   2.15100002       1.98046234E-03
   2.15199995       1.97989517E-03
   2.15300012       1.97930401E-03
   2.15400004       1.97885302E-03
   2.15499997       1.97846978E-03
   2.15599990       1.97808282E-03
   2.15700006       1.97785301E-03
   2.15799999       1.97770796E-03
   2.15899992       1.97757501E-03
   2.16000009       1.97738316E-03
   2.16100001       1.97729003E-03
   2.16199994       1.97722297E-03
   2.16300011       1.97711005E-03
   2.16400003       1.97688024E-03
   2.16499996       1.97668816E-03
   2.16599989       1.97646138E-03
   2.16700006       1.97612820E-03
   2.16799998       1.97584089E-03
   2.16899991       1.97574892E-03
   2.17000008       1.97577779E-03
   2.17100000       1.97585346E-03
   2.17199993       1.97590305E-03
   2.17300010       1.97607279E-03
   2.17400002       1.97628909E-03
   2.17499995       1.97647791E-03
   2.17600012       1.97656662E-03
   2.17700005       1.97669910E-03
   2.17799997       1.97680155E-03
   2.17899990       1.97680108E-03
   2.18000007       1.97662483E-03
   2.18099999       1.97641435E-03
   2.18199992       1.97630841E-03
   2.18300009       1.97623181E-03
   2.18400002       1.97632122E-03
   2.18499994       1.97650050E-03
   2.18600011       1.97669468E-03
   2.18700004       1.97682902E-03
   2.18799996       1.97703741E-03
   2.18899989       1.97724462E-03
   2.19000006       1.97737594E-03
   2.19099998       1.97735731E-03
   2.19199991       1.97732029E-03
   2.19300008       1.97718991E-03
   2.19400001       1.97689235E-03
   2.19499993       1.97655638E-03
   2.19600010       1.97630911E-03
   2.19700003       1.97607372E-03
   2.19799995       1.97597500E-03
   2.19899988       1.97593588E-03
   2.20000005       1.97588000E-03
   2.20099998       1.97592936E-03
   2.20199990       1.97600690E-03
   2.20300007       1.97603647E-03
   2.20400000       1.97594217E-03
   2.20499992       1.97584415E-03
   2.20600009       1.97566603E-03
   2.20700002       1.97533215E-03
   2.20799994       1.97496056E-03
   2.20900011       1.97466719E-03
   2.21000004       1.97437429E-03
   2.21099997       1.97419571E-03
   2.21199989       1.97405322E-03
   2.21300006       1.97386905E-03
   2.21399999       1.97375496E-03
   2.21499991       1.97363296E-03
   2.21600008       1.97342550E-03
   2.21700001       1.97324250E-03
   2.21799994       1.97300594E-03
   2.21900010       1.97263830E-03
   2.22000003       1.97224785E-03
   2.22099996       1.97175681E-03
   2.22199988       1.97108788E-03
   2.22300005       1.97052979E-03
   2.22399998       1.97000289E-03
   2.22499990       1.96960964E-03
   2.22600007       1.96926948E-03
   2.22700000       1.96890323E-03
   2.22799993       1.96861150E-03
   2.22900009       1.96831441E-03
   2.23000002       1.96793256E-03
   2.23099995       1.96756516E-03
   2.23200011       1.96713256E-03
   2.23300004       1.96655607E-03
   2.23399997       1.96593278E-03
   2.23499990       1.96518353E-03
   2.23600006       1.96457771E-03
   2.23699999       1.96403358E-03
   2.23799992       1.96364336E-03
   2.23900008       1.96332461E-03
   2.24000001       1.96299655E-03
   2.24099994       1.96274952E-03
   2.24200010       1.96250202E-03
   2.24300003       1.96217326E-03
   2.24399996       1.96185242E-03
   2.24499989       1.96145824E-03
   2.24600005       1.96107803E-03
   2.24699998       1.96063053E-03
   2.24799991       1.96003541E-03
   2.24900007       1.95954391E-03
   2.25000000       1.95907359E-03
   2.25099993       1.95870665E-03
   2.25200009       1.95836066E-03
   2.25300002       1.95811619E-03
   2.25399995       1.95789034E-03
   2.25500011       1.95760070E-03
   2.25600004       1.95732736E-03
   2.25699997       1.95698766E-03
   2.25799990       1.95665983E-03
   2.25900006       1.95626123E-03
   2.25999999       1.95571035E-03
   2.26099992       1.95508380E-03
   2.26200008       1.95461512E-03
   2.26300001       1.95421954E-03
   2.26399994       1.95396901E-03
   2.26500010       1.95377902E-03
   2.26600003       1.95356552E-03
   2.26699996       1.95339974E-03
   2.26799989       1.95319764E-03
   2.26900005       1.95302919E-03
   2.26999998       1.95281021E-03
   2.27099991       1.95260963E-03
   2.27200007       1.95234315E-03
   2.27300000       1.95192744E-03
   2.27399993       1.95143011E-03
   2.27500010       1.95076794E-03
   2.27600002       1.95015676E-03
   2.27699995       1.94966013E-03
   2.27800012       1.94919191E-03
   2.27900004       1.94881449E-03
   2.27999997       1.94844196E-03
   2.28099990       1.94813532E-03
   2.28200006       1.94780866E-03
   2.28299999       1.94752228E-03
   2.28399992       1.94719003E-03
   2.28500009       1.94672705E-03
   2.28600001       1.94619247E-03
   2.28699994       1.94550143E-03
   2.28800011       1.94471236E-03
   2.28900003       1.94402423E-03
   2.28999996       1.94349093E-03
   2.29099989       1.94302446E-03
   2.29200006       1.94253761E-03
   2.29299998       1.94208382E-03
   2.29399991       1.94157590E-03
   2.29500008       1.94106647E-03
   2.29600000       1.94046856E-03
   2.29699993       1.93983375E-03
   2.29800010       1.93907530E-03
   2.29900002       1.93824386E-03
   2.29999995       1.93725305E-03
   2.30100012       1.93615246E-03
   2.30200005       1.93512568E-03
   2.30299997       1.93421857E-03
   2.30399990       1.93334173E-03
   2.30500007       1.93254021E-03
   2.30599999       1.93172495E-03
   2.30699992       1.93094020E-03
   2.30800009       1.93009712E-03
   2.30900002       1.92923925E-03
   2.30999994       1.92827825E-03
   2.31100011       1.92725658E-03
   2.31200004       1.92621595E-03
   2.31299996       1.92506763E-03
   2.31399989       1.92385237E-03
   2.31500006       1.92273827E-03
   2.31599998       1.92176236E-03
   2.31699991       1.92083360E-03
   2.31800008       1.91998843E-03
   2.31900001       1.91913627E-03
   2.31999993       1.91831286E-03
   2.32100010       1.91742787E-03
   2.32200003       1.91651681E-03
   2.32299995       1.91561377E-03
   2.32399988       1.91462832E-03
   2.32500005       1.91359420E-03
   2.32599998       1.91242143E-03
   2.32699990       1.91138755E-03
   2.32800007       1.91040011E-03
   2.32900000       1.90948893E-03
   2.32999992       1.90868264E-03
   2.33100009       1.90788880E-03
   2.33200002       1.90713583E-03
   2.33299994       1.90639123E-03
   2.33400011       1.90556340E-03
   2.33500004       1.90462079E-03
   2.33599997       1.90370879E-03
   2.33699989       1.90273498E-03
   2.33800006       1.90160796E-03
   2.33899999       1.90047047E-03
   2.33999991       1.89946219E-03
   2.34100008       1.89848931E-03
   2.34200001       1.89768884E-03
   2.34299994       1.89696613E-03
   2.34400010       1.89622724E-03
   2.34500003       1.89560698E-03
   2.34599996       1.89501059E-03
   2.34699988       1.89434458E-03
   2.34800005       1.89374120E-03
   2.34899998       1.89310603E-03
   2.34999990       1.89234596E-03
   2.35100007       1.89159077E-03
   2.35200000       1.89074629E-03
   2.35299993       1.88994012E-03
   2.35400009       1.88929669E-03
   2.35500002       1.88871997E-03
   2.35599995       1.88811473E-03
   2.35700011       1.88760343E-03
   2.35800004       1.88709015E-03
   2.35899997       1.88648026E-03
   2.35999990       1.88589399E-03
   2.36100006       1.88523601E-03
   2.36199999       1.88462436E-03
   2.36299992       1.88396324E-03
   2.36400008       1.88315765E-03
   2.36500001       1.88232376E-03
   2.36599994       1.88157486E-03
   2.36700010       1.88081444E-03
   2.36800003       1.88015355E-03
   2.36899996       1.87949522E-03
   2.36999989       1.87894842E-03
   2.37100005       1.87841570E-03
   2.37199998       1.87780033E-03
   2.37299991       1.87720964E-03
   2.37400007       1.87654665E-03
   2.37500000       1.87591673E-03
   2.37599993       1.87522254E-03
   2.37700009       1.87436771E-03
   2.37800002       1.87365466E-03
   2.37899995       1.87298446E-03
   2.38000011       1.87245628E-03
   2.38100004       1.87197072E-03
   2.38199997       1.87142938E-03
   2.38299990       1.87092996E-03
   2.38400006       1.87037396E-03
   2.38499999       1.86985708E-03
   2.38599992       1.86928047E-03
   2.38700008       1.86873809E-03
   2.38800001       1.86813110E-03
   2.38899994       1.86736148E-03
   2.39000010       1.86652166E-03
   2.39100003       1.86570222E-03
   2.39199996       1.86499162E-03
   2.39299989       1.86428905E-03
   2.39400005       1.86368148E-03
   2.39499998       1.86306809E-03
   2.39599991       1.86253421E-03
   2.39700007       1.86197879E-03
   2.39800000       1.86130241E-03
   2.39899993       1.86058879E-03
   2.40000010       1.85973838E-03
   2.40100002       1.85883336E-03
   2.40199995       1.85777410E-03
   2.40300012       1.85682066E-03
   2.40400004       1.85604964E-03
   2.40499997       1.85535802E-03
   2.40599990       1.85464392E-03
   2.40700006       1.85398280E-03
   2.40799999       1.85327290E-03
   2.40899992       1.85258826E-03
   2.41000009       1.85182726E-03
   2.41100001       1.85106252E-03
   2.41199994       1.85019255E-03
   2.41300011       1.84928859E-03
   2.41400003       1.84824911E-03
   2.41499996       1.84731500E-03
   2.41599989       1.84655236E-03
   2.41700006       1.84585678E-03
   2.41799998       1.84529333E-03
   2.41899991       1.84475747E-03
   2.42000008       1.84431323E-03
   2.42100000       1.84385641E-03
   2.42199993       1.84344966E-03
   2.42300010       1.84298924E-03
   2.42400002       1.84253638E-03
   2.42499995       1.84198783E-03
   2.42600012       1.84140378E-03
   2.42700005       1.84068084E-03
   2.42799997       1.84004009E-03
   2.42899990       1.83953717E-03
   2.43000007       1.83906604E-03
   2.43099999       1.83868164E-03
   2.43199992       1.83827814E-03
   2.43300009       1.83790957E-03
   2.43400002       1.83747045E-03
   2.43499994       1.83701387E-03
   2.43600011       1.83643471E-03
   2.43700004       1.83578499E-03
   2.43799996       1.83511514E-03
   2.43899989       1.83431990E-03
   2.44000006       1.83360244E-03
   2.44099998       1.83300895E-03
   2.44199991       1.83243188E-03
   2.44300008       1.83191663E-03
   2.44400001       1.83150731E-03
   2.44499993       1.83109625E-03
   2.44600010       1.83072663E-03
   2.44700003       1.83029135E-03
   2.44799995       1.82983303E-03
   2.44899988       1.82924513E-03
   2.45000005       1.82856934E-03
   2.45099998       1.82784616E-03
   2.45199990       1.82726083E-03
   2.45300007       1.82670413E-03
   2.45400000       1.82621286E-03
   2.45499992       1.82582240E-03
   2.45600009       1.82542379E-03
   2.45700002       1.82505185E-03
   2.45799994       1.82474020E-03
   2.45900011       1.82438013E-03
   2.46000004       1.82400458E-03
   2.46099997       1.82350539E-03
   2.46199989       1.82291516E-03
   2.46300006       1.82226533E-03
   2.46399999       1.82172493E-03
   2.46499991       1.82132155E-03
   2.46600008       1.82094402E-03
   2.46700001       1.82061957E-03
   2.46799994       1.82037405E-03
   2.46900010       1.82009686E-03
   2.47000003       1.81981362E-03
   2.47099996       1.81954890E-03
   2.47199988       1.81919232E-03
   2.47300005       1.81876821E-03
   2.47399998       1.81829988E-03
   2.47499990       1.81767717E-03
   2.47600007       1.81718625E-03
   2.47700000       1.81684562E-03
   2.47799993       1.81654247E-03
   2.47900009       1.81629497E-03
   2.48000002       1.81612046E-03
   2.48099995       1.81590673E-03
   2.48200011       1.81567098E-03
   2.48300004       1.81542931E-03
   2.48399997       1.81519729E-03
   2.48499990       1.81486271E-03
   2.48600006       1.81444071E-03
   2.48699999       1.81394583E-03
   2.48799992       1.81351637E-03
   2.48900008       1.81316317E-03
   2.49000001       1.81289646E-03
   2.49099994       1.81272568E-03
   2.49200010       1.81253639E-03
   2.49300003       1.81233813E-03
   2.49399996       1.81213929E-03
   2.49499989       1.81194767E-03
   2.49600005       1.81177026E-03
   2.49699998       1.81149319E-03
   2.49799991       1.81112345E-03
   2.49900007       1.81066745E-03
   2.50000000       1.81024894E-03
   2.50099993       1.80998934E-03
   2.50200009       1.80977210E-03
   2.50300002       1.80971599E-03
   2.50399995       1.80970435E-03
   2.50500011       1.80962146E-03
   2.50600004       1.80958444E-03
   2.50699997       1.80947722E-03
   2.50799990       1.80941448E-03
   2.50900006       1.80928013E-03
   2.50999999       1.80895964E-03
   2.51099992       1.80856534E-03
   2.51200008       1.80820725E-03
   2.51300001       1.80799270E-03
   2.51399994       1.80780352E-03
   2.51500010       1.80774508E-03
   2.51600003       1.80769921E-03
   2.51699996       1.80776883E-03
   2.51799989       1.80783588E-03
   2.51900005       1.80778338E-03
   2.51999998       1.80771283E-03
   2.52099991       1.80750736E-03
   2.52200007       1.80726638E-03
   2.52300000       1.80687301E-03
   2.52399993       1.80663785E-03
   2.52500010       1.80644111E-03
   2.52600002       1.80637545E-03
   2.52699995       1.80632120E-03
   2.52800012       1.80636940E-03
   2.52900004       1.80640025E-03
   2.52999997       1.80650293E-03
   2.53099990       1.80655799E-03
   2.53200006       1.80665276E-03
   2.53299999       1.80666777E-03
   2.53399992       1.80668896E-03
   2.53500009       1.80659676E-03
   2.53600001       1.80667744E-03
   2.53699994       1.80680910E-03
   2.53800011       1.80707173E-03
   2.53900003       1.80734345E-03
   2.53999996       1.80770271E-03
   2.54099989       1.80802809E-03
   2.54200006       1.80839654E-03
   2.54299998       1.80868676E-03
   2.54399991       1.80897431E-03
   2.54500008       1.80913834E-03
   2.54600000       1.80925289E-03
   2.54699993       1.80919736E-03
   2.54800010       1.80923578E-03
   2.54900002       1.80943601E-03
   2.54999995       1.80967455E-03
   2.55100012       1.81001797E-03
   2.55200005       1.81034300E-03
   2.55299997       1.81071507E-03
   2.55399990       1.81101146E-03
   2.55500007       1.81129645E-03
   2.55599999       1.81144767E-03
   2.55699992       1.81152811E-03
   2.55800009       1.81141624E-03
   2.55900002       1.81135582E-03
   2.55999994       1.81140460E-03
   2.56100011       1.81143789E-03
   2.56200004       1.81151240E-03
   2.56299996       1.81168283E-03
   2.56399989       1.81182427E-03
   2.56500006       1.81199063E-03
   2.56599998       1.81205757E-03
   2.56699991       1.81207818E-03
   2.56800008       1.81210344E-03
   2.56900001       1.81200914E-03
   2.56999993       1.81184558E-03
   2.57100010       1.81183382E-03
   2.57200003       1.81184721E-03
   2.57299995       1.81193114E-03
   2.57399988       1.81212975E-03
   2.57500005       1.81231613E-03
   2.57599998       1.81253359E-03
   2.57699990       1.81265606E-03
   2.57800007       1.81272603E-03
   2.57900000       1.81278470E-03
   2.57999992       1.81270624E-03
   2.58100009       1.81253091E-03
   2.58200002       1.81246165E-03
   2.58299994       1.81253406E-03
   2.58400011       1.81261927E-03
   2.58500004       1.81275199E-03
   2.58599997       1.81296584E-03
   2.58699989       1.81313243E-03
   2.58800006       1.81328470E-03
   2.58899999       1.81345409E-03
   2.58999991       1.81351276E-03
   2.59100008       1.81349204E-03
   2.59200001       1.81342149E-03
   2.59299994       1.81317388E-03
   2.59400010       1.81308901E-03
   2.59500003       1.81303627E-03
   2.59599996       1.81304058E-03
   2.59699988       1.81312533E-03
   2.59800005       1.81316072E-03
   2.59899998       1.81317003E-03
   2.59999990       1.81317539E-03
   2.60100007       1.81319786E-03
   2.60200000       1.81310764E-03
   2.60299993       1.81292556E-03
   2.60400009       1.81267143E-03
   2.60500002       1.81251124E-03
   2.60599995       1.81246048E-03
   2.60700011       1.81253359E-03
   2.60800004       1.81259820E-03
   2.60899997       1.81266898E-03
   2.60999990       1.81275897E-03
   2.61100006       1.81288051E-03
   2.61199999       1.81290216E-03
   2.61299992       1.81283627E-03
   2.61400008       1.81269401E-03
   2.61500001       1.81248586E-03
   2.61599994       1.81222125E-03
   2.61700010       1.81204802E-03
   2.61800003       1.81197200E-03
   2.61899996       1.81199773E-03
   2.61999989       1.81212917E-03
   2.62100005       1.81223219E-03
   2.62199998       1.81231101E-03
   2.62299991       1.81236863E-03
   2.62400007       1.81240763E-03
   2.62500000       1.81242940E-03
   2.62599993       1.81230088E-03
   2.62700009       1.81202393E-03
   2.62800002       1.81186467E-03
   2.62899995       1.81181950E-03
   2.63000011       1.81188423E-03
   2.63100004       1.81205408E-03
   2.63199997       1.81219308E-03
   2.63299990       1.81229680E-03
   2.63400006       1.81236002E-03
   2.63499999       1.81237678E-03
   2.63599992       1.81234058E-03
   2.63700008       1.81224395E-03
   2.63800001       1.81207922E-03
   2.63899994       1.81183766E-03
   2.64000010       1.81163545E-03
   2.64100003       1.81146094E-03
   2.64199996       1.81130203E-03
   2.64299989       1.81114604E-03
   2.64400005       1.81097968E-03
   2.64499998       1.81078899E-03
   2.64599991       1.81055965E-03
   2.64700007       1.81027676E-03
   2.64800000       1.80992484E-03
   2.64899993       1.80948793E-03
   2.65000010       1.80894963E-03
   2.65100002       1.80853077E-03
   2.65199995       1.80809235E-03
   2.65300012       1.80773251E-03
   2.65400004       1.80731236E-03
   2.65499997       1.80692819E-03
   2.65599990       1.80644135E-03
   2.65700006       1.80594623E-03
   2.65799999       1.80530443E-03
   2.65899992       1.80460862E-03
   2.66000009       1.80372060E-03
   2.66100001       1.80273107E-03
   2.66199994       1.80195388E-03
   2.66300011       1.80124678E-03
   2.66400003       1.80069311E-03
   2.66499996       1.80015096E-03
   2.66599989       1.79970183E-03
   2.66700006       1.79920462E-03
   2.66799998       1.79873931E-03
   2.66899991       1.79816515E-03
   2.67000008       1.79756049E-03
   2.67100000       1.79678516E-03
   2.67199993       1.79591635E-03
   2.67300010       1.79524266E-03
   2.67400002       1.79462030E-03
   2.67499995       1.79411937E-03
   2.67600012       1.79359689E-03
   2.67700005       1.79312169E-03
   2.67799997       1.79255125E-03
   2.67899990       1.79195323E-03
   2.68000007       1.79139292E-03
   2.68099999       1.79072784E-03
   2.68199992       1.79002190E-03
   2.68300009       1.78913341E-03
   2.68400002       1.78832840E-03
   2.68499994       1.78766518E-03
   2.68600011       1.78699847E-03
   2.68700004       1.78638543E-03
   2.68799996       1.78588124E-03
   2.68899989       1.78534072E-03
   2.69000006       1.78481801E-03
   2.69099998       1.78416888E-03
   2.69199991       1.78344664E-03
   2.69300008       1.78270275E-03
   2.69400001       1.78179285E-03
   2.69499993       1.78096036E-03
   2.69600010       1.78025116E-03
   2.69700003       1.77970924E-03
   2.69799995       1.77918724E-03
   2.69899988       1.77872845E-03
   2.70000005       1.77818665E-03
   2.70099998       1.77760446E-03
   2.70199990       1.77702308E-03
   2.70300007       1.77629653E-03
   2.70400000       1.77546521E-03
   2.70499992       1.77456799E-03
   2.70600009       1.77382468E-03
   2.70700002       1.77326822E-03
   2.70799994       1.77274924E-03
   2.70900011       1.77230011E-03
   2.71000004       1.77195191E-03
   2.71099997       1.77155575E-03
   2.71199989       1.77114236E-03
   2.71300006       1.77074096E-03
   2.71399999       1.77020335E-03
   2.71499991       1.76955853E-03
   2.71600008       1.76883372E-03
   2.71700001       1.76822825E-03
   2.71799994       1.76776398E-03
   2.71900010       1.76729017E-03
   2.72000003       1.76682894E-03
   2.72099996       1.76640064E-03
   2.72199988       1.76602474E-03
   2.72300005       1.76571903E-03
   2.72399998       1.76533300E-03
   2.72499990       1.76488468E-03
   2.72600007       1.76439062E-03
   2.72700000       1.76386640E-03
   2.72799993       1.76349038E-03
   2.72900009       1.76327303E-03
   2.73000002       1.76306162E-03
   2.73099995       1.76286686E-03
   2.73200011       1.76269852E-03
   2.73300004       1.76256511E-03
   2.73399997       1.76247396E-03
   2.73499990       1.76227314E-03
   2.73600006       1.76197034E-03
   2.73699999       1.76157220E-03
   2.73799992       1.76108419E-03
   2.73900008       1.76066649E-03
   2.74000001       1.76032016E-03
   2.74099994       1.76004576E-03
   2.74200010       1.75984250E-03
   2.74300003       1.75970898E-03
   2.74399996       1.75964262E-03
   2.74499989       1.75948918E-03
   2.74600005       1.75924692E-03
   2.74699998       1.75891269E-03
   2.74799991       1.75848289E-03
   2.74900007       1.75795297E-03
   2.75000000       1.75746460E-03
   2.75099993       1.75700954E-03
   2.75200009       1.75657833E-03
   2.75300002       1.75616122E-03
   2.75399995       1.75574748E-03
   2.75500011       1.75532559E-03
   2.75600004       1.75488344E-03
   2.75699997       1.75440824E-03
   2.75799990       1.75388635E-03
   2.75900006       1.75330357E-03
   2.75999999       1.75264501E-03
   2.76099992       1.75203441E-03
   2.76200008       1.75145373E-03
   2.76300001       1.75088400E-03
   2.76399994       1.75030576E-03
   2.76500010       1.74969912E-03
   2.76600003       1.74904347E-03
   2.76699996       1.74831762E-03
   2.76799989       1.74750015E-03
   2.76900005       1.74656860E-03
   2.76999998       1.74550060E-03
   2.77099991       1.74427300E-03
   2.77200007       1.74312561E-03
   2.77300000       1.74203073E-03
   2.77399993       1.74095971E-03
   2.77500010       1.73988368E-03
   2.77600002       1.73877331E-03
   2.77699995       1.73759903E-03
   2.77800012       1.73645862E-03
   2.77900004       1.73531985E-03
   2.77999997       1.73415011E-03
   2.78099990       1.73291634E-03
   2.78200006       1.73158513E-03
   2.78299999       1.73037266E-03
   2.78399992       1.72924111E-03
   2.78500009       1.72815262E-03
   2.78600001       1.72706915E-03
   2.78699994       1.72595214E-03
   2.78800011       1.72488485E-03
   2.78900003       1.72382663E-03
   2.78999996       1.72273652E-03
   2.79099989       1.72157376E-03
   2.79200006       1.72035664E-03
   2.79299998       1.71916164E-03
   2.79399991       1.71812181E-03
   2.79500008       1.71707268E-03
   2.79600000       1.71608594E-03
   2.79699993       1.71523076E-03
   2.79800010       1.71434251E-03
   2.79900002       1.71348918E-03
   2.79999995       1.71250710E-03
   2.80100012       1.71146321E-03
   2.80200005       1.71042164E-03
   2.80299997       1.70921895E-03
   2.80399990       1.70814281E-03
   2.80500007       1.70725049E-03
   2.80599999       1.70637551E-03
   2.80699992       1.70557410E-03
   2.80800009       1.70468085E-03
   2.80900002       1.70375127E-03
   2.80999994       1.70283881E-03
   2.81100011       1.70177827E-03
   2.81200004       1.70062226E-03
   2.81299996       1.69942121E-03
   2.81399989       1.69843680E-03
   2.81500006       1.69750024E-03
   2.81599998       1.69665588E-03
   2.81699991       1.69594632E-03
   2.81800008       1.69520313E-03
   2.81900001       1.69446855E-03
   2.81999993       1.69378228E-03
   2.82100010       1.69297704E-03
   2.82200003       1.69209216E-03
   2.82299995       1.69116550E-03
   2.82399988       1.69023289E-03
   2.82500005       1.68932846E-03
   2.82599998       1.68848468E-03
   2.82699990       1.68773229E-03
   2.82800007       1.68710027E-03
   2.82900000       1.68641831E-03
   2.82999992       1.68571540E-03
   2.83100009       1.68501842E-03
   2.83200002       1.68435310E-03
   2.83299994       1.68354984E-03
   2.83400011       1.68263400E-03
   2.83500004       1.68162934E-03
   2.83599997       1.68074877E-03
   2.83699989       1.68001011E-03
   2.83800006       1.67924119E-03
   2.83899999       1.67845981E-03
   2.83999991       1.67768262E-03
   2.84100008       1.67692453E-03
   2.84200001       1.67619926E-03
   2.84299994       1.67533546E-03
   2.84400010       1.67434686E-03
   2.84500003       1.67324592E-03
   2.84599996       1.67222496E-03
   2.84699988       1.67129096E-03
   2.84800005       1.67044997E-03
   2.84899998       1.66970643E-03
   2.84999990       1.66906393E-03
   2.85100007       1.66834844E-03
   2.85200000       1.66756392E-03
   2.85299993       1.66671316E-03
   2.85400009       1.66579755E-03
   2.85500002       1.66481780E-03
   2.85599995       1.66377320E-03
   2.85700011       1.66283315E-03
   2.85800004       1.66199228E-03
   2.85899997       1.66124420E-03
   2.85999990       1.66058156E-03
   2.86100006       1.65999611E-03
   2.86199999       1.65931205E-03
   2.86299992       1.65852194E-03
   2.86400008       1.65761739E-03
   2.86500001       1.65658875E-03
   2.86599994       1.65542611E-03
   2.86700010       1.65444240E-03
   2.86800003       1.65362097E-03
   2.86899996       1.65278313E-03
   2.86999989       1.65191293E-03
   2.87100005       1.65099348E-03
   2.87199998       1.65000733E-03
   2.87299991       1.64893584E-03
   2.87400007       1.64776016E-03
   2.87500000       1.64646050E-03
   2.87599993       1.64501625E-03
   2.87700009       1.64371438E-03
   2.87800002       1.64252822E-03
   2.87899995       1.64143066E-03
   2.88000011       1.64039375E-03
   2.88100004       1.63938920E-03
   2.88199997       1.63838826E-03
   2.88299990       1.63736148E-03
   2.88400006       1.63627882E-03
   2.88499999       1.63511001E-03
   2.88599992       1.63382420E-03
   2.88700008       1.63238985E-03
   2.88800001       1.63106585E-03
   2.88899994       1.62981532E-03
   2.89000010       1.62860111E-03
   2.89100003       1.62738550E-03
   2.89199996       1.62613054E-03
   2.89299989       1.62479805E-03
   2.89400005       1.62349013E-03
   2.89499998       1.62216555E-03
   2.89599991       1.62078300E-03
   2.89700007       1.61930046E-03
   2.89800000       1.61795190E-03
   2.89899993       1.61669054E-03
   2.90000010       1.61546969E-03
   2.90100002       1.61424233E-03
   2.90199995       1.61309622E-03
   2.90300012       1.61198201E-03
   2.90400004       1.61084998E-03
   2.90499997       1.60965056E-03
   2.90599990       1.60833378E-03
   2.90700006       1.60698127E-03
   2.90799999       1.60580245E-03
   2.90899992       1.60474086E-03
   2.91000009       1.60374027E-03
   2.91100001       1.60274433E-03
   2.91199994       1.60182477E-03
   2.91300011       1.60092325E-03
   2.91400003       1.59998157E-03
   2.91499996       1.59894151E-03
   2.91599989       1.59787014E-03
   2.91700006       1.59670739E-03
   2.91799998       1.59564125E-03
   2.91899991       1.59473112E-03
   2.92000008       1.59391132E-03
   2.92100000       1.59311655E-03
   2.92199993       1.59240293E-03
   2.92300010       1.59170316E-03
   2.92400002       1.59095076E-03
   2.92499995       1.59019837E-03
   2.92600012       1.58937788E-03
   2.92700005       1.58853934E-03
   2.92799997       1.58749579E-03
   2.92899990       1.58653036E-03
   2.93000007       1.58568646E-03
   2.93099999       1.58500555E-03
   2.93199992       1.58429658E-03
   2.93300009       1.58360065E-03
   2.93400002       1.58295629E-03
   2.93499994       1.58217410E-03
   2.93600011       1.58129225E-03
   2.93700004       1.58034719E-03
   2.93799996       1.57937314E-03
   2.93899989       1.57840259E-03
   2.94000006       1.57746603E-03
   2.94099998       1.57659210E-03
   2.94199991       1.57580758E-03
   2.94300008       1.57513726E-03
   2.94400001       1.57438894E-03
   2.94499993       1.57358753E-03
   2.94600010       1.57275610E-03
   2.94700003       1.57191616E-03
   2.94799995       1.57087634E-03
   2.94899988       1.56986818E-03
   2.95000005       1.56890810E-03
   2.95099998       1.56801101E-03
   2.95199990       1.56719016E-03
   2.95300007       1.56645733E-03
   2.95400000       1.56561844E-03
   2.95499992       1.56468549E-03
   2.95600009       1.56366930E-03
   2.95700002       1.56257895E-03
   2.95799994       1.56142202E-03
   2.95900011       1.56040362E-03
   2.96000004       1.55952561E-03
   2.96099997       1.55878824E-03
   2.96199989       1.55799510E-03
   2.96300006       1.55714713E-03
   2.96399999       1.55624410E-03
   2.96499991       1.55528449E-03
   2.96600008       1.55426550E-03
   2.96700001       1.55318342E-03
   2.96799994       1.55203301E-03
   2.96900010       1.55099633E-03
   2.97000003       1.55006303E-03
   2.97099996       1.54922158E-03
   2.97199988       1.54845952E-03
   2.97300005       1.54776324E-03
   2.97399998       1.54711830E-03
   2.97499990       1.54650898E-03
   2.97600007       1.54591911E-03
   2.97700000       1.54533121E-03
   2.97799993       1.54472690E-03
   2.97900009       1.54426531E-03
   2.98000002       1.54392351E-03
   2.98099995       1.54367764E-03
   2.98200011       1.54350337E-03
   2.98300004       1.54337520E-03
   2.98399997       1.54326693E-03
   2.98499990       1.54315203E-03
   2.98600006       1.54300267E-03
   2.98699999       1.54279079E-03
   2.98799992       1.54248741E-03
   2.98900008       1.54223188E-03
   2.99000001       1.54199114E-03
   2.99099994       1.54173153E-03
   2.99200010       1.54158520E-03
   2.99300003       1.54151442E-03
   2.99399996       1.54148147E-03
   2.99499989       1.54144794E-03
   2.99600005       1.54137472E-03
   2.99699998       1.54122268E-03
   2.99799991       1.54095190E-03
   2.99900007       1.54084177E-03
   3.00000000       1.54084607E-03
   3.00099993       1.54091895E-03
   3.00200009       1.54101348E-03
   3.00300002       1.54108298E-03
   3.00399995       1.54108019E-03
   3.00500011       1.54111208E-03
   3.00600004       1.54112850E-03
   3.00699997       1.54107891E-03
   3.00799990       1.54091243E-03
   3.00900006       1.54088053E-03
   3.00999999       1.54092698E-03
   3.01099992       1.54099567E-03
   3.01200008       1.54103001E-03
   3.01300001       1.54112151E-03
   3.01399994       1.54121115E-03
   3.01500010       1.54123968E-03
   3.01600003       1.54114817E-03
   3.01699996       1.54102209E-03
   3.01799989       1.54079963E-03
   3.01900005       1.54070556E-03
   3.01999998       1.54067331E-03
   3.02099991       1.54063699E-03
   3.02200007       1.54067099E-03
   3.02300000       1.54070696E-03
   3.02399993       1.54067669E-03
   3.02500010       1.54065061E-03
   3.02600002       1.54055841E-03
   3.02699995       1.54033024E-03
   3.02800012       1.54003210E-03
   3.02900004       1.53986295E-03
   3.02999997       1.53974653E-03
   3.03099990       1.53974071E-03
   3.03200006       1.53976784E-03
   3.03299999       1.53975037E-03
   3.03399992       1.53974292E-03
   3.03500009       1.53966644E-03
   3.03600001       1.53957237E-03
   3.03699994       1.53938052E-03
   3.03800011       1.53901079E-03
   3.03900003       1.53876760E-03
   3.03999996       1.53856503E-03
   3.04099989       1.53844489E-03
   3.04200006       1.53832033E-03
   3.04299998       1.53823034E-03
   3.04399991       1.53808703E-03
   3.04500008       1.53792719E-03
   3.04600000       1.53766200E-03
   3.04699993       1.53732568E-03
   3.04800010       1.53707201E-03
   3.04900002       1.53692870E-03
   3.04999995       1.53680146E-03
   3.05100012       1.53671624E-03
   3.05200005       1.53675617E-03
   3.05299997       1.53688330E-03
   3.05399990       1.53688225E-03
   3.05500007       1.53677515E-03
   3.05599999       1.53658213E-03
   3.05699992       1.53632171E-03
   3.05800009       1.53624010E-03
   3.05900002       1.53634825E-03
   3.05999994       1.53642800E-03
   3.06100011       1.53649051E-03
   3.06200004       1.53654558E-03
   3.06299996       1.53660111E-03
   3.06399989       1.53666351E-03
   3.06500006       1.53673743E-03
   3.06599998       1.53682625E-03
   3.06699991       1.53671321E-03
   3.06800008       1.53661938E-03
   3.06900001       1.53654360E-03
   3.06999993       1.53648329E-03
   3.07100010       1.53643428E-03
   3.07200003       1.53639133E-03
   3.07299995       1.53634744E-03
   3.07399988       1.53629482E-03
   3.07500005       1.53622404E-03
   3.07599998       1.53612462E-03
   3.07699990       1.53598469E-03
   3.07800007       1.53599668E-03
   3.07900000       1.53614278E-03
   3.07999992       1.53640460E-03
   3.08100009       1.53676211E-03
   3.08200002       1.53719459E-03
   3.08299994       1.53768016E-03
   3.08400011       1.53819611E-03
   3.08500004       1.53871847E-03
   3.08599997       1.53922266E-03
   3.08699989       1.53987797E-03
   3.08800006       1.54065446E-03
   3.08899999       1.54152163E-03
   3.08999991       1.54244783E-03
   3.09100008       1.54340081E-03
   3.09200001       1.54434750E-03
   3.09299994       1.54525402E-03
   3.09400010       1.54608593E-03
   3.09500003       1.54680805E-03
   3.09599996       1.54738431E-03
   3.09699988       1.54796254E-03
   3.09800005       1.54868537E-03
   3.09899998       1.54950889E-03
   3.09999990       1.55038852E-03
   3.10100007       1.55127898E-03
   3.10200000       1.55213487E-03
   3.10299993       1.55291008E-03
   3.10400009       1.55355816E-03
   3.10500002       1.55403221E-03
   3.10599995       1.55445968E-03
   3.10700011       1.55496388E-03
   3.10800004       1.55549066E-03
   3.10899997       1.55598577E-03
   3.10999990       1.55656529E-03
   3.11100006       1.55717158E-03
   3.11199999       1.55774655E-03
   3.11299992       1.55823177E-03
   3.11400008       1.55856903E-03
   3.11500001       1.55886554E-03
   3.11599994       1.55922503E-03
   3.11700010       1.55958266E-03
   3.11800003       1.56003726E-03
   3.11899996       1.56052120E-03
   3.11999989       1.56096695E-03
   3.12100005       1.56130688E-03
   3.12199998       1.56163319E-03
   3.12299991       1.56187546E-03
   3.12400007       1.56196370E-03
   3.12500000       1.56198454E-03
   3.12599993       1.56202109E-03
   3.12700009       1.56215311E-03
   3.12800002       1.56230282E-03
   3.12899995       1.56239269E-03
   3.13000011       1.56249769E-03
   3.13100004       1.56253821E-03
   3.13199997       1.56258524E-03
   3.13299990       1.56255718E-03
   3.13400006       1.56237232E-03
   3.13499999       1.56224566E-03
   3.13599992       1.56223821E-03
   3.13700008       1.56226195E-03
   3.13800001       1.56237476E-03
   3.13899994       1.56248687E-03
   3.14000010       1.56250899E-03
   3.14100003       1.56249537E-03
   3.14199996       1.56235520E-03
   3.14299989       1.56213949E-03
   3.14400005       1.56175625E-03
   3.14499998       1.56153261E-03
   3.14599991       1.56137010E-03
   3.14700007       1.56130933E-03
   3.14800000       1.56125077E-03
   3.14899993       1.56123214E-03
   3.15000010       1.56115298E-03
   3.15100002       1.56104867E-03
   3.15199995       1.56081782E-03
   3.15300012       1.56049302E-03
   3.15400004       1.56023738E-03
   3.15499997       1.56007637E-03
   3.15599990       1.56003353E-03
   3.15700006       1.56000024E-03
   3.15799999       1.55999791E-03
   3.15899992       1.55991735E-03
   3.16000009       1.55977788E-03
   3.16100001       1.55959721E-03
   3.16199994       1.55926438E-03
   3.16300011       1.55879499E-03
   3.16400003       1.55845261E-03
   3.16499996       1.55812060E-03
   3.16599989       1.55780651E-03
   3.16700006       1.55751640E-03
   3.16799998       1.55725458E-03
   3.16899991       1.55690196E-03
   3.17000008       1.55646156E-03
   3.17100000       1.55593455E-03
   3.17199993       1.55532046E-03
   3.17300010       1.55479473E-03
   3.17400002       1.55429181E-03
   3.17499995       1.55380438E-03
   3.17600012       1.55332382E-03
   3.17700005       1.55283965E-03
   3.17799997       1.55234034E-03
   3.17899990       1.55181298E-03
   3.18000007       1.55124313E-03
   3.18099999       1.55061507E-03
   3.18199992       1.55013648E-03
   3.18300009       1.54978526E-03
   3.18400002       1.54953799E-03
   3.18499994       1.54937000E-03
   3.18600011       1.54925592E-03
   3.18700004       1.54916884E-03
   3.18799996       1.54908106E-03
   3.18899989       1.54896360E-03
   3.19000006       1.54878688E-03
   3.19099998       1.54852006E-03
   3.19199991       1.54834311E-03
   3.19300008       1.54821959E-03
   3.19400001       1.54811225E-03
   3.19499993       1.54798303E-03
   3.19600010       1.54779316E-03
   3.19700003       1.54750294E-03
   3.19799995       1.54707197E-03
   3.19899988       1.54645916E-03
   3.20000005       1.54582458E-03
   3.20099998       1.54532283E-03
   3.20199990       1.54490385E-03
   3.20300007       1.54451665E-03
   3.20400000       1.54411001E-03
   3.20499992       1.54363224E-03
   3.20600009       1.54322560E-03
   3.20700002       1.54283410E-03
   3.20799994       1.54240103E-03
   3.20900011       1.54186937E-03
   3.21000004       1.54137204E-03
   3.21099997       1.54103700E-03
   3.21199989       1.54079951E-03
   3.21300006       1.54059462E-03
   3.21399999       1.54035713E-03
   3.21499991       1.54002174E-03
   3.21600008       1.53970649E-03
   3.21700001       1.53934222E-03
   3.21799994       1.53886003E-03
   3.21900010       1.53819064E-03
   3.22000003       1.53762335E-03
   3.22099996       1.53708248E-03
   3.22199988       1.53666921E-03
   3.22300005       1.53630495E-03
   3.22399998       1.53591100E-03
   3.22499990       1.53540878E-03
   3.22600007       1.53489283E-03
   3.22700000       1.53428153E-03
   3.22799993       1.53349398E-03
   3.22900009       1.53278850E-03
   3.23000002       1.53207825E-03
   3.23099995       1.53144449E-03
   3.23200011       1.53079769E-03
   3.23300004       1.53021491E-03
   3.23399997       1.52960455E-03
   3.23499990       1.52887532E-03
   3.23600006       1.52809930E-03
   3.23699999       1.52718334E-03
   3.23799992       1.52635621E-03
   3.23900008       1.52567960E-03
   3.24000001       1.52505317E-03
   3.24099994       1.52453512E-03
   3.24200010       1.52402313E-03
   3.24300003       1.52341591E-03
   3.24399996       1.52276771E-03
   3.24499989       1.52197573E-03
   3.24600005       1.52109074E-03
   3.24699998       1.52031309E-03
   3.24799991       1.51968503E-03
   3.24900007       1.51909550E-03
   3.25000000       1.51858386E-03
   3.25099993       1.51803810E-03
   3.25200009       1.51749479E-03
   3.25300002       1.51684089E-03
   3.25399995       1.51611026E-03
   3.25500011       1.51533424E-03
   3.25600004       1.51468569E-03
   3.25699997       1.51418825E-03
   3.25799990       1.51372061E-03
   3.25900006       1.51330407E-03
   3.25999999       1.51295774E-03
   3.26099992       1.51255843E-03
   3.26200008       1.51212304E-03
   3.26300001       1.51166646E-03
   3.26399994       1.51106389E-03
   3.26500010       1.51032815E-03
   3.26600003       1.50974153E-03
   3.26699996       1.50917296E-03
   3.26799989       1.50862662E-03
   3.26900005       1.50810485E-03
   3.26999998       1.50760799E-03
   3.27099991       1.50713453E-03
   3.27200007       1.50655059E-03
   3.27300000       1.50585314E-03
   3.27399993       1.50503800E-03
   3.27500010       1.50435558E-03
   3.27600002       1.50379352E-03
   3.27699995       1.50333741E-03
   3.27800012       1.50284555E-03
   3.27900004       1.50230306E-03
   3.27999997       1.50169339E-03
   3.28099990       1.50099862E-03
   3.28200006       1.50019955E-03
   3.28299999       1.49927533E-03
   3.28399992       1.49844692E-03
   3.28500009       1.49768661E-03
   3.28600001       1.49696530E-03
   3.28699994       1.49625260E-03
   3.28800011       1.49545795E-03
   3.28900003       1.49460859E-03
   3.28999996       1.49367098E-03
   3.29099989       1.49261043E-03
   3.29200006       1.49139110E-03
   3.29299998       1.49020622E-03
   3.29399991       1.48901390E-03
   3.29500008       1.48777128E-03
   3.29600000       1.48666045E-03
   3.29699993       1.48563273E-03
   3.29800010       1.48463866E-03
   3.29900002       1.48362818E-03
   3.29999995       1.48255017E-03
   3.30100012       1.48135342E-03
   3.30200005       1.48020312E-03
   3.30299997       1.47904258E-03
   3.30399990       1.47802942E-03
   3.30500007       1.47710182E-03
   3.30599999       1.47619739E-03
   3.30699992       1.47525349E-03
   3.30800009       1.47420703E-03
   3.30900002       1.47299445E-03
   3.30999994       1.47175929E-03
   3.31100011       1.47063902E-03
   3.31200004       1.46956195E-03
   3.31299996       1.46845554E-03
   3.31399989       1.46744947E-03
   3.31500006       1.46646751E-03
   3.31599998       1.46543304E-03
   3.31699991       1.46426971E-03
   3.31800008       1.46309787E-03
   3.31900001       1.46183744E-03
   3.31999993       1.46060262E-03
   3.32100010       1.45950331E-03
   3.32200003       1.45845197E-03
   3.32299995       1.45736150E-03
   3.32399988       1.45633495E-03
   3.32500005       1.45528174E-03
   3.32599998       1.45411200E-03
   3.32699990       1.45292212E-03
   3.32800007       1.45161920E-03
   3.32900000       1.45047856E-03
   3.32999992       1.44940102E-03
   3.33100009       1.44828786E-03
   3.33200002       1.44722138E-03
   3.33299994       1.44610030E-03
   3.33400011       1.44500239E-03
   3.33500004       1.44382392E-03
   3.33599997       1.44263823E-03
   3.33699989       1.44133961E-03
   3.33800006       1.44017104E-03
   3.33899999       1.43902155E-03
   3.33999991       1.43795274E-03
   3.34100008       1.43685204E-03
   3.34200001       1.43577706E-03
   3.34299994       1.43461348E-03
   3.34400010       1.43341557E-03
   3.34500003       1.43206737E-03
   3.34599996       1.43061939E-03
   3.34699988       1.42928364E-03
   3.34800005       1.42810110E-03
   3.34899998       1.42694719E-03
   3.34999990       1.42585998E-03
   3.35100007       1.42471399E-03
   3.35200000       1.42354437E-03
   3.35299993       1.42238324E-03
   3.35400009       1.42110244E-03
   3.35500002       1.41973142E-03
   3.35599995       1.41845236E-03
   3.35700011       1.41728646E-03
   3.35800004       1.41609856E-03
   3.35899997       1.41490763E-03
   3.35999990       1.41372986E-03
   3.36100006       1.41257897E-03
   3.36199999       1.41131692E-03
   3.36299992       1.40995532E-03
   3.36400008       1.40865170E-03
   3.36500001       1.40741048E-03
   3.36599994       1.40623376E-03
   3.36700010       1.40512176E-03
   3.36800003       1.40407239E-03
   3.36899996       1.40308170E-03
   3.36999989       1.40200125E-03
   3.37100005       1.40082568E-03
   3.37199998       1.39954768E-03
   3.37299991       1.39843766E-03
   3.37400007       1.39747921E-03
   3.37500000       1.39665429E-03
   3.37599993       1.39580620E-03
   3.37700009       1.39491633E-03
   3.37800002       1.39396416E-03
   3.37899995       1.39292795E-03
   3.38000011       1.39178417E-03
   3.38100004       1.39050768E-03
   3.38199997       1.38933619E-03
   3.38299990       1.38823653E-03
   3.38400006       1.38717471E-03
   3.38499999       1.38611533E-03
   3.38599992       1.38502149E-03
   3.38700008       1.38385559E-03
   3.38800001       1.38270541E-03
   3.38899994       1.38152833E-03
   3.39000010       1.38028094E-03
   3.39100003       1.37916743E-03
   3.39199996       1.37813762E-03
   3.39299989       1.37714017E-03
   3.39400005       1.37612293E-03
   3.39499998       1.37515448E-03
   3.39599991       1.37417845E-03
   3.39700007       1.37313816E-03
   3.39800000       1.37197610E-03
   3.39899993       1.37063395E-03
   3.40000010       1.36928807E-03
   3.40100002       1.36810855E-03
   3.40199995       1.36702613E-03
   3.40300012       1.36597140E-03
   3.40400004       1.36487465E-03
   3.40499997       1.36366556E-03
   3.40599990       1.36249990E-03
   3.40700006       1.36130233E-03
   3.40799999       1.35999720E-03
   3.40899992       1.35873107E-03
   3.41000009       1.35764421E-03
   3.41100001       1.35665189E-03
   3.41199994       1.35566934E-03
   3.41300011       1.35461194E-03
   3.41400003       1.35360972E-03
   3.41499996       1.35257398E-03
   3.41599989       1.35141576E-03
   3.41700006       1.35046814E-03
   3.41799998       1.34963437E-03
   3.41899991       1.34881795E-03
   3.42000008       1.34812936E-03
   3.42100000       1.34746858E-03
   3.42199993       1.34673575E-03
   3.42300010       1.34603446E-03
   3.42400002       1.34526182E-03
   3.42499995       1.34431513E-03
   3.42600012       1.34349056E-03
   3.42700005       1.34267868E-03
   3.42799997       1.34196726E-03
   3.42899990       1.34124432E-03
   3.43000007       1.34059240E-03
   3.43099999       1.33989681E-03
   3.43199992       1.33923546E-03
   3.43300009       1.33849133E-03
   3.43400002       1.33754837E-03
   3.43499994       1.33666687E-03
   3.43600011       1.33591192E-03
   3.43700004       1.33515883E-03
   3.43799996       1.33446825E-03
   3.43899989       1.33371388E-03
   3.44000006       1.33295218E-03
   3.44099998       1.33205543E-03
   3.44199991       1.33107638E-03
   3.44300008       1.33024261E-03
   3.44400001       1.32941909E-03
   3.44499993       1.32864807E-03
   3.44600010       1.32796832E-03
   3.44700003       1.32724154E-03
   3.44799995       1.32650346E-03
   3.44899988       1.32578658E-03
   3.45000005       1.32494967E-03
   3.45099998       1.32402242E-03
   3.45199990       1.32319983E-03
   3.45300007       1.32250239E-03
   3.45400000       1.32178119E-03
   3.45499992       1.32105430E-03
   3.45600009       1.32033695E-03
   3.45700002       1.31964171E-03
   3.45799994       1.31881633E-03
   3.45900011       1.31787139E-03
   3.46000004       1.31681480E-03
   3.46099997       1.31581072E-03
   3.46199989       1.31485891E-03
   3.46300006       1.31395715E-03
   3.46399999       1.31310057E-03
   3.46499991       1.31228229E-03
   3.46600008       1.31149311E-03
   3.46700001       1.31056912E-03
   3.46799994       1.30950008E-03
   3.46900010       1.30857504E-03
   3.47000003       1.30777399E-03
   3.47099996       1.30707468E-03
   3.47199988       1.30645349E-03
   3.47300005       1.30588457E-03
   3.47399998       1.30534067E-03
   3.47499990       1.30479294E-03
   3.47600007       1.30421063E-03
   3.47700000       1.30356173E-03
   3.47799993       1.30295474E-03
   3.47900009       1.30235159E-03
   3.48000002       1.30185334E-03
   3.48099995       1.30141655E-03
   3.48200011       1.30099675E-03
   3.48300004       1.30054774E-03
   3.48399997       1.30002270E-03
   3.48499990       1.29937334E-03
   3.48600006       1.29882013E-03
   3.48699999       1.29830732E-03
   3.48799992       1.29791128E-03
   3.48900008       1.29757205E-03
   3.49000001       1.29722850E-03
   3.49099994       1.29681884E-03
   3.49200010       1.29641010E-03
   3.49300003       1.29593629E-03
   3.49399996       1.29533093E-03
   3.49499989       1.29478099E-03
   3.49600005       1.29434001E-03
   3.49699998       1.29393197E-03
   3.49799991       1.29348063E-03
   3.49900007       1.29303301E-03
   3.50000000       1.29250973E-03
   3.50099993       1.29195291E-03
   3.50200009       1.29128015E-03
   3.50300002       1.29077001E-03
   3.50399995       1.29033264E-03
   3.50500011       1.28999643E-03
   3.50600004       1.28978689E-03
   3.50699997       1.28960900E-03
   3.50799990       1.28936768E-03
   3.50900006       1.28896779E-03
   3.50999999       1.28854474E-03
   3.51099992       1.28799898E-03
   3.51200008       1.28745858E-03
   3.51300001       1.28704566E-03
   3.51399994       1.28665252E-03
   3.51500010       1.28617173E-03
   3.51600003       1.28571747E-03
   3.51699996       1.28517894E-03
   3.51799989       1.28466357E-03
   3.51900005       1.28405716E-03
   3.51999998       1.28346134E-03
   3.52099991       1.28297240E-03
   3.52200007       1.28246914E-03
   3.52300000       1.28204236E-03
   3.52399993       1.28156797E-03
   3.52500010       1.28113106E-03
   3.52600002       1.28060521E-03
   3.52699995       1.28007017E-03
   3.52800012       1.27939705E-03
   3.52900004       1.27886364E-03
   3.52999997       1.27833488E-03
   3.53099990       1.27787667E-03
   3.53200006       1.27735210E-03
   3.53299999       1.27682264E-03
   3.53399992       1.27634592E-03
   3.53500009       1.27578026E-03
   3.53600001       1.27517898E-03
   3.53699994       1.27478421E-03
   3.53800011       1.27444637E-03
   3.53900003       1.27420749E-03
   3.53999996       1.27391715E-03
   3.54099989       1.27361377E-03
   3.54200006       1.27333216E-03
   3.54299998       1.27291889E-03
   3.54399991       1.27240561E-03
   3.54500008       1.27182086E-03
   3.54600000       1.27137068E-03
   3.54699993       1.27107359E-03
   3.54800010       1.27076579E-03
   3.54900002       1.27046299E-03
   3.54999995       1.27017801E-03
   3.55100012       1.26992073E-03
   3.55200005       1.26952399E-03
   3.55299997       1.26899569E-03
   3.55399990       1.26851257E-03
   3.55500007       1.26807333E-03
   3.55599999       1.26767438E-03
   3.55699992       1.26730965E-03
   3.55800009       1.26697042E-03
   3.55900002       1.26664585E-03
   3.55999994       1.26632245E-03
   3.56100011       1.26598484E-03
   3.56200004       1.26577797E-03
   3.56299996       1.26567890E-03
   3.56399989       1.26566249E-03
   3.56500006       1.26570161E-03
   3.56599998       1.26576726E-03
   3.56699991       1.26582861E-03
   3.56800008       1.26585306E-03
   3.56900001       1.26580626E-03
   3.56999993       1.26565213E-03
   3.57100010       1.26565946E-03
   3.57200003       1.26578275E-03
   3.57299995       1.26597495E-03
   3.57399988       1.26618799E-03
   3.57500005       1.26637216E-03
   3.57599998       1.26647635E-03
   3.57699990       1.26644853E-03
   3.57800007       1.26638124E-03
   3.57900000       1.26636215E-03
   3.57999992       1.26647390E-03
   3.58100009       1.26665086E-03
   3.58200002       1.26682653E-03
   3.58299994       1.26693386E-03
   3.58400011       1.26704480E-03
   3.58500004       1.26708765E-03
   3.58599997       1.26698986E-03
   3.58699989       1.26695319E-03
   3.58800006       1.26703479E-03
   3.58899999       1.26715179E-03
   3.58999991       1.26735575E-03
   3.59100008       1.26756018E-03
   3.59200001       1.26767845E-03
   3.59299994       1.26775529E-03
   3.59400010       1.26770069E-03
   3.59500003       1.26755447E-03
   3.59599996       1.26748218E-03
   3.59699988       1.26751361E-03
   3.59800005       1.26754749E-03
   3.59899998       1.26760930E-03
   3.59999990       1.26759522E-03
   3.60100007       1.26752665E-03
   3.60200000       1.26742152E-03
   3.60299993       1.26717146E-03
   3.60400009       1.26703561E-03
   3.60500002       1.26702012E-03
   3.60599995       1.26700755E-03
   3.60700011       1.26700068E-03
   3.60800004       1.26705924E-03
   3.60899997       1.26706087E-03
   3.60999990       1.26706029E-03
   3.61100006       1.26693281E-03
   3.61199999       1.26701815E-03
   3.61299992       1.26718357E-03
   3.61400008       1.26729708E-03
   3.61500001       1.26745447E-03
   3.61599994       1.26752083E-03
   3.61700010       1.26758614E-03
   3.61800003       1.26751268E-03
   3.61899996       1.26738474E-03
   3.61999989       1.26706192E-03
   3.62100005       1.26684131E-03
   3.62199998       1.26657565E-03
   3.62299991       1.26633432E-03
   3.62400007       1.26618182E-03
   3.62500000       1.26596610E-03
   3.62599993       1.26574701E-03
   3.62700009       1.26537075E-03
   3.62800002       1.26489287E-03
   3.62899995       1.26457110E-03
   3.63000011       1.26424327E-03
   3.63100004       1.26395223E-03
   3.63199997       1.26373710E-03
   3.63299990       1.26343220E-03
   3.63400006       1.26307306E-03
   3.63499999       1.26269134E-03
   3.63599992       1.26211834E-03
   3.63700008       1.26157794E-03
   3.63800001       1.26109133E-03
   3.63899994       1.26067584E-03
   3.64000010       1.26034569E-03
   3.64100003       1.25992182E-03
   3.64199996       1.25941599E-03
   3.64299989       1.25883671E-03
   3.64400005       1.25818967E-03
   3.64499998       1.25766220E-03
   3.64599991       1.25725020E-03
   3.64700007       1.25694694E-03
   3.64800000       1.25674251E-03
   3.64899993       1.25644496E-03
   3.65000010       1.25604321E-03
   3.65100002       1.25552376E-03
   3.65199995       1.25487032E-03
   3.65300012       1.25441456E-03
   3.65400004       1.25412853E-03
   3.65499997       1.25380931E-03
   3.65599990       1.25342829E-03
   3.65700006       1.25312491E-03
   3.65799999       1.25286286E-03
   3.65899992       1.25260395E-03
   3.66000009       1.25230802E-03
   3.66100001       1.25193316E-03
   3.66199994       1.25160045E-03
   3.66300011       1.25126098E-03
   3.66400003       1.25102676E-03
   3.66499996       1.25084270E-03
   3.66599989       1.25065225E-03
   3.66700006       1.25039741E-03
   3.66799998       1.25001918E-03
   3.66899991       1.24945689E-03
   3.67000008       1.24896015E-03
   3.67100000       1.24845945E-03
   3.67199993       1.24803791E-03
   3.67300010       1.24762114E-03
   3.67400002       1.24713359E-03
   3.67499995       1.24664931E-03
   3.67600012       1.24608818E-03
   3.67700005       1.24536920E-03
   3.67799997       1.24470517E-03
   3.67899990       1.24415371E-03
   3.68000007       1.24362309E-03
   3.68099999       1.24316476E-03
   3.68199992       1.24268339E-03
   3.68300009       1.24208257E-03
   3.68400002       1.24140724E-03
   3.68499994       1.24055799E-03
   3.68600011       1.23985216E-03
   3.68700004       1.23918126E-03
   3.68799996       1.23857404E-03
   3.68899989       1.23791909E-03
   3.69000006       1.23724027E-03
   3.69099998       1.23655796E-03
   3.69199991       1.23575563E-03
   3.69300008       1.23484922E-03
   3.69400001       1.23398320E-03
   3.69499993       1.23316410E-03
   3.69600010       1.23239518E-03
   3.69700003       1.23167702E-03
   3.69799995       1.23100670E-03
   3.69899988       1.23025174E-03
   3.70000005       1.22940599E-03
   3.70099998       1.22846093E-03
   3.70199990       1.22765370E-03
   3.70300007       1.22696511E-03
   3.70400000       1.22637302E-03
   3.70499992       1.22585322E-03
   3.70600009       1.22525799E-03
   3.70700002       1.22456101E-03
   3.70799994       1.22373330E-03
   3.70900011       1.22274412E-03
   3.71000004       1.22191268E-03
   3.71099997       1.22107984E-03
   3.71199989       1.22031942E-03
   3.71300006       1.21946994E-03
   3.71399999       1.21859985E-03
   3.71499991       1.21777283E-03
   3.71600008       1.21682230E-03
   3.71700001       1.21580681E-03
   3.71799994       1.21500285E-03
   3.71900010       1.21423439E-03
   3.72000003       1.21354649E-03
   3.72099996       1.21297990E-03
   3.72199988       1.21235498E-03
   3.72300005       1.21170864E-03
   3.72399998       1.21107348E-03
   3.72499990       1.21026672E-03
   3.72600007       1.20952772E-03
   3.72700000       1.20887731E-03
   3.72799993       1.20833272E-03
   3.72900009       1.20770209E-03
   3.73000002       1.20699964E-03
   3.73099995       1.20623654E-03
   3.73200011       1.20542012E-03
   3.73300004       1.20455457E-03
   3.73399997       1.20383943E-03
   3.73499990       1.20326818E-03
   3.73600006       1.20283151E-03
   3.73699999       1.20232289E-03
   3.73799992       1.20173127E-03
   3.73900008       1.20104279E-03
   3.74000001       1.20024092E-03
   3.74099994       1.19930657E-03
   3.74200010       1.19840528E-03
   3.74300003       1.19750877E-03
   3.74399996       1.19658664E-03
   3.74499989       1.19560573E-03
   3.74600005       1.19453110E-03
   3.74699998       1.19350606E-03
   3.74799991       1.19248778E-03
   3.74900007       1.19143061E-03
   3.75000000       1.19046494E-03
   3.75099993       1.18953781E-03
   3.75200009       1.18859485E-03
   3.75300002       1.18775340E-03
   3.75399995       1.18695199E-03
   3.75500011       1.18612789E-03
   3.75600004       1.18521671E-03
   3.75699997       1.18415279E-03
   3.75799990       1.18320377E-03
   3.75900006       1.18229422E-03
   3.75999999       1.18151272E-03
   3.76099992       1.18077814E-03
   3.76200008       1.18000840E-03
   3.76300001       1.17912085E-03
   3.76399994       1.17819186E-03
   3.76500010       1.17713329E-03
   3.76600003       1.17617275E-03
   3.76699996       1.17521384E-03
   3.76799989       1.17431569E-03
   3.76900005       1.17337797E-03
   3.76999998       1.17245328E-03
   3.77099991       1.17143698E-03
   3.77200007       1.17037573E-03
   3.77300000       1.16916129E-03
   3.77399993       1.16798363E-03
   3.77500010       1.16687582E-03
   3.77600002       1.16586685E-03
   3.77699995       1.16483564E-03
   3.77800012       1.16380607E-03
   3.77900004       1.16279814E-03
   3.77999997       1.16168510E-03
   3.78099990       1.16048241E-03
   3.78200006       1.15934270E-03
   3.78299999       1.15827098E-03
   3.78399992       1.15726911E-03
   3.78500009       1.15633523E-03
   3.78600001       1.15532766E-03
   3.78699994       1.15424104E-03
   3.78800011       1.15306699E-03
   3.78900003       1.15179433E-03
   3.78999996       1.15067442E-03
   3.79099989       1.14968442E-03
   3.79200006       1.14866754E-03
   3.79299998       1.14759838E-03
   3.79399991       1.14644866E-03
   3.79500008       1.14518800E-03
   3.79600000       1.14378333E-03
   3.79699993       1.14245224E-03
   3.79800010       1.14127679E-03
   3.79900002       1.14020938E-03
   3.79999995       1.13919994E-03
   3.80100012       1.13819656E-03
   3.80200005       1.13714545E-03
   3.80299997       1.13599095E-03
   3.80399990       1.13479607E-03
   3.80500007       1.13367790E-03
   3.80599999       1.13262876E-03
   3.80699992       1.13169628E-03
   3.80800009       1.13069010E-03
   3.80900002       1.12965354E-03
   3.80999994       1.12862536E-03
   3.81100011       1.12763990E-03
   3.81200004       1.12650020E-03
   3.81299996       1.12546177E-03
   3.81399989       1.12454628E-03
   3.81500006       1.12377107E-03
   3.81599998       1.12292904E-03
   3.81699991       1.12203462E-03
   3.81800008       1.12109841E-03
   3.81900001       1.12012727E-03
   3.81999993       1.11912424E-03
   3.82100010       1.11830165E-03
   3.82200003       1.11765123E-03
   3.82299995       1.11695193E-03
   3.82399988       1.11619360E-03
   3.82500005       1.11536297E-03
   3.82599998       1.11444364E-03
   3.82699990       1.11341651E-03
   3.82800007       1.11225934E-03
   3.82900000       1.11114769E-03
   3.82999992       1.11004955E-03
   3.83100009       1.10893045E-03
   3.83200002       1.10775337E-03
   3.83299994       1.10647897E-03
   3.83400011       1.10506569E-03
   3.83500004       1.10366126E-03
   3.83599997       1.10240607E-03
   3.83699989       1.10124366E-03
   3.83800006       1.10011571E-03
   3.83899999       1.09896204E-03
   3.83999991       1.09772093E-03
   3.84100008       1.09651231E-03
   3.84200001       1.09526701E-03
   3.84299994       1.09391427E-03
   3.84400010       1.09274138E-03
   3.84500003       1.09166687E-03
   3.84599996       1.09060830E-03
   3.84699988       1.08965754E-03
   3.84800005       1.08872610E-03
   3.84899998       1.08772435E-03
   3.84999990       1.08673377E-03
   3.85100007       1.08565902E-03
   3.85200000       1.08474318E-03
   3.85299993       1.08388218E-03
   3.85400009       1.08313828E-03
   3.85500002       1.08240277E-03
   3.85599995       1.08156656E-03
   3.85700011       1.08068332E-03
   3.85800004       1.07980182E-03
   3.85899997       1.07880484E-03
   3.85999990       1.07789435E-03
   3.86100006       1.07710471E-03
   3.86199999       1.07630785E-03
   3.86299992       1.07553229E-03
   3.86400008       1.07480213E-03
   3.86500001       1.07398315E-03
   3.86599994       1.07309443E-03
   3.86700010       1.07230246E-03
   3.86800003       1.07161468E-03
   3.86899996       1.07103493E-03
   3.86999989       1.07041479E-03
   3.87100005       1.06975355E-03
   3.87199998       1.06904737E-03
   3.87299991       1.06828869E-03
   3.87400007       1.06746668E-03
   3.87500000       1.06671022E-03
   3.87599993       1.06599857E-03
   3.87700009       1.06530834E-03
   3.87800002       1.06461311E-03
   3.87899995       1.06388330E-03
   3.88000011       1.06308691E-03
   3.88100004       1.06218911E-03
   3.88199997       1.06115243E-03
   3.88299990       1.06020656E-03
   3.88400006       1.05930318E-03
   3.88499999       1.05839164E-03
   3.88599992       1.05755101E-03
   3.88700008       1.05672365E-03
   3.88800001       1.05584960E-03
   3.88899994       1.05486729E-03
   3.89000010       1.05396903E-03
   3.89100003       1.05321105E-03
   3.89199996       1.05251791E-03
   3.89299989       1.05181267E-03
   3.89400005       1.05114130E-03
   3.89499998       1.05042127E-03
   3.89599991       1.04969123E-03
   3.89700007       1.04886363E-03
   3.89800000       1.04809087E-03
   3.89899993       1.04739750E-03
   3.90000010       1.04674406E-03
   3.90100002       1.04608887E-03
   3.90199995       1.04544591E-03
   3.90300012       1.04482519E-03
   3.90400004       1.04423275E-03
   3.90499997       1.04344147E-03
   3.90599990       1.04268221E-03
   3.90700006       1.04194938E-03
   3.90799999       1.04123377E-03
   3.90899992       1.04052294E-03
   3.91000009       1.03980093E-03
   3.91100001       1.03904842E-03
   3.91199994       1.03824306E-03
   3.91300011       1.03757507E-03
   3.91400003       1.03701104E-03
   3.91499996       1.03651488E-03
   3.91599989       1.03604770E-03
   3.91700006       1.03556796E-03
   3.91799998       1.03503175E-03
   3.91899991       1.03439239E-03
   3.92000008       1.03360112E-03
   3.92100000       1.03301287E-03
   3.92199993       1.03256525E-03
   3.92300010       1.03219366E-03
   3.92400002       1.03183172E-03
   3.92499995       1.03141100E-03
   3.92600012       1.03086163E-03
   3.92700005       1.03030587E-03
   3.92799997       1.02966605E-03
   3.92899990       1.02905429E-03
   3.93000007       1.02857535E-03
   3.93099999       1.02813891E-03
   3.93199992       1.02765311E-03
   3.93300009       1.02721085E-03
   3.93400002       1.02671422E-03
   3.93499994       1.02606404E-03
   3.93600011       1.02552376E-03
   3.93700004       1.02498441E-03
   3.93799996       1.02451548E-03
   3.93899989       1.02400291E-03
   3.94000006       1.02350849E-03
   3.94099998       1.02291314E-03
   3.94199991       1.02227123E-03
   3.94300008       1.02145947E-03
   3.94400001       1.02069613E-03
   3.94499993       1.02001941E-03
   3.94600010       1.01929449E-03
   3.94700003       1.01855316E-03
   3.94799995       1.01782288E-03
   3.94899988       1.01696153E-03
   3.95000005       1.01599074E-03
   3.95099998       1.01509003E-03
   3.95199990       1.01426826E-03
   3.95300007       1.01353053E-03
   3.95400000       1.01287756E-03
   3.95499992       1.01214880E-03
   3.95600009       1.01134100E-03
   3.95700002       1.01044669E-03
   3.95799994       1.00945495E-03
   3.95900011       1.00850384E-03
   3.96000004       1.00757205E-03
   3.96099997       1.00663456E-03
   3.96199989       1.00566365E-03
   3.96300006       1.00462802E-03
   3.96399999       1.00349367E-03
   3.96499991       1.00222346E-03
   3.96600008       1.00106723E-03
   3.96700001       9.99975833E-04
   3.96799994       9.98897478E-04
   3.96900010       9.97778261E-04
   3.97000003       9.96702234E-04
   3.97099996       9.95607348E-04
   3.97199988       9.94429574E-04
   3.97300005       9.93103022E-04
   3.97399998       9.91831999E-04
   3.97499990       9.90675646E-04
   3.97600007       9.89553053E-04
   3.97700000       9.88381682E-04
   3.97799993       9.87209613E-04
   3.97900009       9.85948485E-04
   3.98000002       9.84638580E-04
   3.98099995       9.83444275E-04
   3.98200011       9.82392463E-04
   3.98300004       9.81378253E-04
   3.98399997       9.80422017E-04
   3.98499990       9.79413977E-04
   3.98600006       9.78368218E-04
   3.98699999       9.77294287E-04
   3.98799992       9.76074894E-04
   3.98900008       9.74956842E-04
   3.99000001       9.73934249E-04
   3.99099994       9.72997281E-04
   3.99200010       9.72013513E-04
   3.99300003       9.70968453E-04
   3.99399996       9.69843764E-04
   3.99499989       9.68617795E-04
   3.99600005       9.67495784E-04
   3.99699998       9.66444146E-04
   3.99799991       9.65425977E-04
   3.99900007       9.64401639E-04
   4.00000000       9.63328348E-04
   4.00099993       9.62160644E-04
   4.00199986       9.60850331E-04
   4.00299978       9.59346653E-04
   4.00400019       9.58029705E-04
   4.00500011       9.56833886E-04
   4.00600004       9.55691270E-04
   4.00699997       9.54531948E-04
   4.00799990       9.53283918E-04
   4.00899982       9.52081871E-04
   4.01000023       9.50845249E-04
   4.01100016       9.49697278E-04
   4.01200008       9.48549365E-04
   4.01300001       9.47513734E-04
   4.01399994       9.46494227E-04
   4.01499987       9.45393578E-04
   4.01599979       9.44310857E-04
   4.01700020       9.43141873E-04
   4.01800013       9.41781327E-04
   4.01900005       9.40509548E-04
   4.01999998       9.39210586E-04
   4.02099991       9.37958132E-04
   4.02199984       9.36630706E-04
   4.02299976       9.35293501E-04
   4.02400017       9.33819916E-04
   4.02500010       9.32267227E-04
   4.02600002       9.30869952E-04
   4.02699995       9.29488044E-04
   4.02799988       9.28161491E-04
   4.02899981       9.26925102E-04
   4.03000021       9.25630680E-04
   4.03100014       9.24306572E-04
   4.03200006       9.22975887E-04
   4.03299999       9.21830419E-04
   4.03399992       9.20707476E-04
   4.03499985       9.19615908E-04
   4.03599977       9.18560021E-04
   4.03700018       9.17539757E-04
   4.03800011       9.16550634E-04
   4.03900003       9.15418728E-04
   4.03999996       9.14135249E-04
   4.04099989       9.13013588E-04
   4.04199982       9.12029820E-04
   4.04300022       9.11156298E-04
   4.04400015       9.10361821E-04
   4.04500008       9.09612107E-04
   4.04600000       9.08869260E-04
   4.04699993       9.08092537E-04
   4.04799986       9.07392416E-04
   4.04899979       9.06718429E-04
   4.05000019       9.06017434E-04
   4.05100012       9.05384368E-04
   4.05200005       9.04757238E-04
   4.05299997       9.04071785E-04
   4.05399990       9.03261127E-04
   4.05499983       9.02402622E-04
   4.05600023       9.01566935E-04
   4.05700016       9.00818035E-04
   4.05800009       9.00070940E-04
   4.05900002       8.99380422E-04
   4.05999994       8.98654747E-04
   4.06099987       8.97800550E-04
   4.06199980       8.96861486E-04
   4.06300020       8.96013109E-04
   4.06400013       8.95284698E-04
   4.06500006       8.94564961E-04
   4.06599998       8.93875840E-04
   4.06699991       8.93101038E-04
   4.06799984       8.92255746E-04
   4.06899977       8.91350152E-04
   4.07000017       8.90519994E-04
   4.07100010       8.89763294E-04
   4.07200003       8.89073708E-04
   4.07299995       8.88440642E-04
   4.07399988       8.87723232E-04
   4.07499981       8.86905764E-04
   4.07600021       8.85968562E-04
   4.07700014       8.84888170E-04
   4.07800007       8.83882167E-04
   4.07900000       8.82914115E-04
   4.07999992       8.81944492E-04
   4.08099985       8.80930398E-04
   4.08199978       8.79885047E-04
   4.08300018       8.78816936E-04
   4.08400011       8.77671409E-04
   4.08500004       8.76622740E-04
   4.08599997       8.75605387E-04
   4.08699989       8.74551479E-04
   4.08799982       8.73390876E-04
   4.08900023       8.72275443E-04
   4.09000015       8.71125143E-04
   4.09100008       8.69858137E-04
   4.09200001       8.68609641E-04
   4.09299994       8.67506373E-04
   4.09399986       8.66450719E-04
   4.09499979       8.65343609E-04
   4.09600019       8.64296861E-04
   4.09700012       8.63203721E-04
   4.09800005       8.61956156E-04
   4.09899998       8.60859815E-04
   4.09999990       8.59794847E-04
   4.10099983       8.58844665E-04
   4.10200024       8.57882958E-04
   4.10300016       8.56983766E-04
   4.10400009       8.56014900E-04
   4.10500002       8.55041551E-04
   4.10599995       8.53926118E-04
   4.10699987       8.52920231E-04
   4.10799980       8.52069992E-04
   4.10900021       8.51223478E-04
   4.11000013       8.50419456E-04
   4.11100006       8.49501870E-04
   4.11199999       8.48502386E-04
   4.11299992       8.47447198E-04
   4.11399984       8.46541370E-04
   4.11499977       8.45796021E-04
   4.11600018       8.45035887E-04
   4.11700010       8.44266557E-04
   4.11800003       8.43488902E-04
   4.11899996       8.42699141E-04
   4.11999989       8.41888948E-04
   4.12099981       8.41220084E-04
   4.12200022       8.40671652E-04
   4.12300014       8.40218621E-04
   4.12400007       8.39832064E-04
   4.12500000       8.39479442E-04
   4.12599993       8.39124434E-04
   4.12699986       8.38727225E-04
   4.12799978       8.38409760E-04
   4.12900019       8.38121632E-04
   4.13000011       8.37809348E-04
   4.13100004       8.37577682E-04
   4.13199997       8.37363477E-04
   4.13299990       8.37100961E-04
   4.13399982       8.36721621E-04
   4.13500023       8.36154621E-04
   4.13600016       8.35636281E-04
   4.13700008       8.35237384E-04
   4.13800001       8.34869221E-04
   4.13899994       8.34441162E-04
   4.13999987       8.34010774E-04
   4.14099979       8.33480211E-04
   4.14200020       8.32897786E-04
   4.14300013       8.32452090E-04
   4.14400005       8.32030317E-04
   4.14499998       8.31662677E-04
   4.14599991       8.31230602E-04
   4.14699984       8.30756442E-04
   4.14799976       8.30257253E-04
   4.14900017       8.29604920E-04
   4.15000010       8.29086639E-04
   4.15100002       8.28700606E-04
   4.15199995       8.28304095E-04
   4.15299988       8.27889249E-04
   4.15399981       8.27443728E-04
   4.15500021       8.26950942E-04
   4.15600014       8.26389878E-04
   4.15700006       8.25997733E-04
   4.15799999       8.25739233E-04
   4.15899992       8.25575436E-04
   4.15999985       8.25463794E-04
   4.16099977       8.25358264E-04
   4.16200018       8.25209485E-04
   4.16300011       8.24964838E-04
   4.16400003       8.24816409E-04
   4.16499996       8.24699528E-04
   4.16599989       8.24668736E-04
   4.16699982       8.24650982E-04
   4.16800022       8.24570656E-04
   4.16900015       8.24468734E-04
   4.17000008       8.24380259E-04
   4.17100000       8.24451330E-04
   4.17199993       8.24586081E-04
   4.17299986       8.24686897E-04
   4.17399979       8.24882998E-04
   4.17500019       8.25067866E-04
   4.17600012       8.25133349E-04
   4.17700005       8.25193245E-04
   4.17799997       8.25131370E-04
   4.17899990       8.25050229E-04
   4.17999983       8.25044059E-04
   4.18100023       8.24982999E-04
   4.18200016       8.24951043E-04
   4.18300009       8.24811636E-04
   4.18400002       8.24638875E-04
   4.18499994       8.24290270E-04
   4.18599987       8.24038463E-04
   4.18699980       8.23936367E-04
   4.18800020       8.23825831E-04
   4.18900013       8.23751616E-04
   4.19000006       8.23550916E-04
   4.19099998       8.23260751E-04
   4.19199991       8.22912145E-04
   4.19299984       8.22726463E-04
   4.19399977       8.22523609E-04
   4.19500017       8.22317379E-04
   4.19600010       8.22116155E-04
   4.19700003       8.21923139E-04
   4.19799995       8.21736467E-04
   4.19899988       8.21362191E-04
   4.19999981       8.21164576E-04
   4.20100021       8.20938789E-04
   4.20200014       8.20664165E-04
   4.20300007       8.20315850E-04
   4.20400000       8.19864625E-04
   4.20499992       8.19277368E-04
   4.20599985       8.18517117E-04
   4.20699978       8.17893888E-04
   4.20800018       8.17354710E-04
   4.20900011       8.16843414E-04
   4.21000004       8.16300453E-04
   4.21099997       8.15663137E-04
   4.21199989       8.15034378E-04
   4.21299982       8.14341474E-04
   4.21400023       8.13675055E-04
   4.21500015       8.13117542E-04
   4.21600008       8.12580634E-04
   4.21700001       8.11973878E-04
   4.21799994       8.11365026E-04
   4.21899986       8.10655358E-04
   4.21999979       8.09902442E-04
   4.22100019       8.09313322E-04
   4.22200012       8.08772689E-04
   4.22300005       8.08317855E-04
   4.22399998       8.07826989E-04
   4.22499990       8.07328732E-04
   4.22599983       8.06695258E-04
   4.22700024       8.05946998E-04
   4.22800016       8.05246644E-04
   4.22900009       8.04599724E-04
   4.23000002       8.04006471E-04
   4.23099995       8.03462055E-04
   4.23199987       8.02956580E-04
   4.23299980       8.02333117E-04
   4.23400021       8.01575894E-04
   4.23500013       8.00943875E-04
   4.23600006       8.00405280E-04
   4.23699999       7.99924310E-04
   4.23799992       7.99460919E-04
   4.23899984       7.98971276E-04
   4.23999977       7.98407884E-04
   4.24100018       7.97719462E-04
   4.24200010       7.97115441E-04
   4.24300003       7.96531327E-04
   4.24399996       7.96029461E-04
   4.24499989       7.95536151E-04
   4.24599981       7.94974680E-04
   4.24700022       7.94392545E-04
   4.24800014       7.93704821E-04
   4.24900007       7.93073443E-04
   4.25000000       7.92526291E-04
   4.25099993       7.91962375E-04
   4.25199986       7.91400438E-04
   4.25299978       7.90853403E-04
   4.25400019       7.90208753E-04
   4.25500011       7.89471262E-04
   4.25600004       7.88816891E-04
   4.25699997       7.88293837E-04
   4.25799990       7.87769794E-04
   4.25899982       7.87341094E-04
   4.26000023       7.86867808E-04
   4.26100016       7.86435441E-04
   4.26200008       7.85897078E-04
   4.26300001       7.85550103E-04
   4.26399994       7.85235956E-04
   4.26499987       7.85014476E-04
   4.26599979       7.84721342E-04
   4.26700020       7.84407486E-04
   4.26800013       7.84116855E-04
   4.26900005       7.83675059E-04
   4.26999998       7.83327909E-04
   4.27099991       7.83099735E-04
   4.27199984       7.83008756E-04
   4.27299976       7.82862247E-04
   4.27400017       7.82671617E-04
   4.27500010       7.82442687E-04
   4.27600002       7.82175630E-04
   4.27699995       7.82063638E-04
   4.27799988       7.82091520E-04
   4.27899981       7.82239251E-04
   4.28000021       7.82288611E-04
   4.28100014       7.82214804E-04
   4.28200006       7.81988725E-04
   4.28299999       7.81576848E-04
   4.28399992       7.81315612E-04
   4.28499985       7.81153969E-04
   4.28599977       7.81037088E-04
   4.28700018       7.80906470E-04
   4.28800011       7.80700182E-04
   4.28900003       7.80352857E-04
   4.28999996       7.79973983E-04
   4.29099989       7.79664260E-04
   4.29199982       7.79340218E-04
   4.29300022       7.79089634E-04
   4.29400015       7.78819609E-04
   4.29500008       7.78434798E-04
   4.29600000       7.78007030E-04
   4.29699993       7.77432288E-04
   4.29799986       7.76938105E-04
   4.29899979       7.76573608E-04
   4.30000019       7.76216853E-04
   4.30100012       7.75907189E-04
   4.30200005       7.75515684E-04
   4.30299997       7.75072316E-04
   4.30399990       7.74600427E-04
   4.30499983       7.74274638E-04
   4.30600023       7.73946173E-04
   4.30700016       7.73620326E-04
   4.30800009       7.73296866E-04
   4.30900002       7.72969855E-04
   4.30999994       7.72628176E-04
   4.31099987       7.72105821E-04
   4.31199980       7.71682186E-04
   4.31300020       7.71327410E-04
   4.31400013       7.71007093E-04
   4.31500006       7.70682469E-04
   4.31599998       7.70310464E-04
   4.31699991       7.69843871E-04
   4.31799984       7.69231468E-04
   4.31899977       7.68698461E-04
   4.32000017       7.68179132E-04
   4.32100010       7.67742225E-04
   4.32200003       7.67311954E-04
   4.32299995       7.66809506E-04
   4.32399988       7.66287325E-04
   4.32499981       7.65657402E-04
   4.32600021       7.65093369E-04
   4.32700014       7.64626428E-04
   4.32800007       7.64151162E-04
   4.32900000       7.63688935E-04
   4.32999992       7.63126998E-04
   4.33099985       7.62477401E-04
   4.33199978       7.61746254E-04
   4.33300018       7.61058473E-04
   4.33400011       7.60405674E-04
   4.33500004       7.59774062E-04
   4.33599997       7.59144721E-04
   4.33699989       7.58493552E-04
   4.33799982       7.57791742E-04
   4.33900023       7.57005706E-04
   4.34000015       7.56332476E-04
   4.34100008       7.55607209E-04
   4.34200001       7.54895969E-04
   4.34299994       7.54257024E-04
   4.34399986       7.53513596E-04
   4.34499979       7.52714521E-04
   4.34600019       7.52125052E-04
   4.34700012       7.51552405E-04
   4.34800005       7.51024287E-04
   4.34899998       7.50561827E-04
   4.34999990       7.50179635E-04
   4.35099983       7.49671715E-04
   4.35200024       7.49045808E-04
   4.35300016       7.48514605E-04
   4.35400009       7.48068909E-04
   4.35500002       7.47693994E-04
   4.35599995       7.47369893E-04
   4.35699987       7.47071521E-04
   4.35799980       7.46768783E-04
   4.35900021       7.46426929E-04
   4.36000013       7.46205391E-04
   4.36100006       7.46055273E-04
   4.36199999       7.45923549E-04
   4.36299992       7.45753234E-04
   4.36399984       7.45483208E-04
   4.36499977       7.45048921E-04
   4.36600018       7.44571094E-04
   4.36700010       7.44160730E-04
   4.36800003       7.43733370E-04
   4.36899996       7.43385928E-04
   4.36999989       7.43023527E-04
   4.37099981       7.42548495E-04
   4.37200022       7.42040342E-04
   4.37300014       7.41392025E-04
   4.37400007       7.40847609E-04
   4.37500000       7.40286778E-04
   4.37599993       7.39761046E-04
   4.37699986       7.39142066E-04
   4.37799978       7.38470815E-04
   4.37900019       7.37781054E-04
   4.38000011       7.36931572E-04
   4.38100004       7.36113172E-04
   4.38199997       7.35339301E-04
   4.38299990       7.34617061E-04
   4.38399982       7.33947207E-04
   4.38500023       7.33163790E-04
   4.38600016       7.32259999E-04
   4.38700008       7.31540204E-04
   4.38800001       7.30978616E-04
   4.38899994       7.30388565E-04
   4.38999987       7.29738094E-04
   4.39099979       7.28990417E-04
   4.39200020       7.28255836E-04
   4.39300013       7.27484527E-04
   4.39400005       7.26771716E-04
   4.39499998       7.26203434E-04
   4.39599991       7.25710008E-04
   4.39699984       7.25218211E-04
   4.39799976       7.24651210E-04
   4.39900017       7.24071870E-04
   4.40000010       7.23393110E-04
   4.40100002       7.22806202E-04
   4.40199995       7.22350436E-04
   4.40299988       7.21919525E-04
   4.40399981       7.21541815E-04
   4.40500021       7.21102697E-04
   4.40600014       7.20620272E-04
   4.40700006       7.19972246E-04
   4.40799999       7.19432253E-04
   4.40899992       7.18995696E-04
   4.40999985       7.18521827E-04
   4.41099977       7.17997842E-04
   4.41200018       7.17405288E-04
   4.41300011       7.16720242E-04
   4.41400003       7.15913658E-04
   4.41499996       7.15201197E-04
   4.41599989       7.14537571E-04
   4.41699982       7.13872781E-04
   4.41800022       7.13152636E-04
   4.41900015       7.12318579E-04
   4.42000008       7.11427652E-04
   4.42100000       7.10647611E-04
   4.42199993       7.10016757E-04
   4.42299986       7.09332642E-04
   4.42399979       7.08624837E-04
   4.42500019       7.07915926E-04
   4.42600012       7.07221392E-04
   4.42700005       7.06324819E-04
   4.42799997       7.05457933E-04
   4.42899990       7.04617065E-04
   4.42999983       7.03792379E-04
   4.43100023       7.02968275E-04
   4.43200016       7.02123449E-04
   4.43300009       7.01231300E-04
   4.43400002       7.00259814E-04
   4.43499994       6.99382625E-04
   4.43599987       6.98552525E-04
   4.43699980       6.97717536E-04
   4.43800020       6.96821429E-04
   4.43900013       6.95803668E-04
   4.44000006       6.94801274E-04
   4.44099998       6.93940499E-04
   4.44199991       6.93138805E-04
   4.44299984       6.92310045E-04
   4.44399977       6.91559864E-04
   4.44500017       6.90790766E-04
   4.44600010       6.89902285E-04
   4.44700003       6.88981148E-04
   4.44799995       6.88105007E-04
   4.44899988       6.87342486E-04
   4.44999981       6.86568615E-04
   4.45100021       6.85839856E-04
   4.45200014       6.85022445E-04
   4.45300007       6.84161438E-04
   4.45400000       6.83115155E-04
   4.45499992       6.82095240E-04
   4.45599985       6.81124104E-04
   4.45699978       6.80216996E-04
   4.45800018       6.79382414E-04
   4.45900011       6.78450800E-04
   4.46000004       6.77421980E-04
   4.46099997       6.76289492E-04
   4.46199989       6.75207993E-04
   4.46299982       6.74154726E-04
   4.46400023       6.73101516E-04
   4.46500015       6.72014779E-04
   4.46600008       6.70855748E-04
   4.46700001       6.69580710E-04
   4.46799994       6.68458117E-04
   4.46899986       6.67426677E-04
   4.46999979       6.66420674E-04
   4.47100019       6.65370142E-04
   4.47200012       6.64354535E-04
   4.47300005       6.63292187E-04
   4.47399998       6.62097882E-04
   4.47499990       6.60981517E-04
   4.47599983       6.59991463E-04
   4.47700024       6.59021258E-04
   4.47800016       6.58107048E-04
   4.47900009       6.57133118E-04
   4.48000002       6.56124321E-04
   4.48099995       6.54956501E-04
   4.48199987       6.53924886E-04
   4.48299980       6.52890245E-04
   4.48400021       6.51849725E-04
   4.48500013       6.50794129E-04
   4.48600006       6.49708265E-04
   4.48699999       6.48570829E-04
   4.48799992       6.47488283E-04
   4.48899984       6.46424713E-04
   4.48999977       6.45338907E-04
   4.49100018       6.44314627E-04
   4.49200010       6.43297331E-04
   4.49300003       6.42227998E-04
   4.49399996       6.41042890E-04
   4.49499989       6.39925303E-04
   4.49599981       6.38921163E-04
   4.49700022       6.37944904E-04
   4.49800014       6.36907353E-04
   4.49900007       6.35837147E-04
   4.50000000       6.34635217E-04
   4.50099993       6.33556861E-04
   4.50199986       6.32487703E-04
   4.50299978       6.31427800E-04
   4.50400019       6.30370632E-04
   4.50500011       6.29303395E-04
   4.50600004       6.28207054E-04
   4.50699997       6.27056812E-04
   4.50799990       6.26046269E-04
   4.50899982       6.25133573E-04
   4.51000023       6.24271575E-04
   4.51100016       6.23408181E-04
   4.51200008       6.22486346E-04
   4.51300001       6.21444662E-04
   4.51399994       6.20216946E-04
   4.51499987       6.19154947E-04
   4.51599979       6.18173275E-04
   4.51700020       6.17182755E-04
   4.51800013       6.16090721E-04
   4.51900005       6.15004799E-04
   4.51999998       6.13820273E-04
   4.52099991       6.12829870E-04
   4.52199984       6.11912517E-04
   4.52299976       6.10944699E-04
   4.52400017       6.09995448E-04
   4.52500010       6.08931412E-04
   4.52600002       6.07808877E-04
   4.52699995       6.06675458E-04
   4.52799988       6.05570560E-04
   4.52899981       6.04525383E-04
   4.53000021       6.03563443E-04
   4.53100014       6.02517161E-04
   4.53200006       6.01399981E-04
   4.53299999       6.00218016E-04
   4.53399992       5.99149324E-04
   4.53499985       5.98181912E-04
   4.53599977       5.97297272E-04
   4.53700018       5.96470898E-04
   4.53800011       5.95672289E-04
   4.53900003       5.94865181E-04
   4.53999996       5.94007783E-04
   4.54099989       5.93221223E-04
   4.54199982       5.92448807E-04
   4.54300022       5.91629185E-04
   4.54400015       5.90859912E-04
   4.54500008       5.90066251E-04
   4.54600000       5.89169154E-04
   4.54699993       5.88085561E-04
   4.54799986       5.87044575E-04
   4.54899979       5.86103939E-04
   4.55000019       5.85157308E-04
   4.55100012       5.84249035E-04
   4.55200005       5.83262474E-04
   4.55299997       5.82229521E-04
   4.55399990       5.81323984E-04
   4.55499983       5.80558204E-04
   4.55600023       5.79789863E-04
   4.55700016       5.79020649E-04
   4.55800009       5.78245439E-04
   4.55900002       5.77452243E-04
   4.55999994       5.76480525E-04
   4.56099987       5.75591344E-04
   4.56199980       5.74750302E-04
   4.56300020       5.73917350E-04
   4.56400013       5.73046796E-04
   4.56500006       5.72087709E-04
   4.56599998       5.70984092E-04
   4.56699991       5.69942291E-04
   4.56799984       5.69022028E-04
   4.56899977       5.68142685E-04
   4.57000017       5.67219453E-04
   4.57100010       5.66292612E-04
   4.57200003       5.65266062E-04
   4.57299995       5.64167043E-04
   4.57399988       5.63140435E-04
   4.57499981       5.62194677E-04
   4.57600021       5.61330817E-04
   4.57700014       5.60420332E-04
   4.57800007       5.59453794E-04
   4.57900000       5.58414904E-04
   4.57999992       5.57519321E-04
   4.58099985       5.56613726E-04
   4.58199978       5.55660401E-04
   4.58300018       5.54615748E-04
   4.58400011       5.53430815E-04
   4.58500004       5.52279234E-04
   4.58599997       5.51095640E-04
   4.58699989       5.50033990E-04
   4.58799982       5.49013552E-04
   4.58900023       5.47949516E-04
   4.59000015       5.46970987E-04
   4.59100008       5.45979303E-04
   4.59200001       5.44872193E-04
   4.59299994       5.43968577E-04
   4.59399986       5.43148199E-04
   4.59499979       5.42287715E-04
   4.59600019       5.41467976E-04
   4.59700012       5.40554815E-04
   4.59800005       5.39614819E-04
   4.59899998       5.38503809E-04
   4.59999990       5.37474698E-04
   4.60099983       5.36566542E-04
   4.60200024       5.35613974E-04
   4.60300016       5.34644467E-04
   4.60400009       5.33677347E-04
   4.60500002       5.32533333E-04
   4.60599995       5.31410624E-04
   4.60699987       5.30305784E-04
   4.60799980       5.29208395E-04
   4.60900021       5.28101169E-04
   4.61000013       5.26960299E-04
   4.61100006       5.25755459E-04
   4.61199999       5.24450385E-04
   4.61299992       5.23180643E-04
   4.61399984       5.21893613E-04
   4.61499977       5.20705828E-04
   4.61600018       5.19549591E-04
   4.61700010       5.18352201E-04
   4.61800003       5.17036417E-04
   4.61899996       5.15857188E-04
   4.61999989       5.14719635E-04
   4.62099981       5.13690058E-04
   4.62200022       5.12661354E-04
   4.62300014       5.11522871E-04
   4.62400007       5.10321639E-04
   4.62500000       5.08936180E-04
   4.62599993       5.07716730E-04
   4.62699986       5.06523415E-04
   4.62799978       5.05369389E-04
   4.62900019       5.04260010E-04
   4.63000011       5.03040443E-04
   4.63100004       5.01705450E-04
   4.63199997       5.00542345E-04
   4.63299990       4.99375339E-04
   4.63399982       4.98174632E-04
   4.63500023       4.96904249E-04
   4.63600016       4.95666754E-04
   4.63700008       4.94410342E-04
   4.63800001       4.93219821E-04
   4.63899994       4.92169580E-04
   4.63999987       4.91184415E-04
   4.64099979       4.90184291E-04
   4.64200020       4.89221769E-04
   4.64300013       4.88204299E-04
   4.64400005       4.87035169E-04
   4.64499998       4.86013974E-04
   4.64599991       4.85025666E-04
   4.64699984       4.84082848E-04
   4.64799976       4.83190175E-04
   4.64900017       4.82216012E-04
   4.65000010       4.81153518E-04
   4.65100002       4.80241521E-04
   4.65199995       4.79452341E-04
   4.65299988       4.78751695E-04
   4.65399981       4.78099071E-04
   4.65500021       4.77447902E-04
   4.65600014       4.76745714E-04
   4.65700006       4.75934561E-04
   4.65799999       4.75128967E-04
   4.65899992       4.74373257E-04
   4.65999985       4.73644235E-04
   4.66099977       4.72854357E-04
   4.66200018       4.71911655E-04
   4.66300011       4.70946863E-04
   4.66400003       4.70078579E-04
   4.66499996       4.69190738E-04
   4.66599989       4.68384707E-04
   4.66699982       4.67531907E-04
   4.66800022       4.66717524E-04
   4.66900015       4.65801364E-04
   4.67000008       4.65066521E-04
   4.67100000       4.64356388E-04
   4.67199993       4.63721342E-04
   4.67299986       4.62995202E-04
   4.67399979       4.62215510E-04
   4.67500019       4.61410847E-04
   4.67600012       4.60601266E-04
   4.67700005       4.59798437E-04
   4.67799997       4.59006027E-04
   4.67899990       4.58219933E-04
   4.67999983       4.57428570E-04
   4.68100023       4.56613139E-04
   4.68200016       4.55747853E-04
   4.68300009       4.54989553E-04
   4.68400002       4.54294175E-04
   4.68499994       4.53611516E-04
   4.68599987       4.52885492E-04
   4.68699980       4.52054432E-04
   4.68800020       4.51232045E-04
   4.68900013       4.50341060E-04
   4.69000006       4.49476938E-04
   4.69099998       4.48724080E-04
   4.69199991       4.47981613E-04
   4.69299984       4.47144499E-04
   4.69399977       4.46275197E-04
   4.69500017       4.45256330E-04
   4.69600010       4.44303645E-04
   4.69700003       4.43450612E-04
   4.69799995       4.42556513E-04
   4.69899988       4.41641721E-04
   4.69999981       4.40717995E-04
   4.70100021       4.39628260E-04
   4.70200014       4.38691204E-04
   4.70300007       4.37890587E-04
   4.70400000       4.37202892E-04
   4.70499992       4.36442555E-04
   4.70599985       4.35576541E-04
   4.70699978       4.34565241E-04
   4.70800018       4.33513487E-04
   4.70900011       4.32514615E-04
   4.71000004       4.31502616E-04
   4.71099997       4.30552813E-04
   4.71199989       4.29584528E-04
   4.71299982       4.28512169E-04
   4.71400023       4.27388150E-04
   4.71500015       4.26396698E-04
   4.71600008       4.25427046E-04
   4.71700001       4.24503523E-04
   4.71799994       4.23503981E-04
   4.71899986       4.22439189E-04
   4.71999979       4.21311735E-04
   4.72100019       4.20250115E-04
   4.72200012       4.19237593E-04
   4.72300005       4.18250071E-04
   4.72399998       4.17256466E-04
   4.72499990       4.16218798E-04
   4.72599983       4.15092596E-04
   4.72700024       4.13827103E-04
   4.72800016       4.12616646E-04
   4.72900009       4.11516259E-04
   4.73000002       4.10447537E-04
   4.73099995       4.09326982E-04
   4.73199987       4.08187247E-04
   4.73299980       4.06931795E-04
   4.73400021       4.05816361E-04
   4.73500013       4.04725986E-04
   4.73600006       4.03775310E-04
   4.73699999       4.02835401E-04
   4.73799992       4.01774043E-04
   4.73899984       4.00682882E-04
   4.73999977       3.99642217E-04
   4.74100018       3.98721430E-04
   4.74200010       3.97758413E-04
   4.74300003       3.96807736E-04
   4.74399996       3.95913958E-04
   4.74499989       3.94897012E-04
   4.74599981       3.94001283E-04
   4.74700022       3.93243128E-04
   4.74800014       3.92421120E-04
   4.74900007       3.91540263E-04
   4.75000000       3.90597270E-04
   4.75099993       3.89580877E-04
   4.75199986       3.88472225E-04
   4.75299978       3.87444685E-04
   4.75400019       3.86459375E-04
   4.75500011       3.85470688E-04
   4.75600004       3.84426559E-04
   4.75699997       3.83268663E-04
   4.75799990       3.81932710E-04
   4.75899982       3.80726473E-04
   4.76000023       3.79564037E-04
   4.76100016       3.78354423E-04
   4.76200008       3.77185526E-04
   4.76300001       3.75951786E-04
   4.76399994       3.74723750E-04
   4.76499987       3.73561139E-04
   4.76599979       3.72513343E-04
   4.76700020       3.71444214E-04
   4.76800013       3.70388181E-04
   4.76900005       3.69370217E-04
   4.76999998       3.68235458E-04
   4.77099991       3.67164699E-04
   4.77199984       3.66156281E-04
   4.77299976       3.65200423E-04
   4.77400017       3.64279374E-04
   4.77500010       3.63367784E-04
   4.77600002       3.62432882E-04
   4.77699995       3.61434912E-04
   4.77799988       3.60485719E-04
   4.77899981       3.59527767E-04
   4.78000021       3.58652935E-04
   4.78100014       3.57787212E-04
   4.78200006       3.56851029E-04
   4.78299999       3.55759403E-04
   4.78399992       3.54721997E-04
   4.78499985       3.53784009E-04
   4.78599977       3.52833362E-04
   4.78700018       3.51899624E-04
   4.78800011       3.50858463E-04
   4.78900003       3.49724811E-04
   4.78999996       3.48646543E-04
   4.79099989       3.47617344E-04
   4.79199982       3.46622634E-04
   4.79300022       3.45640030E-04
   4.79400015       3.44639557E-04
   4.79500008       3.43583873E-04
   4.79600000       3.42696905E-04
   4.79699993       3.41920095E-04
   4.79799986       3.41188657E-04
   4.79899979       3.40431667E-04
   4.80000019       3.39572376E-04
   4.80100012       3.38656479E-04
   4.80200005       3.37592734E-04
   4.80299997       3.36661731E-04
   4.80399990       3.35751887E-04
   4.80499983       3.34870536E-04
   4.80600023       3.34016280E-04
   4.80700016       3.33058240E-04
   4.80800009       3.31981777E-04
   4.80900002       3.31001938E-04
   4.80999994       3.29905452E-04
   4.81099987       3.28828144E-04
   4.81199980       3.27834627E-04
   4.81300020       3.26749723E-04
   4.81400013       3.25622881E-04
   4.81500006       3.24493245E-04
   4.81599998       3.23390006E-04
   4.81699991       3.22332693E-04
   4.81799984       3.21331492E-04
   4.81899977       3.20387742E-04
   4.82000017       3.19279614E-04
   4.82100010       3.18209815E-04
   4.82200003       3.17154481E-04
   4.82299995       3.16082092E-04
   4.82399988       3.14953737E-04
   4.82499981       3.13723227E-04
   4.82600021       3.12337652E-04
   4.82700014       3.11138952E-04
   4.82800007       3.10049974E-04
   4.82900000       3.08987772E-04
   4.82999992       3.07863724E-04
   4.83099985       3.06777336E-04
   4.83199978       3.05624068E-04
   4.83300018       3.04294692E-04
   4.83400011       3.03051405E-04
   4.83500004       3.01951804E-04
   4.83599997       3.00858053E-04
   4.83699989       2.99811509E-04
   4.83799982       2.98662198E-04
   4.83900023       2.97436432E-04
   4.84000015       2.96328537E-04
   4.84100008       2.95340869E-04
   4.84200001       2.94292520E-04
   4.84299994       2.93173303E-04
   4.84399986       2.91964709E-04
   4.84499979       2.90640222E-04
   4.84600019       2.89501535E-04
   4.84700012       2.88497511E-04
   4.84800005       2.87570147E-04
   4.84899998       2.86654657E-04
   4.84999990       2.85679969E-04
   4.85099983       2.84568814E-04
   4.85200024       2.83555535E-04
   4.85300016       2.82542431E-04
   4.85400009       2.81582412E-04
   4.85500002       2.80563283E-04
   4.85599995       2.79521017E-04
   4.85699987       2.78330059E-04
   4.85799980       2.77310697E-04
   4.85900021       2.76316656E-04
   4.86000013       2.75345432E-04
   4.86100006       2.74385704E-04
   4.86199999       2.73417740E-04
   4.86299992       2.72413599E-04
   4.86399984       2.71479308E-04
   4.86499977       2.70567572E-04
   4.86600018       2.69623997E-04
   4.86700010       2.68725067E-04
   4.86800003       2.67799012E-04
   4.86899996       2.66767776E-04
   4.86999989       2.65815266E-04
   4.87099981       2.64976843E-04
   4.87200022       2.64146161E-04
   4.87300014       2.63342081E-04
   4.87400007       2.62444781E-04
   4.87500000       2.61457695E-04
   4.87599993       2.60375324E-04
   4.87699986       2.59434019E-04
   4.87799978       2.58479820E-04
   4.87900019       2.57478532E-04
   4.88000011       2.56388215E-04
   4.88100004       2.55280262E-04
   4.88199997       2.54094804E-04
   4.88299990       2.53002072E-04
   4.88399982       2.52039608E-04
   4.88500023       2.51002028E-04
   4.88600016       2.49912759E-04
   4.88700008       2.48785422E-04
   4.88800001       2.47624033E-04
   4.88899994       2.46647105E-04
   4.88999987       2.45834264E-04
   4.89099979       2.44937226E-04
   4.89200020       2.43925286E-04
   4.89300013       2.42759939E-04
   4.89400005       2.41395028E-04
   4.89499998       2.40199821E-04
   4.89599991       2.39101908E-04
   4.89699984       2.38022418E-04
   4.89799976       2.36876280E-04
   4.89900017       2.35572472E-04
   4.90000010       2.34215855E-04
   4.90100002       2.32898223E-04
   4.90199995       2.31698796E-04
   4.90299988       2.30488717E-04
   4.90399981       2.29328769E-04
   4.90500021       2.28076125E-04
   4.90600014       2.26774457E-04
   4.90700006       2.25645155E-04
   4.90799999       2.24518575E-04
   4.90899992       2.23407158E-04
   4.90999985       2.22313640E-04
   4.91099977       2.21231443E-04
   4.91200018       2.20144953E-04
   4.91300011       2.19207956E-04
   4.91400003       2.18382804E-04
   4.91499996       2.17623921E-04
   4.91599989       2.16878165E-04
   4.91699982       2.16085056E-04
   4.91800022       2.15177177E-04
   4.91900015       2.14416592E-04
   4.92000008       2.13713181E-04
   4.92100000       2.12970815E-04
   4.92199993       2.12251078E-04
   4.92299986       2.11442093E-04
   4.92399979       2.10587154E-04
   4.92500019       2.09877384E-04
   4.92600012       2.09172838E-04
   4.92700005       2.08485202E-04
   4.92799997       2.07816367E-04
   4.92899990       2.07158781E-04
   4.92999983       2.06344441E-04
   4.93100023       2.05652032E-04
   4.93200016       2.05043398E-04
   4.93300009       2.04472395E-04
   4.93400002       2.03885153E-04
   4.93499994       2.03220450E-04
   4.93599987       2.02409981E-04
   4.93699980       2.01661693E-04
   4.93800020       2.01026050E-04
   4.93900013       2.00403330E-04
   4.94000006       1.99825576E-04
   4.94099998       1.99178001E-04
   4.94199991       1.98475551E-04
   4.94299984       1.97856774E-04
   4.94399977       1.97313144E-04
   4.94500017       1.96826950E-04
   4.94600010       1.96371620E-04
   4.94700003       1.95912042E-04
   4.94799995       1.95404951E-04
   4.94899988       1.95051398E-04
   4.94999981       1.94785433E-04
   4.95100021       1.94534077E-04
   4.95200014       1.94217500E-04
   4.95300007       1.93870743E-04
   4.95400000       1.93397776E-04
   4.95499992       1.93053798E-04
   4.95599985       1.92838939E-04
   4.95699978       1.92743668E-04
   4.95800018       1.92517953E-04
   4.95900011       1.92140680E-04
   4.96000004       1.91582032E-04
   4.96099997       1.91028477E-04
   4.96199989       1.90649793E-04
   4.96299982       1.90379258E-04
   4.96400023       1.90142979E-04
   4.96500015       1.89860191E-04
   4.96600008       1.89443599E-04
   4.96700001       1.89223618E-04
   4.96799994       1.89088460E-04
   4.96899986       1.88920807E-04
   4.96999979       1.88804130E-04
   4.97100019       1.88605030E-04
   4.97200012       1.88387508E-04
   4.97300005       1.88203456E-04
   4.97399998       1.88093109E-04
   4.97499990       1.88085367E-04
   4.97599983       1.88003920E-04
   4.97700024       1.87861922E-04
   4.97800016       1.87662328E-04
   4.97900009       1.87587080E-04
   4.98000002       1.87614365E-04
   4.98099995       1.87713420E-04
   4.98199987       1.87844809E-04
   4.98299980       1.87960788E-04
   4.98400021       1.88005695E-04
   4.98500013       1.88094287E-04
   4.98600006       1.88150778E-04
   4.98699999       1.88267164E-04
   4.98799992       1.88349048E-04
   4.98899984       1.88295817E-04
   4.98999977       1.88170641E-04
   4.99100018       1.88192542E-04
   4.99200010       1.88229387E-04
   4.99300003       1.88309044E-04
   4.99399996       1.88285179E-04
   4.99499989       1.88168910E-04
   4.99599981       1.87961050E-04
   4.99700022       1.87811136E-04
   4.99800014       1.87696045E-04
   4.99900007       1.87583588E-04
   5.00000000       1.87432932E-04
   5.00099993       1.87194863E-04
   5.00199986       1.86812191E-04
   5.00299978       1.86519173E-04
   5.00400019       1.86234887E-04
   5.00500011       1.86018253E-04
   5.00600004       1.85770652E-04
   5.00699997       1.85531142E-04
   5.00799990       1.85184879E-04
   5.00899982       1.84893608E-04
   5.01000023       1.84663164E-04
   5.01100016       1.84489109E-04
   5.01200008       1.84357195E-04
   5.01300001       1.84107936E-04
   5.01399994       1.83712385E-04
   5.01499987       1.83398850E-04
   5.01599979       1.83113327E-04
   5.01700020       1.82793767E-04
   5.01800013       1.82499702E-04
   5.01900005       1.82150354E-04
   5.01999998       1.81658004E-04
   5.02099991       1.81304713E-04
   5.02199984       1.80978837E-04
   5.02299976       1.80685907E-04
   5.02400017       1.80421150E-04
   5.02500010       1.80049145E-04
   5.02600002       1.79549141E-04
   5.02699995       1.79127805E-04
   5.02799988       1.78680697E-04
   5.02899981       1.78213348E-04
   5.03000021       1.77663445E-04
   5.03100014       1.76960995E-04
   5.03200006       1.76253947E-04
   5.03299999       1.75674446E-04
   5.03399992       1.75118272E-04
   5.03499985       1.74475019E-04
   5.03599977       1.73845096E-04
   5.03700018       1.73100212E-04
   5.03800011       1.72319400E-04
   5.03900003       1.71568463E-04
   5.03999996       1.70900399E-04
   5.04099989       1.70149549E-04
   5.04199982       1.69350766E-04
   5.04300022       1.68527346E-04
   5.04400015       1.67691425E-04
   5.04500008       1.67042832E-04
   5.04600000       1.66370373E-04
   5.04699993       1.65655263E-04
   5.04799986       1.64869198E-04
   5.04899979       1.63974662E-04
   5.05000019       1.62925367E-04
   5.05100012       1.62040698E-04
   5.05200005       1.61246833E-04
   5.05299997       1.60462441E-04
   5.05399990       1.59598960E-04
   5.05499983       1.58740790E-04
   5.05600023       1.57780625E-04
   5.05700016       1.56957700E-04
   5.05800009       1.56142298E-04
   5.05900002       1.55372240E-04
   5.05999994       1.54502311E-04
   5.06099987       1.53552013E-04
   5.06199980       1.52697656E-04
   5.06300020       1.51932036E-04
   5.06400013       1.51237764E-04
   5.06500006       1.50587613E-04
   5.06599998       1.49945001E-04
   5.06699991       1.49264262E-04
   5.06799984       1.48649313E-04
   5.06899977       1.48032879E-04
   5.07000017       1.47494909E-04
   5.07100010       1.46948194E-04
   5.07200003       1.46298364E-04
   5.07299995       1.45594895E-04
   5.07399988       1.45023980E-04
   5.07499981       1.44458696E-04
   5.07600021       1.43912766E-04
   5.07700014       1.43388766E-04
   5.07800007       1.42735342E-04
   5.07900000       1.41938435E-04
   5.07999992       1.41255136E-04
   5.08099985       1.40643664E-04
   5.08199978       1.40053220E-04
   5.08300018       1.39424374E-04
   5.08400011       1.38689473E-04
   5.08500004       1.37906682E-04
   5.08599997       1.37253781E-04
   5.08699989       1.36628703E-04
   5.08799982       1.36052549E-04
   5.08900023       1.35406386E-04
   5.09000015       1.34692571E-04
   5.09100008       1.33902795E-04
   5.09200001       1.33143258E-04
   5.09299994       1.32381771E-04
   5.09399986       1.31576759E-04
   5.09499979       1.30798726E-04
   5.09600019       1.29984794E-04
   5.09700012       1.29063876E-04
   5.09800005       1.28309752E-04
   5.09899998       1.27625462E-04
   5.09999990       1.26907064E-04
   5.10099983       1.26043989E-04
   5.10200024       1.25145307E-04
   5.10300016       1.24081329E-04
   5.10400009       1.23159916E-04
   5.10500002       1.22227328E-04
   5.10599995       1.21342295E-04
   5.10699987       1.20335346E-04
   5.10799980       1.19245880E-04
   5.10900021       1.18311793E-04
   5.11000013       1.17542113E-04
   5.11100006       1.16727926E-04
   5.11199999       1.15862291E-04
   5.11299992       1.14927767E-04
   5.11399984       1.13896778E-04
   5.11499977       1.12930633E-04
   5.11600018       1.11976842E-04
   5.11700010       1.10974084E-04
   5.11800003       1.10045345E-04
   5.11899996       1.09107066E-04
   5.11999989       1.08068052E-04
   5.12099981       1.07203981E-04
   5.12200022       1.06398336E-04
   5.12300014       1.05528190E-04
   5.12400007       1.04646126E-04
   5.12500000       1.03791725E-04
   5.12599993       1.02814112E-04
   5.12699986       1.01909842E-04
   5.12799978       1.01082318E-04
   5.12900019       1.00323821E-04
   5.13000011       9.96159215E-05
   5.13100004       9.87606109E-05
   5.13199997       9.77243326E-05
   5.13299990       9.67958695E-05
   5.13399982       9.59130048E-05
   5.13500023       9.50049580E-05
   5.13600016       9.39926904E-05
   5.13700008       9.29487433E-05
   5.13800001       9.20896418E-05
   5.13899994       9.12997129E-05
   5.13999987       9.06114292E-05
   5.14099979       8.98917060E-05
   5.14200020       8.91532836E-05
   5.14300013       8.83973116E-05
   5.14400005       8.77624698E-05
   5.14499998       8.72236633E-05
   5.14599991       8.67456256E-05
   5.14699984       8.62832967E-05
   5.14799976       8.57822888E-05
   5.14900017       8.51792283E-05
   5.15000010       8.46820694E-05
   5.15100002       8.42022491E-05
   5.15199995       8.37807165E-05
   5.15299988       8.33097802E-05
   5.15399981       8.28093034E-05
   5.15500021       8.21540816E-05
   5.15600014       8.16080938E-05
   5.15700006       8.11527279E-05
   5.15799999       8.07588294E-05
   5.15899992       8.03871517E-05
   5.15999985       7.99887493E-05
   5.16099977       7.95053857E-05
   5.16200018       7.91180573E-05
   5.16300011       7.87436729E-05
   5.16400003       7.84127333E-05
   5.16499996       7.80228656E-05
   5.16599989       7.76432571E-05
   5.16699982       7.73290521E-05
   5.16800022       7.71803170E-05
   5.16900015       7.70504703E-05
   5.17000008       7.67874080E-05
   5.17100000       7.64604411E-05
   5.17199993       7.61248375E-05
   5.17299986       7.58223468E-05
   5.17399979       7.55817091E-05
   5.17500019       7.54191278E-05
   5.17600012       7.51232583E-05
   5.17700005       7.46931400E-05
   5.17799997       7.41165713E-05
   5.17899990       7.35795838E-05
   5.17999983       7.30424726E-05
   5.18100023       7.24556739E-05
   5.18200016       7.17602234E-05
   5.18300009       7.10888999E-05
   5.18400002       7.03590267E-05
   5.18499994       6.96765564E-05
   5.18599987       6.89369699E-05
   5.18699980       6.82213067E-05
   5.18800020       6.74050098E-05
   5.18900013       6.65460175E-05
   5.19000006       6.58756107E-05
   5.19099998       6.52338713E-05
   5.19199991       6.46390545E-05
   5.19299984       6.40971411E-05
   5.19399977       6.34226599E-05
   5.19500017       6.26038964E-05
   5.19600010       6.19702842E-05
   5.19700003       6.14779347E-05
   5.19799995       6.10730640E-05
   5.19899988       6.06923968E-05
   5.19999981       6.02635919E-05
   5.20100021       5.97056205E-05
   5.20200014       5.92605102E-05
   5.20300007       5.88209914E-05
   5.20400000       5.84347945E-05
   5.20499992       5.79753942E-05
   5.20599985       5.74687911E-05
   5.20699978       5.67708739E-05
   5.20800018       5.61993984E-05
   5.20900011       5.57391177E-05
   5.21000004       5.52109086E-05
   5.21099997       5.45823532E-05
   5.21199989       5.38107088E-05
   5.21299982       5.31396727E-05
   5.21400023       5.24981369E-05
   5.21500015       5.19512869E-05
   5.21600008       5.14062122E-05
   5.21700001       5.07619879E-05
   5.21799994       5.00508540E-05
   5.21899986       4.94314772E-05
   5.21999979       4.89063896E-05
   5.22100019       4.83296135E-05
   5.22200012       4.76844689E-05
   5.22300005       4.69432052E-05
   5.22399998       4.60674491E-05
   5.22499990       4.52709282E-05
   5.22599983       4.44873622E-05
   5.22700024       4.37697890E-05
   5.22800016       4.30300825E-05
   5.22900009       4.21718105E-05
   5.23000002       4.14645001E-05
   5.23099995       4.07848856E-05
   5.23199987       4.01248690E-05
   5.23299980       3.94647868E-05
   5.23400021       3.87738837E-05
   5.23500013       3.80699930E-05
   5.23600006       3.74755582E-05
   5.23699999       3.70381495E-05
   5.23799992       3.65617016E-05
   5.23899984       3.60734775E-05
   5.23999977       3.55877310E-05
   5.24100018       3.48834183E-05
   5.24200010       3.41775631E-05
   5.24300003       3.34482647E-05
   5.24399996       3.26625523E-05
   5.24499989       3.17768427E-05
   5.24599981       3.07373666E-05
   5.24700022       2.94806250E-05
   5.24800014       2.83485606E-05
   5.24900007       2.72467732E-05
   5.25000000       2.60726138E-05
   5.25099993       2.49166787E-05
   5.25199986       2.36548203E-05
   5.25299978       2.25499589E-05
   5.25400019       2.14522606E-05
   5.25500011       2.03988711E-05
   5.25600004       1.94133499E-05
   5.25699997       1.83170559E-05
   5.25799990       1.71137017E-05
   5.25899982       1.59800929E-05
   5.26000023       1.48903891E-05
   5.26100016       1.38076412E-05
   5.26200008       1.26842542E-05
   5.26300001       1.14624354E-05
   5.26399994       1.00746329E-05
   5.26499987       8.79239360E-06
   5.26599979       7.51923699E-06
   5.26700020       6.32106185E-06
   5.26800013       5.07995492E-06
   5.26900005       3.83778934E-06
   5.26999998       2.78804168E-06
   5.27099991       1.77646882E-06
   5.27199984       8.04919523E-07
   5.27299976       1.37085763E-07
   5.27400017       1.07186111E-06
   5.27500010       2.03307309E-06
   5.27600002       2.90968364E-06
   5.27699995       3.76144567E-06
   5.27799988       4.65799349E-06
   5.27899981       5.52755228E-06
   5.28000021       6.46286435E-06
   5.28100014       7.56519057E-06
   5.28200006       8.65137918E-06
   5.28299999       9.70276960E-06
   5.28399992       1.07138039E-05
   5.28499985       1.18333292E-05
   5.28599977       1.30760982E-05
   5.28700018       1.41907149E-05
   5.28800011       1.52233706E-05
   5.28900003       1.62308188E-05
   5.28999996       1.72799209E-05
   5.29099989       1.84472010E-05
   5.29199982       1.96864858E-05
   5.29300022       2.08352631E-05
   5.29400015       2.18793048E-05
   5.29500008       2.29453635E-05
   5.29600000       2.40409026E-05
   5.29699993       2.51855072E-05
   5.29799986       2.61623973E-05
   5.29899979       2.70216005E-05
   5.30000019       2.78236730E-05
   5.30100012       2.86392387E-05
   5.30200005       2.96080434E-05
   5.30299997       3.06410657E-05
   5.30399990       3.14905628E-05
   5.30499983       3.23928361E-05
   5.30600023       3.33588068E-05
   5.30700016       3.44114451E-05
   5.30800009       3.55853008E-05
   5.30900002       3.69259942E-05
   5.30999994       3.82707185E-05
   5.31099987       3.94758645E-05
   5.31199980       4.06308609E-05
   5.31300020       4.18341479E-05
   5.31400013       4.31927438E-05
   5.31500006       4.44058824E-05
   5.31599998       4.56093985E-05
   5.31699991       4.67425416E-05
   5.31799984       4.79613300E-05
   5.31899977       4.92285071E-05
   5.32000017       5.05209828E-05
   5.32100010       5.16338223E-05
   5.32200003       5.27700468E-05
   5.32299995       5.39456778E-05
   5.32399988       5.51887751E-05
   5.32499981       5.65389164E-05
   5.32600021       5.76756611E-05
   5.32700014       5.86717142E-05
   5.32800007       5.96096397E-05
   5.32900000       6.05814348E-05
   5.32999992       6.16880789E-05
   5.33099985       6.28630005E-05
   5.33199978       6.38807614E-05
   5.33300018       6.48830173E-05
   5.33400011       6.58477147E-05
   5.33500004       6.67665590E-05
   5.33599997       6.78116266E-05
   5.33699989       6.89952503E-05
   5.33799982       7.00145174E-05
   5.33900023       7.09159140E-05
   5.34000015       7.17569856E-05
   5.34100008       7.26058133E-05
   5.34200001       7.35405702E-05
   5.34299994       7.43382116E-05
   5.34399986       7.51054104E-05
   5.34499979       7.58051829E-05
   5.34600019       7.65656805E-05
   5.34700012       7.73735810E-05
   5.34800005       7.82290444E-05
   5.34899998       7.89991172E-05
   5.34999990       7.97137764E-05
   5.35099983       8.04147639E-05
   5.35200024       8.11551072E-05
   5.35300016       8.19986089E-05
   5.35400009       8.27422482E-05
   5.35500002       8.34786260E-05
   5.35599995       8.41738802E-05
   5.35699987       8.49428616E-05
   5.35799980       8.57758059E-05
   5.35900021       8.66763367E-05
   5.36000013       8.75308033E-05
   5.36100006       8.83720859E-05
   5.36199999       8.92447715E-05
   5.36299992       9.02047032E-05
   5.36399984       9.11936295E-05
   5.36499977       9.22922991E-05
   5.36600018       9.33467163E-05
   5.36700010       9.43433042E-05
   5.36800003       9.54018833E-05
   5.36899996       9.65320141E-05
   5.36999989       9.77559685E-05
   5.37099981       9.88762258E-05
   5.37200022       9.99461481E-05
   5.37300014       1.01030106E-04
   5.37400007       1.02203005E-04
   5.37500000       1.03549799E-04
   5.37599993       1.04944935E-04
   5.37699986       1.06281208E-04
   5.37799978       1.07469052E-04
   5.37900019       1.08649227E-04
   5.38000011       1.09969907E-04
   5.38100004       1.11377507E-04
   5.38199997       1.12627189E-04
   5.38299990       1.13906550E-04
   5.38399982       1.15206371E-04
   5.38500023       1.16531075E-04
   5.38600016       1.17898198E-04
   5.38700008       1.19337819E-04
   5.38800001       1.20698038E-04
   5.38899994       1.22038560E-04
   5.38999987       1.23430014E-04
   5.39099979       1.24765400E-04
   5.39200020       1.26141560E-04
   5.39300013       1.27480613E-04
   5.39400005       1.28721280E-04
   5.39499998       1.29998502E-04
   5.39599991       1.31276684E-04
   5.39699984       1.32535090E-04
   5.39799976       1.33941881E-04
   5.39900017       1.35326045E-04
   5.40000010       1.36708040E-04
   5.40100002       1.38120929E-04
   5.40199995       1.39609852E-04
   5.40299988       1.41231474E-04
   5.40399981       1.42725665E-04
   5.40500021       1.44181045E-04
   5.40600014       1.45535567E-04
   5.40700006       1.46902123E-04
   5.40799999       1.48245308E-04
   5.40899992       1.49700209E-04
   5.40999985       1.51102067E-04
   5.41099977       1.52458771E-04
   5.41200018       1.53791450E-04
   5.41300011       1.55133952E-04
   5.41400003       1.56532260E-04
   5.41499996       1.57752162E-04
   5.41599989       1.58871640E-04
   5.41699982       1.59979114E-04
   5.41800022       1.61031581E-04
   5.41900015       1.62141398E-04
   5.42000008       1.63291392E-04
   5.42100000       1.64341807E-04
   5.42199993       1.65307894E-04
   5.42299986       1.66218000E-04
   5.42399979       1.67113016E-04
   5.42500019       1.68045794E-04
   5.42600012       1.68820930E-04
   5.42700005       1.69521925E-04
   5.42799997       1.70242638E-04
   5.42899990       1.70960862E-04
   5.42999983       1.71793596E-04
   5.43100023       1.72743428E-04
   5.43200016       1.73582754E-04
   5.43300009       1.74348475E-04
   5.43400002       1.75089750E-04
   5.43499994       1.75926572E-04
   5.43599987       1.76754009E-04
   5.43699980       1.77427501E-04
   5.43800020       1.78051196E-04
   5.43900013       1.78738701E-04
   5.44000006       1.79388822E-04
   5.44099998       1.80139963E-04
   5.44199991       1.80919393E-04
   5.44299984       1.81671203E-04
   5.44399977       1.82355740E-04
   5.44500017       1.82948919E-04
   5.44600010       1.83651704E-04
   5.44700003       1.84462639E-04
   5.44799995       1.85188546E-04
   5.44899988       1.85861762E-04
   5.44999981       1.86527206E-04
   5.45100021       1.87241923E-04
   5.45200014       1.88074482E-04
   5.45300007       1.89104467E-04
   5.45400000       1.90036153E-04
   5.45499992       1.90981969E-04
   5.45599985       1.91874758E-04
   5.45699978       1.92851105E-04
   5.45800018       1.93870917E-04
   5.45900011       1.94726934E-04
   5.46000004       1.95596585E-04
   5.46099997       1.96484878E-04
   5.46199989       1.97410700E-04
   5.46299982       1.98406138E-04
   5.46400023       1.99515998E-04
   5.46500015       2.00625655E-04
   5.46600008       2.01639385E-04
   5.46700001       2.02647556E-04
   5.46799994       2.03750882E-04
   5.46899986       2.04895521E-04
   5.46999979       2.05881428E-04
   5.47100019       2.06852914E-04
   5.47200012       2.07803270E-04
   5.47300005       2.08740239E-04
   5.47399998       2.09685430E-04
   5.47499990       2.10519574E-04
   5.47599983       2.11295177E-04
   5.47700024       2.12076804E-04
   5.47800016       2.12940547E-04
   5.47900009       2.13825770E-04
   5.48000002       2.14834712E-04
   5.48099995       2.15790380E-04
   5.48199987       2.16680521E-04
   5.48299980       2.17507695E-04
   5.48400021       2.18428715E-04
   5.48500013       2.19469497E-04
   5.48600006       2.20395043E-04
   5.48699999       2.21265771E-04
   5.48799992       2.22153874E-04
   5.48899984       2.23010196E-04
   5.48999977       2.23933268E-04
   5.49100018       2.24901887E-04
   5.49200010       2.25781623E-04
   5.49300003       2.26585238E-04
   5.49399996       2.27339391E-04
   5.49499989       2.28084042E-04
   5.49599981       2.28871897E-04
   5.49700022       2.29524288E-04
   5.49800014       2.30125515E-04
   5.49900007       2.30770820E-04
   5.50000000       2.31447935E-04
   5.50099993       2.32276201E-04
