  -5.49900007       0.00000000    
  -5.49800014       0.00000000    
  -5.49700022       1.76437558E-16
  -5.49599981       0.00000000    
  -5.49499989       0.00000000    
  -5.49399996       1.76344398E-16
  -5.49300003       6.04455734E-16
  -5.49200010       1.05748760E-15
  -5.49100018       1.40951534E-15
  -5.48999977       1.47944215E-15
  -5.48899984       1.72850954E-15
  -5.48799992       1.75972937E-15
  -5.48699999       2.11064623E-15
  -5.48600006       2.41089823E-15
  -5.48500013       2.67056973E-15
  -5.48400021       3.02891676E-15
  -5.48299980       3.09664721E-15
  -5.48199987       3.03952606E-15
  -5.48099995       2.87748082E-15
  -5.48000002       2.52141845E-15
  -5.47900009       2.19948707E-15
  -5.47800016       1.90705402E-15
  -5.47700024       1.64029296E-15
  -5.47599983       1.39601459E-15
  -5.47499990       1.33890297E-15
  -5.47399998       1.44690380E-15
  -5.47300005       1.39188742E-15
  -5.47200012       1.34075130E-15
  -5.47100019       1.29309437E-15
  -5.46999979       1.52602853E-15
  -5.46899986       1.74325956E-15
  -5.46799994       2.07598013E-15
  -5.46700001       2.38753283E-15
  -5.46600008       2.55793934E-15
  -5.46500015       2.71790088E-15
  -5.46400023       2.98299424E-15
  -5.46299982       3.00978292E-15
  -5.46199989       3.25151829E-15
  -5.46099997       3.58527235E-15
  -5.46000004       3.49035850E-15
  -5.45900011       3.19995918E-15
  -5.45800018       2.72896715E-15
  -5.45699978       2.09092794E-15
  -5.45599985       1.85456276E-15
  -5.45499992       1.62924987E-15
  -5.45400000       1.41428689E-15
  -5.45300007       1.20903101E-15
  -5.45200014       1.01289259E-15
  -5.45100021       6.60264194E-16
  -5.44999981       0.00000000    
  -5.44899988       4.73978726E-16
  -5.44799995       1.39187588E-15
  -5.44700003       1.96864264E-15
  -5.44600010       2.52160565E-15
  -5.44500017       3.05200879E-15
  -5.44399977       3.70344827E-15
  -5.44299984       4.32896644E-15
  -5.44199991       5.06678211E-15
  -5.44099998       5.77591555E-15
  -5.44000006       6.19414993E-15
  -5.43900013       6.46682084E-15
  -5.43800020       6.47484817E-15
  -5.43699980       6.35720377E-15
  -5.43599987       6.36546742E-15
  -5.43499994       6.49296113E-15
  -5.43400002       6.73339185E-15
  -5.43300009       7.19690183E-15
  -5.43200016       7.52964772E-15
  -5.43100023       7.85027340E-15
  -5.42999983       8.15926425E-15
  -5.42899990       8.24023213E-15
  -5.42799997       7.89106736E-15
  -5.42700005       7.76217012E-15
  -5.42600012       7.63655683E-15
  -5.42500019       7.71718335E-15
  -5.42399979       7.59453129E-15
  -5.42299986       7.47487772E-15
  -5.42199993       7.55174257E-15
  -5.42100000       7.24411714E-15
  -5.42000008       7.32050766E-15
  -5.41900015       7.20891191E-15
  -5.41800022       7.28191768E-15
  -5.41699982       7.53123844E-15
  -5.41599989       7.94895528E-15
  -5.41499996       8.00540833E-15
  -5.41400003       8.23078686E-15
  -5.41300011       8.44869371E-15
  -5.41200018       8.49283937E-15
  -5.41099977       8.69889708E-15
  -5.40999985       8.89811245E-15
  -5.40899992       9.40966614E-15
  -5.40799999       9.74854708E-15
  -5.40700006       1.02318946E-14
  -5.40600014       1.05478031E-14
  -5.40500021       1.10045546E-14
  -5.40399981       1.14475342E-14
  -5.40299988       1.20237699E-14
  -5.40199995       1.25830149E-14
  -5.40100002       1.32684213E-14
  -5.40000010       1.36524389E-14
  -5.39900017       1.40246684E-14
  -5.39799976       1.43854350E-14
  -5.39699984       1.45998648E-14
  -5.39599991       1.46736244E-14
  -5.39499998       1.46121738E-14
  -5.39400005       1.46806124E-14
  -5.39300013       1.48738630E-14
  -5.39200020       1.49339007E-14
  -5.39099979       1.51156519E-14
  -5.38999987       1.52910640E-14
  -5.38899994       1.54602961E-14
  -5.38800001       1.57436879E-14
  -5.38700008       1.61368077E-14
  -5.38600016       1.65182216E-14
  -5.38500023       1.72352367E-14
  -5.38399982       1.81608319E-14
  -5.38299990       1.89485472E-14
  -5.38199997       1.98259733E-14
  -5.38100004       2.04594845E-14
  -5.38000011       2.12923703E-14
  -5.37900019       2.18878328E-14
  -5.37799978       2.26782247E-14
  -5.37699986       2.36561479E-14
  -5.37599993       2.46076471E-14
  -5.37500000       2.57375975E-14
  -5.37400007       2.66355795E-14
  -5.37300014       2.75089552E-14
  -5.37200022       2.89490823E-14
  -5.37099981       2.97677972E-14
  -5.36999989       3.11403159E-14
  -5.36899996       3.22867513E-14
  -5.36800003       3.35900097E-14
  -5.36700010       3.48586516E-14
  -5.36600018       3.60934427E-14
  -5.36499977       3.74761630E-14
  -5.36399984       3.88222101E-14
  -5.36299992       4.01323804E-14
  -5.36199999       4.15821586E-14
  -5.36100006       4.29934849E-14
  -5.36000013       4.47084691E-14
  -5.35900021       4.60413500E-14
  -5.35799980       4.75049213E-14
  -5.35699987       4.90941245E-14
  -5.35599995       5.06412166E-14
  -5.35500002       5.23080250E-14
  -5.35400009       5.37716471E-14
  -5.35300016       5.51957602E-14
  -5.35200024       5.68920657E-14
  -5.35099983       5.86969912E-14
  -5.34999990       6.07580663E-14
  -5.34899998       6.27655209E-14
  -5.34800005       6.47204458E-14
  -5.34700012       6.66239050E-14
  -5.34600019       6.86220083E-14
  -5.34499979       7.04239726E-14
  -5.34399986       7.24611343E-14
  -5.34299994       7.41640568E-14
  -5.34200001       7.58205347E-14
  -5.34100008       7.74314965E-14
  -5.34000015       7.89978502E-14
  -5.33900023       8.05204902E-14
  -5.33799982       8.20002703E-14
  -5.33699989       8.31760808E-14
  -5.33599997       8.41870722E-14
  -5.33500004       8.50382861E-14
  -5.33400011       8.58612972E-14
  -5.33300018       8.67818932E-14
  -5.33199978       8.80441079E-14
  -5.33099985       8.90238675E-14
  -5.32999992       9.00933584E-14
  -5.32900000       9.10096583E-14
  -5.32800007       9.20142597E-14
  -5.32700014       9.31038287E-14
  -5.32600021       9.42751126E-14
  -5.32499981       9.54103943E-14
  -5.32399988       9.67369360E-14
  -5.32299995       9.79118587E-14
  -5.32200003       9.88288160E-14
  -5.32100010       9.97149886E-14
  -5.32000017       1.00787712E-13
  -5.31899977       1.01611712E-13
  -5.31799984       1.02830769E-13
  -5.31699991       1.04221827E-13
  -5.31599998       1.05571313E-13
  -5.31500006       1.06880027E-13
  -5.31400013       1.08351655E-13
  -5.31300020       1.09779624E-13
  -5.31199980       1.10966249E-13
  -5.31099987       1.12311527E-13
  -5.30999994       1.13421344E-13
  -5.30900002       1.14687014E-13
  -5.30800009       1.15532909E-13
  -5.30700016       1.16160120E-13
  -5.30600023       1.16947196E-13
  -5.30499983       1.17152937E-13
  -5.30399990       1.17341615E-13
  -5.30299997       1.17513583E-13
  -5.30200005       1.17847193E-13
  -5.30100012       1.18160934E-13
  -5.30000019       1.18803621E-13
  -5.29899979       1.19592053E-13
  -5.29799986       1.20009783E-13
  -5.29699993       1.20574286E-13
  -5.29600000       1.20946927E-13
  -5.29500008       1.21133558E-13
  -5.29400015       1.21139928E-13
  -5.29300022       1.21294644E-13
  -5.29199982       1.21433029E-13
  -5.29099989       1.21555435E-13
  -5.28999996       1.21818544E-13
  -5.28900003       1.22063004E-13
  -5.28800011       1.22136093E-13
  -5.28700018       1.22345967E-13
  -5.28599977       1.22388468E-13
  -5.28499985       1.22861560E-13
  -5.28399992       1.23164825E-13
  -5.28299999       1.23448479E-13
  -5.28200006       1.23856437E-13
  -5.28100014       1.24242508E-13
  -5.28000021       1.24607112E-13
  -5.27899981       1.24811701E-13
  -5.27799988       1.25136135E-13
  -5.27699995       1.25576402E-13
  -5.27600002       1.26397794E-13
  -5.27500010       1.27188353E-13
  -5.27400017       1.28343977E-13
  -5.27299976       1.29200809E-13
  -5.27199984       1.29896826E-13
  -5.27099991       1.30436704E-13
  -5.26999998       1.31203886E-13
  -5.26900005       1.32065908E-13
  -5.26800013       1.33019369E-13
  -5.26700020       1.33693986E-13
  -5.26599979       1.34219201E-13
  -5.26499987       1.34719113E-13
  -5.26399994       1.34957231E-13
  -5.26300001       1.35293266E-13
  -5.26200008       1.35607874E-13
  -5.26100016       1.36131070E-13
  -5.26000023       1.36515284E-13
  -5.25899982       1.36876960E-13
  -5.25799990       1.37327758E-13
  -5.25699997       1.37974620E-13
  -5.25600004       1.38919949E-13
  -5.25500011       1.39830815E-13
  -5.25400019       1.40707839E-13
  -5.25299978       1.41340688E-13
  -5.25199986       1.42154138E-13
  -5.25099993       1.42522455E-13
  -5.25000000       1.43072416E-13
  -5.24900007       1.43595788E-13
  -5.24800014       1.43692838E-13
  -5.24700022       1.43772676E-13
  -5.24599981       1.43443769E-13
  -5.24499989       1.43300478E-13
  -5.24399996       1.43145058E-13
  -5.24300003       1.43167650E-13
  -5.24200010       1.42986805E-13
  -5.24100018       1.42794644E-13
  -5.23999977       1.42591451E-13
  -5.23899984       1.42741599E-13
  -5.23799992       1.42873601E-13
  -5.23699999       1.42631268E-13
  -5.23600006       1.42378961E-13
  -5.23500013       1.42291520E-13
  -5.23400021       1.42363714E-13
  -5.23299980       1.42419469E-13
  -5.23199987       1.42289921E-13
  -5.23099995       1.42482976E-13
  -5.23000002       1.42822779E-13
  -5.22900009       1.43468516E-13
  -5.22800016       1.43923583E-13
  -5.22700024       1.44033006E-13
  -5.22599983       1.44125095E-13
  -5.22499990       1.44042926E-13
  -5.22399998       1.44414252E-13
  -5.22300005       1.44454774E-13
  -5.22200012       1.44479372E-13
  -5.22100019       1.44186705E-13
  -5.21999979       1.44332801E-13
  -5.21899986       1.44460792E-13
  -5.21799994       1.44571068E-13
  -5.21700001       1.44808658E-13
  -5.21600008       1.45026230E-13
  -5.21500015       1.45224192E-13
  -5.21400023       1.45402950E-13
  -5.21299982       1.45424105E-13
  -5.21199989       1.45429675E-13
  -5.21099997       1.45555890E-13
  -5.21000004       1.45798873E-13
  -5.20900011       1.46021677E-13
  -5.20800018       1.46356451E-13
  -5.20699978       1.46669135E-13
  -5.20599985       1.47218189E-13
  -5.20499992       1.47612974E-13
  -5.20400000       1.47984327E-13
  -5.20300007       1.48457757E-13
  -5.20200014       1.48906075E-13
  -5.20100021       1.49207225E-13
  -5.19999981       1.49365505E-13
  -5.19899988       1.49145087E-13
  -5.19799995       1.49032493E-13
  -5.19700003       1.48671724E-13
  -5.19600010       1.48302960E-13
  -5.19500017       1.48156661E-13
  -5.19399977       1.47884092E-13
  -5.19299984       1.47489077E-13
  -5.19199991       1.47310088E-13
  -5.19099998       1.46898661E-13
  -5.19000006       1.46699113E-13
  -5.18900013       1.46488507E-13
  -5.18800020       1.46267099E-13
  -5.18699980       1.45823186E-13
  -5.18599987       1.45583090E-13
  -5.18499994       1.45332897E-13
  -5.18400002       1.44867367E-13
  -5.18300009       1.44396431E-13
  -5.18200016       1.44121545E-13
  -5.18100023       1.43439012E-13
  -5.17999983       1.43150005E-13
  -5.17899990       1.42852188E-13
  -5.17799997       1.42545765E-13
  -5.17700005       1.42422126E-13
  -5.17600012       1.42286383E-13
  -5.17500019       1.42138810E-13
  -5.17399979       1.41979663E-13
  -5.17299986       1.41992646E-13
  -5.17199993       1.41809240E-13
  -5.17100000       1.41794738E-13
  -5.17000008       1.41943897E-13
  -5.16900015       1.42427587E-13
  -5.16800022       1.42712597E-13
  -5.16699982       1.43149666E-13
  -5.16599989       1.43733902E-13
  -5.16499996       1.44291561E-13
  -5.16400003       1.44655894E-13
  -5.16300011       1.44998027E-13
  -5.16200018       1.45318409E-13
  -5.16099977       1.45617446E-13
  -5.15999985       1.46377038E-13
  -5.15899992       1.47106272E-13
  -5.15799999       1.47805691E-13
  -5.15700006       1.48942748E-13
  -5.15600014       1.50195584E-13
  -5.15500021       1.51255202E-13
  -5.15399981       1.52428851E-13
  -5.15299988       1.53413781E-13
  -5.15199995       1.54510980E-13
  -5.15100002       1.55277511E-13
  -5.15000010       1.56157571E-13
  -5.14900017       1.57434084E-13
  -5.14799976       1.58668719E-13
  -5.14699984       1.60143180E-13
  -5.14599991       1.61571508E-13
  -5.14499998       1.62679264E-13
  -5.14400005       1.63748084E-13
  -5.14300013       1.64643811E-13
  -5.14200020       1.65771680E-13
  -5.14099979       1.66727810E-13
  -5.13999987       1.67778497E-13
  -5.13899994       1.68661499E-13
  -5.13800001       1.69509575E-13
  -5.13700008       1.70323377E-13
  -5.13600016       1.70852427E-13
  -5.13500023       1.71726308E-13
  -5.13399982       1.72565182E-13
  -5.13299990       1.73613185E-13
  -5.13199997       1.74743019E-13
  -5.13100004       1.76070977E-13
  -5.13000011       1.77118208E-13
  -5.12900019       1.78243339E-13
  -5.12799978       1.79327785E-13
  -5.12699986       1.80601343E-13
  -5.12599993       1.81944385E-13
  -5.12500000       1.83242039E-13
  -5.12400007       1.84384002E-13
  -5.12300014       1.85154558E-13
  -5.12200022       1.86326323E-13
  -5.12099981       1.87671208E-13
  -5.11999989       1.88756861E-13
  -5.11899996       1.89801706E-13
  -5.11800003       1.90806450E-13
  -5.11700010       1.91771837E-13
  -5.11600018       1.92493767E-13
  -5.11499977       1.93384588E-13
  -5.11399984       1.94438771E-13
  -5.11299992       1.95253644E-13
  -5.11199999       1.95835955E-13
  -5.11100006       1.96386961E-13
  -5.11000013       1.96521903E-13
  -5.10900021       1.97015933E-13
  -5.10799980       1.97669138E-13
  -5.10699987       1.98289478E-13
  -5.10599995       1.98877549E-13
  -5.10500002       1.99250813E-13
  -5.10400009       1.99778006E-13
  -5.10300016       2.00454128E-13
  -5.10200024       2.00741415E-13
  -5.10099983       2.01178782E-13
  -5.09999990       2.01761405E-13
  -5.09899998       2.02312261E-13
  -5.09800005       2.03002518E-13
  -5.09700012       2.03827610E-13
  -5.09600019       2.04615879E-13
  -5.09499979       2.05533507E-13
  -5.09399986       2.06248484E-13
  -5.09299994       2.07252997E-13
  -5.09200001       2.08056269E-13
  -5.09100008       2.08822800E-13
  -5.09000015       2.09710585E-13
  -5.08900023       2.10248309E-13
  -5.08799982       2.11216962E-13
  -5.08699989       2.11840040E-13
  -5.08599997       2.12278600E-13
  -5.08500004       2.12687357E-13
  -5.08400011       2.13066882E-13
  -5.08300018       2.13710898E-13
  -5.08199978       2.14175804E-13
  -5.08099985       2.14466601E-13
  -5.07999992       2.14730401E-13
  -5.07900000       2.14686152E-13
  -5.07800007       2.14482227E-13
  -5.07700014       2.14537155E-13
  -5.07600021       2.14979551E-13
  -5.07499981       2.15256713E-13
  -5.07399988       2.15239407E-13
  -5.07299995       2.15068740E-13
  -5.07200003       2.15011467E-13
  -5.07100010       2.14934177E-13
  -5.07000017       2.14837276E-13
  -5.06899977       2.14848457E-13
  -5.06799984       2.14838293E-13
  -5.06699991       2.14931954E-13
  -5.06599998       2.15002630E-13
  -5.06500006       2.15173040E-13
  -5.06400013       2.15560995E-13
  -5.06300020       2.15920082E-13
  -5.06199980       2.16250832E-13
  -5.06099987       2.16553799E-13
  -5.05999994       2.16829498E-13
  -5.05900002       2.17193586E-13
  -5.05800009       2.17529147E-13
  -5.05700016       2.17611126E-13
  -5.05600023       2.17781861E-13
  -5.05499983       2.18038478E-13
  -5.05399990       2.18049740E-13
  -5.05299997       2.18256213E-13
  -5.05200005       2.18866402E-13
  -5.05100012       2.19230667E-13
  -5.05000019       2.19776617E-13
  -5.04899979       2.20290271E-13
  -5.04799986       2.20772239E-13
  -5.04699993       2.20814957E-13
  -5.04600000       2.21037368E-13
  -5.04500008       2.21233811E-13
  -5.04400015       2.21404831E-13
  -5.04300022       2.21550900E-13
  -5.04199982       2.21672534E-13
  -5.04099989       2.22154529E-13
  -5.03999996       2.22415117E-13
  -5.03900003       2.23025659E-13
  -5.03800011       2.23602441E-13
  -5.03700018       2.24146087E-13
  -5.03599977       2.24474424E-13
  -5.03499985       2.24955444E-13
  -5.03399992       2.25405130E-13
  -5.03299999       2.25646663E-13
  -5.03200006       2.25861566E-13
  -5.03100014       2.26224218E-13
  -5.03000021       2.26557786E-13
  -5.02899981       2.27203727E-13
  -5.02799988       2.27646163E-13
  -5.02699995       2.28057834E-13
  -5.02600002       2.28439338E-13
  -5.02500010       2.28627447E-13
  -5.02400017       2.28951894E-13
  -5.02299976       2.29408398E-13
  -5.02199984       2.30151618E-13
  -5.02099991       2.31172693E-13
  -5.01999998       2.31839694E-13
  -5.01900005       2.32779724E-13
  -5.01800013       2.33831509E-13
  -5.01700020       2.34688788E-13
  -5.01599979       2.35356846E-13
  -5.01499987       2.36137336E-13
  -5.01399994       2.36879716E-13
  -5.01300001       2.37294044E-13
  -5.01200008       2.37965165E-13
  -5.01100016       2.38600182E-13
  -5.01000023       2.39340828E-13
  -5.00899982       2.40043906E-13
  -5.00799990       2.40848357E-13
  -5.00699997       2.41476977E-13
  -5.00600004       2.42205615E-13
  -5.00500011       2.42762489E-13
  -5.00400019       2.43285155E-13
  -5.00299978       2.44037375E-13
  -5.00199986       2.44621164E-13
  -5.00099993       2.45170068E-13
  -5.00000000       2.45557047E-13
  -4.99900007       2.45660073E-13
  -4.99800014       2.45737621E-13
  -4.99700022       2.45666199E-13
  -4.99599981       2.45695445E-13
  -4.99499989       2.45700704E-13
  -4.99399996       2.45802700E-13
  -4.99300003       2.45641018E-13
  -4.99200010       2.45812946E-13
  -4.99100018       2.45958093E-13
  -4.98999977       2.46539524E-13
  -4.98899984       2.47200562E-13
  -4.98799992       2.47938470E-13
  -4.98699999       2.48526080E-13
  -4.98600006       2.49411955E-13
  -4.98500013       2.49816579E-13
  -4.98400021       2.50407469E-13
  -4.98299980       2.51178798E-13
  -4.98199987       2.51697480E-13
  -4.98099995       2.52393701E-13
  -4.98000002       2.52842886E-13
  -4.97900009       2.53466708E-13
  -4.97800016       2.54259667E-13
  -4.97700024       2.54809655E-13
  -4.97599983       2.55324760E-13
  -4.97499990       2.55606246E-13
  -4.97399998       2.56252891E-13
  -4.97300005       2.57058128E-13
  -4.97200012       2.57823331E-13
  -4.97100019       2.58740864E-13
  -4.96999979       2.59426270E-13
  -4.96899986       2.60449594E-13
  -4.96799994       2.61800483E-13
  -4.96700001       2.63100278E-13
  -4.96600008       2.64532347E-13
  -4.96500015       2.65730851E-13
  -4.96400023       2.67059812E-13
  -4.96299982       2.68869047E-13
  -4.96199989       2.70442251E-13
  -4.96099997       2.72133011E-13
  -4.96000004       2.73421260E-13
  -4.95900011       2.74999235E-13
  -4.95800018       2.76689208E-13
  -4.95699978       2.78320227E-13
  -4.95599985       2.79728009E-13
  -4.95499992       2.80918409E-13
  -4.95400000       2.82383464E-13
  -4.95300007       2.83954013E-13
  -4.95200014       2.85626286E-13
  -4.95100021       2.87239254E-13
  -4.94999981       2.88482210E-13
  -4.94899988       2.89828274E-13
  -4.94799995       2.91273868E-13
  -4.94700003       2.92512732E-13
  -4.94600010       2.94149714E-13
  -4.94500017       2.95430591E-13
  -4.94399977       2.96952838E-13
  -4.94299984       2.98563257E-13
  -4.94199991       2.99970416E-13
  -4.94099998       3.01322254E-13
  -4.94000006       3.02902262E-13
  -4.93900013       3.04423343E-13
  -4.93800020       3.05747994E-13
  -4.93699980       3.07292793E-13
  -4.93599987       3.08914840E-13
  -4.93499994       3.10611183E-13
  -4.93400002       3.12112505E-13
  -4.93300009       3.13687580E-13
  -4.93200016       3.15464207E-13
  -4.93100023       3.17047685E-13
  -4.92999983       3.18442945E-13
  -4.92899990       3.19781582E-13
  -4.92799997       3.21190204E-13
  -4.92700005       3.22666156E-13
  -4.92600012       3.24083561E-13
  -4.92500019       3.25321503E-13
  -4.92399979       3.26505343E-13
  -4.92299986       3.27755618E-13
  -4.92199993       3.28714459E-13
  -4.92100000       3.29858916E-13
  -4.92000008       3.31183052E-13
  -4.91900015       3.32335938E-13
  -4.91800022       3.33549703E-13
  -4.91699982       3.34822014E-13
  -4.91599989       3.36038787E-13
  -4.91499996       3.37201052E-13
  -4.91400003       3.38309730E-13
  -4.91300011       3.39582773E-13
  -4.91200018       3.40370147E-13
  -4.91099977       3.41323757E-13
  -4.90999985       3.41806038E-13
  -4.90899992       3.42247552E-13
  -4.90799999       3.42855708E-13
  -4.90700006       3.43625248E-13
  -4.90600014       3.44753685E-13
  -4.90500021       3.45828672E-13
  -4.90399981       3.47049917E-13
  -4.90299988       3.48018923E-13
  -4.90199995       3.49132209E-13
  -4.90100002       3.49998947E-13
  -4.90000010       3.50816896E-13
  -4.89900017       3.51965581E-13
  -4.89799976       3.53247379E-13
  -4.89699984       3.54472148E-13
  -4.89599991       3.56008652E-13
  -4.89499998       3.57665097E-13
  -4.89400005       3.59256922E-13
  -4.89300013       3.60606673E-13
  -4.89200020       3.61897497E-13
  -4.89099979       3.63130397E-13
  -4.88999987       3.63959486E-13
  -4.88899994       3.64911199E-13
  -4.88800001       3.65811331E-13
  -4.88700008       3.66997800E-13
  -4.88600016       3.67961114E-13
  -4.88500023       3.68872386E-13
  -4.88399982       3.69732565E-13
  -4.88299990       3.70056253E-13
  -4.88199997       3.70500587E-13
  -4.88100004       3.71220632E-13
  -4.88000011       3.71735655E-13
  -4.87900019       3.72362948E-13
  -4.87799978       3.72789907E-13
  -4.87699986       3.73174825E-13
  -4.87599993       3.73518490E-13
  -4.87500000       3.73821633E-13
  -4.87400007       3.74233657E-13
  -4.87300014       3.74603831E-13
  -4.87200022       3.75370091E-13
  -4.87099981       3.76232005E-13
  -4.86999989       3.77043313E-13
  -4.86899996       3.77663422E-13
  -4.86800003       3.78237480E-13
  -4.86700010       3.78488636E-13
  -4.86600018       3.79113299E-13
  -4.86499977       3.79964127E-13
  -4.86399984       3.80764349E-13
  -4.86299992       3.81247714E-13
  -4.86199999       3.81555139E-13
  -4.86100006       3.81822259E-13
  -4.86000013       3.81790302E-13
  -4.85900021       3.81853051E-13
  -4.85799980       3.82007468E-13
  -4.85699987       3.82376693E-13
  -4.85599995       3.82579575E-13
  -4.85500002       3.82867810E-13
  -4.85400009       3.83361068E-13
  -4.85300016       3.83931764E-13
  -4.85200024       3.84697320E-13
  -4.85099983       3.85532724E-13
  -4.84999990       3.86317551E-13
  -4.84899998       3.86936034E-13
  -4.84800005       3.87508005E-13
  -4.84700012       3.87690802E-13
  -4.84600019       3.88175576E-13
  -4.84499979       3.88616331E-13
  -4.84399986       3.89013881E-13
  -4.84299994       3.89589402E-13
  -4.84200001       3.89791715E-13
  -4.84100008       3.90171456E-13
  -4.84000015       3.90723180E-13
  -4.83900023       3.91017432E-13
  -4.83799982       3.90851088E-13
  -4.83699989       3.90861036E-13
  -4.83599997       3.91041935E-13
  -4.83500004       3.91184508E-13
  -4.83400011       3.91491581E-13
  -4.83300018       3.91757915E-13
  -4.83199978       3.91984269E-13
  -4.83099985       3.92367779E-13
  -4.82999992       3.92903592E-13
  -4.82900000       3.93201612E-13
  -4.82800007       3.93268182E-13
  -4.82700014       3.93298485E-13
  -4.82600021       3.93480468E-13
  -4.82499981       3.93809443E-13
  -4.82399988       3.94097217E-13
  -4.82299995       3.94162648E-13
  -4.82200003       3.94191841E-13
  -4.82100010       3.94363985E-13
  -4.82000017       3.94497884E-13
  -4.81899977       3.94419225E-13
  -4.81799984       3.94653928E-13
  -4.81699991       3.94677482E-13
  -4.81599998       3.94835775E-13
  -4.81500006       3.95124634E-13
  -4.81400013       3.95039280E-13
  -4.81300020       3.95085928E-13
  -4.81199980       3.94933083E-13
  -4.81099987       3.94910396E-13
  -4.80999994       3.94692634E-13
  -4.80900002       3.94603295E-13
  -4.80800009       3.94480835E-13
  -4.80700016       3.94482000E-13
  -4.80600023       3.94293783E-13
  -4.80499983       3.94227511E-13
  -4.80399990       3.94127791E-13
  -4.80299997       3.94295789E-13
  -4.80200005       3.94277113E-13
  -4.80100012       3.94224096E-13
  -4.80000019       3.93991399E-13
  -4.79899979       3.93873112E-13
  -4.79799986       3.93722462E-13
  -4.79699993       3.93540100E-13
  -4.79600000       3.93467214E-13
  -4.79500008       3.93500418E-13
  -4.79400015       3.93360610E-13
  -4.79300022       3.93052317E-13
  -4.79199982       3.92444757E-13
  -4.79099989       3.91948301E-13
  -4.78999996       3.91559696E-13
  -4.78900003       3.91144148E-13
  -4.78800011       3.90962761E-13
  -4.78700018       3.90879657E-13
  -4.78599977       3.90508318E-13
  -4.78499985       3.90236481E-13
  -4.78399992       3.89810281E-13
  -4.78299999       3.89358061E-13
  -4.78200006       3.89003445E-13
  -4.78100014       3.88499698E-13
  -4.78000021       3.88213062E-13
  -4.77899981       3.87778378E-13
  -4.77799988       3.87081128E-13
  -4.77699995       3.86363278E-13
  -4.77600002       3.85509035E-13
  -4.77500010       3.84752478E-13
  -4.77400017       3.84090763E-13
  -4.77299976       3.83521069E-13
  -4.77199984       3.83152657E-13
  -4.77099991       3.82757872E-13
  -4.76999998       3.82227453E-13
  -4.76900005       3.81673832E-13
  -4.76800013       3.80881931E-13
  -4.76700020       3.80285403E-13
  -4.76599979       3.79455609E-13
  -4.76499987       3.78818016E-13
  -4.76399994       3.78367124E-13
  -4.76300001       3.78303156E-13
  -4.76200008       3.78003997E-13
  -4.76100016       3.77677788E-13
  -4.76000023       3.77325043E-13
  -4.75899982       3.76748329E-13
  -4.75799990       3.76149876E-13
  -4.75699997       3.75335911E-13
  -4.75600004       3.74697235E-13
  -4.75500011       3.74038203E-13
  -4.75400019       3.73548089E-13
  -4.75299978       3.73034990E-13
  -4.75199986       3.72870002E-13
  -4.75099993       3.72308819E-13
  -4.75000000       3.71544240E-13
  -4.74900007       3.70761988E-13
  -4.74800014       3.70140930E-13
  -4.74700022       3.69499678E-13
  -4.74599981       3.68838667E-13
  -4.74499989       3.68158330E-13
  -4.74399996       3.67630947E-13
  -4.74300003       3.66911633E-13
  -4.74200010       3.66342942E-13
  -4.74100018       3.66087640E-13
  -4.73999977       3.65971251E-13
  -4.73899984       3.65661738E-13
  -4.73799992       3.65651574E-13
  -4.73699999       3.65610320E-13
  -4.73600006       3.65538573E-13
  -4.73500013       3.65279015E-13
  -4.73400021       3.64993056E-13
  -4.73299980       3.64836254E-13
  -4.73199987       3.64497712E-13
  -4.73099995       3.64286455E-13
  -4.73000002       3.64048066E-13
  -4.72900009       3.63633819E-13
  -4.72800016       3.63196289E-13
  -4.72700024       3.62589461E-13
  -4.72599983       3.61963037E-13
  -4.72499990       3.61461214E-13
  -4.72399998       3.61222852E-13
  -4.72300005       3.60676007E-13
  -4.72200012       3.60388260E-13
  -4.72100019       3.60075224E-13
  -4.71999979       3.60011825E-13
  -4.71899986       3.60190908E-13
  -4.71799994       3.60336110E-13
  -4.71700001       3.60448054E-13
  -4.71600008       3.60395226E-13
  -4.71500015       3.60574716E-13
  -4.71400023       3.60720324E-13
  -4.71299982       3.60832729E-13
  -4.71199989       3.61294409E-13
  -4.71099997       3.61590884E-13
  -4.71000004       3.61851310E-13
  -4.70900011       3.62076336E-13
  -4.70800018       3.62389264E-13
  -4.70699978       3.62908786E-13
  -4.70599985       3.63388085E-13
  -4.70499992       3.63827864E-13
  -4.70400000       3.64228856E-13
  -4.70300007       3.64708751E-13
  -4.70200014       3.65612922E-13
  -4.70100021       3.66354679E-13
  -4.69999981       3.67051929E-13
  -4.69899988       3.67705432E-13
  -4.69799995       3.68539346E-13
  -4.69700003       3.69658920E-13
  -4.69600010       3.70397831E-13
  -4.69500017       3.71309266E-13
  -4.69399977       3.71957456E-13
  -4.69299984       3.72988993E-13
  -4.69199991       3.73970250E-13
  -4.69099998       3.74692709E-13
  -4.69000006       3.75163090E-13
  -4.68900013       3.75387899E-13
  -4.68800020       3.75984264E-13
  -4.68699980       3.76941561E-13
  -4.68599987       3.77450051E-13
  -4.68499994       3.78115616E-13
  -4.68400002       3.78541165E-13
  -4.68300009       3.79315909E-13
  -4.68200016       3.80044737E-13
  -4.68100023       3.80728408E-13
  -4.67999983       3.81745742E-13
  -4.67899990       3.82525283E-13
  -4.67799997       3.83629597E-13
  -4.67700005       3.84681680E-13
  -4.67600012       3.85500280E-13
  -4.67500019       3.86452182E-13
  -4.67399979       3.87711944E-13
  -4.67299986       3.89093407E-13
  -4.67199993       3.90417164E-13
  -4.67100000       3.92031866E-13
  -4.67000008       3.93584389E-13
  -4.66900015       3.95075736E-13
  -4.66800022       3.96506910E-13
  -4.66699982       3.97878968E-13
  -4.66599989       3.99524841E-13
  -4.66499996       4.01271871E-13
  -4.66400003       4.02953658E-13
  -4.66300011       4.04248331E-13
  -4.66200018       4.05325919E-13
  -4.66099977       4.06191709E-13
  -4.65999985       4.07008086E-13
  -4.65899992       4.07464698E-13
  -4.65799999       4.08033443E-13
  -4.65700006       4.08710826E-13
  -4.65600014       4.09342048E-13
  -4.65500021       4.10077923E-13
  -4.65399981       4.10617937E-13
  -4.65299988       4.11114258E-13
  -4.65199995       4.11567617E-13
  -4.65100002       4.11978774E-13
  -4.65000010       4.12491710E-13
  -4.64900017       4.13245040E-13
  -4.64799976       4.13810072E-13
  -4.64699984       4.14330760E-13
  -4.64599991       4.14669926E-13
  -4.64499998       4.15105531E-13
  -4.64400005       4.15228182E-13
  -4.64300013       4.15717211E-13
  -4.64200020       4.16429234E-13
  -4.64099979       4.16962336E-13
  -4.63999987       4.17582147E-13
  -4.63899994       4.18415167E-13
  -4.63800001       4.19198774E-13
  -4.63700008       4.19933782E-13
  -4.63600016       4.20621058E-13
  -4.63500023       4.21136704E-13
  -4.63399982       4.21608522E-13
  -4.63299990       4.22404651E-13
  -4.63199997       4.23394392E-13
  -4.63100004       4.24211366E-13
  -4.63000011       4.25217099E-13
  -4.62900019       4.26523888E-13
  -4.62799978       4.27889088E-13
  -4.62699986       4.29310477E-13
  -4.62599993       4.30671070E-13
  -4.62500000       4.32085628E-13
  -4.62400007       4.33664769E-13
  -4.62300014       4.35291641E-13
  -4.62200022       4.36964267E-13
  -4.62099981       4.38900001E-13
  -4.61999989       4.40764938E-13
  -4.61899996       4.42990967E-13
  -4.61800003       4.45140615E-13
  -4.61700010       4.47215182E-13
  -4.61600018       4.49215806E-13
  -4.61499977       4.51143761E-13
  -4.61399984       4.52794486E-13
  -4.61299992       4.54786328E-13
  -4.61199999       4.56503216E-13
  -4.61100006       4.58352269E-13
  -4.61000013       4.60329095E-13
  -4.60900021       4.62429411E-13
  -4.60799980       4.64259544E-13
  -4.60699987       4.65633174E-13
  -4.60599995       4.66944354E-13
  -4.60500002       4.68573043E-13
  -4.60400009       4.69758997E-13
  -4.60300016       4.70885646E-13
  -4.60200024       4.71769596E-13
  -4.60099983       4.72782241E-13
  -4.59999990       4.73738561E-13
  -4.59899998       4.74460044E-13
  -4.59800005       4.75308161E-13
  -4.59700012       4.75926536E-13
  -4.59600019       4.76844638E-13
  -4.59499979       4.77707826E-13
  -4.59399986       4.78517128E-13
  -4.59299994       4.79273413E-13
  -4.59200001       4.79977603E-13
  -4.59100008       4.80797368E-13
  -4.59000015       4.81563845E-13
  -4.58900023       4.82605384E-13
  -4.58799982       4.83589568E-13
  -4.58699989       4.84195691E-13
  -4.58599997       4.84752158E-13
  -4.58500004       4.85575664E-13
  -4.58400011       4.86502006E-13
  -4.58300018       4.87372837E-13
  -4.58199978       4.88035339E-13
  -4.58099985       4.88951598E-13
  -4.57999992       4.89812292E-13
  -4.57900000       4.90468939E-13
  -4.57800007       4.90926527E-13
  -4.57700014       4.91630445E-13
  -4.57600021       4.92137039E-13
  -4.57499981       4.92595385E-13
  -4.57399988       4.93149141E-13
  -4.57299995       4.93653783E-13
  -4.57200003       4.94250474E-13
  -4.57100010       4.94936232E-13
  -4.57000017       4.95432525E-13
  -4.56899977       4.95880626E-13
  -4.56799984       4.96281347E-13
  -4.56699991       4.96903733E-13
  -4.56599998       4.97608465E-13
  -4.56500006       4.98261155E-13
  -4.56400013       4.98993208E-13
  -4.56300020       4.99801968E-13
  -4.56199980       5.00556682E-13
  -4.56099987       5.01512406E-13
  -4.55999994       5.02285388E-13
  -4.55900002       5.03129656E-13
  -4.55800009       5.03795410E-13
  -4.55700016       5.04654478E-13
  -4.55600023       5.05458360E-13
  -4.55499983       5.06328378E-13
  -4.55399990       5.07023622E-13
  -4.55299997       5.07902802E-13
  -4.55200005       5.08726253E-13
  -4.55100012       5.09611017E-13
  -4.55000019       5.10324855E-13
  -4.54899979       5.11099735E-13
  -4.54799986       5.11820621E-13
  -4.54699993       5.12600325E-13
  -4.54600000       5.13436787E-13
  -4.54500008       5.14327947E-13
  -4.54400015       5.14944966E-13
  -4.54300022       5.15510486E-13
  -4.54199982       5.15811569E-13
  -4.54099989       5.16066790E-13
  -4.53999996       5.16697470E-13
  -4.53900003       5.17484764E-13
  -4.53800011       5.18424008E-13
  -4.53700018       5.19101363E-13
  -4.53599977       5.19726027E-13
  -4.53499985       5.20499930E-13
  -4.53399992       5.21219352E-13
  -4.53299999       5.21885324E-13
  -4.53200006       5.22498657E-13
  -4.53100014       5.23254183E-13
  -4.53000021       5.23955499E-13
  -4.52899981       5.24793859E-13
  -4.52799988       5.25765195E-13
  -4.52699995       5.27052360E-13
  -4.52600002       5.28646300E-13
  -4.52500010       5.29803415E-13
  -4.52400017       5.30898730E-13
  -4.52299976       5.31933330E-13
  -4.52199984       5.32908190E-13
  -4.52099991       5.33824395E-13
  -4.51999998       5.34682867E-13
  -4.51900005       5.35832771E-13
  -4.51800013       5.36748217E-13
  -4.51700020       5.37947779E-13
  -4.51599979       5.39253863E-13
  -4.51499987       5.40495003E-13
  -4.51399994       5.41838764E-13
  -4.51300001       5.43116767E-13
  -4.51200008       5.44493649E-13
  -4.51100016       5.45804016E-13
  -4.51000023       5.46888381E-13
  -4.50899982       5.47911326E-13
  -4.50799990       5.49031578E-13
  -4.50699997       5.49933309E-13
  -4.50600004       5.50931642E-13
  -4.50500011       5.52023379E-13
  -4.50400019       5.53205539E-13
  -4.50299978       5.54324219E-13
  -4.50199986       5.55529906E-13
  -4.50099993       5.57116202E-13
  -4.50000000       5.58778447E-13
  -4.49900007       5.60513983E-13
  -4.49800014       5.62031487E-13
  -4.49700022       5.63622011E-13
  -4.49599981       5.65141141E-13
  -4.49499989       5.67152065E-13
  -4.49399996       5.69084005E-13
  -4.49300003       5.70938208E-13
  -4.49200010       5.72715866E-13
  -4.49100018       5.74689493E-13
  -4.48999977       5.76718686E-13
  -4.48899984       5.78401584E-13
  -4.48799992       5.80142596E-13
  -4.48699999       5.81677664E-13
  -4.48600006       5.83011612E-13
  -4.48500013       5.84534591E-13
  -4.48400021       5.86240854E-13
  -4.48299980       5.87746052E-13
  -4.48199987       5.89305135E-13
  -4.48099995       5.91039858E-13
  -4.48000002       5.92453170E-13
  -4.47900009       5.93674578E-13
  -4.47800016       5.94829362E-13
  -4.47700024       5.96038247E-13
  -4.47599983       5.96943231E-13
  -4.47499990       5.97786957E-13
  -4.47399998       5.98686953E-13
  -4.47300005       5.99756789E-13
  -4.47200012       6.00762278E-13
  -4.47100019       6.01704504E-13
  -4.46999979       6.02922118E-13
  -4.46899986       6.04184129E-13
  -4.46799994       6.05267681E-13
  -4.46700001       6.06505514E-13
  -4.46600008       6.07458474E-13
  -4.46500015       6.08564089E-13
  -4.46400023       6.09390847E-13
  -4.46299982       6.10368581E-13
  -4.46199989       6.10863790E-13
  -4.46099997       6.11096406E-13
  -4.46000004       6.11278823E-13
  -4.45900011       6.11411909E-13
  -4.45800018       6.11901263E-13
  -4.45699978       6.11934765E-13
  -4.45599985       6.12120380E-13
  -4.45499992       6.12256665E-13
  -4.45400000       6.12539858E-13
  -4.45300007       6.12771932E-13
  -4.45200014       6.13145819E-13
  -4.45100021       6.13467068E-13
  -4.44999981       6.14113686E-13
  -4.44899988       6.15076729E-13
  -4.44799995       6.15976725E-13
  -4.44700003       6.16998477E-13
  -4.44600010       6.18320065E-13
  -4.44500017       6.19391853E-13
  -4.44399977       6.20577374E-13
  -4.44299984       6.21518407E-13
  -4.44199991       6.22572252E-13
  -4.44099998       6.23735276E-13
  -4.44000006       6.24831404E-13
  -4.43900013       6.25519385E-13
  -4.43800020       6.26318279E-13
  -4.43699980       6.27056512E-13
  -4.43599987       6.28235094E-13
  -4.43499994       6.29346293E-13
  -4.43400002       6.30555016E-13
  -4.43300009       6.31533291E-13
  -4.43200016       6.32769336E-13
  -4.43100023       6.33936751E-13
  -4.42999983       6.35352881E-13
  -4.42899990       6.36383687E-13
  -4.42799997       6.37349169E-13
  -4.42700005       6.38558542E-13
  -4.42600012       6.40004813E-13
  -4.42500019       6.41378389E-13
  -4.42399979       6.42380463E-13
  -4.42299986       6.43317431E-13
  -4.42199993       6.44190430E-13
  -4.42100000       6.45292793E-13
  -4.42000008       6.46183356E-13
  -4.41900015       6.46723397E-13
  -4.41800022       6.47206247E-13
  -4.41699982       6.47915044E-13
  -4.41599989       6.48843338E-13
  -4.41499996       6.49568886E-13
  -4.41400003       6.50371358E-13
  -4.41300011       6.50975638E-13
  -4.41200018       6.51656463E-13
  -4.41099977       6.52143541E-13
  -4.40999985       6.52574132E-13
  -4.40899992       6.52949103E-13
  -4.40799999       6.53660774E-13
  -4.40700006       6.54312000E-13
  -4.40600014       6.55031964E-13
  -4.40500021       6.55945350E-13
  -4.40399981       6.56794714E-13
  -4.40299988       6.57830832E-13
  -4.40199995       6.58553182E-13
  -4.40100002       6.59214653E-13
  -4.40000010       6.59937979E-13
  -4.39900017       6.60720990E-13
  -4.39799976       6.61561517E-13
  -4.39699984       6.62220550E-13
  -4.39599991       6.62702261E-13
  -4.39499998       6.63243549E-13
  -4.39400005       6.63611581E-13
  -4.39300013       6.63924699E-13
  -4.39200020       6.64410746E-13
  -4.39099979       6.65064737E-13
  -4.38999987       6.65547478E-13
  -4.38899994       6.66194259E-13
  -4.38800001       6.66562183E-13
  -4.38700008       6.67092412E-13
  -4.38600016       6.67564853E-13
  -4.38500023       6.68194016E-13
  -4.38399982       6.68763656E-13
  -4.38299990       6.69274803E-13
  -4.38199997       6.69520429E-13
  -4.38100004       6.69506985E-13
  -4.38000011       6.69853929E-13
  -4.37900019       6.70146230E-13
  -4.37799978       6.70384863E-13
  -4.37699986       6.70769863E-13
  -4.37599993       6.71494490E-13
  -4.37500000       6.71962215E-13
  -4.37400007       6.72761272E-13
  -4.37300014       6.73305487E-13
  -4.37200022       6.73982354E-13
  -4.37099981       6.74409693E-13
  -4.36999989       6.75155786E-13
  -4.36899996       6.75654465E-13
  -4.36800003       6.76279996E-13
  -4.36700010       6.76845895E-13
  -4.36600018       6.77172186E-13
  -4.36499977       6.77623485E-13
  -4.36399984       6.77662245E-13
  -4.36299992       6.77475057E-13
  -4.36199999       6.77417161E-13
  -4.36100006       6.77311505E-13
  -4.36000013       6.77502650E-13
  -4.35900021       6.77812244E-13
  -4.35799980       6.78067791E-13
  -4.35699987       6.78270157E-13
  -4.35599995       6.78088228E-13
  -4.35500002       6.78025344E-13
  -4.35400009       6.77914810E-13
  -4.35300016       6.77433912E-13
  -4.35200024       6.76912628E-13
  -4.35099983       6.76510822E-13
  -4.34999990       6.76540475E-13
  -4.34899998       6.76521176E-13
  -4.34800005       6.76608780E-13
  -4.34700012       6.76339139E-13
  -4.34600019       6.76330465E-13
  -4.34499979       6.75820402E-13
  -4.34399986       6.75720059E-13
  -4.34299994       6.75870113E-13
  -4.34200001       6.75969372E-13
  -4.34100008       6.75872769E-13
  -4.34000015       6.75874287E-13
  -4.33900023       6.75827612E-13
  -4.33799982       6.75875859E-13
  -4.33699989       6.75734100E-13
  -4.33599997       6.75826257E-13
  -4.33500004       6.76007427E-13
  -4.33400011       6.76274846E-13
  -4.33300018       6.76489680E-13
  -4.33199978       6.76517653E-13
  -4.33099985       6.76765013E-13
  -4.32999992       6.76827355E-13
  -4.32900000       6.77103935E-13
  -4.32800007       6.77458361E-13
  -4.32700014       6.77758739E-13
  -4.32600021       6.78005991E-13
  -4.32499981       6.78201039E-13
  -4.32399988       6.78218657E-13
  -4.32299995       6.78187975E-13
  -4.32200003       6.78109912E-13
  -4.32100010       6.78231126E-13
  -4.32000017       6.78180494E-13
  -4.31899977       6.78082807E-13
  -4.31799984       6.77938987E-13
  -4.31699991       6.77868569E-13
  -4.31599998       6.77751529E-13
  -4.31500006       6.77822327E-13
  -4.31400013       6.77844228E-13
  -4.31300020       6.77932808E-13
  -4.31199980       6.78086005E-13
  -4.31099987       6.78301816E-13
  -4.30999994       6.78690123E-13
  -4.30900002       6.79024111E-13
  -4.30800009       6.78974780E-13
  -4.30700016       6.79314948E-13
  -4.30600023       6.79601666E-13
  -4.30499983       6.79621452E-13
  -4.30399990       6.79805929E-13
  -4.30299997       6.80150489E-13
  -4.30200005       6.80232563E-13
  -4.30100012       6.80472876E-13
  -4.30000019       6.80661582E-13
  -4.29899979       6.80799492E-13
  -4.29799986       6.81291612E-13
  -4.29699993       6.81327173E-13
  -4.29600000       6.81513168E-13
  -4.29500008       6.81254640E-13
  -4.29400015       6.81148172E-13
  -4.29300022       6.81189697E-13
  -4.29199982       6.81374987E-13
  -4.29099989       6.81700139E-13
  -4.28999996       6.81783568E-13
  -4.28900003       6.81818154E-13
  -4.28800011       6.82175941E-13
  -4.28700018       6.82296233E-13
  -4.28599977       6.82367140E-13
  -4.28499985       6.82570320E-13
  -4.28399992       6.82722759E-13
  -4.28299999       6.82647406E-13
  -4.28200006       6.82525976E-13
  -4.28100014       6.82709043E-13
  -4.28000021       6.83015114E-13
  -4.27899981       6.83268817E-13
  -4.27799988       6.83641403E-13
  -4.27699995       6.84129511E-13
  -4.27600002       6.84897343E-13
  -4.27500010       6.85771156E-13
  -4.27400017       6.86747751E-13
  -4.27299976       6.87823984E-13
  -4.27199984       6.88996765E-13
  -4.27099991       6.89941648E-13
  -4.26999998       6.90982428E-13
  -4.26900005       6.91958155E-13
  -4.26800013       6.92713248E-13
  -4.26700020       6.93407950E-13
  -4.26599979       6.94197412E-13
  -4.26499987       6.94925833E-13
  -4.26399994       6.95442889E-13
  -4.26300001       6.95753351E-13
  -4.26200008       6.96159710E-13
  -4.26100016       6.96363865E-13
  -4.26000023       6.96370424E-13
  -4.25899982       6.96619520E-13
  -4.25799990       6.97104646E-13
  -4.25699997       6.97391147E-13
  -4.25600004       6.97625117E-13
  -4.25500011       6.98368934E-13
  -4.25400019       6.99191735E-13
  -4.25299978       6.99953062E-13
  -4.25199986       7.01064424E-13
  -4.25099993       7.01837893E-13
  -4.25000000       7.02954296E-13
  -4.24900007       7.03870718E-13
  -4.24800014       7.04459115E-13
  -4.24700022       7.05120912E-13
  -4.24599981       7.05593515E-13
  -4.24499989       7.06010174E-13
  -4.24399996       7.06499854E-13
  -4.24300003       7.07187076E-13
  -4.24200010       7.07688899E-13
  -4.24100018       7.08383872E-13
  -4.23999977       7.09266630E-13
  -4.23899984       7.10086558E-13
  -4.23799992       7.10844632E-13
  -4.23699999       7.11662554E-13
  -4.23600006       7.12418622E-13
  -4.23500013       7.13113813E-13
  -4.23400021       7.13631519E-13
  -4.23299980       7.14208965E-13
  -4.23199987       7.14612831E-13
  -4.23099995       7.15191144E-13
  -4.23000002       7.15597666E-13
  -4.22900009       7.16061975E-13
  -4.22800016       7.16470232E-13
  -4.22700024       7.17045292E-13
  -4.22599983       7.17672449E-13
  -4.22499990       7.18677288E-13
  -4.22399998       7.19400613E-13
  -4.22300005       7.20278167E-13
  -4.22200012       7.21092619E-13
  -4.22100019       7.22267190E-13
  -4.21999979       7.23373726E-13
  -4.21899986       7.24413314E-13
  -4.21799994       7.25592817E-13
  -4.21700001       7.26499915E-13
  -4.21600008       7.27545736E-13
  -4.21500015       7.28926901E-13
  -4.21400023       7.30435406E-13
  -4.21299982       7.32067401E-13
  -4.21199989       7.33623394E-13
  -4.21099997       7.35492830E-13
  -4.21000004       7.37282143E-13
  -4.20900011       7.38992580E-13
  -4.20800018       7.40625334E-13
  -4.20699978       7.42181653E-13
  -4.20599985       7.43662673E-13
  -4.20499992       7.44884894E-13
  -4.20400000       7.46220360E-13
  -4.20300007       7.47484052E-13
  -4.20200014       7.48857248E-13
  -4.20100021       7.50336479E-13
  -4.19999981       7.51918547E-13
  -4.19899988       7.53248809E-13
  -4.19799995       7.54506971E-13
  -4.19700003       7.55694281E-13
  -4.19600010       7.57154539E-13
  -4.19500017       7.58540474E-13
  -4.19399977       7.60021711E-13
  -4.19299984       7.61261009E-13
  -4.19199991       7.62429399E-13
  -4.19099998       7.63363656E-13
  -4.19000006       7.64068875E-13
  -4.18900013       7.64873570E-13
  -4.18800020       7.65935167E-13
  -4.18699980       7.67087674E-13
  -4.18599987       7.68012823E-13
  -4.18499994       7.68871945E-13
  -4.18400002       7.69976476E-13
  -4.18300009       7.71165900E-13
  -4.18200016       7.72742655E-13
  -4.18100023       7.74091240E-13
  -4.17999983       7.75516695E-13
  -4.17899990       7.77016580E-13
  -4.17799997       7.78883522E-13
  -4.17700005       7.80814974E-13
  -4.17600012       7.82808605E-13
  -4.17500019       7.84574066E-13
  -4.17399979       7.86401814E-13
  -4.17299986       7.88289627E-13
  -4.17199993       7.90094715E-13
  -4.17100000       7.91957754E-13
  -4.17000008       7.94014702E-13
  -4.16900015       7.96122933E-13
  -4.16800022       7.98144482E-13
  -4.16699982       8.00215525E-13
  -4.16599989       8.02333948E-13
  -4.16499996       8.04630451E-13
  -4.16400003       8.06573775E-13
  -4.16300011       8.08693444E-13
  -4.16200018       8.10725673E-13
  -4.16099977       8.13056653E-13
  -4.15999985       8.15296452E-13
  -4.15899992       8.17320333E-13
  -4.15799999       8.19508144E-13
  -4.15700006       8.21606888E-13
  -4.15600014       8.23740978E-13
  -4.15500021       8.26030867E-13
  -4.15399981       8.28229683E-13
  -4.15299988       8.30578987E-13
  -4.15199995       8.32716871E-13
  -4.15100002       8.35120330E-13
  -4.15000010       8.37547588E-13
  -4.14900017       8.39764673E-13
  -4.14799976       8.42352392E-13
  -4.14699984       8.44614580E-13
  -4.14599991       8.46785261E-13
  -4.14499998       8.49203195E-13
  -4.14400005       8.51749986E-13
  -4.14300013       8.54532211E-13
  -4.14200020       8.57213877E-13
  -4.14099979       8.60014262E-13
  -4.13999987       8.62713601E-13
  -4.13899994       8.65527485E-13
  -4.13800001       8.68664678E-13
  -4.13700008       8.71484146E-13
  -4.13600016       8.74201644E-13
  -4.13500023       8.76818691E-13
  -4.13399982       8.79542370E-13
  -4.13299990       8.81961279E-13
  -4.13199997       8.84486494E-13
  -4.13100004       8.86713175E-13
  -4.13000011       8.88647825E-13
  -4.12900019       8.90888708E-13
  -4.12799978       8.92840272E-13
  -4.12699986       8.94702932E-13
  -4.12599993       8.96863204E-13
  -4.12500000       8.99121977E-13
  -4.12400007       9.01286532E-13
  -4.12300014       9.03546281E-13
  -4.12200022       9.05525167E-13
  -4.12099981       9.07598974E-13
  -4.11999989       9.09581221E-13
  -4.11899996       9.12018941E-13
  -4.11800003       9.14178455E-13
  -4.11700010       9.16781625E-13
  -4.11600018       9.19106696E-13
  -4.11499977       9.21511673E-13
  -4.11399984       9.23644407E-13
  -4.11299992       9.25856939E-13
  -4.11199999       9.27631236E-13
  -4.11100006       9.29147384E-13
  -4.11000013       9.30918103E-13
  -4.10900021       9.32768619E-13
  -4.10799980       9.34530014E-13
  -4.10699987       9.36203697E-13
  -4.10599995       9.38118181E-13
  -4.10500002       9.40266853E-13
  -4.10400009       9.42321199E-13
  -4.10300016       9.44442549E-13
  -4.10200024       9.46786594E-13
  -4.10099983       9.48875744E-13
  -4.09999990       9.50715418E-13
  -4.09899998       9.52310713E-13
  -4.09800005       9.53820139E-13
  -4.09700012       9.55092884E-13
  -4.09600019       9.56586589E-13
  -4.09499979       9.57995835E-13
  -4.09399986       9.59767313E-13
  -4.09299994       9.61449778E-13
  -4.09200001       9.63336832E-13
  -4.09100008       9.64987855E-13
  -4.09000015       9.66695365E-13
  -4.08900023       9.68457194E-13
  -4.08799982       9.70129792E-13
  -4.08699989       9.71574275E-13
  -4.08599997       9.73073618E-13
  -4.08500004       9.74763889E-13
  -4.08400011       9.76502841E-13
  -4.08300018       9.78288305E-13
  -4.08199978       9.79983889E-13
  -4.08099985       9.81724467E-13
  -4.07999992       9.82977913E-13
  -4.07900000       9.84149828E-13
  -4.07800007       9.85632582E-13
  -4.07700014       9.86641866E-13
  -4.07600021       9.87701566E-13
  -4.07499981       9.88809945E-13
  -4.07399988       9.90091472E-13
  -4.07299995       9.91290600E-13
  -4.07200003       9.92284488E-13
  -4.07100010       9.93570352E-13
  -4.07000017       9.94773816E-13
  -4.06899977       9.95896074E-13
  -4.06799984       9.97058772E-13
  -4.06699991       9.98379547E-13
  -4.06599998       9.99498769E-13
  -4.06500006       1.00053787E-12
  -4.06400013       1.00126526E-12
  -4.06300020       1.00191882E-12
  -4.06199980       1.00227032E-12
  -4.06099987       1.00278163E-12
  -4.05999994       1.00333544E-12
  -4.05900002       1.00381823E-12
  -4.05800009       1.00423109E-12
  -4.05700016       1.00446507E-12
  -4.05600023       1.00474240E-12
  -4.05499983       1.00538685E-12
  -4.05399990       1.00617399E-12
  -4.05299997       1.00667304E-12
  -4.05200005       1.00710195E-12
  -4.05100012       1.00788182E-12
  -4.05000019       1.00879548E-12
  -4.04899979       1.00963237E-12
  -4.04799986       1.01059872E-12
  -4.04699993       1.01128405E-12
  -4.04600000       1.01189630E-12
  -4.04500008       1.01283673E-12
  -4.04400015       1.01350146E-12
  -4.04300022       1.01448721E-12
  -4.04199982       1.01559050E-12
  -4.04099989       1.01661377E-12
  -4.03999996       1.01755843E-12
  -4.03900003       1.01861651E-12
  -4.03800011       1.01978452E-12
  -4.03700018       1.02105932E-12
  -4.03599977       1.02206514E-12
  -4.03499985       1.02317720E-12
  -4.03399992       1.02420904E-12
  -4.03299999       1.02498001E-12
  -4.03200006       1.02549588E-12
  -4.03100014       1.02594083E-12
  -4.03000021       1.02613859E-12
  -4.02899981       1.02644672E-12
  -4.02799988       1.02651264E-12
  -4.02699995       1.02634166E-12
  -4.02600002       1.02611084E-12
  -4.02500010       1.02582114E-12
  -4.02400017       1.02547354E-12
  -4.02299976       1.02490119E-12
  -4.02199984       1.02410897E-12
  -4.02099991       1.02343232E-12
  -4.01999998       1.02270406E-12
  -4.01900005       1.02208790E-12
  -4.01800013       1.02125816E-12
  -4.01700020       1.02021939E-12
  -4.01599979       1.01897635E-12
  -4.01499987       1.01753371E-12
  -4.01399994       1.01636473E-12
  -4.01300001       1.01530774E-12
  -4.01200008       1.01466752E-12
  -4.01100016       1.01397612E-12
  -4.01000023       1.01323420E-12
  -4.00899982       1.01259311E-12
  -4.00799990       1.01219911E-12
  -4.00699997       1.01189803E-12
  -4.00600004       1.01154068E-12
  -4.00500011       1.01141914E-12
  -4.00400019       1.01123862E-12
  -4.00299978       1.01114321E-12
  -4.00199986       1.01098849E-12
  -4.00099993       1.01063439E-12
  -4.00000000       1.01022522E-12
  -3.99900007       1.01003927E-12
  -3.99799991       1.00965785E-12
  -3.99699998       1.00935850E-12
  -3.99600005       1.00913884E-12
  -3.99499989       1.00872761E-12
  -3.99399996       1.00852931E-12
  -3.99300003       1.00800889E-12
  -3.99200010       1.00756773E-12
  -3.99099994       1.00707311E-12
  -3.99000001       1.00652613E-12
  -3.98900008       1.00605570E-12
  -3.98799992       1.00527811E-12
  -3.98699999       1.00470511E-12
  -3.98600006       1.00408126E-12
  -3.98499990       1.00315860E-12
  -3.98399997       1.00231401E-12
  -3.98300004       1.00166750E-12
  -3.98200011       1.00097144E-12
  -3.98099995       1.00070841E-12
  -3.98000002       1.00062894E-12
  -3.97900009       1.00072825E-12
  -3.97799993       1.00076664E-12
  -3.97700000       1.00074495E-12
  -3.97600007       1.00066418E-12
  -3.97499990       1.00052540E-12
  -3.97399998       1.00032938E-12
  -3.97300005       9.99964109E-13
  -3.97199988       9.99769711E-13
  -3.97099996       9.99519152E-13
  -3.97000003       9.99323779E-13
  -3.96900010       9.98743623E-13
  -3.96799994       9.98330975E-13
  -3.96700001       9.98081500E-13
  -3.96600008       9.97990969E-13
  -3.96499991       9.97843084E-13
  -3.96399999       9.97638604E-13
  -3.96300006       9.97378504E-13
  -3.96199989       9.96856243E-13
  -3.96099997       9.96283459E-13
  -3.96000004       9.95456647E-13
  -3.95900011       9.94381444E-13
  -3.95799994       9.93867749E-13
  -3.95700002       9.92904652E-13
  -3.95600009       9.92294029E-13
  -3.95499992       9.91634726E-13
  -3.95400000       9.90927392E-13
  -3.95300007       9.90173004E-13
  -3.95199990       9.89180417E-13
  -3.95099998       9.88145329E-13
  -3.95000005       9.86879523E-13
  -3.94899988       9.85575553E-13
  -3.94799995       9.84048238E-13
  -3.94700003       9.82671626E-13
  -3.94600010       9.81441924E-13
  -3.94499993       9.80537374E-13
  -3.94400001       9.79589565E-13
  -3.94300008       9.79135718E-13
  -3.94199991       9.78986857E-13
  -3.94099998       9.78607061E-13
  -3.94000006       9.78176307E-13
  -3.93899989       9.77695138E-13
  -3.93799996       9.77508656E-13
  -3.93700004       9.77268180E-13
  -3.93600011       9.76974686E-13
  -3.93499994       9.76292940E-13
  -3.93400002       9.75731757E-13
  -3.93300009       9.75287993E-13
  -3.93199992       9.74630533E-13
  -3.93099999       9.74089516E-13
  -3.93000007       9.73662123E-13
  -3.92899990       9.73184857E-13
  -3.92799997       9.72977016E-13
  -3.92700005       9.72874017E-13
  -3.92600012       9.72559706E-13
  -3.92499995       9.72349588E-13
  -3.92400002       9.72086561E-13
  -3.92300010       9.71618294E-13
  -3.92199993       9.70949449E-13
  -3.92100000       9.70234852E-13
  -3.92000008       9.69624988E-13
  -3.91899991       9.68968612E-13
  -3.91799998       9.68413826E-13
  -3.91700006       9.67958136E-13
  -3.91599989       9.67308698E-13
  -3.91499996       9.66613725E-13
  -3.91400003       9.65731076E-13
  -3.91300011       9.65089987E-13
  -3.91199994       9.64403362E-13
  -3.91100001       9.63811387E-13
  -3.91000009       9.63311896E-13
  -3.90899992       9.62764807E-13
  -3.90799999       9.62170990E-13
  -3.90700006       9.61531202E-13
  -3.90599990       9.61114760E-13
  -3.90499997       9.60782994E-13
  -3.90400004       9.60533519E-13
  -3.90300012       9.60364167E-13
  -3.90199995       9.60272877E-13
  -3.90100002       9.60386393E-13
  -3.90000010       9.60571683E-13
  -3.89899993       9.60699402E-13
  -3.89800000       9.61149021E-13
  -3.89700007       9.61537057E-13
  -3.89599991       9.62237343E-13
  -3.89499998       9.63118799E-13
  -3.89400005       9.63932059E-13
  -3.89299989       9.64799638E-13
  -3.89199996       9.65840147E-13
  -3.89100003       9.67049140E-13
  -3.89000010       9.68422282E-13
  -3.88899994       9.69837275E-13
  -3.88800001       9.71409476E-13
  -3.88700008       9.73250560E-13
  -3.88599992       9.75123628E-13
  -3.88499999       9.77141328E-13
  -3.88400006       9.79073159E-13
  -3.88299990       9.81257501E-13
  -3.88199997       9.83464829E-13
  -3.88100004       9.85915342E-13
  -3.88000011       9.88712367E-13
  -3.87899995       9.91411272E-13
  -3.87800002       9.94229547E-13
  -3.87700009       9.97163940E-13
  -3.87599993       1.00021066E-12
  -3.87500000       1.00336634E-12
  -3.87400007       1.00620781E-12
  -3.87299991       1.00894954E-12
  -3.87199998       1.01159304E-12
  -3.87100005       1.01434486E-12
  -3.86999989       1.01720151E-12
  -3.86899996       1.01975579E-12
  -3.86800003       1.02241479E-12
  -3.86700010       1.02457821E-12
  -3.86599994       1.02704639E-12
  -3.86500001       1.02922380E-12
  -3.86400008       1.03111627E-12
  -3.86299992       1.03311543E-12
  -3.86199999       1.03464362E-12
  -3.86100006       1.03647115E-12
  -3.85999990       1.03821303E-12
  -3.85899997       1.04024515E-12
  -3.85800004       1.04200275E-12
  -3.85700011       1.04404452E-12
  -3.85599995       1.04563135E-12
  -3.85500002       1.04749922E-12
  -3.85400009       1.04910037E-12
  -3.85299993       1.05115547E-12
  -3.85200000       1.05312124E-12
  -3.85100007       1.05517494E-12
  -3.84999990       1.05696430E-12
  -3.84899998       1.05884160E-12
  -3.84800005       1.06063183E-12
  -3.84699988       1.06250718E-12
  -3.84599996       1.06412589E-12
  -3.84500003       1.06616614E-12
  -3.84400010       1.06811673E-12
  -3.84299994       1.06997885E-12
  -3.84200001       1.07208274E-12
  -3.84100008       1.07393250E-12
  -3.83999991       1.07601927E-12
  -3.83899999       1.07801528E-12
  -3.83800006       1.08024082E-12
  -3.83699989       1.08269014E-12
  -3.83599997       1.08520018E-12
  -3.83500004       1.08761275E-12
  -3.83400011       1.08992936E-12
  -3.83299994       1.09199759E-12
  -3.83200002       1.09382230E-12
  -3.83100009       1.09555952E-12
  -3.82999992       1.09736081E-12
  -3.82900000       1.09922390E-12
  -3.82800007       1.10070297E-12
  -3.82699990       1.10224633E-12
  -3.82599998       1.10385204E-12
  -3.82500005       1.10551770E-12
  -3.82399988       1.10681104E-12
  -3.82299995       1.10802448E-12
  -3.82200003       1.10915931E-12
  -3.82100010       1.11021652E-12
  -3.81999993       1.11133661E-12
  -3.81900001       1.11251752E-12
  -3.81800008       1.11389435E-12
  -3.81699991       1.11546221E-12
  -3.81599998       1.11708104E-12
  -3.81500006       1.11874897E-12
  -3.81399989       1.12006487E-12
  -3.81299996       1.12143248E-12
  -3.81200004       1.12258748E-12
  -3.81100011       1.12366442E-12
  -3.80999994       1.12479340E-12
  -3.80900002       1.12571638E-12
  -3.80800009       1.12694619E-12
  -3.80699992       1.12822295E-12
  -3.80599999       1.12941947E-12
  -3.80500007       1.13028835E-12
  -3.80399990       1.13145344E-12
  -3.80299997       1.13241751E-12
  -3.80200005       1.13367085E-12
  -3.80100012       1.13496506E-12
  -3.79999995       1.13629841E-12
  -3.79900002       1.13755077E-12
  -3.79800010       1.13884108E-12
  -3.79699993       1.13981665E-12
  -3.79600000       1.14071632E-12
  -3.79500008       1.14165665E-12
  -3.79399991       1.14252162E-12
  -3.79299998       1.14342607E-12
  -3.79200006       1.14436835E-12
  -3.79099989       1.14523527E-12
  -3.78999996       1.14625009E-12
  -3.78900003       1.14729873E-12
  -3.78800011       1.14816078E-12
  -3.78699994       1.14916583E-12
  -3.78600001       1.15009456E-12
  -3.78500009       1.15116206E-12
  -3.78399992       1.15172715E-12
  -3.78299999       1.15201143E-12
  -3.78200006       1.15264861E-12
  -3.78099990       1.15363047E-12
  -3.77999997       1.15453621E-12
  -3.77900004       1.15516234E-12
  -3.77800012       1.15571756E-12
  -3.77699995       1.15640472E-12
  -3.77600002       1.15722037E-12
  -3.77500010       1.15796240E-12
  -3.77399993       1.15843468E-12
  -3.77300000       1.15922983E-12
  -3.77200007       1.15995180E-12
  -3.77099991       1.16040857E-12
  -3.76999998       1.16117998E-12
  -3.76900005       1.16187832E-12
  -3.76799989       1.16269342E-12
  -3.76699996       1.16306064E-12
  -3.76600003       1.16354658E-12
  -3.76500010       1.16414820E-12
  -3.76399994       1.16486259E-12
  -3.76300001       1.16550487E-12
  -3.76200008       1.16625644E-12
  -3.76099992       1.16693547E-12
  -3.75999999       1.16754284E-12
  -3.75900006       1.16860894E-12
  -3.75799990       1.16959784E-12
  -3.75699997       1.17068432E-12
  -3.75600004       1.17152067E-12
  -3.75500011       1.17245428E-12
  -3.75399995       1.17348254E-12
  -3.75300002       1.17460273E-12
  -3.75200009       1.17564487E-12
  -3.75099993       1.17660992E-12
  -3.75000000       1.17749907E-12
  -3.74900007       1.17847713E-12
  -3.74799991       1.17954182E-12
  -3.74699998       1.18020621E-12
  -3.74600005       1.18111955E-12
  -3.74499989       1.18211669E-12
  -3.74399996       1.18319536E-12
  -3.74300003       1.18435296E-12
  -3.74200010       1.18543174E-12
  -3.74099994       1.18643290E-12
  -3.74000001       1.18735750E-12
  -3.73900008       1.18835876E-12
  -3.73799992       1.18943451E-12
  -3.73699999       1.19028257E-12
  -3.73600006       1.19075875E-12
  -3.73499990       1.19116609E-12
  -3.73399997       1.19165214E-12
  -3.73300004       1.19192362E-12
  -3.73200011       1.19227371E-12
  -3.73099995       1.19270024E-12
  -3.73000002       1.19291632E-12
  -3.72900009       1.19349138E-12
  -3.72799993       1.19385599E-12
  -3.72700000       1.19429271E-12
  -3.72600007       1.19479936E-12
  -3.72499990       1.19564861E-12
  -3.72399998       1.19655978E-12
  -3.72300005       1.19766632E-12
  -3.72199988       1.19869490E-12
  -3.72099996       1.19964661E-12
  -3.72000003       1.20078708E-12
  -3.71900010       1.20171787E-12
  -3.71799994       1.20257309E-12
  -3.71700001       1.20322459E-12
  -3.71600008       1.20380474E-12
  -3.71499991       1.20418703E-12
  -3.71399999       1.20437536E-12
  -3.71300006       1.20449907E-12
  -3.71199989       1.20480861E-12
  -3.71099997       1.20517561E-12
  -3.71000004       1.20535266E-12
  -3.70900011       1.20570936E-12
  -3.70799994       1.20624138E-12
  -3.70700002       1.20694448E-12
  -3.70600009       1.20745623E-12
  -3.70499992       1.20813570E-12
  -3.70400000       1.20874372E-12
  -3.70300007       1.20951469E-12
  -3.70199990       1.21009680E-12
  -3.70099998       1.21060887E-12
  -3.70000005       1.21093749E-12
  -3.69899988       1.21097284E-12
  -3.69799995       1.21083341E-12
  -3.69700003       1.21063446E-12
  -3.69600010       1.21048766E-12
  -3.69499993       1.21028155E-12
  -3.69400001       1.21023569E-12
  -3.69300008       1.21034606E-12
  -3.69199991       1.21017801E-12
  -3.69099998       1.20973695E-12
  -3.69000006       1.20945344E-12
  -3.68899989       1.20911267E-12
  -3.68799996       1.20850639E-12
  -3.68700004       1.20784773E-12
  -3.68600011       1.20693115E-12
  -3.68499994       1.20658138E-12
  -3.68400002       1.20617557E-12
  -3.68300009       1.20571489E-12
  -3.68199992       1.20519989E-12
  -3.68099999       1.20423376E-12
  -3.68000007       1.20341844E-12
  -3.67899990       1.20196594E-12
  -3.67799997       1.20047397E-12
  -3.67700005       1.19913628E-12
  -3.67600012       1.19794951E-12
  -3.67499995       1.19652910E-12
  -3.67400002       1.19544739E-12
  -3.67300010       1.19432112E-12
  -3.67199993       1.19371039E-12
  -3.67100000       1.19286352E-12
  -3.67000008       1.19196905E-12
  -3.66899991       1.19121022E-12
  -3.66799998       1.19058366E-12
  -3.66700006       1.18990657E-12
  -3.66599989       1.18935829E-12
  -3.66499996       1.18875840E-12
  -3.66400003       1.18828363E-12
  -3.66300011       1.18758183E-12
  -3.66199994       1.18683091E-12
  -3.66100001       1.18585946E-12
  -3.66000009       1.18535552E-12
  -3.65899992       1.18479976E-12
  -3.65799999       1.18419304E-12
  -3.65700006       1.18370342E-12
  -3.65599990       1.18349395E-12
  -3.65499997       1.18355835E-12
  -3.65400004       1.18372673E-12
  -3.65300012       1.18383406E-12
  -3.65199995       1.18388112E-12
  -3.65100002       1.18434917E-12
  -3.65000010       1.18459301E-12
  -3.64899993       1.18509033E-12
  -3.64800000       1.18583539E-12
  -3.64700007       1.18666687E-12
  -3.64599991       1.18727326E-12
  -3.64499998       1.18796574E-12
  -3.64400005       1.18843748E-12
  -3.64299989       1.18884384E-12
  -3.64199996       1.18903574E-12
  -3.64100003       1.18901731E-12
  -3.64000010       1.18923653E-12
  -3.63899994       1.18924727E-12
  -3.63800001       1.18919924E-12
  -3.63700008       1.18923838E-12
  -3.63599992       1.18921854E-12
  -3.63499999       1.18914058E-12
  -3.63400006       1.18900538E-12
  -3.63299990       1.18867318E-12
  -3.63199997       1.18842707E-12
  -3.63100004       1.18826498E-12
  -3.63000011       1.18818486E-12
  -3.62899995       1.18818442E-12
  -3.62800002       1.18799014E-12
  -3.62700009       1.18801019E-12
  -3.62599993       1.18797192E-12
  -3.62500000       1.18827485E-12
  -3.62400007       1.18838359E-12
  -3.62299991       1.18856390E-12
  -3.62199998       1.18881380E-12
  -3.62100005       1.18913137E-12
  -3.61999989       1.18951485E-12
  -3.61899996       1.19008959E-12
  -3.61800003       1.19047198E-12
  -3.61700010       1.19104206E-12
  -3.61599994       1.19154632E-12
  -3.61500001       1.19186193E-12
  -3.61400008       1.19223804E-12
  -3.61299992       1.19242918E-12
  -3.61199999       1.19255983E-12
  -3.61100006       1.19263095E-12
  -3.60999990       1.19276269E-12
  -3.60899997       1.19271639E-12
  -3.60800004       1.19237779E-12
  -3.60700011       1.19222015E-12
  -3.60599995       1.19200711E-12
  -3.60500002       1.19185488E-12
  -3.60400009       1.19153298E-12
  -3.60299993       1.19093103E-12
  -3.60200000       1.19028019E-12
  -3.60100007       1.18958142E-12
  -3.59999990       1.18883516E-12
  -3.59899998       1.18815277E-12
  -3.59800005       1.18764211E-12
  -3.59699988       1.18708179E-12
  -3.59599996       1.18625617E-12
  -3.59500003       1.18517067E-12
  -3.59400010       1.18468299E-12
  -3.59299994       1.18393392E-12
  -3.59200001       1.18313866E-12
  -3.59100008       1.18229807E-12
  -3.58999991       1.18182710E-12
  -3.58899999       1.18110057E-12
  -3.58800006       1.18053213E-12
  -3.58699989       1.18011818E-12
  -3.58599997       1.17945237E-12
  -3.58500004       1.17933961E-12
  -3.58400011       1.17877507E-12
  -3.58299994       1.17796528E-12
  -3.58200002       1.17711082E-12
  -3.58100009       1.17601794E-12
  -3.57999992       1.17527060E-12
  -3.57900000       1.17466963E-12
  -3.57800007       1.17421155E-12
  -3.57699990       1.17351528E-12
  -3.57599998       1.17296082E-12
  -3.57500005       1.17217217E-12
  -3.57399988       1.17152414E-12
  -3.57299995       1.17064594E-12
  -3.57200003       1.17027210E-12
  -3.57100010       1.16966690E-12
  -3.56999993       1.16919484E-12
  -3.56900001       1.16867421E-12
  -3.56800008       1.16828314E-12
  -3.56699991       1.16784241E-12
  -3.56599998       1.16717790E-12
  -3.56500006       1.16664133E-12
  -3.56399989       1.16622987E-12
  -3.56299996       1.16594050E-12
  -3.56200004       1.16577039E-12
  -3.56100011       1.16588564E-12
  -3.55999994       1.16627985E-12
  -3.55900002       1.16644736E-12
  -3.55800009       1.16672319E-12
  -3.55699992       1.16677620E-12
  -3.55599999       1.16677393E-12
  -3.55500007       1.16687898E-12
  -3.55399990       1.16708867E-12
  -3.55299997       1.16724100E-12
  -3.55200005       1.16701950E-12
  -3.55100012       1.16690403E-12
  -3.54999995       1.16704845E-12
  -3.54900002       1.16713627E-12
  -3.54800010       1.16686034E-12
  -3.54699993       1.16653377E-12
  -3.54600000       1.16600544E-12
  -3.54500008       1.16543027E-12
  -3.54399991       1.16495875E-12
  -3.54299998       1.16443964E-12
  -3.54200006       1.16431702E-12
  -3.54099989       1.16399533E-12
  -3.53999996       1.16391564E-12
  -3.53900003       1.16378315E-12
  -3.53800011       1.16374228E-12
  -3.53699994       1.16364806E-12
  -3.53600001       1.16364308E-12
  -3.53500009       1.16400672E-12
  -3.53399992       1.16417162E-12
  -3.53299999       1.16428048E-12
  -3.53200006       1.16447206E-12
  -3.53099990       1.16447032E-12
  -3.52999997       1.16455077E-12
  -3.52900004       1.16471156E-12
  -3.52800012       1.16508463E-12
  -3.52699995       1.16553197E-12
  -3.52600002       1.16605185E-12
  -3.52500010       1.16664220E-12
  -3.52399993       1.16691010E-12
  -3.52300000       1.16750912E-12
  -3.52200007       1.16791776E-12
  -3.52099991       1.16852264E-12
  -3.51999998       1.16944605E-12
  -3.51900005       1.17005136E-12
  -3.51799989       1.17046965E-12
  -3.51699996       1.17082863E-12
  -3.51600003       1.17112917E-12
  -3.51500010       1.17112700E-12
  -3.51399994       1.17107138E-12
  -3.51300001       1.17120484E-12
  -3.51200008       1.17116299E-12
  -3.51099992       1.17106834E-12
  -3.50999999       1.17080336E-12
  -3.50900006       1.17060615E-12
  -3.50799990       1.17059184E-12
  -3.50699997       1.17064052E-12
  -3.50600004       1.17063520E-12
  -3.50500011       1.17046260E-12
  -3.50399995       1.17046628E-12
  -3.50300002       1.17052949E-12
  -3.50200009       1.17065082E-12
  -3.50099993       1.17093986E-12
  -3.50000000       1.17106140E-12
  -3.49900007       1.17112841E-12
  -3.49799991       1.17157716E-12
  -3.49699998       1.17218323E-12
  -3.49600005       1.17294293E-12
  -3.49499989       1.17363931E-12
  -3.49399996       1.17427314E-12
  -3.49300003       1.17505593E-12
  -3.49200010       1.17598401E-12
  -3.49099994       1.17726174E-12
  -3.49000001       1.17867521E-12
  -3.48900008       1.18022107E-12
  -3.48799992       1.18189616E-12
  -3.48699999       1.18369724E-12
  -3.48600006       1.18562126E-12
  -3.48499990       1.18726654E-12
  -3.48399997       1.18923187E-12
  -3.48300004       1.19092063E-12
  -3.48200011       1.19311852E-12
  -3.48099995       1.19523304E-12
  -3.48000002       1.19726538E-12
  -3.47900009       1.19940754E-12
  -3.47799993       1.20184678E-12
  -3.47700000       1.20457637E-12
  -3.47600007       1.20721499E-12
  -3.47499990       1.21013594E-12
  -3.47399998       1.21314796E-12
  -3.47300005       1.21624846E-12
  -3.47199988       1.21943493E-12
  -3.47099996       1.22252382E-12
  -3.47000003       1.22551654E-12
  -3.46900010       1.22859264E-12
  -3.46799994       1.23157235E-12
  -3.46700001       1.23480935E-12
  -3.46600008       1.23759781E-12
  -3.46499991       1.24011988E-12
  -3.46399999       1.24272532E-12
  -3.46300006       1.24524056E-12
  -3.46199989       1.24766658E-12
  -3.46099997       1.24966649E-12
  -3.46000004       1.25225568E-12
  -3.45900011       1.25458780E-12
  -3.45799994       1.25666740E-12
  -3.45700002       1.25849895E-12
  -3.45600009       1.26057704E-12
  -3.45499992       1.26305823E-12
  -3.45400000       1.26528920E-12
  -3.45300007       1.26775456E-12
  -3.45199990       1.27044881E-12
  -3.45099998       1.27336661E-12
  -3.45000005       1.27618922E-12
  -3.44899988       1.27938491E-12
  -3.44799995       1.28248150E-12
  -3.44700003       1.28563382E-12
  -3.44600010       1.28838194E-12
  -3.44499993       1.29118829E-12
  -3.44400001       1.29390043E-12
  -3.44300008       1.29636980E-12
  -3.44199991       1.29874930E-12
  -3.44099998       1.30133512E-12
  -3.44000006       1.30412250E-12
  -3.43899989       1.30652433E-12
  -3.43799996       1.30912609E-12
  -3.43700004       1.31149226E-12
  -3.43600011       1.31376962E-12
  -3.43499994       1.31624247E-12
  -3.43400002       1.31862490E-12
  -3.43300009       1.32119760E-12
  -3.43199992       1.32381714E-12
  -3.43099999       1.32634409E-12
  -3.43000007       1.32864271E-12
  -3.42899990       1.33098903E-12
  -3.42799997       1.33311103E-12
  -3.42700005       1.33487839E-12
  -3.42600012       1.33656443E-12
  -3.42499995       1.33830252E-12
  -3.42400002       1.34022253E-12
  -3.42300010       1.34218971E-12
  -3.42199993       1.34420231E-12
  -3.42100000       1.34613002E-12
  -3.42000008       1.34784588E-12
  -3.41899991       1.34960803E-12
  -3.41799998       1.35116213E-12
  -3.41700006       1.35263740E-12
  -3.41599989       1.35403483E-12
  -3.41499996       1.35560302E-12
  -3.41400003       1.35733796E-12
  -3.41300011       1.35899159E-12
  -3.41199994       1.36068609E-12
  -3.41100001       1.36217925E-12
  -3.41000009       1.36407292E-12
  -3.40899992       1.36564523E-12
  -3.40799999       1.36761056E-12
  -3.40700006       1.36925660E-12
  -3.40599990       1.37082229E-12
  -3.40499997       1.37254010E-12
  -3.40400004       1.37417649E-12
  -3.40300012       1.37561826E-12
  -3.40199995       1.37720922E-12
  -3.40100002       1.37872038E-12
  -3.40000010       1.38037661E-12
  -3.39899993       1.38217454E-12
  -3.39800000       1.38388975E-12
  -3.39700007       1.38607203E-12
  -3.39599991       1.38794857E-12
  -3.39499998       1.38974130E-12
  -3.39400005       1.39123619E-12
  -3.39299989       1.39329325E-12
  -3.39199996       1.39483965E-12
  -3.39100003       1.39630657E-12
  -3.39000010       1.39790436E-12
  -3.38899994       1.39942181E-12
  -3.38800001       1.40086022E-12
  -3.38700008       1.40201511E-12
  -3.38599992       1.40329957E-12
  -3.38499999       1.40430527E-12
  -3.38400006       1.40584213E-12
  -3.38299990       1.40729941E-12
  -3.38199997       1.40887681E-12
  -3.38100004       1.41057131E-12
  -3.38000011       1.41257600E-12
  -3.37899995       1.41410559E-12
  -3.37800002       1.41574903E-12
  -3.37700009       1.41711935E-12
  -3.37599993       1.41841215E-12
  -3.37500000       1.42000756E-12
  -3.37400007       1.42171073E-12
  -3.37299991       1.42314491E-12
  -3.37199998       1.42487226E-12
  -3.37100005       1.42670175E-12
  -3.36999989       1.42808107E-12
  -3.36899996       1.42938265E-12
  -3.36800003       1.43096917E-12
  -3.36700010       1.43265499E-12
  -3.36599994       1.43425896E-12
  -3.36500001       1.43578205E-12
  -3.36400008       1.43704937E-12
  -3.36299992       1.43806527E-12
  -3.36199999       1.43883429E-12
  -3.36100006       1.43953339E-12
  -3.35999990       1.44033526E-12
  -3.35899997       1.44106688E-12
  -3.35800004       1.44139063E-12
  -3.35700011       1.44181867E-12
  -3.35599995       1.44201437E-12
  -3.35500002       1.44231382E-12
  -3.35400009       1.44287956E-12
  -3.35299993       1.44321447E-12
  -3.35200000       1.44348552E-12
  -3.35100007       1.44385513E-12
  -3.34999990       1.44383919E-12
  -3.34899998       1.44376405E-12
  -3.34800005       1.44347208E-12
  -3.34699988       1.44280952E-12
  -3.34599996       1.44209644E-12
  -3.34500003       1.44133349E-12
  -3.34400010       1.44052131E-12
  -3.34299994       1.43996739E-12
  -3.34200001       1.43981875E-12
  -3.34100008       1.43961308E-12
  -3.33999991       1.43920076E-12
  -3.33899999       1.43858558E-12
  -3.33800006       1.43836484E-12
  -3.33699989       1.43823560E-12
  -3.33599997       1.43790286E-12
  -3.33500004       1.43780680E-12
  -3.33400011       1.43750875E-12
  -3.33299994       1.43729972E-12
  -3.33200002       1.43717753E-12
  -3.33100009       1.43685660E-12
  -3.32999992       1.43690387E-12
  -3.32900000       1.43717200E-12
  -3.32800007       1.43751710E-12
  -3.32699990       1.43779942E-12
  -3.32599998       1.43815689E-12
  -3.32500005       1.43858764E-12
  -3.32399988       1.43908995E-12
  -3.32299995       1.43966187E-12
  -3.32200003       1.44016819E-12
  -3.32100010       1.44060968E-12
  -3.31999993       1.44098720E-12
  -3.31900001       1.44143269E-12
  -3.31800008       1.44181422E-12
  -3.31699991       1.44200331E-12
  -3.31599998       1.44187494E-12
  -3.31500006       1.44169008E-12
  -3.31399989       1.44144961E-12
  -3.31299996       1.44140624E-12
  -3.31200004       1.44143063E-12
  -3.31100011       1.44127256E-12
  -3.30999994       1.44142922E-12
  -3.30900002       1.44164888E-12
  -3.30800009       1.44205177E-12
  -3.30699992       1.44227046E-12
  -3.30599999       1.44278979E-12
  -3.30500007       1.44300544E-12
  -3.30399990       1.44351707E-12
  -3.30299997       1.44384634E-12
  -3.30200005       1.44387920E-12
  -3.30100012       1.44373738E-12
  -3.29999995       1.44342405E-12
  -3.29900002       1.44305726E-12
  -3.29800010       1.44286623E-12
  -3.29699993       1.44273384E-12
  -3.29600000       1.44265849E-12
  -3.29500008       1.44263898E-12
  -3.29399991       1.44289637E-12
  -3.29299998       1.44298256E-12
  -3.29200006       1.44290049E-12
  -3.29099989       1.44276225E-12
  -3.28999996       1.44256861E-12
  -3.28900003       1.44210479E-12
  -3.28800011       1.44180403E-12
  -3.28699994       1.44123721E-12
  -3.28600001       1.44125521E-12
  -3.28500009       1.44121607E-12
  -3.28399992       1.44112055E-12
  -3.28299999       1.44076201E-12
  -3.28200006       1.44055742E-12
  -3.28099990       1.44029862E-12
  -3.27999997       1.44018998E-12
  -3.27900004       1.44002605E-12
  -3.27800012       1.43980758E-12
  -3.27699995       1.43993443E-12
  -3.27600002       1.44020137E-12
  -3.27500010       1.44040845E-12
  -3.27399993       1.44094784E-12
  -3.27300000       1.44103490E-12
  -3.27200007       1.44145091E-12
  -3.27099991       1.44161321E-12
  -3.26999998       1.44190779E-12
  -3.26900005       1.44214230E-12
  -3.26799989       1.44250584E-12
  -3.26699996       1.44262120E-12
  -3.26600003       1.44267898E-12
  -3.26500010       1.44249499E-12
  -3.26399994       1.44262423E-12
  -3.26300001       1.44287804E-12
  -3.26200008       1.44343489E-12
  -3.26099992       1.44446868E-12
  -3.25999999       1.44525429E-12
  -3.25900006       1.44632938E-12
  -3.25799990       1.44715793E-12
  -3.25699997       1.44827087E-12
  -3.25600004       1.44931343E-12
  -3.25500011       1.45080649E-12
  -3.25399995       1.45239647E-12
  -3.25300002       1.45408121E-12
  -3.25200009       1.45568833E-12
  -3.25099993       1.45721879E-12
  -3.25000000       1.45850584E-12
  -3.24900007       1.45972026E-12
  -3.24799991       1.46102867E-12
  -3.24699998       1.46209954E-12
  -3.24600005       1.46342779E-12
  -3.24499989       1.46484539E-12
  -3.24399996       1.46635026E-12
  -3.24300003       1.46777967E-12
  -3.24200010       1.46929409E-12
  -3.24099994       1.47120825E-12
  -3.24000001       1.47304185E-12
  -3.23900008       1.47495221E-12
  -3.23799992       1.47709286E-12
  -3.23699999       1.47930431E-12
  -3.23600006       1.48112425E-12
  -3.23499990       1.48286472E-12
  -3.23399997       1.48498108E-12
  -3.23300004       1.48671288E-12
  -3.23200011       1.48851580E-12
  -3.23099995       1.49023925E-12
  -3.23000002       1.49203198E-12
  -3.22900009       1.49403883E-12
  -3.22799993       1.49581768E-12
  -3.22700000       1.49780720E-12
  -3.22600007       1.49942667E-12
  -3.22499990       1.50111195E-12
  -3.22399998       1.50314570E-12
  -3.22300005       1.50481418E-12
  -3.22199988       1.50682602E-12
  -3.22099996       1.50889501E-12
  -3.22000003       1.51088094E-12
  -3.21900010       1.51319810E-12
  -3.21799994       1.51542895E-12
  -3.21700001       1.51784672E-12
  -3.21600008       1.52017678E-12
  -3.21499991       1.52242032E-12
  -3.21399999       1.52471178E-12
  -3.21300006       1.52678445E-12
  -3.21199989       1.52890547E-12
  -3.21099997       1.53081150E-12
  -3.21000004       1.53289642E-12
  -3.20900011       1.53515633E-12
  -3.20799994       1.53707320E-12
  -3.20700002       1.53929170E-12
  -3.20600009       1.54142465E-12
  -3.20499992       1.54347325E-12
  -3.20400000       1.54556370E-12
  -3.20300007       1.54794396E-12
  -3.20199990       1.55036032E-12
  -3.20099998       1.55293454E-12
  -3.20000005       1.55554085E-12
  -3.19899988       1.55805653E-12
  -3.19799995       1.56060353E-12
  -3.19700003       1.56330038E-12
  -3.19600010       1.56602465E-12
  -3.19499993       1.56877506E-12
  -3.19400001       1.57131513E-12
  -3.19300008       1.57376521E-12
  -3.19199991       1.57635884E-12
  -3.19099998       1.57886161E-12
  -3.19000006       1.58115990E-12
  -3.18899989       1.58314290E-12
  -3.18799996       1.58515605E-12
  -3.18700004       1.58697274E-12
  -3.18600011       1.58882022E-12
  -3.18499994       1.59069719E-12
  -3.18400002       1.59271327E-12
  -3.18300009       1.59442576E-12
  -3.18199992       1.59649496E-12
  -3.18099999       1.59804559E-12
  -3.18000007       1.59930261E-12
  -3.17899990       1.60069950E-12
  -3.17799997       1.60180723E-12
  -3.17700005       1.60305395E-12
  -3.17600012       1.60443674E-12
  -3.17499995       1.60553450E-12
  -3.17400002       1.60635220E-12
  -3.17300010       1.60730717E-12
  -3.17199993       1.60819166E-12
  -3.17100000       1.60859856E-12
  -3.17000008       1.60914424E-12
  -3.16899991       1.61002700E-12
  -3.16799998       1.61084015E-12
  -3.16700006       1.61158435E-12
  -3.16599989       1.61245832E-12
  -3.16499996       1.61326280E-12
  -3.16400003       1.61419370E-12
  -3.16300011       1.61505434E-12
  -3.16199994       1.61623124E-12
  -3.16100001       1.61752643E-12
  -3.16000009       1.61855653E-12
  -3.15899992       1.62008276E-12
  -3.15799999       1.62153147E-12
  -3.15700006       1.62309044E-12
  -3.15599990       1.62438574E-12
  -3.15499997       1.62597540E-12
  -3.15400004       1.62730333E-12
  -3.15300012       1.62873838E-12
  -3.15199995       1.63045922E-12
  -3.15100002       1.63192008E-12
  -3.15000010       1.63330417E-12
  -3.14899993       1.63479018E-12
  -3.14800000       1.63619910E-12
  -3.14700007       1.63805883E-12
  -3.14599991       1.63948759E-12
  -3.14499998       1.64101339E-12
  -3.14400005       1.64263405E-12
  -3.14299989       1.64417579E-12
  -3.14199996       1.64581001E-12
  -3.14100003       1.64719605E-12
  -3.14000010       1.64867425E-12
  -3.13899994       1.65024255E-12
  -3.13800001       1.65156647E-12
  -3.13700008       1.65298027E-12
  -3.13599992       1.65464604E-12
  -3.13499999       1.65606927E-12
  -3.13400006       1.65725387E-12
  -3.13299990       1.65852607E-12
  -3.13199997       1.65972368E-12
  -3.13100004       1.66068851E-12
  -3.13000011       1.66174062E-12
  -3.12899995       1.66287806E-12
  -3.12800002       1.66394253E-12
  -3.12700009       1.66509027E-12
  -3.12599993       1.66616493E-12
  -3.12500000       1.66701418E-12
  -3.12400007       1.66779394E-12
  -3.12299991       1.66865675E-12
  -3.12199998       1.66945006E-12
  -3.12100005       1.67047398E-12
  -3.11999989       1.67127781E-12
  -3.11899996       1.67216067E-12
  -3.11800003       1.67282692E-12
  -3.11700010       1.67328000E-12
  -3.11599994       1.67366869E-12
  -3.11500001       1.67413815E-12
  -3.11400008       1.67425611E-12
  -3.11299992       1.67459894E-12
  -3.11199999       1.67473717E-12
  -3.11100006       1.67481491E-12
  -3.10999990       1.67497299E-12
  -3.10899997       1.67534855E-12
  -3.10800004       1.67566102E-12
  -3.10700011       1.67618577E-12
  -3.10599995       1.67650908E-12
  -3.10500002       1.67717695E-12
  -3.10400009       1.67791323E-12
  -3.10299993       1.67871598E-12
  -3.10200000       1.67958388E-12
  -3.10100007       1.68038272E-12
  -3.09999990       1.68137672E-12
  -3.09899998       1.68243110E-12
  -3.09800005       1.68328415E-12
  -3.09699988       1.68432694E-12
  -3.09599996       1.68542719E-12
  -3.09500003       1.68632794E-12
  -3.09400010       1.68728627E-12
  -3.09299994       1.68817456E-12
  -3.09200001       1.68899378E-12
  -3.09100008       1.68999396E-12
  -3.08999991       1.69079974E-12
  -3.08899999       1.69178376E-12
  -3.08800006       1.69245271E-12
  -3.08699989       1.69329850E-12
  -3.08599997       1.69431754E-12
  -3.08500004       1.69502563E-12
  -3.08400011       1.69590579E-12
  -3.08299994       1.69647955E-12
  -3.08200002       1.69710611E-12
  -3.08100009       1.69766686E-12
  -3.07999992       1.69804600E-12
  -3.07900000       1.69847816E-12
  -3.07800007       1.69873187E-12
  -3.07699990       1.69903870E-12
  -3.07599998       1.69951152E-12
  -3.07500005       1.69980729E-12
  -3.07399988       1.70015391E-12
  -3.07299995       1.70032651E-12
  -3.07200003       1.70055018E-12
  -3.07100010       1.70093410E-12
  -3.06999993       1.70147490E-12
  -3.06900001       1.70216966E-12
  -3.06800008       1.70301512E-12
  -3.06699991       1.70379249E-12
  -3.06599998       1.70428829E-12
  -3.06500006       1.70535959E-12
  -3.06399989       1.70636010E-12
  -3.06299996       1.70750133E-12
  -3.06200004       1.70857111E-12
  -3.06100011       1.70977826E-12
  -3.05999994       1.71091320E-12
  -3.05900002       1.71177113E-12
  -3.05800009       1.71276535E-12
  -3.05699992       1.71328370E-12
  -3.05599999       1.71373809E-12
  -3.05500007       1.71412927E-12
  -3.05399990       1.71465750E-12
  -3.05299997       1.71512164E-12
  -3.05200005       1.71571980E-12
  -3.05100012       1.71684075E-12
  -3.04999995       1.71769586E-12
  -3.04900002       1.71867685E-12
  -3.04800010       1.71958845E-12
  -3.04699993       1.72043163E-12
  -3.04600000       1.72158739E-12
  -3.04500008       1.72267181E-12
  -3.04399991       1.72406143E-12
  -3.04299998       1.72537700E-12
  -3.04200006       1.72680490E-12
  -3.04099989       1.72778914E-12
  -3.03999996       1.72870409E-12
  -3.03900003       1.72955064E-12
  -3.03800011       1.73069209E-12
  -3.03699994       1.73194250E-12
  -3.03600001       1.73347881E-12
  -3.03500009       1.73511737E-12
  -3.03399992       1.73667894E-12
  -3.03299999       1.73798844E-12
  -3.03200006       1.73922487E-12
  -3.03099990       1.74056288E-12
  -3.02999997       1.74165456E-12
  -3.02900004       1.74284762E-12
  -3.02800012       1.74379803E-12
  -3.02699995       1.74467970E-12
  -3.02600002       1.74549340E-12
  -3.02500010       1.74623987E-12
  -3.02399993       1.74691999E-12
  -3.02300000       1.74736874E-12
  -3.02200007       1.74758981E-12
  -3.02099991       1.74807857E-12
  -3.01999998       1.74866697E-12
  -3.01900005       1.74935283E-12
  -3.01799989       1.75013422E-12
  -3.01699996       1.75084903E-12
  -3.01600003       1.75149804E-12
  -3.01500010       1.75192391E-12
  -3.01399994       1.75213023E-12
  -3.01300001       1.75227682E-12
  -3.01200008       1.75236453E-12
  -3.01099992       1.75254830E-12
  -3.00999999       1.75297981E-12
  -3.00900006       1.75334909E-12
  -3.00799990       1.75350522E-12
  -3.00699997       1.75360247E-12
  -3.00600004       1.75394128E-12
  -3.00500011       1.75421917E-12
  -3.00399995       1.75473329E-12
  -3.00300002       1.75547890E-12
  -3.00200009       1.75615891E-12
  -3.00099993       1.75691970E-12
  -3.00000000       1.75775930E-12
  -2.99900007       1.75853223E-12
  -2.99799991       1.75909623E-12
  -2.99699998       1.75973895E-12
  -2.99600005       1.76074140E-12
  -2.99499989       1.76167544E-12
  -2.99399996       1.76268147E-12
  -2.99300003       1.76375776E-12
  -2.99200010       1.76462675E-12
  -2.99099994       1.76570325E-12
  -2.99000001       1.76671058E-12
  -2.98900008       1.76792066E-12
  -2.98799992       1.76932969E-12
  -2.98699999       1.77066565E-12
  -2.98600006       1.77192917E-12
  -2.98499990       1.77298866E-12
  -2.98399997       1.77411091E-12
  -2.98300004       1.77477033E-12
  -2.98200011       1.77562576E-12
  -2.98099995       1.77641463E-12
  -2.98000002       1.77713757E-12
  -2.97900009       1.77779547E-12
  -2.97799993       1.77826178E-12
  -2.97700000       1.77891913E-12
  -2.97600007       1.77963785E-12
  -2.97499990       1.78054186E-12
  -2.97399998       1.78137876E-12
  -2.97300005       1.78202581E-12
  -2.97199988       1.78260878E-12
  -2.97099996       1.78337282E-12
  -2.97000003       1.78382862E-12
  -2.96900010       1.78434340E-12
  -2.96799994       1.78479573E-12
  -2.96700001       1.78506710E-12
  -2.96600008       1.78563490E-12
  -2.96499991       1.78602185E-12
  -2.96399999       1.78646518E-12
  -2.96300006       1.78708036E-12
  -2.96199989       1.78763211E-12
  -2.96099997       1.78789080E-12
  -2.96000004       1.78809018E-12
  -2.95900011       1.78845903E-12
  -2.95799994       1.78899387E-12
  -2.95700002       1.78935393E-12
  -2.95600009       1.78954171E-12
  -2.95499992       1.78967128E-12
  -2.95400000       1.78996455E-12
  -2.95300007       1.79019863E-12
  -2.95199990       1.79037395E-12
  -2.95099998       1.79027377E-12
  -2.95000005       1.79033524E-12
  -2.94899988       1.79034012E-12
  -2.94799995       1.79050297E-12
  -2.94700003       1.79082064E-12
  -2.94600010       1.79086769E-12
  -2.94499993       1.79085848E-12
  -2.94400001       1.79079375E-12
  -2.94300008       1.79108963E-12
  -2.94199991       1.79111988E-12
  -2.94099998       1.79129975E-12
  -2.94000006       1.79121778E-12
  -2.93899989       1.79128435E-12
  -2.93799996       1.79149653E-12
  -2.93700004       1.79145034E-12
  -2.93600011       1.79154879E-12
  -2.93499994       1.79159075E-12
  -2.93400002       1.79157709E-12
  -2.93300009       1.79170437E-12
  -2.93199992       1.79177506E-12
  -2.93099999       1.79198366E-12
  -2.93000007       1.79213480E-12
  -2.92899990       1.79222923E-12
  -2.92799997       1.79245800E-12
  -2.92700005       1.79281871E-12
  -2.92600012       1.79312023E-12
  -2.92499995       1.79336353E-12
  -2.92400002       1.79354903E-12
  -2.92300010       1.79349255E-12
  -2.92199993       1.79356584E-12
  -2.92100000       1.79358362E-12
  -2.92000008       1.79354643E-12
  -2.91899991       1.79345503E-12
  -2.91799998       1.79331008E-12
  -2.91700006       1.79311210E-12
  -2.91599989       1.79268384E-12
  -2.91499996       1.79238297E-12
  -2.91400003       1.79220690E-12
  -2.91300011       1.79215323E-12
  -2.91199994       1.79169819E-12
  -2.91100001       1.79136675E-12
  -2.91000009       1.79081305E-12
  -2.90899992       1.79021132E-12
  -2.90799999       1.78956242E-12
  -2.90700006       1.78903572E-12
  -2.90599990       1.78846087E-12
  -2.90499997       1.78783865E-12
  -2.90400004       1.78733580E-12
  -2.90300012       1.78661946E-12
  -2.90199995       1.78585749E-12
  -2.90100002       1.78505051E-12
  -2.90000010       1.78419887E-12
  -2.89899993       1.78362631E-12
  -2.89800000       1.78316726E-12
  -2.89700007       1.78281955E-12
  -2.89599991       1.78273997E-12
  -2.89499998       1.78276567E-12
  -2.89400005       1.78258081E-12
  -2.89299989       1.78250090E-12
  -2.89199996       1.78252378E-12
  -2.89100003       1.78218453E-12
  -2.89000010       1.78194948E-12
  -2.88899994       1.78212165E-12
  -2.88800001       1.78223885E-12
  -2.88700008       1.78230174E-12
  -2.88599992       1.78246101E-12
  -2.88499999       1.78271460E-12
  -2.88400006       1.78306079E-12
  -2.88299990       1.78320271E-12
  -2.88199997       1.78343690E-12
  -2.88100004       1.78346975E-12
  -2.88000011       1.78359454E-12
  -2.87899995       1.78395352E-12
  -2.87800002       1.78454267E-12
  -2.87700009       1.78492984E-12
  -2.87599993       1.78540190E-12
  -2.87500000       1.78609796E-12
  -2.87400007       1.78673363E-12
  -2.87299991       1.78730967E-12
  -2.87199998       1.78782661E-12
  -2.87100005       1.78828534E-12
  -2.86999989       1.78868639E-12
  -2.86899996       1.78916680E-12
  -2.86800003       1.78958931E-12
  -2.86700010       1.79022433E-12
  -2.86599994       1.79079993E-12
  -2.86500001       1.79158327E-12
  -2.86400008       1.79230545E-12
  -2.86299992       1.79270368E-12
  -2.86199999       1.79317618E-12
  -2.86100006       1.79359121E-12
  -2.85999990       1.79394921E-12
  -2.85899997       1.79437997E-12
  -2.85800004       1.79462565E-12
  -2.85700011       1.79494375E-12
  -2.85599995       1.79507949E-12
  -2.85500002       1.79528766E-12
  -2.85400009       1.79556673E-12
  -2.85299993       1.79603999E-12
  -2.85200000       1.79658003E-12
  -2.85100007       1.79718523E-12
  -2.84999990       1.79773178E-12
  -2.84899998       1.79822043E-12
  -2.84800005       1.79877294E-12
  -2.84699988       1.79914677E-12
  -2.84599996       1.79982440E-12
  -2.84500003       1.80044261E-12
  -2.84400010       1.80112067E-12
  -2.84299994       1.80162157E-12
  -2.84200001       1.80206522E-12
  -2.84100008       1.80280194E-12
  -2.83999991       1.80371072E-12
  -2.83899999       1.80467306E-12
  -2.83800006       1.80534374E-12
  -2.83699989       1.80606940E-12
  -2.83599997       1.80662202E-12
  -2.83500004       1.80700409E-12
  -2.83400011       1.80744254E-12
  -2.83299994       1.80793607E-12
  -2.83200002       1.80848359E-12
  -2.83100009       1.80864265E-12
  -2.82999992       1.80896791E-12
  -2.82900000       1.80923809E-12
  -2.82800007       1.80967079E-12
  -2.82699990       1.81026320E-12
  -2.82599998       1.81058304E-12
  -2.82500005       1.81084813E-12
  -2.82399988       1.81127129E-12
  -2.82299995       1.81163840E-12
  -2.82200003       1.81216023E-12
  -2.82100010       1.81241632E-12
  -2.81999993       1.81220327E-12
  -2.81900001       1.81256084E-12
  -2.81800008       1.81286323E-12
  -2.81699991       1.81351971E-12
  -2.81599998       1.81371183E-12
  -2.81500006       1.81385083E-12
  -2.81399989       1.81393724E-12
  -2.81299996       1.81417164E-12
  -2.81200004       1.81435249E-12
  -2.81100011       1.81408534E-12
  -2.80999994       1.81396684E-12
  -2.80900002       1.81399427E-12
  -2.80800009       1.81397063E-12
  -2.80699992       1.81389658E-12
  -2.80599999       1.81377266E-12
  -2.80500007       1.81379065E-12
  -2.80399990       1.81394786E-12
  -2.80299997       1.81405292E-12
  -2.80200005       1.81410637E-12
  -2.80100012       1.81392173E-12
  -2.79999995       1.81368874E-12
  -2.79900002       1.81322286E-12
  -2.79800010       1.81252788E-12
  -2.79699993       1.81215611E-12
  -2.79600000       1.81210201E-12
  -2.79500008       1.81199847E-12
  -2.79399991       1.81202579E-12
  -2.79299998       1.81164480E-12
  -2.79200006       1.81157389E-12
  -2.79099989       1.81127682E-12
  -2.78999996       1.81128517E-12
  -2.78900003       1.81106844E-12
  -2.78800011       1.81097834E-12
  -2.78699994       1.81066620E-12
  -2.78600001       1.81030765E-12
  -2.78500009       1.81024607E-12
  -2.78399992       1.81030581E-12
  -2.78299999       1.81048481E-12
  -2.78200006       1.81061232E-12
  -2.78099990       1.81068897E-12
  -2.77999997       1.81071510E-12
  -2.77900004       1.81085745E-12
  -2.77800012       1.81111376E-12
  -2.77699995       1.81131781E-12
  -2.77600002       1.81147035E-12
  -2.77500010       1.81157194E-12
  -2.77399993       1.81194588E-12
  -2.77300000       1.81194545E-12
  -2.77200007       1.81189579E-12
  -2.77099991       1.81195629E-12
  -2.76999998       1.81196703E-12
  -2.76900005       1.81224274E-12
  -2.76799989       1.81262264E-12
  -2.76699996       1.81294931E-12
  -2.76600003       1.81306901E-12
  -2.76500010       1.81329214E-12
  -2.76399994       1.81361675E-12
  -2.76300001       1.81404110E-12
  -2.76200008       1.81426076E-12
  -2.76099992       1.81473012E-12
  -2.75999999       1.81529531E-12
  -2.75900006       1.81565667E-12
  -2.75799990       1.81626155E-12
  -2.75699997       1.81710571E-12
  -2.75600004       1.81774561E-12
  -2.75500011       1.81847560E-12
  -2.75399995       1.81929385E-12
  -2.75300002       1.82019894E-12
  -2.75200009       1.82104570E-12
  -2.75099993       1.82169210E-12
  -2.75000000       1.82242481E-12
  -2.74900007       1.82310113E-12
  -2.74799991       1.82400232E-12
  -2.74699998       1.82456611E-12
  -2.74600005       1.82521403E-12
  -2.74499989       1.82580665E-12
  -2.74399996       1.82648189E-12
  -2.74300003       1.82710119E-12
  -2.74200010       1.82780158E-12
  -2.74099994       1.82871621E-12
  -2.74000001       1.82984140E-12
  -2.73900008       1.83077273E-12
  -2.73799992       1.83191158E-12
  -2.73699999       1.83325447E-12
  -2.73600006       1.83440329E-12
  -2.73499990       1.83536042E-12
  -2.73399997       1.83638955E-12
  -2.73300004       1.83722959E-12
  -2.73200011       1.83801260E-12
  -2.73099995       1.83886695E-12
  -2.73000002       1.83979156E-12
  -2.72900009       1.84078469E-12
  -2.72799993       1.84197124E-12
  -2.72700000       1.84309707E-12
  -2.72600007       1.84391326E-12
  -2.72499990       1.84492048E-12
  -2.72399998       1.84574578E-12
  -2.72300005       1.84675951E-12
  -2.72199988       1.84808072E-12
  -2.72099996       1.84921826E-12
  -2.72000003       1.85029552E-12
  -2.71900010       1.85131337E-12
  -2.71799994       1.85215298E-12
  -2.71700001       1.85281651E-12
  -2.71600008       1.85354336E-12
  -2.71499991       1.85433201E-12
  -2.71399999       1.85518137E-12
  -2.71300006       1.85597371E-12
  -2.71199989       1.85659387E-12
  -2.71099997       1.85727475E-12
  -2.71000004       1.85801526E-12
  -2.70900011       1.85892773E-12
  -2.70799994       1.85989613E-12
  -2.70700002       1.86080643E-12
  -2.70600009       1.86165948E-12
  -2.70499992       1.86256696E-12
  -2.70400000       1.86352821E-12
  -2.70300007       1.86476268E-12
  -2.70199990       1.86615632E-12
  -2.70099998       1.86748728E-12
  -2.70000005       1.86875645E-12
  -2.69899988       1.86996447E-12
  -2.69799995       1.87111221E-12
  -2.69700003       1.87241390E-12
  -2.69600010       1.87386716E-12
  -2.69499993       1.87525733E-12
  -2.69400001       1.87658504E-12
  -2.69300008       1.87827033E-12
  -2.69199991       1.87989012E-12
  -2.69099998       1.88144530E-12
  -2.69000006       1.88293630E-12
  -2.68899989       1.88436419E-12
  -2.68799996       1.88613730E-12
  -2.68700004       1.88845337E-12
  -2.68600011       1.89069745E-12
  -2.68499994       1.89266918E-12
  -2.68400002       1.89457282E-12
  -2.68300009       1.89680628E-12
  -2.68199992       1.89916659E-12
  -2.68099999       1.90145425E-12
  -2.68000007       1.90347456E-12
  -2.67899990       1.90562063E-12
  -2.67799997       1.90769666E-12
  -2.67700005       1.90989564E-12
  -2.67600012       1.91202392E-12
  -2.67499995       1.91389135E-12
  -2.67400002       1.91588130E-12
  -2.67300010       1.91780272E-12
  -2.67199993       1.91984362E-12
  -2.67100000       1.92181557E-12
  -2.67000008       1.92353338E-12
  -2.66899991       1.92537024E-12
  -2.66799998       1.92732375E-12
  -2.66700006       1.92920918E-12
  -2.66599989       1.93102695E-12
  -2.66499996       1.93295900E-12
  -2.66400003       1.93464298E-12
  -2.66300011       1.93644059E-12
  -2.66199994       1.93817163E-12
  -2.66100001       1.93965937E-12
  -2.66000009       1.94126030E-12
  -2.65899992       1.94314747E-12
  -2.65799999       1.94531609E-12
  -2.65700006       1.94741445E-12
  -2.65599990       1.94961582E-12
  -2.65499997       1.95226192E-12
  -2.65400004       1.95500365E-12
  -2.65300012       1.95766905E-12
  -2.65199995       1.95992051E-12
  -2.65100002       1.96243737E-12
  -2.65000010       1.96454506E-12
  -2.64899993       1.96674968E-12
  -2.64800000       1.96888339E-12
  -2.64700007       1.97127666E-12
  -2.64599991       1.97359707E-12
  -2.64499998       1.97584570E-12
  -2.64400005       1.97802278E-12
  -2.64299989       1.98029071E-12
  -2.64199996       1.98264799E-12
  -2.64100003       1.98477281E-12
  -2.64000010       1.98698675E-12
  -2.63899994       1.98944615E-12
  -2.63800001       1.99198926E-12
  -2.63700008       1.99461476E-12
  -2.63599992       1.99716502E-12
  -2.63499999       1.99948565E-12
  -2.63400006       2.00188846E-12
  -2.63299990       2.00406488E-12
  -2.63199997       2.00632328E-12
  -2.63100004       2.00835832E-12
  -2.63000011       2.01002192E-12
  -2.62899995       2.01146998E-12
  -2.62800002       2.01300413E-12
  -2.62700009       2.01462306E-12
  -2.62599993       2.01632526E-12
  -2.62500000       2.01810877E-12
  -2.62400007       2.02011866E-12
  -2.62299991       2.02220532E-12
  -2.62199998       2.02407752E-12
  -2.62100005       2.02588207E-12
  -2.61999989       2.02761983E-12
  -2.61899996       2.02929145E-12
  -2.61800003       2.03118186E-12
  -2.61700010       2.03314600E-12
  -2.61599994       2.03532308E-12
  -2.61500001       2.03770941E-12
  -2.61400008       2.04016209E-12
  -2.61299992       2.04226458E-12
  -2.61199999       2.04415955E-12
  -2.61100006       2.04598664E-12
  -2.60999990       2.04761035E-12
  -2.60899997       2.04903347E-12
  -2.60800004       2.05066368E-12
  -2.60700011       2.05222883E-12
  -2.60599995       2.05413074E-12
  -2.60500002       2.05583207E-12
  -2.60400009       2.05759997E-12
  -2.60299993       2.05916989E-12
  -2.60200000       2.06041347E-12
  -2.60100007       2.06172622E-12
  -2.59999990       2.06310728E-12
  -2.59899998       2.06429665E-12
  -2.59800005       2.06555411E-12
  -2.59699988       2.06675042E-12
  -2.59599996       2.06801351E-12
  -2.59500003       2.06908882E-12
  -2.59400010       2.07010516E-12
  -2.59299994       2.07118784E-12
  -2.59200001       2.07258516E-12
  -2.59100008       2.07354815E-12
  -2.58999991       2.07469979E-12
  -2.58899999       2.07591431E-12
  -2.58800006       2.07694625E-12
  -2.58699989       2.07767679E-12
  -2.58599997       2.07835160E-12
  -2.58500004       2.07909189E-12
  -2.58400011       2.07989593E-12
  -2.58299994       2.08076286E-12
  -2.58200002       2.08145480E-12
  -2.58100009       2.08209144E-12
  -2.57999992       2.08279097E-12
  -2.57900000       2.08331876E-12
  -2.57800007       2.08379321E-12
  -2.57699990       2.08433032E-12
  -2.57599998       2.08492923E-12
  -2.57500005       2.08535966E-12
  -2.57399988       2.08573805E-12
  -2.57299995       2.08629121E-12
  -2.57200003       2.08701611E-12
  -2.57100010       2.08791014E-12
  -2.56999993       2.08874736E-12
  -2.56900001       2.08963944E-12
  -2.56800008       2.09047493E-12
  -2.56699991       2.09125447E-12
  -2.56599998       2.09197828E-12
  -2.56500006       2.09286494E-12
  -2.56399989       2.09412782E-12
  -2.56299996       2.09511531E-12
  -2.56200004       2.09625958E-12
  -2.56100011       2.09755802E-12
  -2.55999994       2.09922010E-12
  -2.55900002       2.10124041E-12
  -2.55800009       2.10298315E-12
  -2.55699992       2.10424300E-12
  -2.55599999       2.10544277E-12
  -2.55500007       2.10679000E-12
  -2.55399990       2.10807652E-12
  -2.55299997       2.10950745E-12
  -2.55200005       2.11067296E-12
  -2.55100012       2.11177950E-12
  -2.54999995       2.11282771E-12
  -2.54900002       2.11442040E-12
  -2.54800010       2.11555036E-12
  -2.54699993       2.11662155E-12
  -2.54600000       2.11743709E-12
  -2.54500008       2.11819733E-12
  -2.54399991       2.11949013E-12
  -2.54299998       2.12052815E-12
  -2.54200006       2.12150848E-12
  -2.54099989       2.12223880E-12
  -2.53999996       2.12291469E-12
  -2.53900003       2.12391888E-12
  -2.53800011       2.12467587E-12
  -2.53699994       2.12575682E-12
  -2.53600001       2.12677966E-12
  -2.53500009       2.12774546E-12
  -2.53399992       2.12865467E-12
  -2.53299999       2.12950772E-12
  -2.53200006       2.13067476E-12
  -2.53099990       2.13159937E-12
  -2.52999997       2.13265061E-12
  -2.52900004       2.13346268E-12
  -2.52800012       2.13458201E-12
  -2.52699995       2.13564322E-12
  -2.52600002       2.13682631E-12
  -2.52500010       2.13812930E-12
  -2.52399993       2.13919507E-12
  -2.52300000       2.14038010E-12
  -2.52200007       2.14150681E-12
  -2.52099991       2.14257561E-12
  -2.51999998       2.14358696E-12
  -2.51900005       2.14454171E-12
  -2.51799989       2.14561246E-12
  -2.51699996       2.14662619E-12
  -2.51600003       2.14758311E-12
  -2.51500010       2.14848408E-12
  -2.51399994       2.14932954E-12
  -2.51300001       2.15011993E-12
  -2.51200008       2.15068870E-12
  -2.51099992       2.15103846E-12
  -2.50999999       2.15117269E-12
  -2.50900006       2.15158880E-12
  -2.50799990       2.15162610E-12
  -2.50699997       2.15210640E-12
  -2.50600004       2.15269838E-12
  -2.50500011       2.15307611E-12
  -2.50399995       2.15324308E-12
  -2.50300002       2.15384243E-12
  -2.50200009       2.15407076E-12
  -2.50099993       2.15425074E-12
  -2.50000000       2.15454043E-12
  -2.49900007       2.15493834E-12
  -2.49799991       2.15528615E-12
  -2.49699998       2.15558430E-12
  -2.49600005       2.15567885E-12
  -2.49499989       2.15603425E-12
  -2.49399996       2.15664704E-12
  -2.49300003       2.15720801E-12
  -2.49200010       2.15786937E-12
  -2.49099994       2.15862940E-12
  -2.49000001       2.15903554E-12
  -2.48900008       2.15939159E-12
  -2.48799992       2.15984760E-12
  -2.48699999       2.16010499E-12
  -2.48600006       2.16046170E-12
  -2.48499990       2.16076918E-12
  -2.48399997       2.16132017E-12
  -2.48300004       2.16211099E-12
  -2.48200011       2.16299331E-12
  -2.48099995       2.16410939E-12
  -2.48000002       2.16516909E-12
  -2.47900009       2.16631595E-12
  -2.47799993       2.16740601E-12
  -2.47700000       2.16843991E-12
  -2.47600007       2.16927800E-12
  -2.47499990       2.17006252E-12
  -2.47399998       2.17093314E-12
  -2.47300005       2.17188875E-12
  -2.47199988       2.17320324E-12
  -2.47099996       2.17432257E-12
  -2.47000003       2.17538596E-12
  -2.46900010       2.17625765E-12
  -2.46799994       2.17694049E-12
  -2.46700001       2.17757149E-12
  -2.46600008       2.17815111E-12
  -2.46499991       2.17854641E-12
  -2.46399999       2.17902562E-12
  -2.46300006       2.17971908E-12
  -2.46199989       2.18022952E-12
  -2.46099997       2.18095138E-12
  -2.46000004       2.18175152E-12
  -2.45900011       2.18288755E-12
  -2.45799994       2.18371003E-12
  -2.45700002       2.18460775E-12
  -2.45600009       2.18570756E-12
  -2.45499992       2.18675186E-12
  -2.45400000       2.18774131E-12
  -2.45300007       2.18855034E-12
  -2.45199990       2.18918156E-12
  -2.45099998       2.18963714E-12
  -2.45000005       2.19029178E-12
  -2.44899988       2.19077165E-12
  -2.44799995       2.19132546E-12
  -2.44700003       2.19170667E-12
  -2.44600010       2.19191765E-12
  -2.44499993       2.19244566E-12
  -2.44400001       2.19292401E-12
  -2.44300008       2.19371353E-12
  -2.44199991       2.19433131E-12
  -2.44099998       2.19501782E-12
  -2.44000006       2.19588995E-12
  -2.43899989       2.19706263E-12
  -2.43799996       2.19794538E-12
  -2.43700004       2.19889211E-12
  -2.43600011       2.19978528E-12
  -2.43499994       2.20050996E-12
  -2.43400002       2.20152867E-12
  -2.43300009       2.20214992E-12
  -2.43199992       2.20294876E-12
  -2.43099999       2.20392281E-12
  -2.43000007       2.20484330E-12
  -2.42899990       2.20559855E-12
  -2.42799997       2.20607864E-12
  -2.42700005       2.20684408E-12
  -2.42600012       2.20777975E-12
  -2.42499995       2.20844198E-12
  -2.42400002       2.20905369E-12
  -2.42300010       2.20961552E-12
  -2.42199993       2.21034562E-12
  -2.42100000       2.21145758E-12
  -2.42000008       2.21251533E-12
  -2.41899991       2.21330463E-12
  -2.41799998       2.21382916E-12
  -2.41700006       2.21409241E-12
  -2.41599989       2.21367477E-12
  -2.41499996       2.21363813E-12
  -2.41400003       2.21334864E-12
  -2.41300011       2.21280936E-12
  -2.41199994       2.21223148E-12
  -2.41100001       2.21099571E-12
  -2.41000009       2.20993341E-12
  -2.40899992       2.20863280E-12
  -2.40799999       2.20730075E-12
  -2.40700006       2.20614044E-12
  -2.40599990       2.20535114E-12
  -2.40499997       2.20472664E-12
  -2.40400004       2.20386491E-12
  -2.40300012       2.20276900E-12
  -2.40199995       2.20183832E-12
  -2.40100002       2.20107027E-12
  -2.40000010       2.20046247E-12
  -2.39899993       2.19942684E-12
  -2.39800000       2.19835782E-12
  -2.39700007       2.19744947E-12
  -2.39599991       2.19669942E-12
  -2.39499998       2.19591359E-12
  -2.39400005       2.19509220E-12
  -2.39299989       2.19423611E-12
  -2.39199996       2.19334511E-12
  -2.39100003       2.19260829E-12
  -2.39000010       2.19183591E-12
  -2.38899994       2.19102817E-12
  -2.38800001       2.19037115E-12
  -2.38700008       2.18967791E-12
  -2.38599992       2.18858113E-12
  -2.38499999       2.18781850E-12
  -2.38400006       2.18720289E-12
  -2.38299990       2.18673235E-12
  -2.38199997       2.18622408E-12
  -2.38100004       2.18549896E-12
  -2.38000011       2.18473872E-12
  -2.37899995       2.18394356E-12
  -2.37800002       2.18329109E-12
  -2.37700009       2.18260306E-12
  -2.37599993       2.18223074E-12
  -2.37500000       2.18182048E-12
  -2.37400007       2.18172008E-12
  -2.37299991       2.18140610E-12
  -2.37199998       2.18105373E-12
  -2.37100005       2.18100603E-12
  -2.36999989       2.18108843E-12
  -2.36899996       2.18146876E-12
  -2.36800003       2.18214270E-12
  -2.36700010       2.18276937E-12
  -2.36599994       2.18334920E-12
  -2.36500001       2.18421613E-12
  -2.36400008       2.18503427E-12
  -2.36299992       2.18596885E-12
  -2.36199999       2.18718338E-12
  -2.36100006       2.18834564E-12
  -2.35999990       2.18929323E-12
  -2.35899997       2.19035337E-12
  -2.35800004       2.19168629E-12
  -2.35700011       2.19296586E-12
  -2.35599995       2.19419296E-12
  -2.35500002       2.19520842E-12
  -2.35400009       2.19649125E-12
  -2.35299993       2.19756331E-12
  -2.35200000       2.19827021E-12
  -2.35100007       2.19924274E-12
  -2.34999990       2.20000992E-12
  -2.34899998       2.20103970E-12
  -2.34800005       2.20171017E-12
  -2.34699988       2.20248776E-12
  -2.34599996       2.20337030E-12
  -2.34500003       2.20420448E-12
  -2.34400010       2.20499010E-12
  -2.34299994       2.20587914E-12
  -2.34200001       2.20671918E-12
  -2.34100008       2.20781054E-12
  -2.33999991       2.20885137E-12
  -2.33899999       2.21013876E-12
  -2.33800006       2.21166922E-12
  -2.33699989       2.21299823E-12
  -2.33599997       2.21442114E-12
  -2.33500004       2.21593620E-12
  -2.33400011       2.21725221E-12
  -2.33299994       2.21837154E-12
  -2.33200002       2.21987121E-12
  -2.33100009       2.22146000E-12
  -2.32999992       2.22299414E-12
  -2.32900000       2.22433226E-12
  -2.32800007       2.22575907E-12
  -2.32699990       2.22685173E-12
  -2.32599998       2.22789408E-12
  -2.32500005       2.22888678E-12
  -2.32399988       2.22941435E-12
  -2.32299995       2.22975913E-12
  -2.32200003       2.23033506E-12
  -2.32100010       2.23072884E-12
  -2.31999993       2.23121500E-12
  -2.31900001       2.23179222E-12
  -2.31800008       2.23218926E-12
  -2.31699991       2.23281116E-12
  -2.31599998       2.23338730E-12
  -2.31500006       2.23405149E-12
  -2.31399989       2.23453699E-12
  -2.31299996       2.23537421E-12
  -2.31200004       2.23590113E-12
  -2.31100011       2.23690641E-12
  -2.30999994       2.23747236E-12
  -2.30900002       2.23838201E-12
  -2.30800009       2.23937275E-12
  -2.30699992       2.24031492E-12
  -2.30599999       2.24120874E-12
  -2.30500007       2.24205485E-12
  -2.30399990       2.24310718E-12
  -2.30299997       2.24398430E-12
  -2.30200005       2.24493948E-12
  -2.30100012       2.24572140E-12
  -2.29999995       2.24633246E-12
  -2.29900002       2.24689820E-12
  -2.29800010       2.24741948E-12
  -2.29699993       2.24777358E-12
  -2.29600000       2.24820748E-12
  -2.29500008       2.24847614E-12
  -2.29399991       2.24882439E-12
  -2.29299998       2.24888858E-12
  -2.29200006       2.24915312E-12
  -2.29099989       2.24961521E-12
  -2.28999996       2.25015276E-12
  -2.28900003       2.25052789E-12
  -2.28800011       2.25097848E-12
  -2.28699994       2.25162098E-12
  -2.28600001       2.25221838E-12
  -2.28500009       2.25300442E-12
  -2.28399992       2.25362849E-12
  -2.28299999       2.25432346E-12
  -2.28200006       2.25497312E-12
  -2.28099990       2.25569238E-12
  -2.27999997       2.25648038E-12
  -2.27900004       2.25733581E-12
  -2.27800012       2.25791911E-12
  -2.27699995       2.25879536E-12
  -2.27600002       2.25984899E-12
  -2.27500010       2.26096615E-12
  -2.27399993       2.26203431E-12
  -2.27300000       2.26250225E-12
  -2.27200007       2.26336701E-12
  -2.27099991       2.26396636E-12
  -2.26999998       2.26452190E-12
  -2.26900005       2.26503386E-12
  -2.26799989       2.26550246E-12
  -2.26699996       2.26571322E-12
  -2.26600003       2.26609768E-12
  -2.26500010       2.26644029E-12
  -2.26399994       2.26652898E-12
  -2.26300001       2.26657842E-12
  -2.26200008       2.26700993E-12
  -2.26099992       2.26718969E-12
  -2.25999999       2.26712074E-12
  -2.25900006       2.26722178E-12
  -2.25799990       2.26728380E-12
  -2.25699997       2.26730679E-12
  -2.25600004       2.26708626E-12
  -2.25500011       2.26662526E-12
  -2.25399995       2.26633339E-12
  -2.25300002       2.26620849E-12
  -2.25200009       2.26564340E-12
  -2.25099993       2.26524593E-12
  -2.25000000       2.26461406E-12
  -2.24900007       2.26394988E-12
  -2.24799991       2.26345136E-12
  -2.24699998       2.26311678E-12
  -2.24600005       2.26294374E-12
  -2.24499989       2.26312545E-12
  -2.24399996       2.26346264E-12
  -2.24300003       2.26337156E-12
  -2.24200010       2.26343662E-12
  -2.24099994       2.26346372E-12
  -2.24000001       2.26345288E-12
  -2.23900008       2.26321414E-12
  -2.23799992       2.26275032E-12
  -2.23699999       2.26206423E-12
  -2.23600006       2.26115871E-12
  -2.23499990       2.26003613E-12
  -2.23399997       2.25907270E-12
  -2.23300004       2.25826584E-12
  -2.23200011       2.25779855E-12
  -2.23099995       2.25748218E-12
  -2.23000002       2.25768145E-12
  -2.22900009       2.25784192E-12
  -2.22799993       2.25778229E-12
  -2.22700000       2.25804835E-12
  -2.22600007       2.25809475E-12
  -2.22499990       2.25828362E-12
  -2.22399998       2.25861235E-12
  -2.22300005       2.25890183E-12
  -2.22199988       2.25932901E-12
  -2.22099996       2.25971564E-12
  -2.22000003       2.26006258E-12
  -2.21900010       2.26019507E-12
  -2.21799994       2.26028983E-12
  -2.21700001       2.26017382E-12
  -2.21600008       2.26019485E-12
  -2.21499991       2.26017924E-12
  -2.21399999       2.25978502E-12
  -2.21300006       2.25952828E-12
  -2.21199989       2.25923729E-12
  -2.21099997       2.25925051E-12
  -2.21000004       2.25922731E-12
  -2.20900011       2.25916790E-12
  -2.20799994       2.25923967E-12
  -2.20700002       2.25944090E-12
  -2.20600009       2.25960418E-12
  -2.20499992       2.25973016E-12
  -2.20400000       2.26031086E-12
  -2.20300007       2.26117714E-12
  -2.20199990       2.26216290E-12
  -2.20099998       2.26294222E-12
  -2.20000005       2.26384037E-12
  -2.19899988       2.26469516E-12
  -2.19799995       2.26534676E-12
  -2.19700003       2.26627549E-12
  -2.19600010       2.26700212E-12
  -2.19499993       2.26784455E-12
  -2.19400001       2.26880147E-12
  -2.19300008       2.26987092E-12
  -2.19199991       2.27089571E-12
  -2.19099998       2.27203130E-12
  -2.19000006       2.27296719E-12
  -2.18899989       2.27385970E-12
  -2.18799996       2.27501546E-12
  -2.18700004       2.27612569E-12
  -2.18600011       2.27719124E-12
  -2.18499994       2.27851505E-12
  -2.18400002       2.27949062E-12
  -2.18300009       2.28057265E-12
  -2.18199992       2.28146061E-12
  -2.18099999       2.28215689E-12
  -2.18000007       2.28281196E-12
  -2.17899990       2.28342627E-12
  -2.17799997       2.28414683E-12
  -2.17700005       2.28497234E-12
  -2.17600012       2.28560985E-12
  -2.17499995       2.28606175E-12
  -2.17400002       2.28690808E-12
  -2.17300010       2.28756836E-12
  -2.17199993       2.28861765E-12
  -2.17100000       2.28990828E-12
  -2.17000008       2.29115316E-12
  -2.16899991       2.29206953E-12
  -2.16799998       2.29308391E-12
  -2.16700006       2.29377433E-12
  -2.16599989       2.29442377E-12
  -2.16499996       2.29531108E-12
  -2.16400003       2.29587898E-12
  -2.16300011       2.29668324E-12
  -2.16199994       2.29744565E-12
  -2.16100001       2.29844073E-12
  -2.16000009       2.29966523E-12
  -2.15899992       2.30070889E-12
  -2.15799999       2.30157386E-12
  -2.15700006       2.30239699E-12
  -2.15599990       2.30344650E-12
  -2.15499997       2.30485314E-12
  -2.15400004       2.30608024E-12
  -2.15300012       2.30713018E-12
  -2.15199995       2.30800492E-12
  -2.15100002       2.30896899E-12
  -2.15000010       2.31015207E-12
  -2.14899993       2.31116059E-12
  -2.14800000       2.31199630E-12
  -2.14700007       2.31279058E-12
  -2.14599991       2.31367247E-12
  -2.14499998       2.31476882E-12
  -2.14400005       2.31582136E-12
  -2.14299989       2.31670390E-12
  -2.14199996       2.31741818E-12
  -2.14100003       2.31834430E-12
  -2.14000010       2.31947903E-12
  -2.13899994       2.32044549E-12
  -2.13800001       2.32136944E-12
  -2.13700008       2.32212752E-12
  -2.13599992       2.32309202E-12
  -2.13499999       2.32413719E-12
  -2.13400006       2.32513943E-12
  -2.13299990       2.32585565E-12
  -2.13199997       2.32653176E-12
  -2.13100004       2.32728897E-12
  -2.13000011       2.32812641E-12
  -2.12899995       2.32892286E-12
  -2.12800002       2.33003699E-12
  -2.12700009       2.33098913E-12
  -2.12599993       2.33201783E-12
  -2.12500000       2.33300402E-12
  -2.12400007       2.33441825E-12
  -2.12299991       2.33590404E-12
  -2.12199998       2.33746030E-12
  -2.12100005       2.33897016E-12
  -2.11999989       2.34054920E-12
  -2.11899996       2.34219675E-12
  -2.11800003       2.34391152E-12
  -2.11700010       2.34580693E-12
  -2.11599994       2.34765332E-12
  -2.11500001       2.34933752E-12
  -2.11400008       2.35108699E-12
  -2.11299992       2.35267600E-12
  -2.11199999       2.35421860E-12
  -2.11100006       2.35549189E-12
  -2.10999990       2.35705422E-12
  -2.10899997       2.35834919E-12
  -2.10800004       2.35982002E-12
  -2.10700011       2.36124510E-12
  -2.10599995       2.36284364E-12
  -2.10500002       2.36461306E-12
  -2.10400009       2.36611794E-12
  -2.10299993       2.36757705E-12
  -2.10200000       2.36899085E-12
  -2.10100007       2.37035955E-12
  -2.09999990       2.37168380E-12
  -2.09899998       2.37317609E-12
  -2.09800005       2.37462285E-12
  -2.09699988       2.37581396E-12
  -2.09599996       2.37675222E-12
  -2.09500003       2.37806714E-12
  -2.09400010       2.37933826E-12
  -2.09299994       2.38015120E-12
  -2.09200001       2.38113067E-12
  -2.09100008       2.38206893E-12
  -2.08999991       2.38317092E-12
  -2.08899999       2.38463893E-12
  -2.08800006       2.38585865E-12
  -2.08699989       2.38743986E-12
  -2.08599997       2.38877386E-12
  -2.08500004       2.38986305E-12
  -2.08400011       2.39091060E-12
  -2.08299994       2.39171747E-12
  -2.08200002       2.39228624E-12
  -2.08100009       2.39321258E-12
  -2.07999992       2.39429505E-12
  -2.07900000       2.39553169E-12
  -2.07800007       2.39692077E-12
  -2.07699990       2.39846012E-12
  -2.07599998       2.39976051E-12
  -2.07500005       2.40101754E-12
  -2.07399988       2.40203972E-12
  -2.07299995       2.40282945E-12
  -2.07200003       2.40338934E-12
  -2.07100010       2.40410187E-12
  -2.06999993       2.40477581E-12
  -2.06900001       2.40541159E-12
  -2.06800008       2.40600964E-12
  -2.06699991       2.40656995E-12
  -2.06599998       2.40690714E-12
  -2.06500006       2.40739438E-12
  -2.06399989       2.40766044E-12
  -2.06299996       2.40825957E-12
  -2.06200004       2.40845516E-12
  -2.06100011       2.40861649E-12
  -2.05999994       2.40856228E-12
  -2.05900002       2.40865704E-12
  -2.05800009       2.40889904E-12
  -2.05699992       2.40892701E-12
  -2.05599999       2.40928002E-12
  -2.05500007       2.40941989E-12
  -2.05399990       2.40988132E-12
  -2.05299997       2.41030676E-12
  -2.05200005       2.41069664E-12
  -2.05100012       2.41070033E-12
  -2.04999995       2.41084670E-12
  -2.04900002       2.41078598E-12
  -2.04800010       2.41086665E-12
  -2.04699993       2.41125999E-12
  -2.04600000       2.41144648E-12
  -2.04500008       2.41159935E-12
  -2.04399991       2.41171904E-12
  -2.04299998       2.41163621E-12
  -2.04200006       2.41169107E-12
  -2.04099989       2.41188254E-12
  -2.03999996       2.41204084E-12
  -2.03900003       2.41233314E-12
  -2.03800011       2.41242508E-12
  -2.03699994       2.41248449E-12
  -2.03600001       2.41284250E-12
  -2.03500009       2.41316624E-12
  -2.03399992       2.41378402E-12
  -2.03299999       2.41452865E-12
  -2.03200006       2.41539904E-12
  -2.03099990       2.41655545E-12
  -2.02999997       2.41783308E-12
  -2.02900004       2.41906929E-12
  -2.02800012       2.42026451E-12
  -2.02699995       2.42141897E-12
  -2.02600002       2.42221521E-12
  -2.02500010       2.42313222E-12
  -2.02399993       2.42385322E-12
  -2.02300000       2.42438014E-12
  -2.02200007       2.42518484E-12
  -2.02099991       2.42564020E-12
  -2.01999998       2.42652708E-12
  -2.01900005       2.42722097E-12
  -2.01799989       2.42803282E-12
  -2.01699996       2.42880716E-12
  -2.01600003       2.42954463E-12
  -2.01500010       2.43009280E-12
  -2.01399994       2.43075764E-12
  -2.01300001       2.43153761E-12
  -2.01200008       2.43258213E-12
  -2.01099992       2.43328730E-12
  -2.00999999       2.43395625E-12
  -2.00900006       2.43473839E-12
  -2.00799990       2.43533514E-12
  -2.00699997       2.43619209E-12
  -2.00600004       2.43701175E-12
  -2.00500011       2.43794091E-12
  -2.00399995       2.43854026E-12
  -2.00300002       2.43924976E-12
  -2.00200009       2.44021318E-12
  -2.00099993       2.44084982E-12
  -2.00000000       2.44159467E-12
  -1.99899995       2.44230352E-12
  -1.99800003       2.44311906E-12
  -1.99699998       2.44375570E-12
  -1.99600005       2.44435700E-12
  -1.99500000       2.44506455E-12
  -1.99399996       2.44587683E-12
  -1.99300003       2.44693263E-12
  -1.99199998       2.44781062E-12
  -1.99100006       2.44906851E-12
  -1.99000001       2.45014816E-12
  -1.98899996       2.45146525E-12
  -1.98800004       2.45260453E-12
  -1.98699999       2.45356816E-12
  -1.98599994       2.45463068E-12
  -1.98500001       2.45551908E-12
  -1.98399997       2.45650592E-12
  -1.98300004       2.45732037E-12
  -1.98199999       2.45782995E-12
  -1.98099995       2.45857306E-12
  -1.98000002       2.45901411E-12
  -1.97899997       2.45955448E-12
  -1.97800004       2.46045784E-12
  -1.97700000       2.46145617E-12
  -1.97599995       2.46241721E-12
  -1.97500002       2.46347192E-12
  -1.97399998       2.46422804E-12
  -1.97300005       2.46494882E-12
  -1.97200000       2.46576349E-12
  -1.97099996       2.46680020E-12
  -1.97000003       2.46792777E-12
  -1.96899998       2.46927283E-12
  -1.96800005       2.47045071E-12
  -1.96700001       2.47159021E-12
  -1.96599996       2.47281796E-12
  -1.96500003       2.47375471E-12
  -1.96399999       2.47465503E-12
  -1.96300006       2.47551892E-12
  -1.96200001       2.47672065E-12
  -1.96099997       2.47763572E-12
  -1.96000004       2.47863795E-12
  -1.95899999       2.47948016E-12
  -1.95799994       2.48040932E-12
  -1.95700002       2.48117976E-12
  -1.95599997       2.48203693E-12
  -1.95500004       2.48297997E-12
  -1.95400000       2.48388636E-12
  -1.95299995       2.48475697E-12
  -1.95200002       2.48547168E-12
  -1.95099998       2.48603221E-12
  -1.95000005       2.48644031E-12
  -1.94900000       2.48669770E-12
  -1.94799995       2.48716022E-12
  -1.94700003       2.48759043E-12
  -1.94599998       2.48822295E-12
  -1.94500005       2.48905562E-12
  -1.94400001       2.48996982E-12
  -1.94299996       2.49061600E-12
  -1.94200003       2.49111278E-12
  -1.94099998       2.49157704E-12
  -1.94000006       2.49189406E-12
  -1.93900001       2.49195131E-12
  -1.93799996       2.49209312E-12
  -1.93700004       2.49243226E-12
  -1.93599999       2.49285315E-12
  -1.93499994       2.49335513E-12
  -1.93400002       2.49382459E-12
  -1.93299997       2.49403818E-12
  -1.93200004       2.49444454E-12
  -1.93099999       2.49481924E-12
  -1.92999995       2.49549470E-12
  -1.92900002       2.49580586E-12
  -1.92799997       2.49630611E-12
  -1.92700005       2.49655526E-12
  -1.92600000       2.49677405E-12
  -1.92499995       2.49696314E-12
  -1.92400002       2.49712230E-12
  -1.92299998       2.49768348E-12
  -1.92200005       2.49821214E-12
  -1.92100000       2.49892273E-12
  -1.91999996       2.49981329E-12
  -1.91900003       2.50045666E-12
  -1.91799998       2.50085543E-12
  -1.91700006       2.50122319E-12
  -1.91600001       2.50134982E-12
  -1.91499996       2.50144783E-12
  -1.91400003       2.50193421E-12
  -1.91299999       2.50238914E-12
  -1.91199994       2.50281284E-12
  -1.91100001       2.50320554E-12
  -1.90999997       2.50356745E-12
  -1.90900004       2.50348917E-12
  -1.90799999       2.50379188E-12
  -1.90699995       2.50386148E-12
  -1.90600002       2.50390268E-12
  -1.90499997       2.50411779E-12
  -1.90400004       2.50430362E-12
  -1.90300000       2.50466098E-12
  -1.90199995       2.50498819E-12
  -1.90100002       2.50548454E-12
  -1.89999998       2.50614807E-12
  -1.89900005       2.50697705E-12
  -1.89800000       2.50757553E-12
  -1.89699996       2.50814235E-12
  -1.89600003       2.50867773E-12
  -1.89499998       2.50937660E-12
  -1.89400005       2.50984910E-12
  -1.89300001       2.51048423E-12
  -1.89199996       2.51128003E-12
  -1.89100003       2.51223499E-12
  -1.88999999       2.51334717E-12
  -1.88900006       2.51480520E-12
  -1.88800001       2.51603599E-12
  -1.88699996       2.51704148E-12
  -1.88600004       2.51782406E-12
  -1.88499999       2.51876167E-12
  -1.88399994       2.52004017E-12
  -1.88300002       2.52109596E-12
  -1.88199997       2.52211706E-12
  -1.88100004       2.52291872E-12
  -1.88000000       2.52368786E-12
  -1.87899995       2.52479222E-12
  -1.87800002       2.52567845E-12
  -1.87699997       2.52634914E-12
  -1.87600005       2.52698817E-12
  -1.87500000       2.52759575E-12
  -1.87399995       2.52835296E-12
  -1.87300003       2.52925805E-12
  -1.87199998       2.53012997E-12
  -1.87100005       2.53079046E-12
  -1.87000000       2.53141930E-12
  -1.86899996       2.53219472E-12
  -1.86800003       2.53258439E-12
  -1.86699998       2.53276848E-12
  -1.86600006       2.53292482E-12
  -1.86500001       2.53322840E-12
  -1.86399996       2.53350336E-12
  -1.86300004       2.53392381E-12
  -1.86199999       2.53431477E-12
  -1.86099994       2.53450429E-12
  -1.86000001       2.53483779E-12
  -1.85899997       2.53531397E-12
  -1.85800004       2.53593132E-12
  -1.85699999       2.53651809E-12
  -1.85599995       2.53741342E-12
  -1.85500002       2.53827623E-12
  -1.85399997       2.53910695E-12
  -1.85300004       2.54007319E-12
  -1.85200000       2.54100668E-12
  -1.85099995       2.54207419E-12
  -1.85000002       2.54294220E-12
  -1.84899998       2.54377812E-12
  -1.84800005       2.54474697E-12
  -1.84700000       2.54551892E-12
  -1.84599996       2.54658686E-12
  -1.84500003       2.54745834E-12
  -1.84399998       2.54813531E-12
  -1.84300005       2.54861995E-12
  -1.84200001       2.54907553E-12
  -1.84099996       2.54934116E-12
  -1.84000003       2.54957947E-12
  -1.83899999       2.54994983E-12
  -1.83800006       2.55013306E-12
  -1.83700001       2.55044792E-12
  -1.83599997       2.55089287E-12
  -1.83500004       2.55115178E-12
  -1.83399999       2.55138337E-12
  -1.83299994       2.55205709E-12
  -1.83200002       2.55254455E-12
  -1.83099997       2.55315864E-12
  -1.83000004       2.55343359E-12
  -1.82900000       2.55368144E-12
  -1.82799995       2.55390219E-12
  -1.82700002       2.55394295E-12
  -1.82599998       2.55395813E-12
  -1.82500005       2.55425217E-12
  -1.82400000       2.55451888E-12
  -1.82299995       2.55475892E-12
  -1.82200003       2.55497186E-12
  -1.82099998       2.55545845E-12
  -1.82000005       2.55576701E-12
  -1.81900001       2.55604847E-12
  -1.81799996       2.55645158E-12
  -1.81700003       2.55697481E-12
  -1.81599998       2.55732198E-12
  -1.81500006       2.55793585E-12
  -1.81400001       2.55866704E-12
  -1.81299996       2.55936852E-12
  -1.81200004       2.56033107E-12
  -1.81099999       2.56140703E-12
  -1.80999994       2.56273995E-12
  -1.80900002       2.56389484E-12
  -1.80799997       2.56501743E-12
  -1.80700004       2.56610748E-12
  -1.80599999       2.56688074E-12
  -1.80499995       2.56804994E-12
  -1.80400002       2.56918662E-12
  -1.80299997       2.57000909E-12
  -1.80200005       2.57108245E-12
  -1.80100000       2.57240388E-12
  -1.79999995       2.57355248E-12
  -1.79900002       2.57452978E-12
  -1.79799998       2.57561442E-12
  -1.79700005       2.57666740E-12
  -1.79600000       2.57768893E-12
  -1.79499996       2.57881628E-12
  -1.79400003       2.57991198E-12
  -1.79299998       2.58124815E-12
  -1.79200006       2.58255114E-12
  -1.79100001       2.58395649E-12
  -1.78999996       2.58505825E-12
  -1.78900003       2.58639746E-12
  -1.78799999       2.58743526E-12
  -1.78699994       2.58884255E-12
  -1.78600001       2.59021645E-12
  -1.78499997       2.59155674E-12
  -1.78400004       2.59286407E-12
  -1.78299999       2.59413866E-12
  -1.78199995       2.59524932E-12
  -1.78100002       2.59645929E-12
  -1.77999997       2.59763717E-12
  -1.77900004       2.59878317E-12
  -1.77800000       2.60002740E-12
  -1.77699995       2.60149736E-12
  -1.77600002       2.60293349E-12
  -1.77499998       2.60446460E-12
  -1.77400005       2.60608939E-12
  -1.77300000       2.60780698E-12
  -1.77199996       2.60961608E-12
  -1.77100003       2.61151604E-12
  -1.76999998       2.61312716E-12
  -1.76900005       2.61508111E-12
  -1.76800001       2.61674775E-12
  -1.76699996       2.61850437E-12
  -1.76600003       2.62035033E-12
  -1.76499999       2.62216008E-12
  -1.76400006       2.62381067E-12
  -1.76300001       2.62542679E-12
  -1.76199996       2.62725410E-12
  -1.76100004       2.62867874E-12
  -1.75999999       2.63007042E-12
  -1.75899994       2.63142936E-12
  -1.75800002       2.63275578E-12
  -1.75699997       2.63392932E-12
  -1.75600004       2.63483094E-12
  -1.75500000       2.63570307E-12
  -1.75399995       2.63642667E-12
  -1.75300002       2.63712229E-12
  -1.75199997       2.63767111E-12
  -1.75100005       2.63795648E-12
  -1.75000000       2.63857035E-12
  -1.74899995       2.63903959E-12
  -1.74800003       2.63948260E-12
  -1.74699998       2.63989958E-12
  -1.74600005       2.64005788E-12
  -1.74500000       2.64019188E-12
  -1.74399996       2.64041783E-12
  -1.74300003       2.64050413E-12
  -1.74199998       2.64068151E-12
  -1.74100006       2.64060583E-12
  -1.74000001       2.64050804E-12
  -1.73899996       2.64027385E-12
  -1.73800004       2.64024544E-12
  -1.73699999       2.63996832E-12
  -1.73599994       2.63955763E-12
  -1.73500001       2.63912698E-12
  -1.73399997       2.63878828E-12
  -1.73300004       2.63831773E-12
  -1.73199999       2.63771643E-12
  -1.73099995       2.63709649E-12
  -1.73000002       2.63645833E-12
  -1.72899997       2.63580152E-12
  -1.72800004       2.63512671E-12
  -1.72700000       2.63465291E-12
  -1.72599995       2.63459588E-12
  -1.72500002       2.63408197E-12
  -1.72399998       2.63376604E-12
  -1.72300005       2.63278201E-12
  -1.72200000       2.63199748E-12
  -1.72099996       2.63119604E-12
  -1.72000003       2.63037747E-12
  -1.71899998       2.62975535E-12
  -1.71800005       2.62932796E-12
  -1.71700001       2.62866942E-12
  -1.71599996       2.62841550E-12
  -1.71500003       2.62814141E-12
  -1.71399999       2.62805684E-12
  -1.71300006       2.62795124E-12
  -1.71200001       2.62824116E-12
  -1.71099997       2.62809219E-12
  -1.71000004       2.62812948E-12
  -1.70899999       2.62773202E-12
  -1.70799994       2.62772725E-12
  -1.70700002       2.62749544E-12
  -1.70599997       2.62724391E-12
  -1.70500004       2.62676859E-12
  -1.70400000       2.62627463E-12
  -1.70299995       2.62576267E-12
  -1.70200002       2.62563625E-12
  -1.70099998       2.62548902E-12
  -1.70000005       2.62512126E-12
  -1.69900000       2.62493412E-12
  -1.69799995       2.62492632E-12
  -1.69700003       2.62489748E-12
  -1.69599998       2.62464963E-12
  -1.69500005       2.62457959E-12
  -1.69400001       2.62429206E-12
  -1.69299996       2.62398545E-12
  -1.69200003       2.62346416E-12
  -1.69099998       2.62273037E-12
  -1.69000006       2.62217440E-12
  -1.68900001       2.62121401E-12
  -1.68799996       2.62023866E-12
  -1.68700004       2.61963368E-12
  -1.68599999       2.61901156E-12
  -1.68499994       2.61856400E-12
  -1.68400002       2.61847965E-12
  -1.68299997       2.61837535E-12
  -1.68200004       2.61806137E-12
  -1.68099999       2.61772917E-12
  -1.67999995       2.61737832E-12
  -1.67900002       2.61700904E-12
  -1.67799997       2.61662176E-12
  -1.67700005       2.61640297E-12
  -1.67600000       2.61616510E-12
  -1.67499995       2.61590836E-12
  -1.67400002       2.61581750E-12
  -1.67299998       2.61589101E-12
  -1.67200005       2.61594392E-12
  -1.67100000       2.61597623E-12
  -1.66999996       2.61598816E-12
  -1.66900003       2.61579799E-12
  -1.66799998       2.61577023E-12
  -1.66700006       2.61590315E-12
  -1.66600001       2.61637543E-12
  -1.66499996       2.61682473E-12
  -1.66400003       2.61760925E-12
  -1.66299999       2.61854731E-12
  -1.66199994       2.61910394E-12
  -1.66100001       2.61981430E-12
  -1.65999997       2.62032388E-12
  -1.65900004       2.62116284E-12
  -1.65799999       2.62162536E-12
  -1.65699995       2.62206533E-12
  -1.65600002       2.62230819E-12
  -1.65499997       2.62252980E-12
  -1.65400004       2.62273037E-12
  -1.65300000       2.62273710E-12
  -1.65199995       2.62272430E-12
  -1.65100002       2.62286395E-12
  -1.64999998       2.62349691E-12
  -1.64900005       2.62410666E-12
  -1.64800000       2.62452299E-12
  -1.64699996       2.62491721E-12
  -1.64600003       2.62528953E-12
  -1.64499998       2.62547145E-12
  -1.64400005       2.62613737E-12
  -1.64300001       2.62694792E-12
  -1.64199996       2.62773397E-12
  -1.64100003       2.62816244E-12
  -1.63999999       2.62890165E-12
  -1.63900006       2.62912001E-12
  -1.63800001       2.62948322E-12
  -1.63699996       2.62966016E-12
  -1.63600004       2.62981715E-12
  -1.63499999       2.62979027E-12
  -1.63399994       2.62974473E-12
  -1.63300002       2.62951770E-12
  -1.63199997       2.62943508E-12
  -1.63100004       2.62933425E-12
  -1.63000000       2.62937610E-12
  -1.62899995       2.62955955E-12
  -1.62800002       2.62972305E-12
  -1.62699997       2.63018622E-12
  -1.62600005       2.63078686E-12
  -1.62500000       2.63152369E-12
  -1.62399995       2.63207923E-12
  -1.62300003       2.63261266E-12
  -1.62199998       2.63296698E-12
  -1.62100005       2.63330070E-12
  -1.62000000       2.63345725E-12
  -1.61899996       2.63375021E-12
  -1.61800003       2.63402299E-12
  -1.61699998       2.63443043E-12
  -1.61600006       2.63497145E-12
  -1.61500001       2.63549057E-12
  -1.61399996       2.63598843E-12
  -1.61300004       2.63692388E-12
  -1.61199999       2.63753017E-12
  -1.61099994       2.63841878E-12
  -1.61000001       2.63898040E-12
  -1.60899997       2.63982282E-12
  -1.60800004       2.64064205E-12
  -1.60699999       2.64158834E-12
  -1.60599995       2.64281067E-12
  -1.60500002       2.64400741E-12
  -1.60399997       2.64517878E-12
  -1.60300004       2.64677061E-12
  -1.60200000       2.64803891E-12
  -1.60099995       2.64957674E-12
  -1.60000002       2.65094001E-12
  -1.59899998       2.65242407E-12
  -1.59800005       2.65402761E-12
  -1.59700000       2.65545767E-12
  -1.59599996       2.65715228E-12
  -1.59500003       2.65910883E-12
  -1.59399998       2.66089147E-12
  -1.59300005       2.66278969E-12
  -1.59200001       2.66494617E-12
  -1.59099996       2.66721541E-12
  -1.59000003       2.66945320E-12
  -1.58899999       2.67166020E-12
  -1.58800006       2.67369438E-12
  -1.58700001       2.67584024E-12
  -1.58599997       2.67809689E-12
  -1.58500004       2.68046349E-12
  -1.58399999       2.68265792E-12
  -1.58299994       2.68482177E-12
  -1.58200002       2.68695504E-12
  -1.58099997       2.68878019E-12
  -1.58000004       2.69071549E-12
  -1.57900000       2.69220713E-12
  -1.57799995       2.69394815E-12
  -1.57700002       2.69538645E-12
  -1.57599998       2.69666190E-12
  -1.57500005       2.69791221E-12
  -1.57400000       2.69927396E-12
  -1.57299995       2.70074631E-12
  -1.57200003       2.70205689E-12
  -1.57099998       2.70334276E-12
  -1.57000005       2.70487300E-12
  -1.56900001       2.70637679E-12
  -1.56799996       2.70798856E-12
  -1.56700003       2.70957367E-12
  -1.56599998       2.71126546E-12
  -1.56500006       2.71306285E-12
  -1.56400001       2.71470021E-12
  -1.56299996       2.71617884E-12
  -1.56200004       2.71750005E-12
  -1.56099999       2.71879654E-12
  -1.55999994       2.72006853E-12
  -1.55900002       2.72144633E-12
  -1.55799997       2.72292909E-12
  -1.55700004       2.72399724E-12
  -1.55599999       2.72543012E-12
  -1.55499995       2.72670883E-12
  -1.55400002       2.72822021E-12
  -1.55299997       2.72970600E-12
  -1.55200005       2.73116642E-12
  -1.55100000       2.73247397E-12
  -1.54999995       2.73388408E-12
  -1.54900002       2.73539611E-12
  -1.54799998       2.73726181E-12
  -1.54700005       2.73897376E-12
  -1.54600000       2.74078481E-12
  -1.54499996       2.74281943E-12
  -1.54400003       2.74507522E-12
  -1.54299998       2.74705259E-12
  -1.54200006       2.74925005E-12
  -1.54100001       2.75141845E-12
  -1.53999996       2.75355780E-12
  -1.53900003       2.75616075E-12
  -1.53799999       2.75885521E-12
  -1.53699994       2.76139506E-12
  -1.53600001       2.76390391E-12
  -1.53499997       2.76650382E-12
  -1.53400004       2.76907230E-12
  -1.53299999       2.77148877E-12
  -1.53199995       2.77399544E-12
  -1.53100002       2.77647176E-12
  -1.52999997       2.77867724E-12
  -1.52900004       2.78121298E-12
  -1.52800000       2.78371792E-12
  -1.52699995       2.78607324E-12
  -1.52600002       2.78863629E-12
  -1.52499998       2.79116834E-12
  -1.52400005       2.79378777E-12
  -1.52300000       2.79614092E-12
  -1.52199996       2.79834706E-12
  -1.52100003       2.80040748E-12
  -1.51999998       2.80220682E-12
  -1.51900005       2.80397970E-12
  -1.51800001       2.80584258E-12
  -1.51699996       2.80790994E-12
  -1.51600003       2.80971882E-12
  -1.51499999       2.81150168E-12
  -1.51400006       2.81337280E-12
  -1.51300001       2.81521768E-12
  -1.51199996       2.81726400E-12
  -1.51100004       2.81916938E-12
  -1.50999999       2.82116127E-12
  -1.50899994       2.82301309E-12
  -1.50800002       2.82506397E-12
  -1.50699997       2.82708774E-12
  -1.50600004       2.82919630E-12
  -1.50500000       2.83150109E-12
  -1.50399995       2.83366538E-12
  -1.50300002       2.83569067E-12
  -1.50199997       2.83779987E-12
  -1.50100005       2.83988154E-12
  -1.50000000       2.84171514E-12
  -1.49899995       2.84374282E-12
  -1.49800003       2.84574361E-12
  -1.49699998       2.84793630E-12
  -1.49600005       2.85010123E-12
  -1.49500000       2.85223841E-12
  -1.49399996       2.85413121E-12
  -1.49300003       2.85621418E-12
  -1.49199998       2.85848602E-12
  -1.49100006       2.86072988E-12
  -1.49000001       2.86316023E-12
  -1.48899996       2.86556174E-12
  -1.48800004       2.86814778E-12
  -1.48699999       2.87091726E-12
  -1.48599994       2.87365596E-12
  -1.48500001       2.87657571E-12
  -1.48399997       2.87967545E-12
  -1.48300004       2.88295299E-12
  -1.48199999       2.88640748E-12
  -1.48099995       2.88961802E-12
  -1.48000002       2.89258699E-12
  -1.47899997       2.89594065E-12
  -1.47800004       2.89967638E-12
  -1.47700000       2.90337611E-12
  -1.47599995       2.90683406E-12
  -1.47500002       2.91025776E-12
  -1.47399998       2.91426388E-12
  -1.47300005       2.91802823E-12
  -1.47200000       2.92196107E-12
  -1.47099996       2.92585726E-12
  -1.47000003       2.92992041E-12
  -1.46899998       2.93394649E-12
  -1.46800005       2.93813736E-12
  -1.46700001       2.94269383E-12
  -1.46599996       2.94721040E-12
  -1.46500003       2.95148693E-12
  -1.46399999       2.95592522E-12
  -1.46300006       2.96032448E-12
  -1.46200001       2.96508261E-12
  -1.46099997       2.96979997E-12
  -1.46000004       2.97427903E-12
  -1.45899999       2.97891638E-12
  -1.45799994       2.98390696E-12
  -1.45700002       2.98865967E-12
  -1.45599997       2.99317624E-12
  -1.45500004       2.99765334E-12
  -1.45400000       3.00228614E-12
  -1.45299995       3.00687925E-12
  -1.45200002       3.01143268E-12
  -1.45099998       3.01556089E-12
  -1.45000005       3.01965180E-12
  -1.44900000       3.02351395E-12
  -1.44799995       3.02714906E-12
  -1.44700003       3.03055888E-12
  -1.44599998       3.03412612E-12
  -1.44500005       3.03784949E-12
  -1.44400001       3.04134864E-12
  -1.44299996       3.04500349E-12
  -1.44200003       3.04824698E-12
  -1.44099998       3.05145839E-12
  -1.44000006       3.05501306E-12
  -1.43900001       3.05834720E-12
  -1.43799996       3.06183551E-12
  -1.43700004       3.06547648E-12
  -1.43599999       3.06889800E-12
  -1.43499994       3.07210182E-12
  -1.43400002       3.07545851E-12
  -1.43299997       3.07859879E-12
  -1.43200004       3.08170785E-12
  -1.43099999       3.08460289E-12
  -1.42999995       3.08783316E-12
  -1.42900002       3.09085006E-12
  -1.42799997       3.09347296E-12
  -1.42700005       3.09606746E-12
  -1.42600000       3.09863398E-12
  -1.42499995       3.10135294E-12
  -1.42400002       3.10440259E-12
  -1.42299998       3.10742187E-12
  -1.42200005       3.11041102E-12
  -1.42100000       3.11337002E-12
  -1.41999996       3.11594348E-12
  -1.41900003       3.11831160E-12
  -1.41799998       3.12100693E-12
  -1.41700006       3.12349755E-12
  -1.41600001       3.12613694E-12
  -1.41499996       3.12909963E-12
  -1.41400003       3.13168241E-12
  -1.41299999       3.13441222E-12
  -1.41199994       3.13746208E-12
  -1.41100001       3.14048202E-12
  -1.40999997       3.14364572E-12
  -1.40900004       3.14677863E-12
  -1.40799999       3.14988140E-12
  -1.40699995       3.15278207E-12
  -1.40600002       3.15599695E-12
  -1.40499997       3.15935212E-12
  -1.40400004       3.16233476E-12
  -1.40300000       3.16545835E-12
  -1.40199995       3.16872158E-12
  -1.40100002       3.17195424E-12
  -1.39999998       3.17498740E-12
  -1.39900005       3.17799086E-12
  -1.39800000       3.18079721E-12
  -1.39699996       3.18357515E-12
  -1.39600003       3.18649230E-12
  -1.39499998       3.18921387E-12
  -1.39400005       3.19224053E-12
  -1.39300001       3.19540401E-12
  -1.39199996       3.19853757E-12
  -1.39100003       3.20164143E-12
  -1.38999999       3.20422161E-12
  -1.38900006       3.20677491E-12
  -1.38800001       3.20979333E-12
  -1.38699996       3.21245569E-12
  -1.38600004       3.21509095E-12
  -1.38499999       3.21769933E-12
  -1.38399994       3.22028103E-12
  -1.38300002       3.22267408E-12
  -1.38199997       3.22520309E-12
  -1.38100004       3.22786676E-12
  -1.38000000       3.23082446E-12
  -1.37899995       3.23375398E-12
  -1.37800002       3.23681511E-12
  -1.37699997       3.23984741E-12
  -1.37600005       3.24269214E-12
  -1.37500000       3.24566784E-12
  -1.37399995       3.24829877E-12
  -1.37300003       3.25121874E-12
  -1.37199998       3.25426838E-12
  -1.37100005       3.25713241E-12
  -1.37000000       3.25981213E-12
  -1.36899996       3.26246517E-12
  -1.36800003       3.26493606E-12
  -1.36699998       3.26707064E-12
  -1.36600006       3.26933641E-12
  -1.36500001       3.27126824E-12
  -1.36399996       3.27302335E-12
  -1.36300004       3.27475633E-12
  -1.36199999       3.27616081E-12
  -1.36099994       3.27769843E-12
  -1.36000001       3.27936810E-12
  -1.35899997       3.28101673E-12
  -1.35800004       3.28279613E-12
  -1.35699999       3.28409890E-12
  -1.35599995       3.28583601E-12
  -1.35500002       3.28740095E-12
  -1.35399997       3.28909599E-12
  -1.35300004       3.29091984E-12
  -1.35200000       3.29257238E-12
  -1.35099995       3.29435329E-12
  -1.35000002       3.29626170E-12
  -1.34899998       3.29829697E-12
  -1.34800005       3.30030946E-12
  -1.34700000       3.30244751E-12
  -1.34599996       3.30471024E-12
  -1.34500003       3.30694912E-12
  -1.34399998       3.30931138E-12
  -1.34300005       3.31164978E-12
  -1.34200001       3.31381797E-12
  -1.34099996       3.31625482E-12
  -1.34000003       3.31881267E-12
  -1.33899999       3.32163615E-12
  -1.33800006       3.32428854E-12
  -1.33700001       3.32720461E-12
  -1.33599997       3.33023821E-12
  -1.33500004       3.33353223E-12
  -1.33399999       3.33708473E-12
  -1.33299994       3.34060774E-12
  -1.33200002       3.34410169E-12
  -1.33099997       3.34799332E-12
  -1.33000004       3.35171192E-12
  -1.32900000       3.35582560E-12
  -1.32799995       3.35962464E-12
  -1.32700002       3.36353406E-12
  -1.32599998       3.36769414E-12
  -1.32500005       3.37168162E-12
  -1.32400000       3.37591782E-12
  -1.32299995       3.37998227E-12
  -1.32200003       3.38387586E-12
  -1.32099998       3.38773866E-12
  -1.32000005       3.39157131E-12
  -1.31900001       3.39565008E-12
  -1.31799996       3.39928368E-12
  -1.31700003       3.40302547E-12
  -1.31599998       3.40673778E-12
  -1.31500006       3.41028356E-12
  -1.31400001       3.41393710E-12
  -1.31299996       3.41769798E-12
  -1.31200004       3.42170129E-12
  -1.31099999       3.42567359E-12
  -1.30999994       3.42920939E-12
  -1.30900002       3.43258169E-12
  -1.30799997       3.43592646E-12
  -1.30700004       3.43964679E-12
  -1.30599999       3.44293561E-12
  -1.30499995       3.44646490E-12
  -1.30400002       3.44996601E-12
  -1.30299997       3.45343892E-12
  -1.30200005       3.45688408E-12
  -1.30100000       3.46016900E-12
  -1.29999995       3.46355908E-12
  -1.29900002       3.46692185E-12
  -1.29799998       3.47025728E-12
  -1.29700005       3.47343443E-12
  -1.29600000       3.47645437E-12
  -1.29499996       3.47931818E-12
  -1.29400003       3.48215727E-12
  -1.29299998       3.48497186E-12
  -1.29200006       3.48789162E-12
  -1.29100001       3.49052753E-12
  -1.28999996       3.49326926E-12
  -1.28900003       3.49624474E-12
  -1.28799999       3.49919507E-12
  -1.28699994       3.50199232E-12
  -1.28600001       3.50489342E-12
  -1.28499997       3.50764231E-12
  -1.28400004       3.51049463E-12
  -1.28299999       3.51357702E-12
  -1.28199995       3.51688752E-12
  -1.28100002       3.52017200E-12
  -1.27999997       3.52343003E-12
  -1.27900004       3.52666225E-12
  -1.27800000       3.52974312E-12
  -1.27699995       3.53279884E-12
  -1.27600002       3.53582983E-12
  -1.27499998       3.53908526E-12
  -1.27400005       3.54206616E-12
  -1.27300000       3.54502257E-12
  -1.27199996       3.54783087E-12
  -1.27100003       3.55061553E-12
  -1.26999998       3.55350016E-12
  -1.26900005       3.55623777E-12
  -1.26800001       3.55895218E-12
  -1.26699996       3.56176633E-12
  -1.26600003       3.56455685E-12
  -1.26499999       3.56744603E-12
  -1.26400006       3.57018993E-12
  -1.26300001       3.57303228E-12
  -1.26199996       3.57609341E-12
  -1.26100004       3.57888870E-12
  -1.25999999       3.58202248E-12
  -1.25899994       3.58525189E-12
  -1.25800002       3.58845635E-12
  -1.25699997       3.59139671E-12
  -1.25600004       3.59443269E-12
  -1.25500000       3.59720652E-12
  -1.25399995       3.59971948E-12
  -1.25300002       3.60221098E-12
  -1.25199997       3.60491780E-12
  -1.25100005       3.60772068E-12
  -1.25000000       3.61061853E-12
  -1.24899995       3.61349319E-12
  -1.24800003       3.61622776E-12
  -1.24699998       3.61905688E-12
  -1.24600005       3.62186344E-12
  -1.24500000       3.62464746E-12
  -1.24399996       3.62775803E-12
  -1.24300003       3.63049673E-12
  -1.24199998       3.63309730E-12
  -1.24100006       3.63544546E-12
  -1.24000001       3.63742738E-12
  -1.23899996       3.63927551E-12
  -1.23800004       3.64122057E-12
  -1.23699999       3.64303249E-12
  -1.23599994       3.64494112E-12
  -1.23500001       3.64660342E-12
  -1.23399997       3.64836243E-12
  -1.23300004       3.65010409E-12
  -1.23199999       3.65171521E-12
  -1.23099995       3.65364856E-12
  -1.23000002       3.65556413E-12
  -1.22899997       3.65757381E-12
  -1.22800004       3.65956571E-12
  -1.22700000       3.66176273E-12
  -1.22599995       3.66405300E-12
  -1.22500002       3.66654710E-12
  -1.22399998       3.66902038E-12
  -1.22300005       3.67147372E-12
  -1.22200000       3.67401812E-12
  -1.22099996       3.67665230E-12
  -1.22000003       3.67926566E-12
  -1.21899998       3.68229926E-12
  -1.21800005       3.68487098E-12
  -1.21700001       3.68764134E-12
  -1.21599996       3.69039044E-12
  -1.21500003       3.69311873E-12
  -1.21399999       3.69582620E-12
  -1.21300006       3.69829558E-12
  -1.21200001       3.70096185E-12
  -1.21099997       3.70317492E-12
  -1.21000004       3.70558575E-12
  -1.20899999       3.70797663E-12
  -1.20799994       3.71034887E-12
  -1.20700002       3.71248692E-12
  -1.20599997       3.71482142E-12
  -1.20500004       3.71713684E-12
  -1.20400000       3.71986036E-12
  -1.20299995       3.72213762E-12
  -1.20200002       3.72439623E-12
  -1.20099998       3.72663705E-12
  -1.20000005       3.72885924E-12
  -1.19900000       3.73127397E-12
  -1.19799995       3.73324939E-12
  -1.19700003       3.73562769E-12
  -1.19599998       3.73777745E-12
  -1.19500005       3.74011933E-12
  -1.19400001       3.74265115E-12
  -1.19299996       3.74495530E-12
  -1.19200003       3.74765713E-12
  -1.19099998       3.75013172E-12
  -1.19000006       3.75238078E-12
  -1.18900001       3.75481807E-12
  -1.18799996       3.75744314E-12
  -1.18700004       3.76025469E-12
  -1.18599999       3.76345613E-12
  -1.18499994       3.76643161E-12
  -1.18400002       3.76918202E-12
  -1.18299997       3.77232013E-12
  -1.18200004       3.77523403E-12
  -1.18099999       3.77792415E-12
  -1.17999995       3.78079772E-12
  -1.17900002       3.78344925E-12
  -1.17799997       3.78608126E-12
  -1.17700005       3.78869462E-12
  -1.17600000       3.79128933E-12
  -1.17499995       3.79386496E-12
  -1.17400002       3.79682223E-12
  -1.17299998       3.79936013E-12
  -1.17200005       3.80187982E-12
  -1.17100000       3.80418223E-12
  -1.16999996       3.80686411E-12
  -1.16900003       3.80972554E-12
  -1.16799998       3.81236969E-12
  -1.16700006       3.81499519E-12
  -1.16600001       3.81799583E-12
  -1.16499996       3.82078050E-12
  -1.16400003       3.82354565E-12
  -1.16299999       3.82648774E-12
  -1.16199994       3.82921516E-12
  -1.16100001       3.83192393E-12
  -1.15999997       3.83461362E-12
  -1.15900004       3.83689695E-12
  -1.15799999       3.83935765E-12
  -1.15699995       3.84160715E-12
  -1.15600002       3.84364719E-12
  -1.15499997       3.84586417E-12
  -1.15400004       3.84787298E-12
  -1.15300000       3.85005786E-12
  -1.15199995       3.85222670E-12
  -1.15100002       3.85437949E-12
  -1.14999998       3.85632585E-12
  -1.14900005       3.85844742E-12
  -1.14800000       3.86036342E-12
  -1.14699996       3.86207516E-12
  -1.14600003       3.86396210E-12
  -1.14499998       3.86602295E-12
  -1.14400005       3.86844549E-12
  -1.14300001       3.87047512E-12
  -1.14199996       3.87267735E-12
  -1.14100003       3.87505089E-12
  -1.13999999       3.87740838E-12
  -1.13900006       3.87974939E-12
  -1.13800001       3.88188830E-12
  -1.13699996       3.88401204E-12
  -1.13600004       3.88630577E-12
  -1.13499999       3.88876821E-12
  -1.13399994       3.89139936E-12
  -1.13300002       3.89382884E-12
  -1.13199997       3.89642615E-12
  -1.13100004       3.89919000E-12
  -1.13000000       3.90193650E-12
  -1.12899995       3.90466565E-12
  -1.12800002       3.90737746E-12
  -1.12699997       3.90988977E-12
  -1.12600005       3.91220433E-12
  -1.12500000       3.91450327E-12
  -1.12399995       3.91696788E-12
  -1.12300003       3.91995854E-12
  -1.12199998       3.92275058E-12
  -1.12100005       3.92552570E-12
  -1.12000000       3.92810394E-12
  -1.11899996       3.93084523E-12
  -1.11800003       3.93356962E-12
  -1.11699998       3.93645576E-12
  -1.11600006       3.93968061E-12
  -1.11500001       3.94306506E-12
  -1.11399996       3.94643042E-12
  -1.11300004       3.94995321E-12
  -1.11199999       3.95327998E-12
  -1.11099994       3.95641159E-12
  -1.11000001       3.95952498E-12
  -1.10899997       3.96297188E-12
  -1.10800004       3.96622448E-12
  -1.10699999       3.96945844E-12
  -1.10599995       3.97267419E-12
  -1.10500002       3.97604605E-12
  -1.10399997       3.97974752E-12
  -1.10300004       3.98342947E-12
  -1.10200000       3.98691757E-12
  -1.10099995       3.99056005E-12
  -1.10000002       3.99401042E-12
  -1.09899998       3.99726953E-12
  -1.09800005       4.00033826E-12
  -1.09700000       4.00390528E-12
  -1.09599996       4.00728149E-12
  -1.09500003       4.01081078E-12
  -1.09399998       4.01432099E-12
  -1.09300005       4.01781299E-12
  -1.09200001       4.02077547E-12
  -1.09099996       4.02372146E-12
  -1.09000003       4.02665097E-12
  -1.08899999       4.02973314E-12
  -1.08800006       4.03262970E-12
  -1.08700001       4.03551021E-12
  -1.08599997       4.03820640E-12
  -1.08500004       4.04105482E-12
  -1.08399999       4.04372022E-12
  -1.08299994       4.04637044E-12
  -1.08200002       4.04883852E-12
  -1.08099997       4.05129272E-12
  -1.08000004       4.05389871E-12
  -1.07900000       4.05665605E-12
  -1.07799995       4.05956388E-12
  -1.07700002       4.06229087E-12
  -1.07599998       4.06500267E-12
  -1.07500005       4.06769930E-12
  -1.07400000       4.07038118E-12
  -1.07299995       4.07321269E-12
  -1.07200003       4.07586508E-12
  -1.07099998       4.07833923E-12
  -1.07000005       4.08079950E-12
  -1.06900001       4.08324633E-12
  -1.06799996       4.08567928E-12
  -1.06700003       4.08809835E-12
  -1.06599998       4.09018002E-12
  -1.06500006       4.09224954E-12
  -1.06400001       4.09430692E-12
  -1.06299996       4.09602994E-12
  -1.06200004       4.09790301E-12
  -1.06099999       4.09960390E-12
  -1.05999994       4.10129439E-12
  -1.05900002       4.10281444E-12
  -1.05799997       4.10432452E-12
  -1.05700004       4.10566503E-12
  -1.05599999       4.10651938E-12
  -1.05499995       4.10736592E-12
  -1.05400002       4.10820553E-12
  -1.05299997       4.10872074E-12
  -1.05200005       4.10938861E-12
  -1.05100000       4.11020740E-12
  -1.04999995       4.11101925E-12
  -1.04900002       4.11166674E-12
  -1.04799998       4.11215116E-12
  -1.04700005       4.11294306E-12
  -1.04600000       4.11372846E-12
  -1.04499996       4.11435079E-12
  -1.04400003       4.11527886E-12
  -1.04299998       4.11588862E-12
  -1.04200006       4.11664756E-12
  -1.04100001       4.11740000E-12
  -1.03999996       4.11830119E-12
  -1.03900003       4.11934939E-12
  -1.03799999       4.12039066E-12
  -1.03699994       4.12157808E-12
  -1.03600001       4.12275769E-12
  -1.03499997       4.12392993E-12
  -1.03400004       4.12509436E-12
  -1.03299999       4.12625099E-12
  -1.03199995       4.12740024E-12
  -1.03100002       4.12884657E-12
  -1.02999997       4.12998065E-12
  -1.02900004       4.13095556E-12
  -1.02800000       4.13207489E-12
  -1.02699995       4.13303593E-12
  -1.02600002       4.13414138E-12
  -1.02499998       4.13539038E-12
  -1.02400005       4.13708304E-12
  -1.02300000       4.13861653E-12
  -1.02199996       4.14014179E-12
  -1.02100003       4.14165837E-12
  -1.01999998       4.14301709E-12
  -1.01900005       4.14436844E-12
  -1.01800001       4.14556323E-12
  -1.01699996       4.14719648E-12
  -1.01600003       4.14882148E-12
  -1.01499999       4.15014160E-12
  -1.01400006       4.15175012E-12
  -1.01300001       4.15334997E-12
  -1.01199996       4.15494202E-12
  -1.01100004       4.15637837E-12
  -1.00999999       4.15795393E-12
  -1.00899994       4.15937510E-12
  -1.00800002       4.16078847E-12
  -1.00699997       4.16204831E-12
  -1.00600004       4.16359308E-12
  -1.00500000       4.16498433E-12
  -1.00399995       4.16665921E-12
  -1.00300002       4.16818056E-12
  -1.00199997       4.16983895E-12
  -1.00100005       4.17134513E-12
  -1.00000000       4.17298791E-12
 -0.999000013       4.17447847E-12
 -0.998000026       4.17596209E-12
 -0.996999979       4.17772544E-12
 -0.995999992       4.17948055E-12
 -0.995000005       4.18108473E-12
 -0.994000018       4.18282379E-12
 -0.992999971       4.18484041E-12
 -0.991999984       4.18684835E-12
 -0.990999997       4.18870494E-12
 -0.990000010       4.19069553E-12
 -0.989000022       4.19267702E-12
 -0.987999976       4.19450889E-12
 -0.986999989       4.19647346E-12
 -0.986000001       4.19828885E-12
 -0.985000014       4.20037789E-12
 -0.984000027       4.20231731E-12
 -0.982999980       4.20438901E-12
 -0.981999993       4.20631195E-12
 -0.981000006       4.20822708E-12
 -0.980000019       4.20999390E-12
 -0.978999972       4.21189299E-12
 -0.977999985       4.21406269E-12
 -0.976999998       4.21608408E-12
 -0.976000011       4.21809766E-12
 -0.975000024       4.22010300E-12
 -0.973999977       4.22210010E-12
 -0.972999990       4.22395148E-12
 -0.972000003       4.22565715E-12
 -0.971000016       4.22749336E-12
 -0.970000029       4.22932219E-12
 -0.968999982       4.23114365E-12
 -0.967999995       4.23309521E-12
 -0.967000008       4.23517558E-12
 -0.966000021       4.23738431E-12
 -0.964999974       4.23972142E-12
 -0.963999987       4.24204942E-12
 -0.963000000       4.24423257E-12
 -0.962000012       4.24640791E-12
 -0.961000025       4.24857502E-12
 -0.959999979       4.25059900E-12
 -0.958999991       4.25275050E-12
 -0.958000004       4.25489375E-12
 -0.957000017       4.25716407E-12
 -0.955999970       4.25915726E-12
 -0.954999983       4.26114352E-12
 -0.953999996       4.26338999E-12
 -0.953000009       4.26589623E-12
 -0.952000022       4.26839336E-12
 -0.950999975       4.27048197E-12
 -0.949999988       4.27269635E-12
 -0.949000001       4.27490291E-12
 -0.948000014       4.27736709E-12
 -0.947000027       4.27955804E-12
 -0.945999980       4.28160936E-12
 -0.944999993       4.28352145E-12
 -0.944000006       4.28529478E-12
 -0.943000019       4.28679921E-12
 -0.941999972       4.28829802E-12
 -0.940999985       4.28966064E-12
 -0.939999998       4.29101806E-12
 -0.939000010       4.29224061E-12
 -0.938000023       4.29319731E-12
 -0.936999977       4.29402000E-12
 -0.935999990       4.29470999E-12
 -0.935000002       4.29552748E-12
 -0.934000015       4.29621182E-12
 -0.933000028       4.29676477E-12
 -0.931999981       4.29744478E-12
 -0.930999994       4.29773491E-12
 -0.930000007       4.29815341E-12
 -0.929000020       4.29856975E-12
 -0.927999973       4.29924239E-12
 -0.926999986       4.29965612E-12
 -0.925999999       4.30019692E-12
 -0.925000012       4.30047924E-12
 -0.924000025       4.30063363E-12
 -0.922999978       4.30078716E-12
 -0.921999991       4.30094025E-12
 -0.921000004       4.30122040E-12
 -0.920000017       4.30149969E-12
 -0.919000030       4.30177855E-12
 -0.917999983       4.30231024E-12
 -0.916999996       4.30284020E-12
 -0.916000009       4.30336929E-12
 -0.915000021       4.30377045E-12
 -0.913999975       4.30429694E-12
 -0.912999988       4.30482212E-12
 -0.912000000       4.30522068E-12
 -0.911000013       4.30574413E-12
 -0.910000026       4.30626628E-12
 -0.908999979       4.30666223E-12
 -0.907999992       4.30705731E-12
 -0.907000005       4.30757686E-12
 -0.906000018       4.30821958E-12
 -0.904999971       4.30886099E-12
 -0.903999984       4.30962557E-12
 -0.902999997       4.31051245E-12
 -0.902000010       4.31114996E-12
 -0.901000023       4.31178617E-12
 -0.899999976       4.31229791E-12
 -0.898999989       4.31268606E-12
 -0.898000002       4.31319650E-12
 -0.897000015       4.31358378E-12
 -0.896000028       4.31409335E-12
 -0.894999981       4.31460249E-12
 -0.893999994       4.31511077E-12
 -0.893000007       4.31549674E-12
 -0.892000020       4.31576042E-12
 -0.890999973       4.31590267E-12
 -0.889999986       4.31604535E-12
 -0.888999999       4.31618933E-12
 -0.888000011       4.31645475E-12
 -0.887000024       4.31659960E-12
 -0.885999978       4.31674531E-12
 -0.884999990       4.31689146E-12
 -0.884000003       4.31703891E-12
 -0.883000016       4.31718723E-12
 -0.882000029       4.31757668E-12
 -0.880999982       4.31784643E-12
 -0.879999995       4.31811661E-12
 -0.879000008       4.31814827E-12
 -0.878000021       4.31830049E-12
 -0.876999974       4.31845401E-12
 -0.875999987       4.31836988E-12
 -0.875000000       4.31828791E-12
 -0.874000013       4.31820725E-12
 -0.873000026       4.31800993E-12
 -0.871999979       4.31805199E-12
 -0.870999992       4.31797697E-12
 -0.870000005       4.31778571E-12
 -0.869000018       4.31747823E-12
 -0.867999971       4.31717379E-12
 -0.866999984       4.31687151E-12
 -0.865999997       4.31645475E-12
 -0.865000010       4.31604058E-12
 -0.864000022       4.31551236E-12
 -0.862999976       4.31522179E-12
 -0.861999989       4.31481673E-12
 -0.861000001       4.31464846E-12
 -0.860000014       4.31424904E-12
 -0.859000027       4.31396975E-12
 -0.857999980       4.31369263E-12
 -0.856999993       4.31341855E-12
 -0.856000006       4.31303170E-12
 -0.855000019       4.31276325E-12
 -0.853999972       4.31238248E-12
 -0.852999985       4.31212011E-12
 -0.851999998       4.31163005E-12
 -0.851000011       4.31125882E-12
 -0.850000024       4.31077569E-12
 -0.848999977       4.31041097E-12
 -0.847999990       4.30993479E-12
 -0.847000003       4.30957700E-12
 -0.846000016       4.30910776E-12
 -0.845000029       4.30864242E-12
 -0.843999982       4.30806649E-12
 -0.842999995       4.30760896E-12
 -0.842000008       4.30715489E-12
 -0.841000021       4.30681792E-12
 -0.839999974       4.30637123E-12
 -0.838999987       4.30592801E-12
 -0.838000000       4.30560188E-12
 -0.837000012       4.30539285E-12
 -0.836000025       4.30507366E-12
 -0.834999979       4.30487070E-12
 -0.833999991       4.30444569E-12
 -0.833000004       4.30413734E-12
 -0.832000017       4.30383246E-12
 -0.830999970       4.30364338E-12
 -0.829999983       4.30334544E-12
 -0.828999996       4.30316286E-12
 -0.828000009       4.30276040E-12
 -0.827000022       4.30247374E-12
 -0.825999975       4.30219055E-12
 -0.824999988       4.30202228E-12
 -0.824000001       4.30185748E-12
 -0.823000014       4.30180717E-12
 -0.822000027       4.30187136E-12
 -0.820999980       4.30193815E-12
 -0.819999993       4.30222915E-12
 -0.819000006       4.30208083E-12
 -0.818000019       4.30215672E-12
 -0.816999972       4.30223565E-12
 -0.815999985       4.30209731E-12
 -0.814999998       4.30174256E-12
 -0.814000010       4.30139214E-12
 -0.813000023       4.30104563E-12
 -0.811999977       4.30070346E-12
 -0.810999990       4.29992804E-12
 -0.810000002       4.29959497E-12
 -0.809000015       4.29904810E-12
 -0.808000028       4.29872370E-12
 -0.806999981       4.29862135E-12
 -0.805999994       4.29830564E-12
 -0.805000007       4.29821109E-12
 -0.804000020       4.29833729E-12
 -0.802999973       4.29868380E-12
 -0.801999986       4.29859967E-12
 -0.800999999       4.29873628E-12
 -0.800000012       4.29887549E-12
 -0.799000025       4.29901861E-12
 -0.797999978       4.29959540E-12
 -0.796999991       4.29995969E-12
 -0.796000004       4.30032702E-12
 -0.795000017       4.30048271E-12
 -0.794000030       4.30064144E-12
 -0.792999983       4.30080407E-12
 -0.791999996       4.30097017E-12
 -0.791000009       4.30113931E-12
 -0.790000021       4.30131234E-12
 -0.788999975       4.30170222E-12
 -0.787999988       4.30188220E-12
 -0.787000000       4.30185314E-12
 -0.786000013       4.30225300E-12
 -0.785000026       4.30286752E-12
 -0.783999979       4.30348509E-12
 -0.782999992       4.30368241E-12
 -0.782000005       4.30430561E-12
 -0.781000018       4.30493185E-12
 -0.779999971       4.30577145E-12
 -0.778999984       4.30619212E-12
 -0.777999997       4.30703693E-12
 -0.777000010       4.30767401E-12
 -0.776000023       4.30831369E-12
 -0.774999976       4.30895640E-12
 -0.773999989       4.30960215E-12
 -0.773000002       4.31045954E-12
 -0.772000015       4.31152813E-12
 -0.771000028       4.31239072E-12
 -0.769999981       4.31346365E-12
 -0.768999994       4.31453874E-12
 -0.768000007       4.31582374E-12
 -0.767000020       4.31711047E-12
 -0.765999973       4.31819164E-12
 -0.764999986       4.31927497E-12
 -0.763999999       4.32015318E-12
 -0.763000011       4.32082798E-12
 -0.762000024       4.32171226E-12
 -0.760999978       4.32239270E-12
 -0.759999990       4.32328262E-12
 -0.759000003       4.32417557E-12
 -0.758000016       4.32486555E-12
 -0.757000029       4.32555857E-12
 -0.755999982       4.32625550E-12
 -0.754999995       4.32675076E-12
 -0.754000008       4.32724950E-12
 -0.753000021       4.32754830E-12
 -0.751999974       4.32825911E-12
 -0.750999987       4.32876998E-12
 -0.750000000       4.32948816E-12
 -0.749000013       4.33041320E-12
 -0.748000026       4.33113831E-12
 -0.746999979       4.33166393E-12
 -0.745999992       4.33199050E-12
 -0.745000005       4.33232183E-12
 -0.744000018       4.33286003E-12
 -0.742999971       4.33340213E-12
 -0.741999984       4.33394813E-12
 -0.740999997       4.33449847E-12
 -0.740000010       4.33505272E-12
 -0.739000022       4.33561130E-12
 -0.737999976       4.33617378E-12
 -0.736999989       4.33694140E-12
 -0.736000001       4.33751255E-12
 -0.735000014       4.33788725E-12
 -0.734000027       4.33806636E-12
 -0.732999980       4.33825068E-12
 -0.731999993       4.33824027E-12
 -0.731000006       4.33843499E-12
 -0.730000019       4.33863492E-12
 -0.728999972       4.33883962E-12
 -0.727999985       4.33885133E-12
 -0.726999998       4.33886824E-12
 -0.726000011       4.33889079E-12
 -0.725000024       4.33911717E-12
 -0.723999977       4.33915100E-12
 -0.722999990       4.33919047E-12
 -0.722000003       4.33923557E-12
 -0.721000016       4.33948363E-12
 -0.720000029       4.33954001E-12
 -0.718999982       4.33979892E-12
 -0.717999995       4.34006346E-12
 -0.717000008       4.34033321E-12
 -0.716000021       4.34041171E-12
 -0.714999974       4.34029982E-12
 -0.713999987       4.33999841E-12
 -0.713000000       4.33989910E-12
 -0.712000012       4.33980629E-12
 -0.711000025       4.33971956E-12
 -0.709999979       4.33924858E-12
 -0.708999991       4.33878454E-12
 -0.708000004       4.33813272E-12
 -0.707000017       4.33787771E-12
 -0.705999970       4.33724064E-12
 -0.704999983       4.33699908E-12
 -0.703999996       4.33676445E-12
 -0.703000009       4.33653677E-12
 -0.702000022       4.33650945E-12
 -0.700999975       4.33610136E-12
 -0.699999988       4.33570020E-12
 -0.699000001       4.33549941E-12
 -0.698000014       4.33530555E-12
 -0.697000027       4.33511820E-12
 -0.695999980       4.33493779E-12
 -0.694999993       4.33495644E-12
 -0.694000006       4.33517328E-12
 -0.693000019       4.33520494E-12
 -0.691999972       4.33524267E-12
 -0.690999985       4.33490353E-12
 -0.689999998       4.33457176E-12
 -0.689000010       4.33424694E-12
 -0.688000023       4.33412074E-12
 -0.686999977       4.33361940E-12
 -0.685999990       4.33312544E-12
 -0.685000002       4.33244890E-12
 -0.684000015       4.33178016E-12
 -0.683000028       4.33111966E-12
 -0.681999981       4.33027659E-12
 -0.680999994       4.32963214E-12
 -0.680000007       4.32899550E-12
 -0.679000020       4.32836709E-12
 -0.677999973       4.32793558E-12
 -0.676999986       4.32751187E-12
 -0.675999999       4.32709597E-12
 -0.675000012       4.32630971E-12
 -0.674000025       4.32553255E-12
 -0.672999978       4.32476320E-12
 -0.671999991       4.32419075E-12
 -0.671000004       4.32362609E-12
 -0.670000017       4.32269368E-12
 -0.669000030       4.32214551E-12
 -0.667999983       4.32160557E-12
 -0.666999996       4.32088610E-12
 -0.666000009       4.32017486E-12
 -0.665000021       4.31928495E-12
 -0.663999975       4.31840414E-12
 -0.662999988       4.31771849E-12
 -0.662000000       4.31704152E-12
 -0.661000013       4.31637278E-12
 -0.660000026       4.31552623E-12
 -0.658999979       4.31450231E-12
 -0.657999992       4.31367312E-12
 -0.657000005       4.31285303E-12
 -0.656000018       4.31222722E-12
 -0.654999971       4.31179484E-12
 -0.653999984       4.31100034E-12
 -0.652999997       4.31039969E-12
 -0.652000010       4.30943779E-12
 -0.651000023       4.30866974E-12
 -0.649999976       4.30791037E-12
 -0.648999989       4.30734398E-12
 -0.648000002       4.30660195E-12
 -0.647000015       4.30586860E-12
 -0.646000028       4.30514391E-12
 -0.644999981       4.30406058E-12
 -0.643999994       4.30298635E-12
 -0.643000007       4.30192167E-12
 -0.642000020       4.30104997E-12
 -0.640999973       4.30018694E-12
 -0.639999986       4.29951647E-12
 -0.638999999       4.29885468E-12
 -0.638000011       4.29820155E-12
 -0.637000024       4.29737452E-12
 -0.635999978       4.29673918E-12
 -0.634999990       4.29611251E-12
 -0.634000003       4.29585881E-12
 -0.633000016       4.29543163E-12
 -0.632000029       4.29537655E-12
 -0.630999982       4.29496586E-12
 -0.629999995       4.29456384E-12
 -0.629000008       4.29435133E-12
 -0.628000021       4.29414750E-12
 -0.626999974       4.29358936E-12
 -0.625999987       4.29322159E-12
 -0.625000000       4.29268079E-12
 -0.624000013       4.29196869E-12
 -0.623000026       4.29162652E-12
 -0.621999979       4.29111260E-12
 -0.620999992       4.29078778E-12
 -0.620000005       4.29029165E-12
 -0.619000018       4.28980419E-12
 -0.617999971       4.28950538E-12
 -0.616999984       4.28885573E-12
 -0.615999997       4.28839473E-12
 -0.615000010       4.28776329E-12
 -0.614000022       4.28732006E-12
 -0.612999976       4.28706506E-12
 -0.611999989       4.28681873E-12
 -0.611000001       4.28658107E-12
 -0.610000014       4.28653033E-12
 -0.609000027       4.28648827E-12
 -0.607999980       4.28663311E-12
 -0.606999993       4.28678577E-12
 -0.606000006       4.28694667E-12
 -0.605000019       4.28729361E-12
 -0.603999972       4.28747055E-12
 -0.602999985       4.28747792E-12
 -0.601999998       4.28767135E-12
 -0.601000011       4.28769563E-12
 -0.600000024       4.28772816E-12
 -0.598999977       4.28776892E-12
 -0.597999990       4.28799574E-12
 -0.597000003       4.28823036E-12
 -0.596000016       4.28847322E-12
 -0.595000029       4.28872432E-12
 -0.593999982       4.28916017E-12
 -0.592999995       4.28960426E-12
 -0.592000008       4.29040874E-12
 -0.591000021       4.29104495E-12
 -0.589999974       4.29168853E-12
 -0.588999987       4.29216385E-12
 -0.588000000       4.29282348E-12
 -0.587000012       4.29349048E-12
 -0.586000025       4.29434136E-12
 -0.584999979       4.29502397E-12
 -0.583999991       4.29589003E-12
 -0.583000004       4.29676347E-12
 -0.582000017       4.29764471E-12
 -0.580999970       4.29853375E-12
 -0.579999983       4.29943017E-12
 -0.578999996       4.30050917E-12
 -0.578000009       4.30142120E-12
 -0.577000022       4.30234060E-12
 -0.575999975       4.30326781E-12
 -0.574999988       4.30420283E-12
 -0.574000001       4.30531999E-12
 -0.573000014       4.30661843E-12
 -0.572000027       4.30792424E-12
 -0.570999980       4.30923743E-12
 -0.569999993       4.31073189E-12
 -0.569000006       4.31188635E-12
 -0.568000019       4.31322165E-12
 -0.566999972       4.31473780E-12
 -0.565999985       4.31608785E-12
 -0.564999998       4.31779178E-12
 -0.564000010       4.31933005E-12
 -0.563000023       4.32087525E-12
 -0.561999977       4.32225523E-12
 -0.560999990       4.32364214E-12
 -0.560000002       4.32503729E-12
 -0.559000015       4.32643981E-12
 -0.558000028       4.32784971E-12
 -0.556999981       4.32944002E-12
 -0.555999994       4.33069292E-12
 -0.555000007       4.33178189E-12
 -0.554000020       4.33322302E-12
 -0.552999973       4.33432804E-12
 -0.551999986       4.33578477E-12
 -0.550999999       4.33690583E-12
 -0.550000012       4.33820688E-12
 -0.549000025       4.33934399E-12
 -0.547999978       4.34066108E-12
 -0.546999991       4.34181510E-12
 -0.546000004       4.34297693E-12
 -0.545000017       4.34414744E-12
 -0.544000030       4.34532618E-12
 -0.542999983       4.34668404E-12
 -0.541999996       4.34787926E-12
 -0.541000009       4.34925316E-12
 -0.540000021       4.35080617E-12
 -0.538999975       4.35219655E-12
 -0.537999988       4.35342474E-12
 -0.537000000       4.35483203E-12
 -0.536000013       4.35624713E-12
 -0.535000026       4.35784048E-12
 -0.533999979       4.35944206E-12
 -0.532999992       4.36139146E-12
 -0.532000005       4.36317866E-12
 -0.531000018       4.36514366E-12
 -0.529999971       4.36694691E-12
 -0.528999984       4.36892753E-12
 -0.527999997       4.37074682E-12
 -0.527000010       4.37240478E-12
 -0.526000023       4.37424055E-12
 -0.524999976       4.37608413E-12
 -0.523999989       4.37776681E-12
 -0.523000002       4.37945773E-12
 -0.522000015       4.38132603E-12
 -0.521000028       4.38320213E-12
 -0.519999981       4.38491821E-12
 -0.518999994       4.38681123E-12
 -0.518000007       4.38854422E-12
 -0.517000020       4.39045371E-12
 -0.515999973       4.39237188E-12
 -0.514999986       4.39413003E-12
 -0.513999999       4.39589641E-12
 -0.513000011       4.39750363E-12
 -0.512000024       4.39928779E-12
 -0.510999978       4.40091236E-12
 -0.509999990       4.40254604E-12
 -0.509000003       4.40435579E-12
 -0.508000016       4.40617464E-12
 -0.507000029       4.40800174E-12
 -0.505999982       4.40967055E-12
 -0.504999995       4.41134846E-12
 -0.504000008       4.41320201E-12
 -0.503000021       4.41489727E-12
 -0.501999974       4.41626770E-12
 -0.500999987       4.41798117E-12
 -0.500000000       4.41953679E-12
 -0.499000013       4.42126847E-12
 -0.497999996       4.42284273E-12
 -0.497000009       4.42442610E-12
 -0.495999992       4.42585205E-12
 -0.495000005       4.42728710E-12
 -0.493999988       4.42856559E-12
 -0.493000001       4.43018625E-12
 -0.492000014       4.43148383E-12
 -0.490999997       4.43279094E-12
 -0.490000010       4.43427413E-12
 -0.488999993       4.43576686E-12
 -0.488000005       4.43710303E-12
 -0.486999989       4.43861484E-12
 -0.486000001       4.44013619E-12
 -0.485000014       4.44183319E-12
 -0.483999997       4.44337405E-12
 -0.483000010       4.44475880E-12
 -0.481999993       4.44631918E-12
 -0.481000006       4.44805434E-12
 -0.479999989       4.44963424E-12
 -0.479000002       4.45155414E-12
 -0.477999985       4.45331836E-12
 -0.476999998       4.45525778E-12
 -0.476000011       4.45720631E-12
 -0.474999994       4.45899958E-12
 -0.474000007       4.46080282E-12
 -0.472999990       4.46261561E-12
 -0.472000003       4.46443793E-12
 -0.470999986       4.46627024E-12
 -0.469999999       4.46794771E-12
 -0.469000012       4.46979996E-12
 -0.467999995       4.47166219E-12
 -0.467000008       4.47353396E-12
 -0.465999991       4.47541570E-12
 -0.465000004       4.47714348E-12
 -0.463999987       4.47904517E-12
 -0.463000000       4.48095727E-12
 -0.462000012       4.48320764E-12
 -0.460999995       4.48530362E-12
 -0.460000008       4.48724521E-12
 -0.458999991       4.48919721E-12
 -0.458000004       4.49115961E-12
 -0.456999987       4.49313156E-12
 -0.456000000       4.49511392E-12
 -0.455000013       4.49727061E-12
 -0.453999996       4.49927335E-12
 -0.453000009       4.50128650E-12
 -0.451999992       4.50330962E-12
 -0.451000005       4.50534315E-12
 -0.449999988       4.50738752E-12
 -0.449000001       4.50960493E-12
 -0.448000014       4.51183318E-12
 -0.446999997       4.51390834E-12
 -0.446000010       4.51583042E-12
 -0.444999993       4.51759984E-12
 -0.444000006       4.51954316E-12
 -0.442999989       4.52133383E-12
 -0.442000002       4.52346147E-12
 -0.441000015       4.52543688E-12
 -0.439999998       4.52742271E-12
 -0.439000010       4.52958244E-12
 -0.437999994       4.53191564E-12
 -0.437000006       4.53409662E-12
 -0.435999990       4.53628801E-12
 -0.435000002       4.53832761E-12
 -0.433999985       4.54021543E-12
 -0.432999998       4.54211408E-12
 -0.432000011       4.54418621E-12
 -0.430999994       4.54610698E-12
 -0.430000007       4.54803860E-12
 -0.428999990       4.54981886E-12
 -0.428000003       4.55177302E-12
 -0.426999986       4.55341320E-12
 -0.425999999       4.55522729E-12
 -0.425000012       4.55689002E-12
 -0.423999995       4.55840227E-12
 -0.423000008       4.55992579E-12
 -0.421999991       4.56129882E-12
 -0.421000004       4.56268356E-12
 -0.419999987       4.56391739E-12
 -0.419000000       4.56516335E-12
 -0.418000013       4.56642103E-12
 -0.416999996       4.56769041E-12
 -0.416000009       4.56913370E-12
 -0.414999992       4.57058870E-12
 -0.414000005       4.57173145E-12
 -0.412999988       4.57321030E-12
 -0.412000000       4.57453866E-12
 -0.411000013       4.57604094E-12
 -0.409999996       4.57755491E-12
 -0.409000009       4.57908060E-12
 -0.407999992       4.58045667E-12
 -0.407000005       4.58184489E-12
 -0.405999988       4.58308391E-12
 -0.405000001       4.58449598E-12
 -0.404000014       4.58592019E-12
 -0.402999997       4.58751787E-12
 -0.402000010       4.58896636E-12
 -0.400999993       4.59026567E-12
 -0.400000006       4.59141579E-12
 -0.398999989       4.59273938E-12
 -0.398000002       4.59439778E-12
 -0.397000015       4.59590699E-12
 -0.395999998       4.59742834E-12
 -0.395000011       4.59928449E-12
 -0.393999994       4.60099146E-12
 -0.393000007       4.60303280E-12
 -0.391999990       4.60508628E-12
 -0.391000003       4.60715190E-12
 -0.389999986       4.60939099E-12
 -0.388999999       4.61164180E-12
 -0.388000011       4.61390518E-12
 -0.386999995       4.61585891E-12
 -0.386000007       4.61814658E-12
 -0.384999990       4.62044682E-12
 -0.384000003       4.62275921E-12
 -0.382999986       4.62492284E-12
 -0.381999999       4.62709948E-12
 -0.381000012       4.62912738E-12
 -0.379999995       4.63100738E-12
 -0.379000008       4.63273907E-12
 -0.377999991       4.63448334E-12
 -0.377000004       4.63607971E-12
 -0.375999987       4.63768910E-12
 -0.375000000       4.63931107E-12
 -0.374000013       4.64110651E-12
 -0.372999996       4.64275406E-12
 -0.372000009       4.64441463E-12
 -0.370999992       4.64608820E-12
 -0.370000005       4.64777435E-12
 -0.368999988       4.64947351E-12
 -0.368000001       4.65118569E-12
 -0.367000014       4.65275084E-12
 -0.365999997       4.65432857E-12
 -0.365000010       4.65591931E-12
 -0.363999993       4.65752350E-12
 -0.363000005       4.65898023E-12
 -0.361999989       4.66061044E-12
 -0.361000001       4.66193317E-12
 -0.360000014       4.66342980E-12
 -0.358999997       4.66509947E-12
 -0.358000010       4.66694305E-12
 -0.356999993       4.66863961E-12
 -0.356000006       4.67050964E-12
 -0.354999989       4.67223265E-12
 -0.354000002       4.67380908E-12
 -0.352999985       4.67539852E-12
 -0.351999998       4.67684138E-12
 -0.351000011       4.67845771E-12
 -0.349999994       4.68008791E-12
 -0.349000007       4.68173113E-12
 -0.347999990       4.68322820E-12
 -0.347000003       4.68489874E-12
 -0.345999986       4.68642269E-12
 -0.344999999       4.68812055E-12
 -0.344000012       4.68951137E-12
 -0.342999995       4.69107652E-12
 -0.342000008       4.69265512E-12
 -0.340999991       4.69408713E-12
 -0.340000004       4.69537300E-12
 -0.338999987       4.69667274E-12
 -0.338000000       4.69798636E-12
 -0.337000012       4.69931342E-12
 -0.335999995       4.70049477E-12
 -0.335000008       4.70184959E-12
 -0.333999991       4.70305869E-12
 -0.333000004       4.70444126E-12
 -0.331999987       4.70567812E-12
 -0.331000000       4.70708932E-12
 -0.330000013       4.70835393E-12
 -0.328999996       4.70963286E-12
 -0.328000009       4.71076563E-12
 -0.326999992       4.71207275E-12
 -0.326000005       4.71339374E-12
 -0.324999988       4.71472904E-12
 -0.324000001       4.71639871E-12
 -0.323000014       4.71776221E-12
 -0.321999997       4.71914001E-12
 -0.321000010       4.72037166E-12
 -0.319999993       4.72177809E-12
 -0.319000006       4.72303880E-12
 -0.317999989       4.72447342E-12
 -0.317000002       4.72592278E-12
 -0.316000015       4.72738645E-12
 -0.314999998       4.72886444E-12
 -0.314000010       4.73019670E-12
 -0.312999994       4.73186334E-12
 -0.312000006       4.73338469E-12
 -0.310999990       4.73508082E-12
 -0.310000002       4.73663123E-12
 -0.308999985       4.73819595E-12
 -0.307999998       4.73993587E-12
 -0.307000011       4.74153009E-12
 -0.305999994       4.74313861E-12
 -0.305000007       4.74476188E-12
 -0.303999990       4.74591937E-12
 -0.303000003       4.74709118E-12
 -0.301999986       4.74827773E-12
 -0.300999999       4.74947902E-12
 -0.300000012       4.75069506E-12
 -0.298999995       4.75192585E-12
 -0.298000008       4.75333184E-12
 -0.296999991       4.75475258E-12
 -0.296000004       4.75618806E-12
 -0.294999987       4.75763873E-12
 -0.294000000       4.75926460E-12
 -0.293000013       4.76058429E-12
 -0.291999996       4.76207962E-12
 -0.291000009       4.76342923E-12
 -0.289999992       4.76479403E-12
 -0.289000005       4.76601354E-12
 -0.287999988       4.76724779E-12
 -0.287000000       4.76817587E-12
 -0.286000013       4.76927959E-12
 -0.284999996       4.77023802E-12
 -0.284000009       4.77137167E-12
 -0.282999992       4.77219956E-12
 -0.282000005       4.77336356E-12
 -0.280999988       4.77438184E-12
 -0.280000001       4.77525484E-12
 -0.279000014       4.77614259E-12
 -0.277999997       4.77720641E-12
 -0.277000010       4.77828541E-12
 -0.275999993       4.77921869E-12
 -0.275000006       4.78016758E-12
 -0.273999989       4.78129212E-12
 -0.273000002       4.78243183E-12
 -0.272000015       4.78358715E-12
 -0.270999998       4.78491899E-12
 -0.270000011       4.78642690E-12
 -0.268999994       4.78811131E-12
 -0.268000007       4.78981134E-12
 -0.266999990       4.79152698E-12
 -0.266000003       4.79325867E-12
 -0.264999986       4.79500554E-12
 -0.263999999       4.79676845E-12
 -0.263000011       4.79854698E-12
 -0.261999995       4.80034155E-12
 -0.261000007       4.80199040E-12
 -0.259999990       4.80381663E-12
 -0.259000003       4.80565848E-12
 -0.257999986       4.80767813E-12
 -0.256999999       4.80987472E-12
 -0.256000012       4.81192603E-12
 -0.254999995       4.81415515E-12
 -0.254000008       4.81623899E-12
 -0.252999991       4.81850063E-12
 -0.252000004       4.82061700E-12
 -0.250999987       4.82307250E-12
 -0.250000000       4.82554491E-12
 -0.248999998       4.82787204E-12
 -0.247999996       4.82989213E-12
 -0.246999994       4.83192826E-12
 -0.246000007       4.83398087E-12
 -0.245000005       4.83621216E-12
 -0.244000003       4.83829773E-12
 -0.243000001       4.84056198E-12
 -0.241999999       4.84300447E-12
 -0.240999997       4.84530211E-12
 -0.239999995       4.84761623E-12
 -0.238999993       4.84978507E-12
 -0.238000005       4.85213258E-12
 -0.237000003       4.85449701E-12
 -0.236000001       4.85687835E-12
 -0.234999999       4.85895222E-12
 -0.233999997       4.86104256E-12
 -0.232999995       4.86282499E-12
 -0.231999993       4.86478609E-12
 -0.231000006       4.86660191E-12
 -0.230000004       4.86827202E-12
 -0.229000002       4.86995817E-12
 -0.228000000       4.87166167E-12
 -0.226999998       4.87338165E-12
 -0.225999996       4.87528073E-12
 -0.224999994       4.87719717E-12
 -0.224000007       4.87896789E-12
 -0.223000005       4.88091815E-12
 -0.222000003       4.88288533E-12
 -0.221000001       4.88486942E-12
 -0.219999999       4.88670779E-12
 -0.218999997       4.88856308E-12
 -0.217999995       4.89027265E-12
 -0.216999993       4.89199870E-12
 -0.216000006       4.89357860E-12
 -0.215000004       4.89517541E-12
 -0.214000002       4.89662564E-12
 -0.213000000       4.89792972E-12
 -0.211999997       4.89908634E-12
 -0.210999995       4.90026032E-12
 -0.209999993       4.90161470E-12
 -0.209000006       4.90282207E-12
 -0.208000004       4.90404592E-12
 -0.207000002       4.90528711E-12
 -0.206000000       4.90654522E-12
 -0.204999998       4.90798374E-12
 -0.203999996       4.90960397E-12
 -0.202999994       4.91124112E-12
 -0.202000007       4.91289604E-12
 -0.201000005       4.91456788E-12
 -0.200000003       4.91625707E-12
 -0.199000001       4.91812840E-12
 -0.197999999       4.92001708E-12
 -0.196999997       4.92192355E-12
 -0.195999995       4.92384735E-12
 -0.194999993       4.92578938E-12
 -0.194000006       4.92807834E-12
 -0.193000004       4.93038553E-12
 -0.192000002       4.93271049E-12
 -0.191000000       4.93505410E-12
 -0.189999998       4.93774596E-12
 -0.188999996       4.94029123E-12
 -0.187999994       4.94285472E-12
 -0.187000006       4.94543686E-12
 -0.186000004       4.94787241E-12
 -0.185000002       4.95032661E-12
 -0.184000000       4.95279902E-12
 -0.182999998       4.95512442E-12
 -0.181999996       4.95746846E-12
 -0.180999994       4.95983072E-12
 -0.180000007       4.96221163E-12
 -0.179000005       4.96461162E-12
 -0.178000003       4.96702983E-12
 -0.177000001       4.96963278E-12
 -0.175999999       4.97208871E-12
 -0.174999997       4.97472983E-12
 -0.173999995       4.97755613E-12
 -0.172999993       4.98056804E-12
 -0.172000006       4.98343294E-12
 -0.171000004       4.98648345E-12
 -0.170000002       4.98972088E-12
 -0.169000000       4.99281085E-12
 -0.167999998       4.99592078E-12
 -0.166999996       4.99921762E-12
 -0.165999994       5.00270138E-12
 -0.165000007       5.00620509E-12
 -0.164000005       5.00989658E-12
 -0.163000003       5.01360845E-12
 -0.162000000       5.01734114E-12
 -0.160999998       5.02109422E-12
 -0.159999996       5.02470071E-12
 -0.158999994       5.02816018E-12
 -0.158000007       5.03164047E-12
 -0.157000005       5.03514114E-12
 -0.156000003       5.03866263E-12
 -0.155000001       5.04203667E-12
 -0.153999999       5.04559935E-12
 -0.152999997       5.04867849E-12
 -0.151999995       5.05194627E-12
 -0.150999993       5.05523444E-12
 -0.150000006       5.05888083E-12
 -0.149000004       5.06254760E-12
 -0.148000002       5.06606736E-12
 -0.147000000       5.06977706E-12
 -0.145999998       5.07333888E-12
 -0.144999996       5.07692239E-12
 -0.143999994       5.08052671E-12
 -0.143000007       5.08432185E-12
 -0.142000005       5.08813868E-12
 -0.141000003       5.09214676E-12
 -0.140000001       5.09600695E-12
 -0.138999999       5.09971969E-12
 -0.137999997       5.10328411E-12
 -0.136999995       5.10670022E-12
 -0.136000007       5.11013801E-12
 -0.135000005       5.11376748E-12
 -0.134000003       5.11707820E-12
 -0.133000001       5.12075105E-12
 -0.131999999       5.12427514E-12
 -0.130999997       5.12765091E-12
 -0.129999995       5.13121880E-12
 -0.128999993       5.13480881E-12
 -0.128000006       5.13824963E-12
 -0.127000004       5.14171258E-12
 -0.126000002       5.14502590E-12
 -0.125000000       5.14801916E-12
 -0.123999998       5.15120498E-12
 -0.123000003       5.15441249E-12
 -0.122000001       5.15764124E-12
 -0.120999999       5.16106428E-12
 -0.119999997       5.16433727E-12
 -0.119000003       5.16763195E-12
 -0.118000001       5.17077700E-12
 -0.116999999       5.17377157E-12
 -0.115999997       5.17661565E-12
 -0.115000002       5.17948141E-12
 -0.114000000       5.18254103E-12
 -0.112999998       5.18579537E-12
 -0.112000003       5.18907183E-12
 -0.111000001       5.19237041E-12
 -0.109999999       5.19586457E-12
 -0.108999997       5.19920825E-12
 -0.108000003       5.20257448E-12
 -0.107000001       5.20613674E-12
 -0.105999999       5.20954807E-12
 -0.104999997       5.21315630E-12
 -0.104000002       5.21661360E-12
 -0.103000000       5.22009389E-12
 -0.101999998       5.22342282E-12
 -0.101000004       5.22677474E-12
 -0.100000001       5.23014965E-12
  -9.89999995E-02   5.23337276E-12
  -9.79999974E-02   5.23696798E-12
  -9.70000029E-02   5.24041184E-12
  -9.60000008E-02   5.24370391E-12
  -9.49999988E-02   5.24736895E-12
  -9.39999968E-02   5.25088263E-12
  -9.30000022E-02   5.25406932E-12
  -9.20000002E-02   5.25745419E-12
  -9.09999982E-02   5.26068642E-12
  -9.00000036E-02   5.26411770E-12
  -8.90000015E-02   5.26739676E-12
  -8.79999995E-02   5.27087532E-12
  -8.69999975E-02   5.27437686E-12
  -8.60000029E-02   5.27807876E-12
  -8.50000009E-02   5.28145193E-12
  -8.39999989E-02   5.28484851E-12
  -8.29999968E-02   5.28809201E-12
  -8.20000023E-02   5.29135936E-12
  -8.10000002E-02   5.29429538E-12
  -7.99999982E-02   5.29743220E-12
  -7.90000036E-02   5.30041462E-12
  -7.80000016E-02   5.30342046E-12
  -7.69999996E-02   5.30609411E-12
  -7.59999976E-02   5.30879030E-12
  -7.50000030E-02   5.31133124E-12
  -7.40000010E-02   5.31407297E-12
  -7.29999989E-02   5.31648076E-12
  -7.19999969E-02   5.31891111E-12
  -7.10000023E-02   5.32136401E-12
  -7.00000003E-02   5.32366035E-12
  -6.89999983E-02   5.32633703E-12
  -6.80000037E-02   5.32885758E-12
  -6.70000017E-02   5.33122158E-12
  -6.59999996E-02   5.33342814E-12
  -6.49999976E-02   5.33565726E-12
  -6.40000030E-02   5.33772896E-12
  -6.30000010E-02   5.34000275E-12
  -6.19999990E-02   5.34193826E-12
  -6.10000007E-02   5.34389590E-12
  -5.99999987E-02   5.34587522E-12
  -5.90000004E-02   5.34787666E-12
  -5.79999983E-02   5.35008106E-12
  -5.70000000E-02   5.35194545E-12
  -5.60000017E-02   5.35365112E-12
  -5.49999997E-02   5.35537760E-12
  -5.40000014E-02   5.35712620E-12
  -5.29999994E-02   5.35889649E-12
  -5.20000011E-02   5.36068802E-12
  -5.09999990E-02   5.36268382E-12
  -5.00000007E-02   5.36488388E-12
  -4.89999987E-02   5.36692435E-12
  -4.80000004E-02   5.36898694E-12
  -4.69999984E-02   5.37088950E-12
  -4.60000001E-02   5.37281417E-12
  -4.50000018E-02   5.37476053E-12
  -4.39999998E-02   5.37654643E-12
  -4.30000015E-02   5.37853746E-12
  -4.19999994E-02   5.38055104E-12
  -4.10000011E-02   5.38240329E-12
  -3.99999991E-02   5.38409378E-12
  -3.90000008E-02   5.38562164E-12
  -3.79999988E-02   5.38753981E-12
  -3.70000005E-02   5.38966528E-12
  -3.59999985E-02   5.39181373E-12
  -3.50000001E-02   5.39398517E-12
  -3.40000018E-02   5.39599398E-12
  -3.29999998E-02   5.39802578E-12
  -3.20000015E-02   5.40026574E-12
  -3.09999995E-02   5.40234350E-12
  -2.99999993E-02   5.40425777E-12
  -2.89999992E-02   5.40619502E-12
  -2.80000009E-02   5.40834088E-12
  -2.70000007E-02   5.41051015E-12
  -2.60000005E-02   5.41270284E-12
  -2.50000004E-02   5.41510586E-12
  -2.40000002E-02   5.41734539E-12
  -2.30000000E-02   5.41960834E-12
  -2.19999999E-02   5.42170692E-12
  -2.09999997E-02   5.42345335E-12
  -1.99999996E-02   5.42522190E-12
  -1.89999994E-02   5.42720122E-12
  -1.79999992E-02   5.42901531E-12
  -1.70000009E-02   5.43104103E-12
  -1.60000008E-02   5.43308974E-12
  -1.49999997E-02   5.43497235E-12
  -1.40000004E-02   5.43687794E-12
  -1.30000003E-02   5.43899604E-12
  -1.20000001E-02   5.44151790E-12
  -1.09999999E-02   5.44368370E-12
  -9.99999978E-03   5.44587292E-12
  -8.99999961E-03   5.44827681E-12
  -8.00000038E-03   5.45070499E-12
  -7.00000022E-03   5.45334828E-12
  -6.00000005E-03   5.45620797E-12
  -4.99999989E-03   5.45890156E-12
  -4.00000019E-03   5.46200368E-12
  -3.00000003E-03   5.46532351E-12
  -2.00000009E-03   5.46886234E-12
  -1.00000005E-03   5.47281317E-12
  -0.00000000       5.47640752E-12
   1.00000005E-03   5.48022175E-12
   2.00000009E-03   5.48425715E-12
   3.00000003E-03   5.48851459E-12
   4.00000019E-03   5.49260810E-12
   4.99999989E-03   5.49692410E-12
   6.00000005E-03   5.50107572E-12
   7.00000022E-03   5.50545070E-12
   8.00000038E-03   5.50985559E-12
   8.99999961E-03   5.51429041E-12
   9.99999978E-03   5.51895031E-12
   1.09999999E-02   5.52364101E-12
   1.20000001E-02   5.52855808E-12
   1.30000003E-02   5.53370240E-12
   1.40000004E-02   5.53907484E-12
   1.49999997E-02   5.54428378E-12
   1.60000008E-02   5.54952525E-12
   1.70000009E-02   5.55460278E-12
   1.79999992E-02   5.55990930E-12
   1.89999994E-02   5.56485457E-12
   1.99999996E-02   5.57002925E-12
   2.09999997E-02   5.57503913E-12
   2.19999999E-02   5.58008110E-12
   2.30000000E-02   5.58495741E-12
   2.40000002E-02   5.58986581E-12
   2.50000004E-02   5.59480630E-12
   2.60000005E-02   5.59977975E-12
   2.70000007E-02   5.60458581E-12
   2.80000009E-02   5.60942438E-12
   2.89999992E-02   5.61429549E-12
   2.99999993E-02   5.61899876E-12
   3.09999995E-02   5.62393491E-12
   3.20000015E-02   5.62870280E-12
   3.29999998E-02   5.63330242E-12
   3.40000018E-02   5.63813536E-12
   3.50000001E-02   5.64279916E-12
   3.59999985E-02   5.64749549E-12
   3.70000005E-02   5.65242644E-12
   3.79999988E-02   5.65739079E-12
   3.90000008E-02   5.66218600E-12
   3.99999991E-02   5.66721670E-12
   4.10000011E-02   5.67187486E-12
   4.19999994E-02   5.67676938E-12
   4.30000015E-02   5.68190113E-12
   4.39999998E-02   5.68686331E-12
   4.50000018E-02   5.69185888E-12
   4.60000001E-02   5.69688827E-12
   4.69999984E-02   5.70215750E-12
   4.80000004E-02   5.70705028E-12
   4.89999987E-02   5.71197733E-12
   5.00000007E-02   5.71673221E-12
   5.09999990E-02   5.72131491E-12
   5.20000011E-02   5.72634344E-12
   5.29999994E-02   5.73140667E-12
   5.40000014E-02   5.73650502E-12
   5.49999997E-02   5.74184537E-12
   5.60000017E-02   5.74701398E-12
   5.70000000E-02   5.75200955E-12
   5.79999983E-02   5.75745701E-12
   5.90000004E-02   5.76273187E-12
   5.99999987E-02   5.76783326E-12
   6.10000007E-02   5.77276074E-12
   6.19999990E-02   5.77730355E-12
   6.30000010E-02   5.78209008E-12
   6.40000030E-02   5.78691175E-12
   6.49999976E-02   5.79176767E-12
   6.59999996E-02   5.79686993E-12
   6.70000017E-02   5.80200818E-12
   6.80000037E-02   5.80718199E-12
   6.89999983E-02   5.81239223E-12
   7.00000003E-02   5.81742684E-12
   7.10000023E-02   5.82270950E-12
   7.19999969E-02   5.82824240E-12
   7.29999989E-02   5.83359966E-12
   7.40000010E-02   5.83920759E-12
   7.50000030E-02   5.84463944E-12
   7.59999976E-02   5.84989479E-12
   7.69999996E-02   5.85497189E-12
   7.80000016E-02   5.86030096E-12
   7.90000036E-02   5.86566733E-12
   7.99999982E-02   5.87128740E-12
   8.10000002E-02   5.87673009E-12
   8.20000023E-02   5.88221052E-12
   8.29999968E-02   5.88751270E-12
   8.39999989E-02   5.89285218E-12
   8.50000009E-02   5.89801211E-12
   8.60000029E-02   5.90320978E-12
   8.69999975E-02   5.90844474E-12
   8.79999995E-02   5.91349886E-12
   8.90000015E-02   5.91880971E-12
   9.00000036E-02   5.92371941E-12
   9.09999982E-02   5.92866598E-12
   9.20000002E-02   5.93342953E-12
   9.30000022E-02   5.93845069E-12
   9.39999968E-02   5.94350914E-12
   9.49999988E-02   5.94860576E-12
   9.60000008E-02   5.95351849E-12
   9.70000029E-02   5.95869057E-12
   9.79999974E-02   5.96401314E-12
   9.89999995E-02   5.96903950E-12
  0.100000001       5.97410446E-12
  0.101000004       5.97943136E-12
  0.101999998       5.98479773E-12
  0.103000000       5.99009124E-12
  0.104000002       5.99564929E-12
  0.104999997       6.00136043E-12
  0.105999999       6.00700002E-12
  0.107000001       6.01268037E-12
  0.108000003       6.01862874E-12
  0.108999997       6.02439192E-12
  0.109999999       6.03019674E-12
  0.111000001       6.03592957E-12
  0.112000003       6.04170403E-12
  0.112999998       6.04740607E-12
  0.114000000       6.05315017E-12
  0.115000002       6.05916576E-12
  0.115999997       6.06533964E-12
  0.116999999       6.07144196E-12
  0.118000001       6.07747273E-12
  0.119000003       6.08366222E-12
  0.119999997       6.09001261E-12
  0.120999999       6.09652389E-12
  0.122000001       6.10308071E-12
  0.123000003       6.10968351E-12
  0.123999998       6.11656645E-12
  0.125000000       6.12326249E-12
  0.126000002       6.13012289E-12
  0.127000004       6.13703099E-12
  0.128000006       6.14398680E-12
  0.128999993       6.15099074E-12
  0.129999995       6.15804326E-12
  0.130999997       6.16502596E-12
  0.131999999       6.17217649E-12
  0.133000001       6.17925719E-12
  0.134000003       6.18614882E-12
  0.135000005       6.19296975E-12
  0.136000007       6.19971956E-12
  0.136999995       6.20639738E-12
  0.137999997       6.21312377E-12
  0.138999999       6.21989829E-12
  0.140000001       6.22648070E-12
  0.141000003       6.23298982E-12
  0.142000005       6.23966807E-12
  0.143000007       6.24627390E-12
  0.143999994       6.25317116E-12
  0.144999996       6.25987500E-12
  0.145999998       6.26650554E-12
  0.147000000       6.27330739E-12
  0.148000002       6.28003682E-12
  0.149000004       6.28681569E-12
  0.150000006       6.29364443E-12
  0.150999993       6.30064750E-12
  0.151999995       6.30757772E-12
  0.152999997       6.31455868E-12
  0.153999999       6.32159169E-12
  0.155000001       6.32867586E-12
  0.156000003       6.33581252E-12
  0.157000005       6.34287631E-12
  0.158000007       6.35011748E-12
  0.158999994       6.35741243E-12
  0.159999996       6.36450875E-12
  0.160999998       6.37178418E-12
  0.162000000       6.37936622E-12
  0.163000003       6.38687670E-12
  0.164000005       6.39444270E-12
  0.165000007       6.40206377E-12
  0.165999994       6.40974123E-12
  0.166999996       6.41760256E-12
  0.167999998       6.42552114E-12
  0.169000000       6.43349740E-12
  0.170000002       6.44140297E-12
  0.171000004       6.44923741E-12
  0.172000006       6.45725921E-12
  0.172999993       6.46520988E-12
  0.173999995       6.47347930E-12
  0.174999997       6.48180901E-12
  0.175999999       6.48993793E-12
  0.177000001       6.49812712E-12
  0.178000003       6.50637660E-12
  0.179000005       6.51455495E-12
  0.180000007       6.52279446E-12
  0.180999994       6.53096240E-12
  0.181999996       6.53919150E-12
  0.182999998       6.54734903E-12
  0.184000000       6.55556815E-12
  0.185000002       6.56384842E-12
  0.186000004       6.57219114E-12
  0.187000006       6.58059674E-12
  0.187999994       6.58893079E-12
  0.188999996       6.59759747E-12
  0.189999998       6.60605858E-12
  0.191000000       6.61471919E-12
  0.192000002       6.62344485E-12
  0.193000004       6.63223599E-12
  0.194000006       6.64095732E-12
  0.194999993       6.64960708E-12
  0.195999995       6.65846024E-12
  0.196999997       6.66738062E-12
  0.197999999       6.67623032E-12
  0.199000001       6.68528557E-12
  0.200000003       6.69454856E-12
  0.201000005       6.70388181E-12
  0.202000007       6.71314566E-12
  0.202999994       6.72261986E-12
  0.203999996       6.73202553E-12
  0.204999998       6.74150276E-12
  0.206000000       6.75105241E-12
  0.207000002       6.76067449E-12
  0.208000004       6.77022804E-12
  0.209000006       6.77985532E-12
  0.209999993       6.78955590E-12
  0.210999995       6.79933106E-12
  0.211999997       6.80918169E-12
  0.213000000       6.81925133E-12
  0.214000002       6.82939772E-12
  0.215000004       6.83947820E-12
  0.216000006       6.84963588E-12
  0.216999993       6.86001689E-12
  0.217999995       6.87018714E-12
  0.218999997       6.88043589E-12
  0.219999999       6.89076443E-12
  0.221000001       6.90117321E-12
  0.222000003       6.91151563E-12
  0.223000005       6.92208617E-12
  0.224000007       6.93259165E-12
  0.224999994       6.94317910E-12
  0.225999996       6.95384982E-12
  0.226999998       6.96475343E-12
  0.228000000       6.97574247E-12
  0.229000002       6.98696830E-12
  0.230000004       6.99813081E-12
  0.231000006       7.00907908E-12
  0.231999993       7.02041680E-12
  0.232999995       7.03169250E-12
  0.233999997       7.04305711E-12
  0.234999999       7.05435883E-12
  0.236000001       7.06590385E-12
  0.237000003       7.07738729E-12
  0.238000005       7.08896223E-12
  0.238999993       7.10078394E-12
  0.239999995       7.11239010E-12
  0.240999997       7.12408995E-12
  0.241999999       7.13588346E-12
  0.243000001       7.14792895E-12
  0.244000003       7.15991459E-12
  0.245000005       7.17215480E-12
  0.246000007       7.18449345E-12
  0.246999994       7.19677399E-12
  0.247999996       7.20883553E-12
  0.248999998       7.22115596E-12
  0.250000000       7.23341699E-12
  0.250999987       7.24593953E-12
  0.252000004       7.25824262E-12
  0.252999991       7.27064719E-12
  0.254000008       7.28315411E-12
  0.254999995       7.29576555E-12
  0.256000012       7.30848194E-12
  0.256999999       7.32114022E-12
  0.257999986       7.33423218E-12
  0.259000003       7.34726949E-12
  0.259999990       7.36041523E-12
  0.261000007       7.37367112E-12
  0.261999995       7.38687236E-12
  0.263000011       7.40018463E-12
  0.263999999       7.41377706E-12
  0.264999986       7.42748398E-12
  0.266000003       7.44147625E-12
  0.266999990       7.45575563E-12
  0.268000007       7.46998643E-12
  0.268999994       7.48433867E-12
  0.270000011       7.49898321E-12
  0.270999998       7.51375264E-12
  0.272000015       7.52899219E-12
  0.273000002       7.54436184E-12
  0.273999989       7.56020940E-12
  0.275000006       7.57601794E-12
  0.275999993       7.59196265E-12
  0.277000010       7.60804267E-12
  0.277999997       7.62426233E-12
  0.279000014       7.64079772E-12
  0.280000001       7.65729841E-12
  0.280999988       7.67376527E-12
  0.282000005       7.69037438E-12
  0.282999992       7.70730788E-12
  0.284000009       7.72421016E-12
  0.284999996       7.74125989E-12
  0.286000013       7.75827926E-12
  0.287000000       7.77544782E-12
  0.287999988       7.79295205E-12
  0.289000005       7.81024464E-12
  0.289999992       7.82769162E-12
  0.291000009       7.84529473E-12
  0.291999996       7.86287094E-12
  0.293000013       7.88079064E-12
  0.294000000       7.89887253E-12
  0.294999987       7.91711748E-12
  0.296000004       7.93515167E-12
  0.296999991       7.95316243E-12
  0.298000008       7.97133800E-12
  0.298999995       7.98968010E-12
  0.300000012       8.00800051E-12
  0.300999999       8.02649093E-12
  0.301999986       8.04496053E-12
  0.303000003       8.06340932E-12
  0.303999990       8.08203070E-12
  0.305000007       8.10102159E-12
  0.305999994       8.11999600E-12
  0.307000011       8.13895305E-12
  0.307999998       8.15809052E-12
  0.308999985       8.17721238E-12
  0.310000002       8.19651638E-12
  0.310999990       8.21620636E-12
  0.312000006       8.23588506E-12
  0.312999994       8.25575372E-12
  0.314000010       8.27601702E-12
  0.314999998       8.29627426E-12
  0.316000015       8.31672925E-12
  0.317000002       8.33758930E-12
  0.317999989       8.35824205E-12
  0.319000006       8.37909950E-12
  0.319999993       8.40016338E-12
  0.321000010       8.42122726E-12
  0.321999997       8.44271181E-12
  0.323000014       8.46398993E-12
  0.324000001       8.48548315E-12
  0.324999988       8.50740485E-12
  0.326000005       8.52954860E-12
  0.326999992       8.55191785E-12
  0.328000009       8.57430012E-12
  0.328999996       8.59712735E-12
  0.330000013       8.61997192E-12
  0.331000000       8.64305242E-12
  0.331999987       8.66659175E-12
  0.333000004       8.69015537E-12
  0.333999991       8.71374414E-12
  0.335000008       8.73758010E-12
  0.335999995       8.76144383E-12
  0.337000012       8.78567271E-12
  0.338000000       8.81027196E-12
  0.338999987       8.83501952E-12
  0.340000004       8.86003250E-12
  0.340999991       8.88519987E-12
  0.342000008       8.91063959E-12
  0.342999995       8.93635513E-12
  0.344000012       8.96234996E-12
  0.344999999       8.98874638E-12
  0.345999986       9.01531454E-12
  0.347000003       9.04217673E-12
  0.347999990       9.06933556E-12
  0.349000007       9.09667827E-12
  0.349999994       9.12420660E-12
  0.351000011       9.15204457E-12
  0.351999998       9.17995541E-12
  0.352999985       9.20818196E-12
  0.354000002       9.23648744E-12
  0.354999989       9.26523875E-12
  0.356000006       9.29419736E-12
  0.356999993       9.32349076E-12
  0.358000010       9.35312418E-12
  0.358999997       9.38322944E-12
  0.360000014       9.41343444E-12
  0.361000001       9.44412257E-12
  0.361999989       9.47530075E-12
  0.363000005       9.50672267E-12
  0.363999993       9.53851928E-12
  0.365000010       9.57069753E-12
  0.365999997       9.60326436E-12
  0.367000014       9.63609487E-12
  0.368000001       9.66919513E-12
  0.368999988       9.70270045E-12
  0.370000005       9.73648592E-12
  0.370999992       9.77069033E-12
  0.372000009       9.80545506E-12
  0.372999996       9.84051989E-12
  0.374000013       9.87588917E-12
  0.375000000       9.91184392E-12
  0.375999987       9.94811872E-12
  0.377000004       9.98471791E-12
  0.377999991       1.00219286E-11
  0.379000008       1.00594802E-11
  0.379999995       1.00976614E-11
  0.381000012       1.01362009E-11
  0.381999999       1.01753900E-11
  0.382999986       1.02149539E-11
  0.384000003       1.02549002E-11
  0.384999990       1.02953817E-11
  0.386000007       1.03364088E-11
  0.386999995       1.03781393E-11
  0.388000011       1.04204388E-11
  0.388999999       1.04630193E-11
  0.389999986       1.05061879E-11
  0.391000003       1.05501077E-11
  0.391999990       1.05944888E-11
  0.393000007       1.06394936E-11
  0.393999994       1.06849807E-11
  0.395000011       1.07311165E-11
  0.395999998       1.07779124E-11
  0.397000015       1.08250691E-11
  0.398000002       1.08730698E-11
  0.398999989       1.09216117E-11
  0.400000006       1.09708683E-11
  0.400999993       1.10206930E-11
  0.402000010       1.10710972E-11
  0.402999997       1.11224233E-11
  0.404000014       1.11746922E-11
  0.405000001       1.12275892E-11
  0.405999988       1.12812979E-11
  0.407000005       1.13354976E-11
  0.407999992       1.13908813E-11
  0.409000009       1.14469614E-11
  0.409999996       1.15037537E-11
  0.411000013       1.15614480E-11
  0.412000000       1.16198908E-11
  0.412999988       1.16792773E-11
  0.414000005       1.17396292E-11
  0.414999992       1.18011503E-11
  0.416000009       1.18635058E-11
  0.416999996       1.19267148E-11
  0.418000013       1.19911693E-11
  0.419000000       1.20563403E-11
  0.419999987       1.21226224E-11
  0.421000004       1.21900424E-11
  0.421999991       1.22588207E-11
  0.423000008       1.23286069E-11
  0.423999995       1.23998164E-11
  0.425000012       1.24720928E-11
  0.425999999       1.25458611E-11
  0.426999986       1.26207612E-11
  0.428000003       1.26970257E-11
  0.428999990       1.27744881E-11
  0.430000007       1.28533850E-11
  0.430999994       1.29335509E-11
  0.432000011       1.30156450E-11
  0.432999998       1.30988814E-11
  0.433999985       1.31835038E-11
  0.435000002       1.32697672E-11
  0.435999990       1.33579346E-11
  0.437000006       1.34480612E-11
  0.437999994       1.35397648E-11
  0.439000010       1.36335379E-11
  0.439999998       1.37293293E-11
  0.441000015       1.38269734E-11
  0.442000002       1.39267564E-11
  0.442999989       1.40285136E-11
  0.444000006       1.41325406E-11
  0.444999993       1.42385548E-11
  0.446000010       1.43468588E-11
  0.446999997       1.44571638E-11
  0.448000014       1.45700240E-11
  0.449000001       1.46854022E-11
  0.449999988       1.48033790E-11
  0.451000005       1.49239215E-11
  0.451999992       1.50474962E-11
  0.453000009       1.51735638E-11
  0.453999996       1.53027348E-11
  0.455000013       1.54349866E-11
  0.456000000       1.55705639E-11
  0.456999987       1.57091805E-11
  0.458000004       1.58513619E-11
  0.458999991       1.59972383E-11
  0.460000008       1.61465268E-11
  0.460999995       1.62996457E-11
  0.462000012       1.64567405E-11
  0.463000000       1.66178234E-11
  0.463999987       1.67831981E-11
  0.465000004       1.69530397E-11
  0.465999991       1.71273759E-11
  0.467000008       1.73068591E-11
  0.467999995       1.74912324E-11
  0.469000012       1.76807059E-11
  0.469999999       1.78756593E-11
  0.470999986       1.80761708E-11
  0.472000003       1.82826532E-11
  0.472999990       1.84952071E-11
  0.474000007       1.87146219E-11
  0.474999994       1.89406997E-11
  0.476000011       1.91735777E-11
  0.476999998       1.94142966E-11
  0.477999985       1.96628755E-11
  0.479000002       1.99197082E-11
  0.479999989       2.01853933E-11
  0.481000006       2.04603903E-11
  0.481999993       2.07447948E-11
  0.483000010       2.10393022E-11
  0.483999997       2.13442614E-11
  0.485000014       2.16606559E-11
  0.486000001       2.19889194E-11
  0.486999989       2.23295184E-11
  0.488000005       2.26833882E-11
  0.488999993       2.30510975E-11
  0.490000010       2.34335971E-11
  0.490999997       2.38320370E-11
  0.492000014       2.42470696E-11
  0.493000001       2.46800080E-11
  0.493999988       2.51317873E-11
  0.495000005       2.56038055E-11
  0.495999992       2.60974627E-11
  0.497000009       2.66144173E-11
  0.497999996       2.71562217E-11
  0.499000013       2.77248589E-11
  0.500000000       2.83223670E-11
  0.500999987       2.89510031E-11
  0.501999974       2.96132598E-11
  0.503000021       3.03117531E-11
  0.504000008       3.10497079E-11
  0.504999995       3.18303994E-11
  0.505999982       3.26578313E-11
  0.507000029       3.35363230E-11
  0.508000016       3.44703988E-11
  0.509000003       3.54660815E-11
  0.509999990       3.65294635E-11
  0.510999978       3.76678862E-11
  0.512000024       3.88891488E-11
  0.513000011       4.02026537E-11
  0.513999999       4.16194960E-11
  0.514999986       4.31522595E-11
  0.515999973       4.48157796E-11
  0.517000020       4.66275490E-11
  0.518000007       4.86083153E-11
  0.518999994       5.07827599E-11
  0.519999981       5.31807827E-11
  0.521000028       5.58386254E-11
  0.522000015       5.88014915E-11
  0.523000002       6.21250620E-11
  0.523999989       6.58791077E-11
  0.524999976       7.01537092E-11
  0.526000023       7.50645032E-11
  0.527000010       8.07656025E-11
  0.527999997       8.74639389E-11
  0.528999984       9.54464563E-11
  0.529999971       1.05121828E-10
  0.531000018       1.17092461E-10
  0.532000005       1.32284655E-10
  0.532999992       1.52201793E-10
  0.533999979       1.79454215E-10
  0.535000026       2.19008339E-10
  0.536000013       2.81622253E-10
  0.537000000       3.95758676E-10
  0.537999988       6.69467981E-10
  0.538999975       2.21472463E-09
  0.540000021       1.66685421E-09
  0.541000009       6.02129291E-10
  0.541999996       3.66148972E-10
  0.542999983       2.62389110E-10
  0.544000030       2.04043116E-10
  0.545000017       1.66648750E-10
  0.546000004       1.40638640E-10
  0.546999991       1.21500962E-10
  0.547999978       1.06829670E-10
  0.549000025       9.52244117E-11
  0.550000012       8.58150773E-11
  0.550999999       7.80322473E-11
  0.551999986       7.14873924E-11
  0.552999973       6.59074254E-11
  0.554000020       6.10934775E-11
  0.555000007       5.68979482E-11
  0.555999994       5.32088644E-11
  0.556999981       4.99395976E-11
  0.558000028       4.70223166E-11
  0.559000015       4.44033525E-11
  0.560000002       4.20386503E-11
  0.560999990       3.98933664E-11
  0.561999977       3.79380798E-11
  0.563000023       3.61486154E-11
  0.564000010       3.45046075E-11
  0.564999998       3.29893161E-11
  0.565999985       3.15881037E-11
  0.566999972       3.02883517E-11
  0.568000019       2.90794108E-11
  0.569000006       2.79524390E-11
  0.569999993       2.68990299E-11
  0.570999980       2.59125464E-11
  0.572000027       2.49866499E-11
  0.573000014       2.41157615E-11
  0.574000001       2.32952668E-11
  0.574999988       2.25209174E-11
  0.575999975       2.17887739E-11
  0.577000022       2.10954639E-11
  0.578000009       2.04382587E-11
  0.578999996       1.98142787E-11
  0.579999983       1.92207934E-11
  0.580999970       1.86558668E-11
  0.582000017       1.81174867E-11
  0.583000004       1.76039548E-11
  0.583999991       1.71133489E-11
  0.584999979       1.66444011E-11
  0.586000025       1.61953576E-11
  0.587000012       1.57651982E-11
  0.588000000       1.53527573E-11
  0.588999987       1.49568483E-11
  0.589999974       1.45766003E-11
  0.591000021       1.42107775E-11
  0.592000008       1.38590884E-11
  0.592999995       1.35203246E-11
  0.593999982       1.31939780E-11
  0.595000029       1.28793799E-11
  0.596000016       1.25759065E-11
  0.597000003       1.22825907E-11
  0.597999990       1.19991014E-11
  0.598999977       1.17251313E-11
  0.600000024       1.14598418E-11
  0.601000011       1.12031695E-11
  0.601999998       1.09545255E-11
  0.602999985       1.07138794E-11
  0.603999972       1.04805158E-11
  0.605000019       1.02544397E-11
  0.606000006       1.00349893E-11
  0.606999993       9.82203468E-12
  0.607999980       9.61545340E-12
  0.609000027       9.41481094E-12
  0.610000014       9.21985491E-12
  0.611000001       9.03050204E-12
  0.611999989       8.84621369E-12
  0.612999976       8.66708615E-12
  0.614000022       8.49261200E-12
  0.615000010       8.32275481E-12
  0.615999997       8.15747990E-12
  0.616999984       7.99632062E-12
  0.617999971       7.83911998E-12
  0.619000018       7.68601068E-12
  0.620000005       7.53683834E-12
  0.620999992       7.39145897E-12
  0.621999979       7.24960023E-12
  0.623000026       7.11113416E-12
  0.624000013       6.97580925E-12
  0.625000000       6.84377555E-12
  0.625999987       6.71466181E-12
  0.626999974       6.58849451E-12
  0.628000021       6.46517475E-12
  0.629000008       6.34473073E-12
  0.629999995       6.22682071E-12
  0.630999982       6.11160601E-12
  0.632000029       5.99887848E-12
  0.633000016       5.88855787E-12
  0.634000003       5.78033151E-12
  0.634999990       5.67460141E-12
  0.635999978       5.57094301E-12
  0.637000024       5.46952110E-12
  0.638000011       5.37026760E-12
  0.638999999       5.27311745E-12
  0.639999986       5.17778572E-12
  0.640999973       5.08432792E-12
  0.642000020       4.99301685E-12
  0.643000007       4.90325011E-12
  0.643999994       4.81498348E-12
  0.644999981       4.72838609E-12
  0.646000028       4.64320075E-12
  0.647000015       4.56001209E-12
  0.648000002       4.47814659E-12
  0.648999989       4.39736442E-12
  0.649999976       4.31824194E-12
  0.651000023       4.24053457E-12
  0.652000010       4.16440363E-12
  0.652999997       4.08941240E-12
  0.653999984       4.01592258E-12
  0.654999971       3.94370083E-12
  0.656000018       3.87290720E-12
  0.657000005       3.80331400E-12
  0.657999992       3.73451357E-12
  0.658999979       3.66704757E-12
  0.660000026       3.60051182E-12
  0.661000013       3.53506677E-12
  0.662000000       3.47032060E-12
  0.662999988       3.40661874E-12
  0.663999975       3.34375604E-12
  0.665000021       3.28224730E-12
  0.666000009       3.22153003E-12
  0.666999996       3.16193621E-12
  0.667999983       3.10309135E-12
  0.669000030       3.04515072E-12
  0.670000017       2.98809393E-12
  0.671000004       2.93190038E-12
  0.671999991       2.87638164E-12
  0.672999978       2.82169015E-12
  0.674000025       2.76797400E-12
  0.675000012       2.71504629E-12
  0.675999999       2.66288966E-12
  0.676999986       2.61132435E-12
  0.677999973       2.56049890E-12
  0.679000020       2.51039792E-12
  0.680000007       2.46100557E-12
  0.680999994       2.41230668E-12
  0.681999981       2.36428693E-12
  0.683000028       2.31677568E-12
  0.684000015       2.26991733E-12
  0.685000002       2.22354470E-12
  0.685999990       2.17764739E-12
  0.686999977       2.13251964E-12
  0.688000023       2.08799536E-12
  0.689000010       2.04406197E-12
  0.689999998       2.00055879E-12
  0.690999985       1.95777335E-12
  0.691999972       1.91539731E-12
  0.693000019       1.87386109E-12
  0.694000006       1.83271258E-12
  0.694999993       1.79208883E-12
  0.695999980       1.75197964E-12
  0.697000027       1.71237503E-12
  0.698000014       1.67326558E-12
  0.699000001       1.63450124E-12
  0.699999988       1.59635499E-12
  0.700999975       1.55853759E-12
  0.702000022       1.52118097E-12
  0.703000009       1.48427668E-12
  0.703999996       1.44808937E-12
  0.704999983       1.41233466E-12
  0.705999970       1.37673521E-12
  0.707000017       1.34155599E-12
  0.708000004       1.30665639E-12
  0.708999991       1.27229650E-12
  0.709999979       1.23833496E-12
  0.711000025       1.20489578E-12
  0.712000012       1.17196996E-12
  0.713000000       1.13941907E-12
  0.713999987       1.10697909E-12
  0.714999974       1.07503210E-12
  0.716000021       1.04318789E-12
  0.717000008       1.01157104E-12
  0.717999995       9.80429605E-13
  0.718999982       9.49505340E-13
  0.720000029       9.18918912E-13
  0.721000016       8.88540977E-13
  0.722000003       8.58614503E-13
  0.722999990       8.29009441E-13
  0.723999977       7.99598723E-13
  0.725000024       7.70500363E-13
  0.726000011       7.41950663E-13
  0.726999998       7.13700854E-13
  0.727999985       6.85746165E-13
  0.728999972       6.57963050E-13
  0.730000019       6.30466924E-13
  0.731000006       6.03370923E-13
  0.731999993       5.76434787E-13
  0.732999980       5.49888856E-13
  0.734000027       5.23379625E-13
  0.735000014       4.97367392E-13
  0.736000001       4.71729914E-13
  0.736999989       4.46461553E-13
  0.737999976       4.21443235E-13
  0.739000022       3.96671194E-13
  0.740000010       3.72029312E-13
  0.740999997       3.47627472E-13
  0.741999984       3.23350775E-13
  0.742999971       2.99529661E-13
  0.744000018       2.75826779E-13
  0.745000005       2.52569450E-13
  0.745999992       2.29532945E-13
  0.746999979       2.06931355E-13
  0.748000026       1.84325821E-13
  0.749000013       1.62362311E-13
  0.750000000       1.40388786E-13
  0.750999987       1.18618670E-13
  0.751999974       9.70490778E-14
  0.753000021       7.56771626E-14
  0.754000008       5.45001632E-14
  0.754999995       3.30964063E-14
  0.755999982       1.20944726E-14
  0.757000029       9.13389678E-15
  0.758000016       2.99657522E-14
  0.759000003       5.04064530E-14
  0.759999990       7.08709350E-14
  0.760999978       9.13589408E-14
  0.762000024       1.11870230E-13
  0.763000011       1.32404558E-13
  0.763999999       1.52760440E-13
  0.764999986       1.72739861E-13
  0.765999973       1.92347738E-13
  0.767000020       2.11787605E-13
  0.768000007       2.30863858E-13
  0.768999994       2.49778144E-13
  0.769999981       2.68336460E-13
  0.771000028       2.86738650E-13
  0.772000015       3.05181282E-13
  0.773000002       3.23276508E-13
  0.773999989       3.41414505E-13
  0.774999976       3.59402666E-13
  0.776000023       3.77625530E-13
  0.777000010       3.95508713E-13
  0.777999997       4.13246152E-13
  0.778999984       4.30839690E-13
  0.779999971       4.48102899E-13
  0.781000018       4.65227303E-13
  0.782000005       4.82401337E-13
  0.782999992       4.99066554E-13
  0.783999979       5.15599553E-13
  0.785000026       5.31817429E-13
  0.786000013       5.48091466E-13
  0.787000000       5.64421014E-13
  0.787999988       5.80623223E-13
  0.788999975       5.96699610E-13
  0.790000021       6.12470740E-13
  0.791000009       6.28120494E-13
  0.791999996       6.43470683E-13
  0.792999983       6.58703723E-13
  0.794000030       6.73820917E-13
  0.795000017       6.88468813E-13
  0.796000004       7.03006230E-13
  0.796999991       7.17258447E-13
  0.797999978       7.31404087E-13
  0.799000025       7.45619170E-13
  0.800000012       7.59902991E-13
  0.800999999       7.73907848E-13
  0.801999986       7.87982526E-13
  0.802999973       8.01954098E-13
  0.804000020       8.15823700E-13
  0.805000007       8.29592525E-13
  0.805999994       8.43091384E-13
  0.806999981       8.56323259E-13
  0.808000028       8.69460103E-13
  0.809000015       8.82671486E-13
  0.810000002       8.95620871E-13
  0.810999990       9.08478371E-13
  0.811999977       9.21245068E-13
  0.813000023       9.33921885E-13
  0.814000010       9.46344240E-13
  0.814999998       9.58514951E-13
  0.815999985       9.70765352E-13
  0.816999972       9.82930751E-13
  0.818000019       9.95012232E-13
  0.819000006       1.00668540E-12
  0.819999993       1.01811647E-12
  0.820999980       1.02963102E-12
  0.822000027       1.04106730E-12
  0.823000014       1.05258651E-12
  0.824000001       1.06418791E-12
  0.824999988       1.07571124E-12
  0.825999975       1.08731611E-12
  0.827000022       1.09916004E-12
  0.828000009       1.11076740E-12
  0.828999996       1.12229778E-12
  0.829999983       1.13359539E-12
  0.830999970       1.14497485E-12
  0.832000017       1.15627961E-12
  0.833000004       1.16751064E-12
  0.833999991       1.17835928E-12
  0.834999979       1.18929161E-12
  0.836000025       1.19984610E-12
  0.837000012       1.21048581E-12
  0.838000000       1.22120977E-12
  0.838999987       1.23171308E-12
  0.839999974       1.24199782E-12
  0.841000021       1.25236843E-12
  0.842000008       1.26282405E-12
  0.842999995       1.27321363E-12
  0.843999982       1.28353805E-12
  0.845000029       1.29364846E-12
  0.846000016       1.30339836E-12
  0.847000003       1.31338408E-12
  0.847999990       1.32301234E-12
  0.848999977       1.33243384E-12
  0.850000024       1.34165032E-12
  0.851000011       1.35095678E-12
  0.851999998       1.36006039E-12
  0.852999985       1.36910849E-12
  0.853999972       1.37824669E-12
  0.855000019       1.38761886E-12
  0.856000006       1.39679024E-12
  0.856999993       1.40590642E-12
  0.857999980       1.41482453E-12
  0.859000027       1.42383230E-12
  0.860000014       1.43250147E-12
  0.861000001       1.44126117E-12
  0.861999989       1.44982745E-12
  0.862999976       1.45848427E-12
  0.864000022       1.46723096E-12
  0.865000010       1.47578596E-12
  0.865999997       1.48443085E-12
  0.866999984       1.49274636E-12
  0.867999971       1.50115261E-12
  0.869000018       1.50937140E-12
  0.870000005       1.51740447E-12
  0.870999992       1.52539136E-12
  0.871999979       1.53319490E-12
  0.873000026       1.54081663E-12
  0.874000013       1.54853159E-12
  0.875000000       1.55593008E-12
  0.875999987       1.56301491E-12
  0.876999974       1.57005962E-12
  0.878000021       1.57733483E-12
  0.879000008       1.58429975E-12
  0.879999995       1.59135996E-12
  0.880999982       1.59824682E-12
  0.882000029       1.60509529E-12
  0.883000016       1.61203895E-12
  0.884000003       1.61867839E-12
  0.884999990       1.62554616E-12
  0.885999978       1.63237598E-12
  0.887000024       1.63903667E-12
  0.888000011       1.64552942E-12
  0.888999999       1.65211768E-12
  0.889999986       1.65880070E-12
  0.890999973       1.66518676E-12
  0.892000020       1.67166823E-12
  0.893000007       1.67811457E-12
  0.893999994       1.68452622E-12
  0.894999981       1.69103219E-12
  0.896000028       1.69737466E-12
  0.897000015       1.70393972E-12
  0.898000002       1.71046955E-12
  0.898999989       1.71683718E-12
  0.899999976       1.72291673E-12
  0.901000023       1.72909072E-12
  0.902000010       1.73523218E-12
  0.902999997       1.74121514E-12
  0.903999984       1.74741818E-12
  0.904999971       1.75346326E-12
  0.906000018       1.75947668E-12
  0.907000005       1.76558345E-12
  0.907999992       1.77140941E-12
  0.908999979       1.77720512E-12
  0.910000026       1.78284698E-12
  0.911000013       1.78858317E-12
  0.912000000       1.79416649E-12
  0.912999988       1.79972107E-12
  0.913999975       1.80536966E-12
  0.915000021       1.81086699E-12
  0.916000009       1.81633625E-12
  0.916999996       1.82189919E-12
  0.917999983       1.82743382E-12
  0.919000030       1.83306126E-12
  0.920000017       1.83866030E-12
  0.921000004       1.84423071E-12
  0.921999991       1.84989329E-12
  0.922999978       1.85528762E-12
  0.924000025       1.86077434E-12
  0.925000012       1.86611425E-12
  0.925999999       1.87118984E-12
  0.926999986       1.87623983E-12
  0.927999973       1.88150125E-12
  0.929000020       1.88673643E-12
  0.930000007       1.89206333E-12
  0.930999994       1.89712894E-12
  0.931999981       1.90216939E-12
  0.933000028       1.90695138E-12
  0.934000015       1.91136018E-12
  0.935000002       1.91574707E-12
  0.935999990       1.91988049E-12
  0.936999977       1.92399352E-12
  0.938000023       1.92785566E-12
  0.939000010       1.93146844E-12
  0.939999998       1.93506365E-12
  0.940999985       1.93841189E-12
  0.941999972       1.94162980E-12
  0.943000019       1.94448971E-12
  0.944000006       1.94722190E-12
  0.944999993       1.94982724E-12
  0.945999980       1.95230659E-12
  0.947000027       1.95477380E-12
  0.948000014       1.95734162E-12
  0.949000001       1.96023406E-12
  0.949999988       1.96300051E-12
  0.950999975       1.96552952E-12
  0.952000022       1.96804639E-12
  0.953000009       1.97066235E-12
  0.953999996       1.97326552E-12
  0.954999983       1.97574531E-12
  0.955999970       1.97799199E-12
  0.957000017       1.98044814E-12
  0.958000004       1.98289258E-12
  0.958999991       1.98554454E-12
  0.959999979       1.98818392E-12
  0.961000025       1.99124766E-12
  0.962000012       1.99386059E-12
  0.963000000       1.99667843E-12
  0.963999987       1.99926577E-12
  0.964999974       2.00227378E-12
  0.966000021       2.00526748E-12
  0.967000008       2.00824687E-12
  0.967999995       2.01142705E-12
  0.968999982       2.01437760E-12
  0.970000029       2.01752829E-12
  0.971000016       2.02066402E-12
  0.972000003       2.02399794E-12
  0.972999990       2.02710353E-12
  0.973999977       2.02998230E-12
  0.975000024       2.03263556E-12
  0.976000011       2.03548745E-12
  0.976999998       2.03811490E-12
  0.977999985       2.04094012E-12
  0.978999972       2.04417191E-12
  0.980000019       2.04717883E-12
  0.981000006       2.05058952E-12
  0.981999993       2.05377599E-12
  0.982999980       2.05694728E-12
  0.984000027       2.06010361E-12
  0.985000014       2.06324519E-12
  0.986000001       2.06637225E-12
  0.986999989       2.06969056E-12
  0.987999976       2.07278790E-12
  0.989000022       2.07607586E-12
  0.990000010       2.07934841E-12
  0.990999997       2.08219704E-12
  0.991999984       2.08523628E-12
  0.992999971       2.08846460E-12
  0.994000018       2.09188114E-12
  0.995000005       2.09507910E-12
  0.995999992       2.09846441E-12
  0.996999979       2.10223744E-12
  0.998000026       2.10619478E-12
  0.999000013       2.11013368E-12
   1.00000000       2.11405481E-12
   1.00100005       2.11795772E-12
   1.00199997       2.12204256E-12
   1.00300002       2.12590969E-12
   1.00399995       2.12995789E-12
   1.00500000       2.13398765E-12
   1.00600004       2.13799898E-12
   1.00699997       2.14179455E-12
   1.00800002       2.14576989E-12
   1.00899994       2.14953055E-12
   1.00999999       2.15347033E-12
   1.01100004       2.15719608E-12
   1.01199996       2.16090514E-12
   1.01300001       2.16498716E-12
   1.01400006       2.16924547E-12
   1.01499999       2.17348448E-12
   1.01600003       2.17809234E-12
   1.01699996       2.18267938E-12
   1.01800001       2.18685985E-12
   1.01900005       2.19102124E-12
   1.01999998       2.19516419E-12
   1.02100003       2.19909637E-12
   1.02199996       2.20281952E-12
   1.02300000       2.20690783E-12
   1.02400005       2.21078689E-12
   1.02499998       2.21483877E-12
   1.02600002       2.21906239E-12
   1.02699995       2.22345645E-12
   1.02800000       2.22783077E-12
   1.02900004       2.23199692E-12
   1.02999997       2.23595600E-12
   1.03100002       2.24027329E-12
   1.03199995       2.24419593E-12
   1.03299999       2.24828814E-12
   1.03400004       2.25217501E-12
   1.03499997       2.25604431E-12
   1.03600001       2.25989626E-12
   1.03699994       2.26373065E-12
   1.03799999       2.26736251E-12
   1.03900003       2.27153279E-12
   1.03999996       2.27568420E-12
   1.04100001       2.27963286E-12
   1.04200006       2.28374784E-12
   1.04299998       2.28729340E-12
   1.04400003       2.29100614E-12
   1.04499996       2.29488499E-12
   1.04600000       2.29856368E-12
   1.04700005       2.30258976E-12
   1.04799998       2.30677955E-12
   1.04900002       2.31076920E-12
   1.04999995       2.31456000E-12
   1.05100000       2.31869472E-12
   1.05200005       2.32263080E-12
   1.05299997       2.32672909E-12
   1.05400002       2.33062940E-12
   1.05499995       2.33469125E-12
   1.05599999       2.33837710E-12
   1.05700004       2.34204604E-12
   1.05799997       2.34587675E-12
   1.05900002       2.34968989E-12
   1.05999994       2.35384086E-12
   1.06099999       2.35744172E-12
   1.06200004       2.36102609E-12
   1.06299996       2.36477071E-12
   1.06400001       2.36832190E-12
   1.06500006       2.37168119E-12
   1.06599998       2.37520008E-12
   1.06700003       2.37852793E-12
   1.06799996       2.38184017E-12
   1.06900001       2.38496267E-12
   1.07000005       2.38824455E-12
   1.07099998       2.39133735E-12
   1.07200003       2.39424192E-12
   1.07299995       2.39713284E-12
   1.07400000       2.40000966E-12
   1.07500005       2.40304543E-12
   1.07599998       2.40606645E-12
   1.07700002       2.40924533E-12
   1.07799995       2.41240903E-12
   1.07900000       2.41555777E-12
   1.08000004       2.41852068E-12
   1.08099997       2.42146949E-12
   1.08200002       2.42423399E-12
   1.08299994       2.42715483E-12
   1.08399999       2.42989222E-12
   1.08500004       2.43278531E-12
   1.08599997       2.43532646E-12
   1.08700001       2.43768634E-12
   1.08800006       2.44037104E-12
   1.08899999       2.44287424E-12
   1.09000003       2.44502964E-12
   1.09099996       2.44700614E-12
   1.09200001       2.44880505E-12
   1.09300005       2.45059398E-12
   1.09399998       2.45204009E-12
   1.09500003       2.45347731E-12
   1.09599996       2.45507174E-12
   1.09700000       2.45682251E-12
   1.09800005       2.45823262E-12
   1.09899998       2.45963428E-12
   1.10000002       2.46086268E-12
   1.10099995       2.46241157E-12
   1.10200000       2.46411528E-12
   1.10300004       2.46548159E-12
   1.10399997       2.46683945E-12
   1.10500002       2.46851498E-12
   1.10599995       2.47034337E-12
   1.10699999       2.47199895E-12
   1.10800004       2.47380718E-12
   1.10899997       2.47560479E-12
   1.11000001       2.47739242E-12
   1.11099994       2.47900832E-12
   1.11199999       2.48045334E-12
   1.11300004       2.48188948E-12
   1.11399996       2.48299580E-12
   1.11500001       2.48425434E-12
   1.11600006       2.48566402E-12
   1.11699998       2.48706502E-12
   1.11800003       2.48845692E-12
   1.11899996       2.49015782E-12
   1.12000000       2.49184852E-12
   1.12100005       2.49352904E-12
   1.12199998       2.49535787E-12
   1.12300003       2.49717586E-12
   1.12399995       2.49929829E-12
   1.12500000       2.50156645E-12
   1.12600005       2.50350825E-12
   1.12699997       2.50543900E-12
   1.12800002       2.50767137E-12
   1.12899995       2.50957935E-12
   1.13000000       2.51147627E-12
   1.13100004       2.51336191E-12
   1.13199997       2.51570271E-12
   1.13300002       2.51772084E-12
   1.13399994       2.52003670E-12
   1.13499999       2.52249458E-12
   1.13600004       2.52478507E-12
   1.13699996       2.52706298E-12
   1.13800001       2.52932831E-12
   1.13900006       2.53142754E-12
   1.13999999       2.53351506E-12
   1.14100003       2.53574353E-12
   1.14199996       2.53841718E-12
   1.14300001       2.54092429E-12
   1.14400005       2.54326616E-12
   1.14499998       2.54589839E-12
   1.14600003       2.54851695E-12
   1.14699996       2.55097007E-12
   1.14800000       2.55371180E-12
   1.14900005       2.55613781E-12
   1.14999998       2.55839989E-12
   1.15100002       2.56079945E-12
   1.15199995       2.56333561E-12
   1.15300000       2.56570850E-12
   1.15400004       2.56791853E-12
   1.15499997       2.57056334E-12
   1.15600002       2.57304508E-12
   1.15699995       2.57521587E-12
   1.15799999       2.57752240E-12
   1.15900004       2.57951971E-12
   1.15999997       2.58150489E-12
   1.16100001       2.58347814E-12
   1.16199994       2.58543946E-12
   1.16299999       2.58753565E-12
   1.16400003       2.58961927E-12
   1.16499996       2.59169053E-12
   1.16600001       2.59374943E-12
   1.16700006       2.59594169E-12
   1.16799998       2.59768379E-12
   1.16900003       2.59970561E-12
   1.16999996       2.60156978E-12
   1.17100000       2.60342204E-12
   1.17200005       2.60497309E-12
   1.17299998       2.60636868E-12
   1.17400002       2.60804247E-12
   1.17499995       2.60956100E-12
   1.17600000       2.61121268E-12
   1.17700005       2.61256576E-12
   1.17799997       2.61405199E-12
   1.17900002       2.61538469E-12
   1.17999995       2.61642140E-12
   1.18099999       2.61773394E-12
   1.18200004       2.61917853E-12
   1.18299997       2.62061228E-12
   1.18400002       2.62203562E-12
   1.18499994       2.62330652E-12
   1.18599999       2.62484999E-12
   1.18700004       2.62638218E-12
   1.18799996       2.62804405E-12
   1.18900001       2.62983472E-12
   1.19000006       2.63147316E-12
   1.19099998       2.63310012E-12
   1.19200003       2.63471536E-12
   1.19299996       2.63617947E-12
   1.19400001       2.63777195E-12
   1.19500005       2.63935293E-12
   1.19599998       2.64078343E-12
   1.19700003       2.64234164E-12
   1.19799995       2.64388836E-12
   1.19900000       2.64542359E-12
   1.20000005       2.64708524E-12
   1.20099998       2.64859727E-12
   1.20200002       2.64982307E-12
   1.20299995       2.65103824E-12
   1.20400000       2.65238005E-12
   1.20500004       2.65384763E-12
   1.20599997       2.65516732E-12
   1.20700002       2.65633977E-12
   1.20799994       2.65736586E-12
   1.20899999       2.65865346E-12
   1.21000004       2.66006574E-12
   1.21099997       2.66160228E-12
   1.21200001       2.66285648E-12
   1.21300006       2.66410006E-12
   1.21399999       2.66560190E-12
   1.21500003       2.66709202E-12
   1.21599996       2.66857044E-12
   1.21700001       2.67043917E-12
   1.21800005       2.67189331E-12
   1.21899998       2.67360288E-12
   1.22000003       2.67543301E-12
   1.22099996       2.67711721E-12
   1.22200000       2.67905446E-12
   1.22300005       2.68071286E-12
   1.22399998       2.68249116E-12
   1.22500002       2.68425646E-12
   1.22599995       2.68627265E-12
   1.22700000       2.68840657E-12
   1.22800004       2.69065781E-12
   1.22899997       2.69289430E-12
   1.23000002       2.69498486E-12
   1.23099995       2.69732283E-12
   1.23199999       2.69964585E-12
   1.23300004       2.70208400E-12
   1.23399997       2.70463664E-12
   1.23500001       2.70717346E-12
   1.23599994       2.70969445E-12
   1.23699999       2.71206993E-12
   1.23800004       2.71455926E-12
   1.23899996       2.71703276E-12
   1.24000001       2.71923283E-12
   1.24100006       2.72128934E-12
   1.24199998       2.72320317E-12
   1.24300003       2.72523107E-12
   1.24399996       2.72737236E-12
   1.24500000       2.72962642E-12
   1.24600005       2.73161029E-12
   1.24699998       2.73370714E-12
   1.24800003       2.73553511E-12
   1.24899995       2.73747583E-12
   1.25000000       2.73927560E-12
   1.25100005       2.74144075E-12
   1.25199997       2.74346453E-12
   1.25300002       2.74559954E-12
   1.25399995       2.74759360E-12
   1.25500000       2.74944759E-12
   1.25600004       2.75153793E-12
   1.25699997       2.75336286E-12
   1.25800002       2.75517369E-12
   1.25899994       2.75697022E-12
   1.25999999       2.75900158E-12
   1.26100004       2.76101798E-12
   1.26199996       2.76326726E-12
   1.26300001       2.76562475E-12
   1.26400006       2.76784238E-12
   1.26499999       2.77004418E-12
   1.26600003       2.77247669E-12
   1.26699996       2.77489251E-12
   1.26800001       2.77741458E-12
   1.26900005       2.77967471E-12
   1.26999998       2.78204087E-12
   1.27100003       2.78426848E-12
   1.27199996       2.78672376E-12
   1.27300000       2.78916235E-12
   1.27400005       2.79146237E-12
   1.27499998       2.79386735E-12
   1.27600002       2.79625563E-12
   1.27699995       2.79874800E-12
   1.27800000       2.80110223E-12
   1.27900004       2.80331943E-12
   1.27999997       2.80576083E-12
   1.28100002       2.80806498E-12
   1.28199995       2.81035243E-12
   1.28299999       2.81298249E-12
   1.28400004       2.81571381E-12
   1.28499997       2.81818839E-12
   1.28600001       2.82076467E-12
   1.28699994       2.82320434E-12
   1.28799999       2.82550784E-12
   1.28900003       2.82791282E-12
   1.28999996       2.83053702E-12
   1.29100001       2.83290709E-12
   1.29200006       2.83537755E-12
   1.29299998       2.83794798E-12
   1.29400003       2.84050040E-12
   1.29499996       2.84280021E-12
   1.29600000       2.84519999E-12
   1.29700005       2.84723135E-12
   1.29799998       2.84901313E-12
   1.29900002       2.85089573E-12
   1.29999995       2.85276251E-12
   1.30100000       2.85461325E-12
   1.30200005       2.85633236E-12
   1.30299997       2.85803586E-12
   1.30400002       2.85972374E-12
   1.30499995       2.86162695E-12
   1.30599999       2.86339854E-12
   1.30700004       2.86515451E-12
   1.30799997       2.86712407E-12
   1.30900002       2.86884795E-12
   1.30999994       2.87032746E-12
   1.31099999       2.87179200E-12
   1.31200004       2.87346926E-12
   1.31299996       2.87535837E-12
   1.31400001       2.87711738E-12
   1.31500006       2.87874715E-12
   1.31599998       2.88036110E-12
   1.31700003       2.88173348E-12
   1.31799996       2.88309112E-12
   1.31900001       2.88443379E-12
   1.32000005       2.88576173E-12
   1.32099998       2.88729891E-12
   1.32200003       2.88870880E-12
   1.32299995       2.88999163E-12
   1.32400000       2.89148263E-12
   1.32500005       2.89295823E-12
   1.32599998       2.89464069E-12
   1.32700002       2.89619587E-12
   1.32799995       2.89762441E-12
   1.32900000       2.89903756E-12
   1.33000004       2.90043510E-12
   1.33099997       2.90225808E-12
   1.33200002       2.90362396E-12
   1.33299994       2.90497444E-12
   1.33399999       2.90630952E-12
   1.33500004       2.90806702E-12
   1.33599997       2.90980781E-12
   1.33700001       2.91153148E-12
   1.33800006       2.91323844E-12
   1.33899999       2.91492850E-12
   1.34000003       2.91681891E-12
   1.34099996       2.91890839E-12
   1.34200001       2.92119584E-12
   1.34300005       2.92324845E-12
   1.34399998       2.92571371E-12
   1.34500003       2.92837456E-12
   1.34599996       2.93101502E-12
   1.34700000       2.93384934E-12
   1.34800005       2.93644839E-12
   1.34899998       2.93924108E-12
   1.35000002       2.94201230E-12
   1.35099995       2.94518858E-12
   1.35200000       2.94834231E-12
   1.35300004       2.95147348E-12
   1.35399997       2.95458211E-12
   1.35500002       2.95788003E-12
   1.35599995       2.96136553E-12
   1.35699999       2.96503815E-12
   1.35800004       2.96847573E-12
   1.35899997       2.97209956E-12
   1.36000001       2.97590858E-12
   1.36099994       2.97969223E-12
   1.36199999       2.98324191E-12
   1.36300004       2.98676730E-12
   1.36399996       2.99047636E-12
   1.36500001       2.99436821E-12
   1.36600006       2.99823426E-12
   1.36699998       3.00207450E-12
   1.36800003       3.00588916E-12
   1.36899996       3.00947180E-12
   1.37000000       3.01282371E-12
   1.37100005       3.01635691E-12
   1.37199998       3.02007074E-12
   1.37300003       3.02396367E-12
   1.37399995       3.02762611E-12
   1.37500000       3.03146700E-12
   1.37600005       3.03507805E-12
   1.37699997       3.03866394E-12
   1.37800002       3.04263038E-12
   1.37899995       3.04697543E-12
   1.38000000       3.05109020E-12
   1.38100004       3.05517742E-12
   1.38199997       3.05943899E-12
   1.38300002       3.06347113E-12
   1.38399994       3.06747618E-12
   1.38499999       3.07145368E-12
   1.38600004       3.07540430E-12
   1.38699996       3.07952752E-12
   1.38800001       3.08362277E-12
   1.38900006       3.08788932E-12
   1.38999999       3.09173000E-12
   1.39100003       3.09534516E-12
   1.39199996       3.09913206E-12
   1.39300001       3.10289208E-12
   1.39400005       3.10701985E-12
   1.39499998       3.11131654E-12
   1.39600003       3.11558396E-12
   1.39699996       3.11982276E-12
   1.39800000       3.12403250E-12
   1.39900005       3.12801781E-12
   1.39999998       3.13217030E-12
   1.40100002       3.13609924E-12
   1.40199995       3.14038921E-12
   1.40300000       3.14464991E-12
   1.40400004       3.14868726E-12
   1.40499997       3.15269599E-12
   1.40600002       3.15686951E-12
   1.40699995       3.16101355E-12
   1.40799999       3.16493620E-12
   1.40900004       3.16902234E-12
   1.40999997       3.17307964E-12
   1.41100001       3.17729914E-12
   1.41199994       3.18167996E-12
   1.41299999       3.18622125E-12
   1.41400003       3.19054115E-12
   1.41499996       3.19521081E-12
   1.41600001       3.19984881E-12
   1.41700006       3.20445536E-12
   1.41799998       3.20865253E-12
   1.41900003       3.21281933E-12
   1.41999996       3.21695622E-12
   1.42100000       3.22106317E-12
   1.42200005       3.22495242E-12
   1.42299998       3.22918688E-12
   1.42400002       3.23357790E-12
   1.42499995       3.23812440E-12
   1.42600000       3.24301133E-12
   1.42700005       3.24767947E-12
   1.42799997       3.25212947E-12
   1.42900002       3.25617723E-12
   1.42999995       3.26074931E-12
   1.43099999       3.26492024E-12
   1.43200004       3.26942856E-12
   1.43299997       3.27390458E-12
   1.43400002       3.27853218E-12
   1.43499994       3.28294380E-12
   1.43599999       3.28750612E-12
   1.43700004       3.29203570E-12
   1.43799996       3.29671490E-12
   1.43900001       3.30136092E-12
   1.44000006       3.30615526E-12
   1.44099998       3.31109684E-12
   1.44200003       3.31546162E-12
   1.44299996       3.31997429E-12
   1.44400001       3.32427380E-12
   1.44500005       3.32872098E-12
   1.44599998       3.33313498E-12
   1.44700003       3.33769557E-12
   1.44799995       3.34186476E-12
   1.44900000       3.34582340E-12
   1.45000005       3.34957257E-12
   1.45099998       3.35329095E-12
   1.45200002       3.35680117E-12
   1.45299995       3.36045861E-12
   1.45400000       3.36408549E-12
   1.45500004       3.36750528E-12
   1.45599997       3.37107165E-12
   1.45700002       3.37460745E-12
   1.45799994       3.37828853E-12
   1.45899999       3.38193839E-12
   1.46000004       3.38555768E-12
   1.46099997       3.38914573E-12
   1.46200001       3.39252888E-12
   1.46300006       3.39588188E-12
   1.46399999       3.39955191E-12
   1.46500003       3.40301745E-12
   1.46599996       3.40662503E-12
   1.46700001       3.41020159E-12
   1.46800005       3.41374672E-12
   1.46899998       3.41743279E-12
   1.47000003       3.42125872E-12
   1.47099996       3.42505213E-12
   1.47200000       3.42881322E-12
   1.47300005       3.43271266E-12
   1.47399998       3.43657936E-12
   1.47500002       3.44024310E-12
   1.47599995       3.44404453E-12
   1.47700000       3.44781322E-12
   1.47800004       3.45171829E-12
   1.47899997       3.45575868E-12
   1.48000002       3.45993373E-12
   1.48099995       3.46407408E-12
   1.48199999       3.46834800E-12
   1.48300004       3.47275442E-12
   1.48399997       3.47712505E-12
   1.48500001       3.48162710E-12
   1.48599994       3.48609292E-12
   1.48699999       3.49052297E-12
   1.48800004       3.49491681E-12
   1.48899996       3.49944032E-12
   1.49000001       3.50392718E-12
   1.49100006       3.50837783E-12
   1.49199998       3.51295642E-12
   1.49300003       3.51766251E-12
   1.49399996       3.52216693E-12
   1.49500000       3.52663471E-12
   1.49600005       3.53106563E-12
   1.49699998       3.53545969E-12
   1.49800003       3.53965468E-12
   1.49899995       3.54381368E-12
   1.50000000       3.54793668E-12
   1.50100005       3.55170038E-12
   1.50199997       3.55526849E-12
   1.50300002       3.55864145E-12
   1.50399995       3.56198122E-12
   1.50500000       3.56528804E-12
   1.50600004       3.56904220E-12
   1.50699997       3.57276144E-12
   1.50800002       3.57660516E-12
   1.50899994       3.58025458E-12
   1.50999999       3.58402804E-12
   1.51100004       3.58760786E-12
   1.51199996       3.59146935E-12
   1.51300001       3.59561101E-12
   1.51400006       3.59955815E-12
   1.51499999       3.60362629E-12
   1.51600003       3.60750058E-12
   1.51699996       3.61149565E-12
   1.51800001       3.61529751E-12
   1.51900005       3.61906317E-12
   1.51999998       3.62248165E-12
   1.52100003       3.62555450E-12
   1.52199996       3.62859395E-12
   1.52300000       3.63144540E-12
   1.52400005       3.63426411E-12
   1.52499998       3.63689612E-12
   1.52600002       3.63965021E-12
   1.52699995       3.64221804E-12
   1.52800000       3.64506082E-12
   1.52900004       3.64771754E-12
   1.52999997       3.65049484E-12
   1.53100002       3.65308695E-12
   1.53199995       3.65595098E-12
   1.53299999       3.65847803E-12
   1.53400004       3.66097343E-12
   1.53499997       3.66358766E-12
   1.53600001       3.66647121E-12
   1.53699994       3.66901995E-12
   1.53799999       3.67183671E-12
   1.53900003       3.67477012E-12
   1.53999996       3.67781847E-12
   1.54100001       3.68083298E-12
   1.54200006       3.68381237E-12
   1.54299998       3.68645999E-12
   1.54400003       3.68922254E-12
   1.54499996       3.69180337E-12
   1.54600000       3.69449913E-12
   1.54700005       3.69701318E-12
   1.54799998       3.69978917E-12
   1.54900002       3.70253090E-12
   1.54999995       3.70538496E-12
   1.55100000       3.70805860E-12
   1.55200005       3.71084413E-12
   1.55299997       3.71344925E-12
   1.55400002       3.71602055E-12
   1.55499995       3.71899386E-12
   1.55599999       3.72193162E-12
   1.55700004       3.72468896E-12
   1.55799997       3.72755646E-12
   1.55900002       3.73038839E-12
   1.55999994       3.73332875E-12
   1.56099999       3.73594688E-12
   1.56200004       3.73867343E-12
   1.56299996       3.74122261E-12
   1.56400001       3.74345216E-12
   1.56500006       3.74579100E-12
   1.56599998       3.74823826E-12
   1.56700003       3.75079265E-12
   1.56799996       3.75317138E-12
   1.56900001       3.75565724E-12
   1.57000005       3.75838987E-12
   1.57099998       3.76108693E-12
   1.57200003       3.76360835E-12
   1.57299995       3.76609464E-12
   1.57400000       3.76868588E-12
   1.57500005       3.77110279E-12
   1.57599998       3.77320701E-12
   1.57700002       3.77527783E-12
   1.57799995       3.77745361E-12
   1.57900000       3.77959556E-12
   1.58000004       3.78184159E-12
   1.58099997       3.78405337E-12
   1.58200002       3.78623088E-12
   1.58299994       3.78810048E-12
   1.58399999       3.78980050E-12
   1.58500004       3.79160462E-12
   1.58599997       3.79337577E-12
   1.58700001       3.79525014E-12
   1.58800006       3.79722686E-12
   1.58899999       3.79903487E-12
   1.59000003       3.80094437E-12
   1.59099996       3.80295491E-12
   1.59200001       3.80493163E-12
   1.59300005       3.80700809E-12
   1.59399998       3.80918387E-12
   1.59500003       3.81172524E-12
   1.59599996       3.81423018E-12
   1.59700000       3.81669826E-12
   1.59800005       3.81926261E-12
   1.59899998       3.82192195E-12
   1.60000002       3.82441214E-12
   1.60099995       3.82712915E-12
   1.60200000       3.82980843E-12
   1.60300004       3.83244955E-12
   1.60399997       3.83505337E-12
   1.60500002       3.83735838E-12
   1.60599995       3.84001771E-12
   1.60699999       3.84250921E-12
   1.60800004       3.84522319E-12
   1.60899997       3.84802780E-12
   1.61000001       3.85053534E-12
   1.61099994       3.85339200E-12
   1.61199999       3.85582365E-12
   1.61300004       3.85834637E-12
   1.61399996       3.86108680E-12
   1.61500001       3.86378863E-12
   1.61600006       3.86657893E-12
   1.61699998       3.86920270E-12
   1.61800003       3.87204201E-12
   1.61899996       3.87496805E-12
   1.62000000       3.87772713E-12
   1.62100005       3.88044718E-12
   1.62199998       3.88325353E-12
   1.62300003       3.88589421E-12
   1.62399995       3.88887186E-12
   1.62500000       3.89143318E-12
   1.62600005       3.89408037E-12
   1.62699997       3.89706149E-12
   1.62800002       3.90000185E-12
   1.62899995       3.90302460E-12
   1.63000000       3.90600616E-12
   1.63100004       3.90919328E-12
   1.63199997       3.91246063E-12
   1.63300002       3.91568548E-12
   1.63399994       3.91874554E-12
   1.63499999       3.92188539E-12
   1.63600004       3.92498273E-12
   1.63699996       3.92828088E-12
   1.63800001       3.93129322E-12
   1.63900006       3.93414207E-12
   1.63999999       3.93694929E-12
   1.64100003       3.93971487E-12
   1.64199996       3.94243926E-12
   1.64300001       3.94548283E-12
   1.64400005       3.94860360E-12
   1.64499998       3.95156130E-12
   1.64600003       3.95435724E-12
   1.64699996       3.95699229E-12
   1.64800000       3.95958613E-12
   1.64900005       3.96213878E-12
   1.64999998       3.96488658E-12
   1.65100002       3.96771027E-12
   1.65199995       3.97060943E-12
   1.65300000       3.97346609E-12
   1.65400004       3.97616228E-12
   1.65499997       3.97881641E-12
   1.65600002       3.98131181E-12
   1.65699995       3.98399846E-12
   1.65799999       3.98617857E-12
   1.65900004       3.98866617E-12
   1.65999997       3.99099634E-12
   1.66100001       3.99317038E-12
   1.66199994       3.99495844E-12
   1.66299999       3.99670835E-12
   1.66400003       3.99853414E-12
   1.66499996       4.00066352E-12
   1.66600001       4.00275256E-12
   1.66700006       4.00491532E-12
   1.66799998       4.00715051E-12
   1.66900003       4.00923131E-12
   1.66999996       4.01138454E-12
   1.67100000       4.01338381E-12
   1.67200005       4.01545550E-12
   1.67299998       4.01771064E-12
   1.67400002       4.01992415E-12
   1.67499995       4.02198457E-12
   1.67600000       4.02422670E-12
   1.67700005       4.02653822E-12
   1.67799997       4.02880724E-12
   1.67900002       4.03092403E-12
   1.67999995       4.03277802E-12
   1.68099999       4.03459167E-12
   1.68200004       4.03614555E-12
   1.68299997       4.03787941E-12
   1.68400002       4.03957336E-12
   1.68499994       4.04166371E-12
   1.68599999       4.04371198E-12
   1.68700004       4.04550135E-12
   1.68799996       4.04746679E-12
   1.68900001       4.04917462E-12
   1.69000006       4.05105767E-12
   1.69099998       4.05268440E-12
   1.69200003       4.05405657E-12
   1.69299996       4.05538927E-12
   1.69400001       4.05668337E-12
   1.69500005       4.05836476E-12
   1.69599998       4.05958036E-12
   1.69700003       4.06096901E-12
   1.69799995       4.06189535E-12
   1.69900000       4.06320680E-12
   1.70000005       4.06426802E-12
   1.70099998       4.06571131E-12
   1.70200002       4.06690523E-12
   1.70299995       4.06826873E-12
   1.70400000       4.06959319E-12
   1.70500004       4.07066958E-12
   1.70599997       4.07170738E-12
   1.70700002       4.07249972E-12
   1.70799994       4.07346119E-12
   1.70899999       4.07438449E-12
   1.71000004       4.07568077E-12
   1.71099997       4.07673201E-12
   1.71200001       4.07774465E-12
   1.71300006       4.07912636E-12
   1.71399999       4.08046773E-12
   1.71500003       4.08176878E-12
   1.71599996       4.08343455E-12
   1.71700001       4.08525991E-12
   1.71800005       4.08684067E-12
   1.71899998       4.08837981E-12
   1.72000003       4.09007767E-12
   1.72099996       4.09193296E-12
   1.72200000       4.09414429E-12
   1.72300005       4.09611060E-12
   1.72399998       4.09823174E-12
   1.72500002       4.09991138E-12
   1.72599995       4.10214137E-12
   1.72700000       4.10452271E-12
   1.72800004       4.10705411E-12
   1.72899997       4.10934221E-12
   1.73000002       4.11197508E-12
   1.73099995       4.11436466E-12
   1.73199999       4.11690257E-12
   1.73300004       4.11919804E-12
   1.73399997       4.12125282E-12
   1.73500001       4.12345548E-12
   1.73599994       4.12561174E-12
   1.73699999       4.12772204E-12
   1.73800004       4.12959380E-12
   1.73899996       4.13161215E-12
   1.74000001       4.13358497E-12
   1.74100006       4.13532143E-12
   1.74199998       4.13720317E-12
   1.74300003       4.13903937E-12
   1.74399996       4.14083047E-12
   1.74500000       4.14276556E-12
   1.74600005       4.14465424E-12
   1.74699998       4.14630960E-12
   1.74800003       4.14810720E-12
   1.74899995       4.14967279E-12
   1.75000000       4.15156668E-12
   1.75100005       4.15322854E-12
   1.75199997       4.15465969E-12
   1.75300002       4.15623222E-12
   1.75399995       4.15775964E-12
   1.75500000       4.15942671E-12
   1.75600004       4.16049790E-12
   1.75699997       4.16170961E-12
   1.75800002       4.16287794E-12
   1.75899994       4.16400334E-12
   1.75999999       4.16508538E-12
   1.76100004       4.16594363E-12
   1.76199996       4.16694110E-12
   1.76300001       4.16789563E-12
   1.76400006       4.16898807E-12
   1.76499999       4.17003715E-12
   1.76600003       4.17122196E-12
   1.76699996       4.17271990E-12
   1.76800001       4.17399448E-12
   1.76900005       4.17540178E-12
   1.76999998       4.17658746E-12
   1.77100003       4.17772848E-12
   1.77199996       4.17900220E-12
   1.77300000       4.18023125E-12
   1.77400005       4.18141520E-12
   1.77499998       4.18255534E-12
   1.77600002       4.18399993E-12
   1.77699995       4.18505031E-12
   1.77800000       4.18640426E-12
   1.77900004       4.18771224E-12
   1.77999997       4.18914729E-12
   1.78100002       4.19036464E-12
   1.78199995       4.19119297E-12
   1.78299999       4.19197836E-12
   1.78400004       4.19254995E-12
   1.78499997       4.19324991E-12
   1.78600001       4.19407694E-12
   1.78699994       4.19503017E-12
   1.78799999       4.19593917E-12
   1.78900003       4.19714133E-12
   1.78999996       4.19796186E-12
   1.79100001       4.19890598E-12
   1.79200006       4.20014024E-12
   1.79299998       4.20132852E-12
   1.79400003       4.20263737E-12
   1.79499996       4.20389982E-12
   1.79600000       4.20495019E-12
   1.79700005       4.20595546E-12
   1.79799998       4.20708000E-12
   1.79900002       4.20799420E-12
   1.79999995       4.20886373E-12
   1.80100000       4.21001558E-12
   1.80200005       4.21095797E-12
   1.80299997       4.21201745E-12
   1.80400002       4.21319316E-12
   1.80499995       4.21448380E-12
   1.80599999       4.21572716E-12
   1.80700004       4.21692369E-12
   1.80799997       4.21807294E-12
   1.80900002       4.21901533E-12
   1.80999994       4.22007177E-12
   1.81099999       4.22124098E-12
   1.81200004       4.22252120E-12
   1.81299996       4.22343757E-12
   1.81400001       4.22446540E-12
   1.81500006       4.22560424E-12
   1.81599998       4.22669582E-12
   1.81700003       4.22758399E-12
   1.81799996       4.22873802E-12
   1.81900001       4.22968865E-12
   1.82000005       4.23028236E-12
   1.82099998       4.23114105E-12
   1.82200003       4.23195333E-12
   1.82299995       4.23256569E-12
   1.82400000       4.23297898E-12
   1.82500005       4.23380818E-12
   1.82599998       4.23443832E-12
   1.82700002       4.23502292E-12
   1.82799995       4.23571464E-12
   1.82900000       4.23605682E-12
   1.83000004       4.23635562E-12
   1.83099997       4.23676068E-12
   1.83200002       4.23712194E-12
   1.83299994       4.23788825E-12
   1.83399999       4.23830892E-12
   1.83500004       4.23883368E-12
   1.83599997       4.23946208E-12
   1.83700001       4.24019240E-12
   1.83800006       4.24072843E-12
   1.83899999       4.24136637E-12
   1.84000003       4.24225152E-12
   1.84099996       4.24308939E-12
   1.84200001       4.24373340E-12
   1.84300005       4.24403915E-12
   1.84399998       4.24415451E-12
   1.84500003       4.24408121E-12
   1.84599996       4.24396499E-12
   1.84700000       4.24366185E-12
   1.84800005       4.24346062E-12
   1.84899998       4.24307377E-12
   1.85000002       4.24264573E-12
   1.85099995       4.24217649E-12
   1.85200000       4.24180873E-12
   1.85300004       4.24168296E-12
   1.85399997       4.24179702E-12
   1.85500002       4.24186684E-12
   1.85599995       4.24203294E-12
   1.85699999       4.24229445E-12
   1.85800004       4.24279058E-12
   1.85899997       4.24323987E-12
   1.86000001       4.24364233E-12
   1.86099994       4.24386004E-12
   1.86199999       4.24458559E-12
   1.86300004       4.24498674E-12
   1.86399996       4.24547897E-12
   1.86500001       4.24592392E-12
   1.86600006       4.24632204E-12
   1.86699998       4.24653672E-12
   1.86800003       4.24643350E-12
   1.86899996       4.24669327E-12
   1.87000000       4.24704195E-12
   1.87100005       4.24747867E-12
   1.87199998       4.24759923E-12
   1.87300003       4.24753982E-12
   1.87399995       4.24756931E-12
   1.87500000       4.24782085E-12
   1.87600005       4.24789240E-12
   1.87699997       4.24765301E-12
   1.87800002       4.24736982E-12
   1.87899995       4.24730650E-12
   1.88000000       4.24746132E-12
   1.88100004       4.24743877E-12
   1.88199997       4.24723971E-12
   1.88300002       4.24673578E-12
   1.88399994       4.24644911E-12
   1.88499999       4.24624745E-12
   1.88600004       4.24574308E-12
   1.88699996       4.24519577E-12
   1.88800001       4.24434836E-12
   1.88900006       4.24371649E-12
   1.88999999       4.24329755E-12
   1.89100003       4.24258025E-12
   1.89199996       4.24207501E-12
   1.89300001       4.24139977E-12
   1.89400005       4.24093486E-12
   1.89499998       4.24055235E-12
   1.89600003       4.24012561E-12
   1.89699996       4.23965507E-12
   1.89800000       4.23914029E-12
   1.89900005       4.23870704E-12
   1.89999998       4.23835359E-12
   1.90100002       4.23807951E-12
   1.90199995       4.23800665E-12
   1.90300000       4.23801098E-12
   1.90400004       4.23809121E-12
   1.90499997       4.23812374E-12
   1.90600002       4.23810943E-12
   1.90699995       4.23804785E-12
   1.90799999       4.23818229E-12
   1.90900004       4.23814803E-12
   1.90999997       4.23806649E-12
   1.91100001       4.23793813E-12
   1.91199994       4.23776335E-12
   1.91299999       4.23742248E-12
   1.91400003       4.23739386E-12
   1.91499996       4.23743636E-12
   1.91600001       4.23731276E-12
   1.91700006       4.23690596E-12
   1.91799998       4.23657160E-12
   1.91900003       4.23607373E-12
   1.91999996       4.23576538E-12
   1.92100000       4.23564439E-12
   1.92200005       4.23559278E-12
   1.92299998       4.23572505E-12
   1.92400002       4.23580875E-12
   1.92499995       4.23584345E-12
   1.92600000       4.23594536E-12
   1.92700005       4.23599784E-12
   1.92799997       4.23611623E-12
   1.92900002       4.23595750E-12
   1.92999995       4.23586470E-12
   1.93099999       4.23572375E-12
   1.93200004       4.23587424E-12
   1.93299997       4.23586253E-12
   1.93400002       4.23580181E-12
   1.93499994       4.23580485E-12
   1.93599999       4.23609411E-12
   1.93700004       4.23644366E-12
   1.93799996       4.23696451E-12
   1.93900001       4.23732230E-12
   1.94000006       4.23762848E-12
   1.94099998       4.23788392E-12
   1.94200003       4.23786917E-12
   1.94299996       4.23780499E-12
   1.94400001       4.23790950E-12
   1.94500005       4.23818185E-12
   1.94599998       4.23883584E-12
   1.94700003       4.23965247E-12
   1.94799995       4.24062998E-12
   1.94900000       4.24112221E-12
   1.95000005       4.24134772E-12
   1.95099998       4.24152163E-12
   1.95200002       4.24121892E-12
   1.95299995       4.24086807E-12
   1.95400000       4.24046952E-12
   1.95500004       4.24002283E-12
   1.95599997       4.23973877E-12
   1.95700002       4.23961604E-12
   1.95799994       4.23965203E-12
   1.95899999       4.23963772E-12
   1.96000004       4.23978084E-12
   1.96099997       4.24007921E-12
   1.96200001       4.24053154E-12
   1.96300006       4.24113652E-12
   1.96399999       4.24168643E-12
   1.96500003       4.24197786E-12
   1.96599996       4.24221682E-12
   1.96700001       4.24219991E-12
   1.96800005       4.24213182E-12
   1.96899998       4.24201299E-12
   1.97000003       4.24164263E-12
   1.97099996       4.24182564E-12
   1.97200000       4.24195574E-12
   1.97300005       4.24243279E-12
   1.97399998       4.24265657E-12
   1.97500002       4.24302607E-12
   1.97599995       4.24334136E-12
   1.97700000       4.24419397E-12
   1.97800004       4.24498978E-12
   1.97899997       4.24572920E-12
   1.98000002       4.24641182E-12
   1.98099995       4.24723277E-12
   1.98199999       4.24780220E-12
   1.98300004       4.24792970E-12
   1.98399997       4.24838940E-12
   1.98500001       4.24840978E-12
   1.98599994       4.24876107E-12
   1.98699999       4.24905727E-12
   1.98800004       4.24929970E-12
   1.98899996       4.24986739E-12
   1.99000001       4.25056821E-12
   1.99100006       4.25121180E-12
   1.99199998       4.25179857E-12
   1.99300003       4.25270366E-12
   1.99399996       4.25373712E-12
   1.99500000       4.25489765E-12
   1.99600005       4.25562623E-12
   1.99699998       4.25666707E-12
   1.99800003       4.25764805E-12
   1.99899995       4.25856963E-12
   2.00000000       4.25943222E-12
   2.00099993       4.26005281E-12
   2.00200009       4.26098046E-12
   2.00300002       4.26203040E-12
   2.00399995       4.26301962E-12
   2.00500011       4.26394900E-12
   2.00600004       4.26463856E-12
   2.00699997       4.26544911E-12
   2.00799990       4.26620024E-12
   2.00900006       4.26689283E-12
   2.00999999       4.26752687E-12
   2.01099992       4.26792542E-12
   2.01200008       4.26844324E-12
   2.01300001       4.26907988E-12
   2.01399994       4.26948234E-12
   2.01500010       4.26965277E-12
   2.01600003       4.26976727E-12
   2.01699996       4.26965277E-12
   2.01799989       4.27000362E-12
   2.01900005       4.27012505E-12
   2.01999998       4.27036271E-12
   2.02099991       4.27054355E-12
   2.02200007       4.27083932E-12
   2.02300000       4.27141872E-12
   2.02399993       4.27176957E-12
   2.02500010       4.27257058E-12
   2.02600002       4.27314217E-12
   2.02699995       4.27382305E-12
   2.02800012       4.27461148E-12
   2.02900004       4.27500526E-12
   2.02999997       4.27550703E-12
   2.03099990       4.27644812E-12
   2.03200006       4.27749286E-12
   2.03299999       4.27880474E-12
   2.03399992       4.28038074E-12
   2.03500009       4.28189081E-12
   2.03600001       4.28382460E-12
   2.03699994       4.28568986E-12
   2.03800011       4.28732440E-12
   2.03900003       4.28921525E-12
   2.03999996       4.29087581E-12
   2.04099989       4.29279052E-12
   2.04200006       4.29447580E-12
   2.04299998       4.29609343E-12
   2.04399991       4.29764340E-12
   2.04500008       4.29896743E-12
   2.04600000       4.30022597E-12
   2.04699993       4.30173432E-12
   2.04800010       4.30348942E-12
   2.04900002       4.30533213E-12
   2.04999995       4.30694933E-12
   2.05100012       4.30834318E-12
   2.05200005       4.30982463E-12
   2.05299997       4.31139369E-12
   2.05399990       4.31335610E-12
   2.05500007       4.31540133E-12
   2.05599999       4.31752811E-12
   2.05699992       4.31943023E-12
   2.05800009       4.32126166E-12
   2.05900002       4.32302241E-12
   2.05999994       4.32486425E-12
   2.06100011       4.32678589E-12
   2.06200004       4.32863597E-12
   2.06299996       4.33056455E-12
   2.06399989       4.33242201E-12
   2.06500006       4.33405959E-12
   2.06599998       4.33547902E-12
   2.06699991       4.33697783E-12
   2.06800008       4.33855426E-12
   2.06900001       4.34020745E-12
   2.06999993       4.34193610E-12
   2.07100010       4.34388506E-12
   2.07200003       4.34576160E-12
   2.07299995       4.34742129E-12
   2.07399988       4.34900987E-12
   2.07500005       4.35009754E-12
   2.07599998       4.35111799E-12
   2.07699990       4.35221390E-12
   2.07800007       4.35324303E-12
   2.07900000       4.35448769E-12
   2.07999992       4.35566427E-12
   2.08100009       4.35705378E-12
   2.08200002       4.35837347E-12
   2.08299994       4.35948413E-12
   2.08400011       4.36052626E-12
   2.08500004       4.36136240E-12
   2.08599997       4.36199341E-12
   2.08699989       4.36283518E-12
   2.08800006       4.36347269E-12
   2.08899999       4.36431880E-12
   2.08999991       4.36523474E-12
   2.09100008       4.36608302E-12
   2.09200001       4.36686451E-12
   2.09299994       4.36730903E-12
   2.09400010       4.36755406E-12
   2.09500003       4.36813866E-12
   2.09599996       4.36852421E-12
   2.09699988       4.36897827E-12
   2.09800005       4.36923501E-12
   2.09899998       4.36969298E-12
   2.09999990       4.37008546E-12
   2.10100007       4.37028191E-12
   2.10200000       4.37054603E-12
   2.10299993       4.37100746E-12
   2.10400009       4.37127331E-12
   2.10500002       4.37160464E-12
   2.10599995       4.37212983E-12
   2.10700011       4.37258866E-12
   2.10800004       4.37285364E-12
   2.10899997       4.37305444E-12
   2.10999990       4.37331811E-12
   2.11100006       4.37339054E-12
   2.11199999       4.37352585E-12
   2.11299992       4.37372361E-12
   2.11400008       4.37398295E-12
   2.11500001       4.37405190E-12
   2.11599994       4.37405711E-12
   2.11700010       4.37424793E-12
   2.11800003       4.37462219E-12
   2.11899996       4.37517774E-12
   2.11999989       4.37554290E-12
   2.12100005       4.37608717E-12
   2.12199998       4.37668608E-12
   2.12299991       4.37746150E-12
   2.12400007       4.37804567E-12
   2.12500000       4.37868318E-12
   2.12599993       4.37949373E-12
   2.12700009       4.38023446E-12
   2.12800002       4.38126488E-12
   2.12899995       4.38210492E-12
   2.13000011       4.38311236E-12
   2.13100004       4.38404825E-12
   2.13199997       4.38491344E-12
   2.13299990       4.38559042E-12
   2.13400006       4.38608047E-12
   2.13499999       4.38685286E-12
   2.13599992       4.38767165E-12
   2.13700008       4.38841975E-12
   2.13800001       4.38909759E-12
   2.13899994       4.38982054E-12
   2.14000010       4.39070351E-12
   2.14100003       4.39162899E-12
   2.14199996       4.39236841E-12
   2.14299989       4.39303758E-12
   2.14400005       4.39374969E-12
   2.14499998       4.39450386E-12
   2.14599991       4.39563663E-12
   2.14700007       4.39669568E-12
   2.14800000       4.39768187E-12
   2.14899993       4.39848331E-12
   2.15000010       4.39965642E-12
   2.15100002       4.40086596E-12
   2.15199995       4.40200047E-12
   2.15300012       4.40284094E-12
   2.15400004       4.40360942E-12
   2.15499997       4.40452362E-12
   2.15599990       4.40579864E-12
   2.15700006       4.40699820E-12
   2.15799999       4.40769123E-12
   2.15899992       4.40831226E-12
   2.16000009       4.40929021E-12
   2.16100001       4.41019400E-12
   2.16199994       4.41123657E-12
   2.16300011       4.41199291E-12
   2.16400003       4.41267639E-12
   2.16499996       4.41349778E-12
   2.16599989       4.41424588E-12
   2.16700006       4.41471209E-12
   2.16799998       4.41531577E-12
   2.16899991       4.41543243E-12
   2.17000008       4.41568700E-12
   2.17100000       4.41628331E-12
   2.17199993       4.41701233E-12
   2.17300010       4.41766805E-12
   2.17400002       4.41865771E-12
   2.17499995       4.41957191E-12
   2.17600012       4.42041109E-12
   2.17700005       4.42137733E-12
   2.17799997       4.42226811E-12
   2.17899990       4.42328335E-12
   2.18000007       4.42402365E-12
   2.18099999       4.42449116E-12
   2.18199992       4.42488667E-12
   2.18300009       4.42501331E-12
   2.18400002       4.42526614E-12
   2.18499994       4.42583904E-12
   2.18600011       4.42633864E-12
   2.18700004       4.42657109E-12
   2.18799996       4.42711970E-12
   2.18899989       4.42759458E-12
   2.19000006       4.42818828E-12
   2.19099998       4.42889952E-12
   2.19199991       4.42972612E-12
   2.19300008       4.43066720E-12
   2.19400001       4.43172018E-12
   2.19499993       4.43269596E-12
   2.19600010       4.43340677E-12
   2.19700003       4.43422903E-12
   2.19799995       4.43516144E-12
   2.19899988       4.43620271E-12
   2.20000005       4.43716548E-12
   2.20099998       4.43860443E-12
   2.20199990       4.43996185E-12
   2.20300007       4.44142162E-12
   2.20400000       4.44298244E-12
   2.20499992       4.44446042E-12
   2.20600009       4.44603816E-12
   2.20700002       4.44771303E-12
   2.20799994       4.44912466E-12
   2.20900011       4.45063387E-12
   2.21000004       4.45170333E-12
   2.21099997       4.45322685E-12
   2.21199989       4.45466710E-12
   2.21300006       4.45637841E-12
   2.21399999       4.45800471E-12
   2.21499991       4.45954688E-12
   2.21600008       4.46100622E-12
   2.21700001       4.46255576E-12
   2.21799994       4.46384856E-12
   2.21900010       4.46523200E-12
   2.22000003       4.46653261E-12
   2.22099996       4.46809386E-12
   2.22199988       4.46974098E-12
   2.22300005       4.47147310E-12
   2.22399998       4.47362763E-12
   2.22499990       4.47552455E-12
   2.22600007       4.47733430E-12
   2.22700000       4.47939168E-12
   2.22799993       4.48102709E-12
   2.22900009       4.48274317E-12
   2.23000002       4.48453817E-12
   2.23099995       4.48624644E-12
   2.23200011       4.48770361E-12
   2.23300004       4.48923971E-12
   2.23399997       4.49069037E-12
   2.23499990       4.49205603E-12
   2.23600006       4.49333713E-12
   2.23699999       4.49437319E-12
   2.23799992       4.49516639E-12
   2.23900008       4.49571890E-12
   2.24000001       4.49651167E-12
   2.24099994       4.49738293E-12
   2.24200010       4.49817267E-12
   2.24300003       4.49888174E-12
   2.24399996       4.49951014E-12
   2.24499989       4.50052842E-12
   2.24600005       4.50146431E-12
   2.24699998       4.50262830E-12
   2.24799991       4.50401738E-12
   2.24900007       4.50516664E-12
   2.25000000       4.50623176E-12
   2.25099993       4.50736583E-12
   2.25200009       4.50811090E-12
   2.25300002       4.50892665E-12
   2.25399995       4.50981093E-12
   2.25500011       4.51046232E-12
   2.25600004       4.51103217E-12
   2.25699997       4.51152180E-12
   2.25799990       4.51193163E-12
   2.25900006       4.51211291E-12
   2.25999999       4.51221699E-12
   2.26099992       4.51224344E-12
   2.26200008       4.51204612E-12
   2.26300001       4.51177377E-12
   2.26399994       4.51142682E-12
   2.26500010       4.51100528E-12
   2.26600003       4.51065487E-12
   2.26699996       4.51008588E-12
   2.26799989       4.50973113E-12
   2.26900005       4.50930179E-12
   2.26999998       4.50894096E-12
   2.27099991       4.50850555E-12
   2.27200007       4.50799597E-12
   2.27300000       4.50755362E-12
   2.27399993       4.50689703E-12
   2.27500010       4.50644686E-12
   2.27600002       4.50592254E-12
   2.27699995       4.50560119E-12
   2.27800012       4.50520480E-12
   2.27900004       4.50487087E-12
   2.27999997       4.50473556E-12
   2.28099990       4.50465967E-12
   2.28200006       4.50477763E-12
   2.28299999       4.50481666E-12
   2.28399992       4.50491163E-12
   2.28500009       4.50492768E-12
   2.28600001       4.50513238E-12
   2.28699994       4.50539042E-12
   2.28800011       4.50556779E-12
   2.28900003       4.50579721E-12
   2.28999996       4.50607780E-12
   2.29099989       4.50627730E-12
   2.29200006       4.50665763E-12
   2.29299998       4.50682590E-12
   2.29399991       4.50704318E-12
   2.29500008       4.50730859E-12
   2.29600000       4.50762127E-12
   2.29699993       4.50798036E-12
   2.29800010       4.50851249E-12
   2.29900002       4.50883341E-12
   2.29999995       4.50932564E-12
   2.30100012       4.50973417E-12
   2.30200005       4.50993409E-12
   2.30299997       4.51005249E-12
   2.30399990       4.50996532E-12
   2.30500007       4.50967432E-12
   2.30599999       4.50918209E-12
   2.30699992       4.50873627E-12
   2.30800009       4.50845914E-12
   2.30900002       4.50834812E-12
   2.30999994       4.50815774E-12
   2.31100011       4.50800942E-12
   2.31200004       4.50766074E-12
   2.31299996       4.50759482E-12
   2.31399989       4.50732941E-12
   2.31500006       4.50734285E-12
   2.31599998       4.50739402E-12
   2.31699991       4.50748249E-12
   2.31800008       4.50760696E-12
   2.31900001       4.50753193E-12
   2.31999993       4.50749290E-12
   2.32100010       4.50760609E-12
   2.32200003       4.50752066E-12
   2.32299995       4.50723877E-12
   2.32399988       4.50676215E-12
   2.32500005       4.50632240E-12
   2.32599998       4.50557560E-12
   2.32699990       4.50486697E-12
   2.32800007       4.50419519E-12
   2.32900000       4.50355985E-12
   2.32999992       4.50284731E-12
   2.33100009       4.50217034E-12
   2.33200002       4.50175140E-12
   2.33299994       4.50114208E-12
   2.33400011       4.50023439E-12
   2.33500004       4.49969185E-12
   2.33599997       4.49929113E-12
   2.33699989       4.49859247E-12
   2.33800006       4.49825203E-12
   2.33899999       4.49783179E-12
   2.33999991       4.49754817E-12
   2.34100008       4.49761452E-12
   2.34200001       4.49759761E-12
   2.34299994       4.49728406E-12
   2.34400010       4.49688984E-12
   2.34500003       4.49662746E-12
   2.34599996       4.49628355E-12
   2.34699988       4.49627965E-12
   2.34800005       4.49577398E-12
   2.34899998       4.49539668E-12
   2.34999990       4.49493914E-12
   2.35100007       4.49481554E-12
   2.35200000       4.49440268E-12
   2.35299993       4.49390958E-12
   2.35400009       4.49354052E-12
   2.35500002       4.49309080E-12
   2.35599995       4.49276293E-12
   2.35700011       4.49255563E-12
   2.35800004       4.49246673E-12
   2.35899997       4.49229412E-12
   2.35999990       4.49223818E-12
   2.36100006       4.49249535E-12
   2.36199999       4.49306130E-12
   2.36299992       4.49334103E-12
   2.36400008       4.49353358E-12
   2.36500001       4.49383543E-12
   2.36599994       4.49404966E-12
   2.36700010       4.49417717E-12
   2.36800003       4.49421880E-12
   2.36899996       4.49436668E-12
   2.36999989       4.49442827E-12
   2.37100005       4.49440441E-12
   2.37199998       4.49448465E-12
   2.37299991       4.49447901E-12
   2.37400007       4.49457572E-12
   2.37500000       4.49477391E-12
   2.37599993       4.49488450E-12
   2.37700009       4.49509440E-12
   2.37800002       4.49521670E-12
   2.37899995       4.49525183E-12
   2.38000011       4.49520022E-12
   2.38100004       4.49469715E-12
   2.38199997       4.49411211E-12
   2.38299990       4.49344511E-12
   2.38400006       4.49269745E-12
   2.38499999       4.49186912E-12
   2.38599992       4.49096099E-12
   2.38700008       4.48979525E-12
   2.38800001       4.48873013E-12
   2.38899994       4.48776433E-12
   2.39000010       4.48707174E-12
   2.39100003       4.48647413E-12
   2.39199996       4.48614366E-12
   2.39299989       4.48555516E-12
   2.39400005       4.48540424E-12
   2.39499998       4.48516745E-12
   2.39599991       4.48501739E-12
   2.39700007       4.48495277E-12
   2.39800000       4.48463012E-12
   2.39899993       4.48405289E-12
   2.40000010       4.48322369E-12
   2.40100002       4.48265080E-12
   2.40199995       4.48249771E-12
   2.40300012       4.48192438E-12
   2.40400004       4.48126735E-12
   2.40499997       4.48052793E-12
   2.40599990       4.48003700E-12
   2.40700006       4.47946151E-12
   2.40799999       4.47896624E-12
   2.40899992       4.47838728E-12
   2.41000009       4.47772418E-12
   2.41100001       4.47697825E-12
   2.41199994       4.47598946E-12
   2.41300011       4.47492000E-12
   2.41400003       4.47377075E-12
   2.41499996       4.47254256E-12
   2.41599989       4.47091929E-12
   2.41700006       4.46906357E-12
   2.41799998       4.46729069E-12
   2.41899991       4.46513182E-12
   2.42000008       4.46305709E-12
   2.42100000       4.46106607E-12
   2.42199993       4.45931096E-12
   2.42300010       4.45748169E-12
   2.42400002       4.45542561E-12
   2.42499995       4.45314532E-12
   2.42600012       4.45124970E-12
   2.42700005       4.44958306E-12
   2.42799997       4.44769091E-12
   2.42899990       4.44557498E-12
   2.43000007       4.44323875E-12
   2.43099999       4.44112932E-12
   2.43199992       4.43924411E-12
   2.43300009       4.43743263E-12
   2.43400002       4.43584015E-12
   2.43499994       4.43402563E-12
   2.43600011       4.43242708E-12
   2.43700004       4.43089749E-12
   2.43799996       4.42914629E-12
   2.43899989       4.42746404E-12
   2.44000006       4.42613524E-12
   2.44099998       4.42472708E-12
   2.44199991       4.42324129E-12
   2.44300008       4.42210157E-12
   2.44400001       4.42116222E-12
   2.44499993       4.42028055E-12
   2.44600010       4.41931648E-12
   2.44700003       4.41840878E-12
   2.44799995       4.41769451E-12
   2.44899988       4.41703358E-12
   2.45000005       4.41642469E-12
   2.45099998       4.41559419E-12
   2.45199990       4.41467999E-12
   2.45300007       4.41381784E-12
   2.45400000       4.41273754E-12
   2.45499992       4.41157571E-12
   2.45600009       4.41059949E-12
   2.45700002       4.40980672E-12
   2.45799994       4.40866484E-12
   2.45900011       4.40770554E-12
   2.46000004       4.40692535E-12
   2.46099997       4.40619112E-12
   2.46199989       4.40537233E-12
   2.46300006       4.40485756E-12
   2.46399999       4.40425561E-12
   2.46499991       4.40356735E-12
   2.46600008       4.40279323E-12
   2.46700001       4.40180661E-12
   2.46799994       4.40073672E-12
   2.46900010       4.39971020E-12
   2.47000003       4.39847507E-12
   2.47099996       4.39753399E-12
   2.47199988       4.39663410E-12
   2.47300005       4.39577324E-12
   2.47399998       4.39507545E-12
   2.47499990       4.39453682E-12
   2.47600007       4.39391102E-12
   2.47700000       4.39307575E-12
   2.47799993       4.39239834E-12
   2.47900009       4.39151363E-12
   2.48000002       4.39042292E-12
   2.48099995       4.38948921E-12
   2.48200011       4.38847049E-12
   2.48300004       4.38724924E-12
   2.48399997       4.38618196E-12
   2.48499990       4.38538485E-12
   2.48600006       4.38461854E-12
   2.48699999       4.38376592E-12
   2.48799992       4.38271121E-12
   2.48900008       4.38168815E-12
   2.49000001       4.38058097E-12
   2.49099994       4.37939008E-12
   2.49200010       4.37834448E-12
   2.49300003       4.37732836E-12
   2.49399996       4.37656725E-12
   2.49499989       4.37583216E-12
   2.49600005       4.37500947E-12
   2.49699998       4.37398858E-12
   2.49799991       4.37288270E-12
   2.49900007       4.37147107E-12
   2.50000000       4.37019865E-12
   2.50099993       4.36884296E-12
   2.50200009       4.36740531E-12
   2.50300002       4.36632197E-12
   2.50399995       4.36537048E-12
   2.50500011       4.36454909E-12
   2.50600004       4.36364009E-12
   2.50699997       4.36307327E-12
   2.50799990       4.36220374E-12
   2.50900006       4.36188325E-12
   2.50999999       4.36126005E-12
   2.51099992       4.36033761E-12
   2.51200008       4.35953790E-12
   2.51300001       4.35844156E-12
   2.51399994       4.35746795E-12
   2.51500010       4.35620116E-12
   2.51600003       4.35505625E-12
   2.51699996       4.35382633E-12
   2.51799989       4.35251227E-12
   2.51900005       4.35131748E-12
   2.51999998       4.34963393E-12
   2.52099991       4.34847297E-12
   2.52200007       4.34722744E-12
   2.52300000       4.34589734E-12
   2.52399993       4.34428491E-12
   2.52500010       4.34298691E-12
   2.52600002       4.34160433E-12
   2.52699995       4.34033452E-12
   2.52800012       4.33917485E-12
   2.52900004       4.33831833E-12
   2.52999997       4.33756633E-12
   2.53099990       4.33672542E-12
   2.53200006       4.33617899E-12
   2.53299999       4.33535109E-12
   2.53399992       4.33462381E-12
   2.53500009       4.33399584E-12
   2.53600001       4.33308901E-12
   2.53699994       4.33246885E-12
   2.53800011       4.33138464E-12
   2.53900003       4.33039932E-12
   2.53999996       4.32951114E-12
   2.54099989       4.32853406E-12
   2.54200006       4.32746937E-12
   2.54299998       4.32613494E-12
   2.54399991       4.32489721E-12
   2.54500008       4.32393487E-12
   2.54600000       4.32270452E-12
   2.54699993       4.32138830E-12
   2.54800010       4.31963059E-12
   2.54900002       4.31832348E-12
   2.54999995       4.31710787E-12
   2.55100012       4.31562988E-12
   2.55200005       4.31424341E-12
   2.55299997       4.31277149E-12
   2.55399990       4.31138935E-12
   2.55500007       4.31009482E-12
   2.55599999       4.30871484E-12
   2.55699992       4.30707813E-12
   2.55800009       4.30535859E-12
   2.55900002       4.30406622E-12
   2.55999994       4.30302495E-12
   2.56100011       4.30189565E-12
   2.56200004       4.30101354E-12
   2.56299996       4.29987469E-12
   2.56399989       4.29898001E-12
   2.56500006       4.29832515E-12
   2.56599998       4.29741442E-12
   2.56699991       4.29690398E-12
   2.56800008       4.29581197E-12
   2.56900001       4.29495545E-12
   2.56999993       4.29416962E-12
   2.57100010       4.29361364E-12
   2.57200003       4.29296442E-12
   2.57299995       4.29254115E-12
   2.57399988       4.29233949E-12
   2.57500005       4.29204111E-12
   2.57599998       4.29196045E-12
   2.57699990       4.29193833E-12
   2.57800007       4.29212828E-12
   2.57900000       4.29237245E-12
   2.57999992       4.29236117E-12
   2.58100009       4.29240367E-12
   2.58200002       4.29249952E-12
   2.58299994       4.29249518E-12
   2.58400011       4.29208882E-12
   2.58500004       4.29203808E-12
   2.58599997       4.29203851E-12
   2.58699989       4.29193877E-12
   2.58800006       4.29159182E-12
   2.58899999       4.29144350E-12
   2.58999991       4.29134419E-12
   2.59100008       4.29085240E-12
   2.59200001       4.29070278E-12
   2.59299994       4.29074441E-12
   2.59400010       4.29054101E-12
   2.59500003       4.29009476E-12
   2.59599996       4.28983888E-12
   2.59699988       4.28962725E-12
   2.59800005       4.28917492E-12
   2.59899998       4.28862588E-12
   2.59999990       4.28784048E-12
   2.60100007       4.28696141E-12
   2.60200000       4.28585032E-12
   2.60299993       4.28450938E-12
   2.60400009       4.28321788E-12
   2.60500002       4.28211199E-12
   2.60599995       4.28132529E-12
   2.60700011       4.28044492E-12
   2.60800004       4.27974193E-12
   2.60899997       4.27880908E-12
   2.60999990       4.27778342E-12
   2.61100006       4.27666583E-12
   2.61199999       4.27545672E-12
   2.61299992       4.27402471E-12
   2.61400008       4.27263650E-12
   2.61500001       4.27155230E-12
   2.61599994       4.27011551E-12
   2.61700010       4.26884960E-12
   2.61800003       4.26775238E-12
   2.61899996       4.26643486E-12
   2.61999989       4.26502713E-12
   2.62100005       4.26378551E-12
   2.62199998       4.26245324E-12
   2.62299991       4.26115740E-12
   2.62400007       4.26002289E-12
   2.62500000       4.25904667E-12
   2.62599993       4.25822658E-12
   2.62700009       4.25743555E-12
   2.62800002       4.25691990E-12
   2.62899995       4.25618308E-12
   2.63000011       4.25522855E-12
   2.63100004       4.25430134E-12
   2.63199997       4.25303803E-12
   2.63299990       4.25156264E-12
   2.63400006       4.25011849E-12
   2.63499999       4.24870425E-12
   2.63599992       4.24719981E-12
   2.63700008       4.24584326E-12
   2.63800001       4.24427854E-12
   2.63899994       4.24309372E-12
   2.64000010       4.24216695E-12
   2.64100003       4.24102940E-12
   2.64199996       4.24003020E-12
   2.64299989       4.23916674E-12
   2.64400005       4.23809382E-12
   2.64499998       4.23669910E-12
   2.64599991       4.23544056E-12
   2.64700007       4.23397775E-12
   2.64800000       4.23231198E-12
   2.64899993       4.23055818E-12
   2.65000010       4.22871720E-12
   2.65100002       4.22690051E-12
   2.65199995       4.22543771E-12
   2.65300012       4.22366525E-12
   2.65400004       4.22202377E-12
   2.65499997       4.22072837E-12
   2.65599990       4.21912505E-12
   2.65700006       4.21786260E-12
   2.65799999       4.21629398E-12
   2.65899992       4.21527570E-12
   2.66000009       4.21395037E-12
   2.66100001       4.21274430E-12
   2.66199994       4.21144499E-12
   2.66300011       4.21026278E-12
   2.66400003       4.20898733E-12
   2.66499996       4.20761906E-12
   2.66599989       4.20615929E-12
   2.66700006       4.20460845E-12
   2.66799998       4.20317166E-12
   2.66899991       4.20164381E-12
   2.67000008       4.20002531E-12
   2.67100000       4.19831747E-12
   2.67199993       4.19652074E-12
   2.67300010       4.19503494E-12
   2.67400002       4.19365671E-12
   2.67499995       4.19198877E-12
   2.67600012       4.19023193E-12
   2.67700005       4.18877736E-12
   2.67799997       4.18762117E-12
   2.67899990       4.18637043E-12
   2.68000007       4.18502646E-12
   2.68099999       4.18339755E-12
   2.68199992       4.18167887E-12
   2.68300009       4.17987086E-12
   2.68400002       4.17797481E-12
   2.68499994       4.17599115E-12
   2.68600011       4.17392032E-12
   2.68700004       4.17176406E-12
   2.68799996       4.16952237E-12
   2.68899989       4.16738128E-12
   2.69000006       4.16497089E-12
   2.69099998       4.16229464E-12
   2.69199991       4.16008460E-12
   2.69300008       4.15815255E-12
   2.69400001       4.15613247E-12
   2.69499993       4.15402608E-12
   2.69600010       4.15201293E-12
   2.69700003       4.14991262E-12
   2.69799995       4.14807988E-12
   2.69899988       4.14615911E-12
   2.70000005       4.14432551E-12
   2.70099998       4.14240343E-12
   2.70199990       4.14074027E-12
   2.70300007       4.13898733E-12
   2.70400000       4.13731636E-12
   2.70499992       4.13589735E-12
   2.70600009       4.13404510E-12
   2.70700002       4.13261179E-12
   2.70799994       4.13108610E-12
   2.70900011       4.12997154E-12
   2.71000004       4.12892810E-12
   2.71099997       4.12812015E-12
   2.71199989       4.12704766E-12
   2.71300006       4.12620762E-12
   2.71399999       4.12526870E-12
   2.71499991       4.12455790E-12
   2.71600008       4.12390868E-12
   2.71700001       4.12299708E-12
   2.71799994       4.12166655E-12
   2.71900010       4.12040150E-12
   2.72000003       4.11888232E-12
   2.72099996       4.11711247E-12
   2.72199988       4.11556726E-12
   2.72300005       4.11408581E-12
   2.72399998       4.11235586E-12
   2.72499990       4.11100017E-12
   2.72600007       4.10924159E-12
   2.72700000       4.10754590E-12
   2.72799993       4.10591222E-12
   2.72900009       4.10464241E-12
   2.73000002       4.10342897E-12
   2.73099995       4.10242023E-12
   2.73200011       4.10131347E-12
   2.73300004       4.09981164E-12
   2.73399997       4.09851320E-12
   2.73499990       4.09711935E-12
   2.73600006       4.09577754E-12
   2.73699999       4.09463349E-12
   2.73799992       4.09368286E-12
   2.73900008       4.09248893E-12
   2.74000001       4.09148583E-12
   2.74099994       4.09081449E-12
   2.74200010       4.09018392E-12
   2.74300003       4.08973463E-12
   2.74399996       4.08918082E-12
   2.74499989       4.08866474E-12
   2.74600005       4.08818422E-12
   2.74699998       4.08732163E-12
   2.74799991       4.08691223E-12
   2.74900007       4.08612250E-12
   2.75000000       4.08564241E-12
   2.75099993       4.08492164E-12
   2.75200009       4.08423425E-12
   2.75300002       4.08357939E-12
   2.75399995       4.08295620E-12
   2.75500011       4.08236292E-12
   2.75600004       4.08166643E-12
   2.75699997       4.08099943E-12
   2.75799990       4.08062473E-12
   2.75900006       4.08001280E-12
   2.75999999       4.07968841E-12
   2.76099992       4.07977601E-12
   2.76200008       4.07975303E-12
   2.76300001       4.07974869E-12
   2.76399994       4.07976214E-12
   2.76500010       4.07966499E-12
   2.76600003       4.07958476E-12
   2.76699996       4.07952101E-12
   2.76799989       4.07959820E-12
   2.76900005       4.07968841E-12
   2.76999998       4.07979119E-12
   2.77099991       4.08002928E-12
   2.77200007       4.08003102E-12
   2.77300000       4.07979943E-12
   2.77399993       4.07933756E-12
   2.77500010       4.07925299E-12
   2.77600002       4.07893771E-12
   2.77699995       4.07851400E-12
   2.77800012       4.07822213E-12
   2.77900004       4.07805820E-12
   2.77999997       4.07790251E-12
   2.78099990       4.07775419E-12
   2.78200006       4.07784613E-12
   2.78299999       4.07805777E-12
   2.78399992       4.07850186E-12
   2.78500009       4.07894508E-12
   2.78600001       4.07938570E-12
   2.78699994       4.07971009E-12
   2.78800011       4.08014508E-12
   2.78900003       4.08046340E-12
   2.78999996       4.08100290E-12
   2.79099989       4.08153546E-12
   2.79200006       4.08195049E-12
   2.79299998       4.08213741E-12
   2.79399991       4.08242971E-12
   2.79500008       4.08304337E-12
   2.79600000       4.08332005E-12
   2.79699993       4.08369736E-12
   2.79800010       4.08395756E-12
   2.79900002       4.08410155E-12
   2.79999995       4.08413060E-12
   2.80100012       4.08383353E-12
   2.80200005       4.08384828E-12
   2.80299997       4.08353863E-12
   2.80399990       4.08332743E-12
   2.80500007       4.08321207E-12
   2.80599999       4.08319082E-12
   2.80699992       4.08326151E-12
   2.80800009       4.08342197E-12
   2.80900002       4.08367047E-12
   2.80999994       4.08380187E-12
   2.81100011       4.08401915E-12
   2.81200004       4.08411933E-12
   2.81299996       4.08430364E-12
   2.81399989       4.08476855E-12
   2.81500006       4.08511376E-12
   2.81599998       4.08573349E-12
   2.81699991       4.08603620E-12
   2.81800008       4.08660996E-12
   2.81900001       4.08764342E-12
   2.81999993       4.08835812E-12
   2.82100010       4.08914179E-12
   2.82200003       4.09018305E-12
   2.82299995       4.09128764E-12
   2.82399988       4.09226472E-12
   2.82500005       4.09349160E-12
   2.82599998       4.09440320E-12
   2.82699990       4.09574631E-12
   2.82800007       4.09695932E-12
   2.82900000       4.09822740E-12
   2.82999992       4.09973184E-12
   2.83100009       4.10092229E-12
   2.83200002       4.10216435E-12
   2.83299994       4.10345672E-12
   2.83400011       4.10461899E-12
   2.83500004       4.10565202E-12
   2.83599997       4.10620192E-12
   2.83699989       4.10680517E-12
   2.83800006       4.10746047E-12
   2.83899999       4.10816563E-12
   2.83999991       4.10909371E-12
   2.84100008       4.11023949E-12
   2.84200001       4.11142778E-12
   2.84299994       4.11248553E-12
   2.84400010       4.11324403E-12
   2.84500003       4.11404504E-12
   2.84599996       4.11505639E-12
   2.84699988       4.11593893E-12
   2.84800005       4.11686006E-12
   2.84899998       4.11765240E-12
   2.84999990       4.11848290E-12
   2.85100007       4.11951419E-12
   2.85200000       4.12074194E-12
   2.85299993       4.12216268E-12
   2.85400009       4.12377207E-12
   2.85500002       4.12524572E-12
   2.85599995       4.12658362E-12
   2.85700011       4.12778796E-12
   2.85800004       4.12870172E-12
   2.85899997       4.12980023E-12
   2.85999990       4.13045379E-12
   2.86100006       4.13144779E-12
   2.86199999       4.13262133E-12
   2.86299992       4.13366130E-12
   2.86400008       4.13457029E-12
   2.86500001       4.13550097E-12
   2.86599994       4.13630111E-12
   2.86700010       4.13757613E-12
   2.86800003       4.13871628E-12
   2.86899996       4.14002209E-12
   2.86999989       4.14134178E-12
   2.87100005       4.14267362E-12
   2.87199998       4.14387014E-12
   2.87299991       4.14507838E-12
   2.87400007       4.14615174E-12
   2.87500000       4.14752607E-12
   2.87599993       4.14919661E-12
   2.87700009       4.15058352E-12
   2.87800002       4.15240368E-12
   2.87899995       4.15422427E-12
   2.88000011       4.15618494E-12
   2.88100004       4.15814215E-12
   2.88199997       4.16009545E-12
   2.88299990       4.16190520E-12
   2.88400006       4.16371018E-12
   2.88499999       4.16564786E-12
   2.88599992       4.16757774E-12
   2.88700008       4.16936364E-12
   2.88800001       4.17127704E-12
   2.88899994       4.17331534E-12
   2.89000010       4.17534193E-12
   2.89100003       4.17735551E-12
   2.89199996       4.17935565E-12
   2.89299989       4.18120963E-12
   2.89400005       4.18305061E-12
   2.89499998       4.18513791E-12
   2.89599991       4.18746721E-12
   2.89700007       4.18951722E-12
   2.89800000       4.19193326E-12
   2.89899993       4.19445338E-12
   2.90000010       4.19682084E-12
   2.90100002       4.19903739E-12
   2.90199995       4.20122964E-12
   2.90300012       4.20327185E-12
   2.90400004       4.20516616E-12
   2.90499997       4.20728469E-12
   2.90599990       4.20937634E-12
   2.90700006       4.21180885E-12
   2.90799999       4.21408785E-12
   2.90899992       4.21645748E-12
   2.91000009       4.21855389E-12
   2.91100001       4.22073964E-12
   2.91199994       4.22277447E-12
   2.91300011       4.22489647E-12
   2.91400003       4.22710348E-12
   2.91499996       4.22927622E-12
   2.91599989       4.23118008E-12
   2.91700006       4.23328299E-12
   2.91799998       4.23511963E-12
   2.91899991       4.23680709E-12
   2.92000008       4.23846158E-12
   2.92100000       4.24019630E-12
   2.92199993       4.24189590E-12
   2.92300010       4.24356036E-12
   2.92400002       4.24507651E-12
   2.92499995       4.24666942E-12
   2.92600012       4.24844665E-12
   2.92700005       4.25084490E-12
   2.92799997       4.25308660E-12
   2.92899990       4.25517390E-12
   2.93000007       4.25754137E-12
   2.93099999       4.26018292E-12
   2.93199992       4.26245107E-12
   2.93300009       4.26477647E-12
   2.93400002       4.26736901E-12
   2.93499994       4.26959162E-12
   2.93600011       4.27207792E-12
   2.93700004       4.27398828E-12
   2.93799996       4.27616102E-12
   2.93899989       4.27879693E-12
   2.94000006       4.28106682E-12
   2.94099998       4.28317928E-12
   2.94199991       4.28533944E-12
   2.94300008       4.28754515E-12
   2.94400001       4.28979508E-12
   2.94499993       4.29168723E-12
   2.94600010       4.29362448E-12
   2.94700003       4.29501183E-12
   2.94799995       4.29683979E-12
   2.94899988       4.29870983E-12
   2.95000005       4.30061976E-12
   2.95099998       4.30256785E-12
   2.95199990       4.30416857E-12
   2.95300007       4.30599957E-12
   2.95400000       4.30786656E-12
   2.95499992       4.30995691E-12
   2.95600009       4.31188939E-12
   2.95700002       4.31347839E-12
   2.95799994       4.31510079E-12
   2.95900011       4.31694090E-12
   2.96000004       4.31844057E-12
   2.96099997       4.31978845E-12
   2.96199989       4.32116799E-12
   2.96300006       4.32275830E-12
   2.96399999       4.32419552E-12
   2.96499991       4.32565962E-12
   2.96600008       4.32697107E-12
   2.96700001       4.32813160E-12
   2.96799994       4.32949510E-12
   2.96900010       4.33105765E-12
   2.97000003       4.33229147E-12
   2.97099996       4.33372175E-12
   2.97199988       4.33517111E-12
   2.97300005       4.33663869E-12
   2.97399998       4.33812318E-12
   2.97499990       4.33979285E-12
   2.97600007       4.34164380E-12
   2.97700000       4.34350429E-12
   2.97799993       4.34553999E-12
   2.97900009       4.34724912E-12
   2.98000002       4.34896563E-12
   2.98099995       4.35068865E-12
   2.98200011       4.35225423E-12
   2.98300004       4.35366283E-12
   2.98399997       4.35475571E-12
   2.98499990       4.35585769E-12
   2.98600006       4.35696748E-12
   2.98699999       4.35792548E-12
   2.98799992       4.35904915E-12
   2.98900008       4.36033458E-12
   2.99000001       4.36177873E-12
   2.99099994       4.36275582E-12
   2.99200010       4.36358111E-12
   2.99300003       4.36441118E-12
   2.99399996       4.36539650E-12
   2.99499989       4.36683892E-12
   2.99600005       4.36827571E-12
   2.99699998       4.36970599E-12
   2.99799991       4.37112846E-12
   2.99900007       4.37269188E-12
   3.00000000       4.37424402E-12
   3.00099993       4.37549042E-12
   3.00200009       4.37672728E-12
   3.00300002       4.37795373E-12
   3.00399995       4.37974830E-12
   3.00500011       4.38138067E-12
   3.00600004       4.38313882E-12
   3.00699997       4.38473520E-12
   3.00799990       4.38617068E-12
   3.00900006       4.38786941E-12
   3.00999999       4.38954689E-12
   3.01099992       4.39134059E-12
   3.01200008       4.39324792E-12
   3.01300001       4.39512792E-12
   3.01399994       4.39670652E-12
   3.01500010       4.39812379E-12
   3.01600003       4.39938147E-12
   3.01699996       4.40034597E-12
   3.01799989       4.40142324E-12
   3.01900005       4.40247708E-12
   3.01999998       4.40377162E-12
   3.02099991       4.40517067E-12
   3.02200007       4.40654024E-12
   3.02300000       4.40774934E-12
   3.02399993       4.40867004E-12
   3.02500010       4.40943549E-12
   3.02600002       4.41004611E-12
   3.02699995       4.41075952E-12
   3.02800012       4.41144560E-12
   3.02900004       4.41223013E-12
   3.02999997       4.41311050E-12
   3.03099990       4.41383475E-12
   3.03200006       4.41452820E-12
   3.03299999       4.41506727E-12
   3.03399992       4.41569914E-12
   3.03500009       4.41642079E-12
   3.03600001       4.41722960E-12
   3.03699994       4.41812342E-12
   3.03800011       4.41909963E-12
   3.03900003       4.41991756E-12
   3.03999996       4.42081571E-12
   3.04099989       4.42155644E-12
   3.04200006       4.42225857E-12
   3.04299998       4.42303746E-12
   3.04399991       4.42377602E-12
   3.04500008       4.42481858E-12
   3.04600000       4.42604503E-12
   3.04699993       4.42733697E-12
   3.04800010       4.42835308E-12
   3.04900002       4.42943382E-12
   3.04999995       4.43057830E-12
   3.05100012       4.43178307E-12
   3.05200005       4.43337901E-12
   3.05299997       4.43469783E-12
   3.05399990       4.43607174E-12
   3.05500007       4.43749811E-12
   3.05599999       4.43875839E-12
   3.05699992       4.43985517E-12
   3.05800009       4.44078932E-12
   3.05900002       4.44198844E-12
   3.05999994       4.44281244E-12
   3.06100011       4.44368717E-12
   3.06200004       4.44440101E-12
   3.06299996       4.44537289E-12
   3.06399989       4.44618257E-12
   3.06500006       4.44703822E-12
   3.06599998       4.44773298E-12
   3.06699991       4.44826858E-12
   3.06800008       4.44925390E-12
   3.06900001       4.45007659E-12
   3.06999993       4.45133817E-12
   3.07100010       4.45243408E-12
   3.07200003       4.45356339E-12
   3.07299995       4.45452746E-12
   3.07399988       4.45532847E-12
   3.07500005       4.45577386E-12
   3.07599998       4.45644823E-12
   3.07699990       4.45734682E-12
   3.07800007       4.45808234E-12
   3.07900000       4.45903687E-12
   3.07999992       4.45982747E-12
   3.08100009       4.46083188E-12
   3.08200002       4.46185840E-12
   3.08299994       4.46272012E-12
   3.08400011       4.46397216E-12
   3.08500004       4.46487292E-12
   3.08599997       4.46579189E-12
   3.08699989       4.46654649E-12
   3.08800006       4.46731888E-12
   3.08899999       4.46846683E-12
   3.08999991       4.46944738E-12
   3.09100008       4.47043921E-12
   3.09200001       4.47161839E-12
   3.09299994       4.47262930E-12
   3.09400010       4.47382235E-12
   3.09500003       4.47484671E-12
   3.09599996       4.47570410E-12
   3.09699988       4.47673929E-12
   3.09800005       4.47743622E-12
   3.09899998       4.47847835E-12
   3.09999990       4.47935265E-12
   3.10100007       4.48006085E-12
   3.10200000       4.48110472E-12
   3.10299993       4.48231209E-12
   3.10400009       4.48367862E-12
   3.10500002       4.48536434E-12
   3.10599995       4.48719967E-12
   3.10700011       4.48885720E-12
   3.10800004       4.49049955E-12
   3.10899997       4.49228588E-12
   3.10999990       4.49405357E-12
   3.11100006       4.49564301E-12
   3.11199999       4.49737123E-12
   3.11299992       4.49892207E-12
   3.11400008       4.50014071E-12
   3.11500001       4.50149683E-12
   3.11599994       4.50283257E-12
   3.11700010       4.50399397E-12
   3.11800003       4.50513585E-12
   3.11899996       4.50610512E-12
   3.11999989       4.50735499E-12
   3.12100005       4.50843139E-12
   3.12199998       4.50978144E-12
   3.12299991       4.51080883E-12
   3.12400007       4.51210553E-12
   3.12500000       4.51322703E-12
   3.12599993       4.51446562E-12
   3.12700009       4.51567429E-12
   3.12800002       4.51699572E-12
   3.12899995       4.51814150E-12
   3.13000011       4.51939701E-12
   3.13100004       4.52033593E-12
   3.13199997       4.52138370E-12
   3.13299990       4.52253686E-12
   3.13400006       4.52365402E-12
   3.13499999       4.52459684E-12
   3.13599992       4.52577819E-12
   3.13700008       4.52705625E-12
   3.13800001       4.52815780E-12
   3.13899994       4.52935389E-12
   3.14000010       4.53077549E-12
   3.14100003       4.53228427E-12
   3.14199996       4.53361263E-12
   3.14299989       4.53528924E-12
   3.14400005       4.53678371E-12
   3.14499998       4.53822787E-12
   3.14599991       4.53949161E-12
   3.14700007       4.54096309E-12
   3.14800000       4.54238166E-12
   3.14899993       4.54362025E-12
   3.15000010       4.54480637E-12
   3.15100002       4.54581511E-12
   3.15199995       4.54702248E-12
   3.15300012       4.54817520E-12
   3.15400004       4.54927328E-12
   3.15499997       4.55031672E-12
   3.15599990       4.55130508E-12
   3.15700006       4.55199593E-12
   3.15799999       4.55251375E-12
   3.15899992       4.55333904E-12
   3.16000009       4.55387074E-12
   3.16100001       4.55446705E-12
   3.16199994       4.55500871E-12
   3.16300011       4.55561240E-12
   3.16400003       4.55615927E-12
   3.16499996       4.55664976E-12
   3.16599989       4.55696808E-12
   3.16700006       4.55757350E-12
   3.16799998       4.55800545E-12
   3.16899991       4.55860436E-12
   3.17000008       4.55947910E-12
   3.17100000       4.56028834E-12
   3.17199993       4.56103211E-12
   3.17300010       4.56159980E-12
   3.17400002       4.56221302E-12
   3.17499995       4.56243376E-12
   3.17600012       4.56313459E-12
   3.17700005       4.56387489E-12
   3.17799997       4.56465291E-12
   3.17899990       4.56568030E-12
   3.18000007       4.56673891E-12
   3.18099999       4.56761668E-12
   3.18199992       4.56873428E-12
   3.18300009       4.56946200E-12
   3.18400002       4.57042650E-12
   3.18499994       4.57182686E-12
   3.18600011       4.57304203E-12
   3.18700004       4.57407376E-12
   3.18799996       4.57492377E-12
   3.18899989       4.57559468E-12
   3.19000006       4.57608777E-12
   3.19099998       4.57680204E-12
   3.19199991       4.57733807E-12
   3.19300008       4.57789405E-12
   3.19400001       4.57827309E-12
   3.19499993       4.57867078E-12
   3.19600010       4.57908624E-12
   3.19700003       4.57951775E-12
   3.19799995       4.58015353E-12
   3.19899988       4.58080058E-12
   3.20000005       4.58145674E-12
   3.20099998       4.58249497E-12
   3.20199990       4.58334976E-12
   3.20300007       4.58457708E-12
   3.20400000       4.58598524E-12
   3.20499992       4.58757034E-12
   3.20600009       4.58878291E-12
   3.20700002       4.58998985E-12
   3.20799994       4.59118897E-12
   3.20900011       4.59220205E-12
   3.21000004       4.59338427E-12
   3.21099997       4.59455607E-12
   3.21199989       4.59589138E-12
   3.21300006       4.59703759E-12
   3.21399999       4.59816994E-12
   3.21499991       4.59928753E-12
   3.21600008       4.60021821E-12
   3.21700001       4.60147372E-12
   3.21799994       4.60254014E-12
   3.21900010       4.60375618E-12
   3.22000003       4.60511707E-12
   3.22099996       4.60628714E-12
   3.22199988       4.60726899E-12
   3.22300005       4.60806480E-12
   3.22399998       4.60883892E-12
   3.22499990       4.60991445E-12
   3.22600007       4.61080219E-12
   3.22700000       4.61214400E-12
   3.22799993       4.61313583E-12
   3.22900009       4.61441389E-12
   3.23000002       4.61565812E-12
   3.23099995       4.61671196E-12
   3.23200011       4.61788724E-12
   3.23300004       4.61887213E-12
   3.23399997       4.61997584E-12
   3.23499990       4.62119492E-12
   3.23600006       4.62222274E-12
   3.23699999       4.62336202E-12
   3.23799992       4.62491026E-12
   3.23900008       4.62626248E-12
   3.24000001       4.62756873E-12
   3.24099994       4.62897646E-12
   3.24200010       4.63048133E-12
   3.24300003       4.63208118E-12
   3.24399996       4.63377253E-12
   3.24499989       4.63540881E-12
   3.24600005       4.63698958E-12
   3.24699998       4.63865621E-12
   3.24799991       4.64026517E-12
   3.24900007       4.64167550E-12
   3.25000000       4.64288981E-12
   3.25099993       4.64404860E-12
   3.25200009       4.64501397E-12
   3.25300002       4.64578809E-12
   3.25399995       4.64664505E-12
   3.25500011       4.64771667E-12
   3.25600004       4.64872975E-12
   3.25699997       4.64955028E-12
   3.25799990       4.65031312E-12
   3.25900006       4.65115012E-12
   3.25999999       4.65218922E-12
   3.26099992       4.65329554E-12
   3.26200008       4.65433681E-12
   3.26300001       4.65582781E-12
   3.26399994       4.65711931E-12
   3.26500010       4.65846762E-12
   3.26600003       4.65987101E-12
   3.26699996       4.66107535E-12
   3.26799989       4.66220769E-12
   3.26900005       4.66326847E-12
   3.26999998       4.66425683E-12
   3.27099991       4.66517363E-12
   3.27200007       4.66577428E-12
   3.27300000       4.66618541E-12
   3.27399993       4.66664858E-12
   3.27500010       4.66704323E-12
   3.27600002       4.66772497E-12
   3.27699995       4.66845139E-12
   3.27800012       4.66921987E-12
   3.27900004       4.66991246E-12
   3.27999997       4.67029670E-12
   3.28099990       4.67072258E-12
   3.28200006       4.67095937E-12
   3.28299999       4.67089518E-12
   3.28399992       4.67109988E-12
   3.28500009       4.67122998E-12
   3.28600001       4.67173305E-12
   3.28699994       4.67237880E-12
   3.28800011       4.67305231E-12
   3.28900003       4.67386199E-12
   3.28999996       4.67425838E-12
   3.29099989       4.67468122E-12
   3.29200006       4.67491367E-12
   3.29299998       4.67495747E-12
   3.29399991       4.67502773E-12
   3.29500008       4.67512270E-12
   3.29600000       4.67545143E-12
   3.29699993       4.67558978E-12
   3.29800010       4.67554034E-12
   3.29900002       4.67530485E-12
   3.29999995       4.67509104E-12
   3.30100012       4.67469292E-12
   3.30200005       4.67411309E-12
   3.30299997       4.67315206E-12
   3.30399990       4.67241653E-12
   3.30500007       4.67170183E-12
   3.30599999       4.67100620E-12
   3.30699992       4.67032879E-12
   3.30800009       4.66966743E-12
   3.30900002       4.66902125E-12
   3.30999994       4.66858063E-12
   3.31100011       4.66795829E-12
   3.31200004       4.66772758E-12
   3.31299996       4.66769028E-12
   3.31399989       4.66765385E-12
   3.31500006       4.66742964E-12
   3.31599998       4.66720586E-12
   3.31699991       4.66661215E-12
   3.31800008       4.66602061E-12
   3.31900001       4.66524822E-12
   3.31999993       4.66465885E-12
   3.32100010       4.66406861E-12
   3.32200003       4.66347577E-12
   3.32299995       4.66252384E-12
   3.32399988       4.66192493E-12
   3.32500005       4.66114430E-12
   3.32599998       4.66053368E-12
   3.32699990       4.65991482E-12
   3.32800007       4.65911424E-12
   3.32900000       4.65830586E-12
   3.32999992       4.65782881E-12
   3.33100009       4.65682918E-12
   3.33200002       4.65615740E-12
   3.33299994       4.65547132E-12
   3.33400011       4.65476963E-12
   3.33500004       4.65388708E-12
   3.33599997       4.65298937E-12
   3.33699989       4.65191254E-12
   3.33800006       4.65130712E-12
   3.33899999       4.65035779E-12
   3.33999991       4.64939025E-12
   3.34100008       4.64824403E-12
   3.34200001       4.64739532E-12
   3.34299994       4.64652405E-12
   3.34400010       4.64578463E-12
   3.34500003       4.64501874E-12
   3.34599996       4.64407159E-12
   3.34699988       4.64309841E-12
   3.34800005       4.64194655E-12
   3.34899998       4.64076867E-12
   3.34999990       4.63941429E-12
   3.35100007       4.63803475E-12
   3.35200000       4.63633298E-12
   3.35299993       4.63446078E-12
   3.35400009       4.63242032E-12
   3.35500002       4.63035946E-12
   3.35599995       4.62827780E-12
   3.35700011       4.62617401E-12
   3.35800004       4.62376231E-12
   3.35899997       4.62147291E-12
   3.35999990       4.61916182E-12
   3.36100006       4.61668767E-12
   3.36199999       4.61405306E-12
   3.36299992       4.61139807E-12
   3.36400008       4.60858478E-12
   3.36500001       4.60588815E-12
   3.36599994       4.60303367E-12
   3.36700010       4.60042855E-12
   3.36800003       4.59806715E-12
   3.36899996       4.59554313E-12
   3.36999989       4.59285951E-12
   3.37100005       4.59028085E-12
   3.37199998       4.58780409E-12
   3.37299991       4.58555719E-12
   3.37400007       4.58340527E-12
   3.37500000       4.58134485E-12
   3.37599993       4.57937377E-12
   3.37700009       4.57736236E-12
   3.37800002       4.57556215E-12
   3.37899995       4.57359281E-12
   3.38000011       4.57195349E-12
   3.38100004       4.57051367E-12
   3.38199997       4.56914541E-12
   3.38299990       4.56784610E-12
   3.38400006       4.56673458E-12
   3.38499999       4.56568594E-12
   3.38599992       4.56469758E-12
   3.38700008       4.56376690E-12
   3.38800001       4.56265538E-12
   3.38899994       4.56160023E-12
   3.39000010       4.56036554E-12
   3.39100003       4.55906927E-12
   3.39199996       4.55771185E-12
   3.39299989       4.55663675E-12
   3.39400005       4.55538211E-12
   3.39499998       4.55383734E-12
   3.39599991       4.55223099E-12
   3.39700007       4.55078640E-12
   3.39800000       4.54938908E-12
   3.39899993       4.54825674E-12
   3.40000010       4.54716473E-12
   3.40100002       4.54632816E-12
   3.40199995       4.54530857E-12
   3.40300012       4.54453792E-12
   3.40400004       4.54358383E-12
   3.40499997       4.54265965E-12
   3.40599990       4.54155290E-12
   3.40700006       4.54047607E-12
   3.40799999       4.53963516E-12
   3.40899992       4.53840394E-12
   3.41000009       4.53740474E-12
   3.41100001       4.53622426E-12
   3.41199994       4.53527016E-12
   3.41300011       4.53453681E-12
   3.41400003       4.53401856E-12
   3.41499996       4.53351159E-12
   3.41599989       4.53340967E-12
   3.41700006       4.53311434E-12
   3.41799998       4.53282247E-12
   3.41899991       4.53272749E-12
   3.42000008       4.53243823E-12
   3.42100000       4.53195727E-12
   3.42199993       4.53185840E-12
   3.42300010       4.53194296E-12
   3.42400002       4.53201842E-12
   3.42499995       4.53208391E-12
   3.42600012       4.53250892E-12
   3.42700005       4.53273270E-12
   3.42799997       4.53294000E-12
   3.42899990       4.53313038E-12
   3.43000007       4.53312171E-12
   3.43099999       4.53273660E-12
   3.43199992       4.53269540E-12
   3.43300009       4.53263512E-12
   3.43400002       4.53290704E-12
   3.43499994       4.53315337E-12
   3.43600011       4.53337281E-12
   3.43700004       4.53356536E-12
   3.43799996       4.53390103E-12
   3.43899989       4.53386374E-12
   3.44000006       4.53413782E-12
   3.44099998       4.53454722E-12
   3.44199991       4.53492062E-12
   3.44300008       4.53525715E-12
   3.44400001       4.53539116E-12
   3.44499993       4.53516044E-12
   3.44600010       4.53489720E-12
   3.44700003       4.53476276E-12
   3.44799995       4.53443099E-12
   3.44899988       4.53438415E-12
   3.45000005       4.53429785E-12
   3.45099998       4.53432908E-12
   3.45199990       4.53416037E-12
   3.45300007       4.53410616E-12
   3.45400000       4.53400772E-12
   3.45499992       4.53386504E-12
   3.45600009       4.53428788E-12
   3.45700002       4.53435380E-12
   3.45799994       4.53406757E-12
   3.45900011       4.53388499E-12
   3.46000004       4.53335503E-12
   3.46099997       4.53263208E-12
   3.46199989       4.53186447E-12
   3.46300006       4.53119833E-12
   3.46399999       4.53048536E-12
   3.46499991       4.52972469E-12
   3.46600008       4.52862964E-12
   3.46700001       4.52763261E-12
   3.46799994       4.52673012E-12
   3.46900010       4.52591870E-12
   3.47000003       4.52519576E-12
   3.47099996       4.52428069E-12
   3.47199988       4.52358940E-12
   3.47300005       4.52284217E-12
   3.47399998       4.52231091E-12
   3.47499990       4.52171937E-12
   3.47600007       4.52120242E-12
   3.47700000       4.52088974E-12
   3.47799993       4.52064428E-12
   3.47900009       4.52072537E-12
   3.48000002       4.52060351E-12
   3.48099995       4.52054019E-12
   3.48200011       4.52053369E-12
   3.48300004       4.52070846E-12
   3.48399997       4.52042397E-12
   3.48499990       4.52031945E-12
   3.48600006       4.52026437E-12
   3.48699999       4.52000720E-12
   3.48799992       4.51979816E-12
   3.48900008       4.51926517E-12
   3.49000001       4.51902534E-12
   3.49099994       4.51870659E-12
   3.49200010       4.51806778E-12
   3.49300003       4.51747320E-12
   3.49399996       4.51715965E-12
   3.49499989       4.51676413E-12
   3.49600005       4.51640548E-12
   3.49699998       4.51619731E-12
   3.49799991       4.51625239E-12
   3.49900007       4.51644798E-12
   3.50000000       4.51666569E-12
   3.50099993       4.51678929E-12
   3.50200009       4.51704603E-12
   3.50300002       4.51731924E-12
   3.50399995       4.51782969E-12
   3.50500011       4.51846069E-12
   3.50600004       4.51909864E-12
   3.50699997       4.51974092E-12
   3.50799990       4.52038667E-12
   3.50900006       4.52146567E-12
   3.50999999       4.52211012E-12
   3.51099992       4.52232696E-12
   3.51200008       4.52296924E-12
   3.51300001       4.52318695E-12
   3.51399994       4.52340335E-12
   3.51500010       4.52361803E-12
   3.51600003       4.52341680E-12
   3.51699996       4.52321644E-12
   3.51799989       4.52301434E-12
   3.51900005       4.52260798E-12
   3.51999998       4.52240112E-12
   3.52099991       4.52218905E-12
   3.52200007       4.52197004E-12
   3.52300000       4.52193968E-12
   3.52399993       4.52170202E-12
   3.52500010       4.52145396E-12
   3.52600002       4.52138630E-12
   3.52699995       4.52130347E-12
   3.52800012       4.52158450E-12
   3.52900004       4.52184210E-12
   3.52999997       4.52207542E-12
   3.53099990       4.52228402E-12
   3.53200006       4.52246617E-12
   3.53299999       4.52262099E-12
   3.53399992       4.52256461E-12
   3.53500009       4.52229964E-12
   3.53600001       4.52237033E-12
   3.53699994       4.52258890E-12
   3.53800011       4.52223935E-12
   3.53900003       4.52186118E-12
   3.53999996       4.52145396E-12
   3.54099989       4.52119158E-12
   3.54200006       4.52106885E-12
   3.54299998       4.52108229E-12
   3.54399991       4.52122714E-12
   3.54500008       4.52115992E-12
   3.54600000       4.52071410E-12
   3.54699993       4.52039881E-12
   3.54800010       4.51971056E-12
   3.54900002       4.51915111E-12
   3.54999995       4.51888136E-12
   3.55100012       4.51856738E-12
   3.55200005       4.51820872E-12
   3.55299997       4.51780410E-12
   3.55399990       4.51751397E-12
   3.55500007       4.51717483E-12
   3.55599999       4.51662839E-12
   3.55699992       4.51603425E-12
   3.55800009       4.51554809E-12
   3.55900002       4.51470155E-12
   3.55999994       4.51426873E-12
   3.56100011       4.51408745E-12
   3.56200004       4.51369627E-12
   3.56299996       4.51324872E-12
   3.56399989       4.51304358E-12
   3.56500006       4.51277687E-12
   3.56599998       4.51259646E-12
   3.56699991       4.51235186E-12
   3.56800008       4.51189780E-12
   3.56900001       4.51123687E-12
   3.56999993       4.51051523E-12
   3.57100010       4.50973286E-12
   3.57200003       4.50931436E-12
   3.57299995       4.50882864E-12
   3.57399988       4.50827613E-12
   3.57500005       4.50765597E-12
   3.57599998       4.50724440E-12
   3.57699990       4.50662424E-12
   3.57800007       4.50607086E-12
   3.57900000       4.50571655E-12
   3.57999992       4.50542121E-12
   3.58100009       4.50518225E-12
   3.58200002       4.50499707E-12
   3.58299994       4.50459982E-12
   3.58400011       4.50425461E-12
   3.58500004       4.50395927E-12
   3.58599997       4.50358197E-12
   3.58699989       4.50337857E-12
   3.58800006       4.50321724E-12
   3.58899999       4.50296961E-12
   3.58999991       4.50301168E-12
   3.59100008       4.50296224E-12
   3.59200001       4.50269813E-12
   3.59299994       4.50259057E-12
   3.59400010       4.50251338E-12
   3.59500003       4.50246307E-12
   3.59599996       4.50207753E-12
   3.59699988       4.50172018E-12
   3.59800005       4.50138928E-12
   3.59899998       4.50131816E-12
   3.59999990       4.50126611E-12
   3.60100007       4.50099810E-12
   3.60200000       4.50074830E-12
   3.60299993       4.50040005E-12
   3.60400009       4.49983930E-12
   3.60500002       4.49940909E-12
   3.60599995       4.49888000E-12
   3.60700011       4.49825290E-12
   3.60800004       4.49763837E-12
   3.60899997       4.49703556E-12
   3.60999990       4.49644228E-12
   3.61100006       4.49607452E-12
   3.61199999       4.49570979E-12
   3.61299992       4.49534680E-12
   3.61400008       4.49498381E-12
   3.61500001       4.49461909E-12
   3.61599994       4.49404142E-12
   3.61700010       4.49325299E-12
   3.61800003       4.49267143E-12
   3.61899996       4.49187952E-12
   3.61999989       4.49128885E-12
   3.62100005       4.49069037E-12
   3.62199998       4.49028488E-12
   3.62299991       4.48966602E-12
   3.62400007       4.48923450E-12
   3.62500000       4.48898514E-12
   3.62599993       4.48891228E-12
   3.62700009       4.48881644E-12
   3.62800002       4.48869544E-12
   3.62899995       4.48854886E-12
   3.63000011       4.48856664E-12
   3.63100004       4.48893353E-12
   3.63199997       4.48907491E-12
   3.63299990       4.48899468E-12
   3.63400006       4.48925229E-12
   3.63499999       4.48928611E-12
   3.63599992       4.48946522E-12
   3.63700008       4.48960313E-12
   3.63800001       4.48969941E-12
   3.63899994       4.48957321E-12
   3.64000010       4.48958405E-12
   3.64100003       4.48919677E-12
   3.64199996       4.48894524E-12
   3.64299989       4.48847556E-12
   3.64400005       4.48761731E-12
   3.64499998       4.48672132E-12
   3.64599991       4.48544500E-12
   3.64700007       4.48413442E-12
   3.64800000       4.48312568E-12
   3.64899993       4.48224400E-12
   3.65000010       4.48098633E-12
   3.65100002       4.48018445E-12
   3.65199995       4.47933574E-12
   3.65300012       4.47827626E-12
   3.65400004       4.47765653E-12
   3.65499997       4.47666210E-12
   3.65599990       4.47577782E-12
   3.65700006       4.47531769E-12
   3.65799999       4.47464071E-12
   3.65899992       4.47406305E-12
   3.66000009       4.47373605E-12
   3.66100001       4.47334487E-12
   3.66199994       4.47304216E-12
   3.66300011       4.47267267E-12
   3.66400003       4.47193367E-12
   3.66499996       4.47098131E-12
   3.66599989       4.46996780E-12
   3.66700006       4.46874438E-12
   3.66799998       4.46775473E-12
   3.66899991       4.46670088E-12
   3.67000008       4.46572770E-12
   3.67100000       4.46483128E-12
   3.67199993       4.46429482E-12
   3.67300010       4.46396739E-12
   3.67400002       4.46327914E-12
   3.67499995       4.46279602E-12
   3.67600012       4.46223353E-12
   3.67700005       4.46159299E-12
   3.67799997       4.46087308E-12
   3.67899990       4.46007467E-12
   3.68000007       4.45919777E-12
   3.68099999       4.45824194E-12
   3.68199992       4.45720804E-12
   3.68300009       4.45622792E-12
   3.68400002       4.45516757E-12
   3.68499994       4.45441817E-12
   3.68600011       4.45358377E-12
   3.68700004       4.45292154E-12
   3.68799996       4.45204290E-12
   3.68899989       4.45095133E-12
   3.69000006       4.44964898E-12
   3.69099998       4.44813891E-12
   3.69199991       4.44667263E-12
   3.69300008       4.44524756E-12
   3.69400001       4.44386151E-12
   3.69499993       4.44251233E-12
   3.69600010       4.44131797E-12
   3.69700003       4.44027410E-12
   3.69799995       4.43913786E-12
   3.69899988       4.43755449E-12
   3.70000005       4.43600191E-12
   3.70099998       4.43424464E-12
   3.70199990       4.43240149E-12
   3.70300007       4.43070277E-12
   3.70400000       4.42902919E-12
   3.70499992       4.42749309E-12
   3.70600009       4.42586462E-12
   3.70700002       4.42436756E-12
   3.70799994       4.42310901E-12
   3.70900011       4.42219221E-12
   3.71000004       4.42139034E-12
   3.71099997       4.42059020E-12
   3.71199989       4.41979005E-12
   3.71300006       4.41898818E-12
   3.71399999       4.41818370E-12
   3.71499991       4.41758565E-12
   3.71600008       4.41676903E-12
   3.71700001       4.41594461E-12
   3.71799994       4.41531837E-12
   3.71900010       4.41488426E-12
   3.72000003       4.41422810E-12
   3.72099996       4.41355633E-12
   3.72199988       4.41286764E-12
   3.72300005       4.41255929E-12
   3.72399998       4.41242442E-12
   3.72499990       4.41206273E-12
   3.72600007       4.41167372E-12
   3.72700000       4.41125565E-12
   3.72799993       4.41080809E-12
   3.72900009       4.41071225E-12
   3.73000002       4.41019920E-12
   3.73099995       4.41003050E-12
   3.73200011       4.41001012E-12
   3.73300004       4.40994723E-12
   3.73399997       4.40984055E-12
   3.73499990       4.40968963E-12
   3.73600006       4.40894673E-12
   3.73699999       4.40834695E-12
   3.73799992       4.40770510E-12
   3.73900008       4.40702119E-12
   3.74000001       4.40629391E-12
   3.74099994       4.40534675E-12
   3.74200010       4.40435795E-12
   3.74300003       4.40332623E-12
   3.74399996       4.40225070E-12
   3.74499989       4.40130224E-12
   3.74600005       4.40030607E-12
   3.74699998       4.39909394E-12
   3.74799991       4.39817020E-12
   3.74900007       4.39736138E-12
   3.75000000       4.39682752E-12
   3.75099993       4.39623468E-12
   3.75200009       4.39541936E-12
   3.75300002       4.39503035E-12
   3.75399995       4.39457585E-12
   3.75500011       4.39421503E-12
   3.75600004       4.39394398E-12
   3.75699997       4.39375923E-12
   3.75799990       4.39350162E-12
   3.75900006       4.39332511E-12
   3.75999999       4.39353371E-12
   3.76099992       4.39350726E-12
   3.76200008       4.39355236E-12
   3.76300001       4.39366469E-12
   3.76399994       4.39384206E-12
   3.76500010       4.39408059E-12
   3.76600003       4.39437766E-12
   3.76699996       4.39458366E-12
   3.76799989       4.39513400E-12
   3.76900005       4.39558719E-12
   3.76999998       4.39608679E-12
   3.77099991       4.39648795E-12
   3.77200007       4.39665014E-12
   3.77300000       4.39713587E-12
   3.77399993       4.39724212E-12
   3.77500010       4.39738827E-12
   3.77600002       4.39729850E-12
   3.77699995       4.39697627E-12
   3.77800012       4.39669351E-12
   3.77900004       4.39644892E-12
   3.77999997       4.39597317E-12
   3.78099990       4.39566569E-12
   3.78200006       4.39539030E-12
   3.78299999       4.39501430E-12
   3.78399992       4.39440845E-12
   3.78500009       4.39370458E-12
   3.78600001       4.39303064E-12
   3.78699994       4.39238403E-12
   3.78800011       4.39163679E-12
   3.78900003       4.39091428E-12
   3.78999996       4.39033792E-12
   3.79099989       4.39002610E-12
   3.79200006       4.38972686E-12
   3.79299998       4.38955946E-12
   3.79399991       4.38939900E-12
   3.79500008       4.38936301E-12
   3.79600000       4.38920992E-12
   3.79699993       4.38917609E-12
   3.79800010       4.38902257E-12
   3.79900002       4.38898310E-12
   3.79999995       4.38893756E-12
   3.80100012       4.38911364E-12
   3.80200005       4.38950395E-12
   3.80299997       4.38976416E-12
   3.80399990       4.39011891E-12
   3.80500007       4.39023123E-12
   3.80599999       4.39054565E-12
   3.80699992       4.39083665E-12
   3.80800009       4.39132064E-12
   3.80900002       4.39199068E-12
   3.80999994       4.39262775E-12
   3.81100011       4.39322970E-12
   3.81200004       4.39337325E-12
   3.81299996       4.39348558E-12
   3.81399989       4.39335721E-12
   3.81500006       4.39278518E-12
   3.81599998       4.39239270E-12
   3.81699991       4.39197029E-12
   3.81800008       4.39111247E-12
   3.81900001       4.39042899E-12
   3.81999993       4.38971515E-12
   3.82100010       4.38936561E-12
   3.82200003       4.38878144E-12
   3.82299995       4.38835600E-12
   3.82399988       4.38769680E-12
   3.82500005       4.38699901E-12
   3.82599998       4.38645301E-12
   3.82699990       4.38624267E-12
   3.82800007       4.38598290E-12
   3.82900000       4.38567368E-12
   3.82999992       4.38568366E-12
   3.83100009       4.38545294E-12
   3.83200002       4.38535016E-12
   3.83299994       4.38500798E-12
   3.83400011       4.38460943E-12
   3.83500004       4.38415406E-12
   3.83599997       4.38381883E-12
   3.83699989       4.38377503E-12
   3.83800006       4.38401529E-12
   3.83899999       4.38435703E-12
   3.83999991       4.38479635E-12
   3.84100008       4.38515847E-12
   3.84200001       4.38510339E-12
   3.84299994       4.38514372E-12
   3.84400010       4.38527600E-12
   3.84500003       4.38532934E-12
   3.84599996       4.38513939E-12
   3.84699988       4.38487311E-12
   3.84800005       4.38469270E-12
   3.84899998       4.38443335E-12
   3.84999990       4.38425424E-12
   3.85100007       4.38415276E-12
   3.85200000       4.38428243E-12
   3.85299993       4.38463632E-12
   3.85400009       4.38489696E-12
   3.85500002       4.38521832E-12
   3.85599995       4.38544426E-12
   3.85700011       4.38603103E-12
   3.85800004       4.38636497E-12
   3.85899997       4.38704888E-12
   3.85999990       4.38777573E-12
   3.86100006       4.38824671E-12
   3.86199999       4.38861274E-12
   3.86299992       4.38872853E-12
   3.86400008       4.38874111E-12
   3.86500001       4.38850865E-12
   3.86599994       4.38846095E-12
   3.86700010       4.38845054E-12
   3.86800003       4.38847483E-12
   3.86899996       4.38839243E-12
   3.86999989       4.38834125E-12
   3.87100005       4.38831914E-12
   3.87199998       4.38845965E-12
   3.87299991       4.38862141E-12
   3.87400007       4.38880312E-12
   3.87500000       4.38873504E-12
   3.87599993       4.38894971E-12
   3.87700009       4.38930793E-12
   3.87800002       4.38980449E-12
   3.87899995       4.39030539E-12
   3.88000011       4.39080760E-12
   3.88100004       4.39143730E-12
   3.88199997       4.39206223E-12
   3.88299990       4.39305797E-12
   3.88400006       4.39404025E-12
   3.88499999       4.39513053E-12
   3.88599992       4.39656991E-12
   3.88700008       4.39798328E-12
   3.88800001       4.39924746E-12
   3.88899994       4.40048388E-12
   3.89000010       4.40181051E-12
   3.89100003       4.40298579E-12
   3.89199996       4.40424650E-12
   3.89299989       4.40547165E-12
   3.89400005       4.40642835E-12
   3.89499998       4.40757977E-12
   3.89599991       4.40903347E-12
   3.89700007       4.41055439E-12
   3.89800000       4.41225095E-12
   3.89899993       4.41400562E-12
   3.90000010       4.41581450E-12
   3.90100002       4.41756484E-12
   3.90199995       4.41947303E-12
   3.90300012       4.42131705E-12
   3.90400004       4.42288133E-12
   3.90499997       4.42459654E-12
   3.90599990       4.42666780E-12
   3.90700006       4.42887524E-12
   3.90799999       4.43100504E-12
   3.90899992       4.43326365E-12
   3.91000009       4.43564543E-12
   3.91100001       4.43773750E-12
   3.91199994       4.43974675E-12
   3.91300011       4.44167186E-12
   3.91400003       4.44371189E-12
   3.91499996       4.44566476E-12
   3.91599989       4.44772561E-12
   3.91700006       4.44969495E-12
   3.91799998       4.45157236E-12
   3.91899991       4.45316570E-12
   3.92000008       4.45486009E-12
   3.92100000       4.45646168E-12
   3.92199993       4.45797045E-12
   3.92300010       4.45957203E-12
   3.92400002       4.46126209E-12
   3.92499995       4.46285326E-12
   3.92600012       4.46434469E-12
   3.92700005       4.46591809E-12
   3.92799997       4.46720915E-12
   3.92899990       4.46857872E-12
   3.93000007       4.47002331E-12
   3.93099999       4.47153772E-12
   3.93199992       4.47346760E-12
   3.93300009       4.47510909E-12
   3.93400002       4.47680955E-12
   3.93499994       4.47805421E-12
   3.93600011       4.47935829E-12
   3.93700004       4.48055048E-12
   3.93799996       4.48146381E-12
   3.93899989       4.48259875E-12
   3.94000006       4.48361964E-12
   3.94099998       4.48452733E-12
   3.94199991       4.48532097E-12
   3.94300008       4.48616231E-12
   3.94400001       4.48688829E-12
   3.94499993       4.48749935E-12
   3.94600010       4.48830946E-12
   3.94700003       4.48884549E-12
   3.94799995       4.48957408E-12
   3.94899988       4.49033562E-12
   3.95000005       4.49082264E-12
   3.95099998       4.49119084E-12
   3.95199990       4.49143977E-12
   3.95300007       4.49127281E-12
   3.95400000       4.49143544E-12
   3.95499992       4.49147837E-12
   3.95600009       4.49169304E-12
   3.95700002       4.49192940E-12
   3.95799994       4.49218440E-12
   3.95900011       4.49217139E-12
   3.96000004       4.49203522E-12
   3.96099997       4.49177631E-12
   3.96199989       4.49125676E-12
   3.96300006       4.49048047E-12
   3.96399999       4.48986117E-12
   3.96499991       4.48925836E-12
   3.96600008       4.48866855E-12
   3.96700001       4.48822403E-12
   3.96799994       4.48765374E-12
   3.96900010       4.48695855E-12
   3.97000003       4.48640040E-12
   3.97099996       4.48584486E-12
   3.97199988       4.48541811E-12
   3.97300005       4.48485997E-12
   3.97399998       4.48429792E-12
   3.97499990       4.48360446E-12
   3.97600007       4.48315473E-12
   3.97700000       4.48269373E-12
   3.97799993       4.48209655E-12
   3.97900009       4.48173009E-12
   3.98000002       4.48134542E-12
   3.98099995       4.48069967E-12
   3.98200011       4.48027422E-12
   3.98300004       4.47982493E-12
   3.98399997       4.47946845E-12
   3.98499990       4.47873379E-12
   3.98600006       4.47797398E-12
   3.98699999       4.47753336E-12
   3.98799992       4.47671761E-12
   3.98900008       4.47598599E-12
   3.99000001       4.47511039E-12
   3.99099994       4.47431458E-12
   3.99200010       4.47348408E-12
   3.99300003       4.47239858E-12
   3.99399996       4.47127882E-12
   3.99499989       4.47012436E-12
   3.99600005       4.46936325E-12
   3.99699998       4.46834540E-12
   3.99799991       4.46728592E-12
   3.99900007       4.46660287E-12
   4.00000000       4.46586995E-12
   4.00099993       4.46487985E-12
   4.00199986       4.46404589E-12
   4.00299978       4.46356580E-12
   4.00400019       4.46282421E-12
   4.00500011       4.46242565E-12
   4.00600004       4.46176429E-12
   4.00699997       4.46143556E-12
   4.00799990       4.46103788E-12
   4.00899982       4.46076552E-12
   4.01000023       4.46003477E-12
   4.01100016       4.45942849E-12
   4.01200008       4.45932050E-12
   4.01300001       4.45950958E-12
   4.01399994       4.45942588E-12
   4.01499987       4.45944410E-12
   4.01599979       4.45937601E-12
   4.01700020       4.45940333E-12
   4.01800013       4.45916004E-12
   4.01900005       4.45900912E-12
   4.01999998       4.45876842E-12
   4.02099991       4.45843753E-12
   4.02199984       4.45801642E-12
   4.02299976       4.45715556E-12
   4.02400017       4.45621014E-12
   4.02500010       4.45517885E-12
   4.02600002       4.45406299E-12
   4.02699995       4.45252299E-12
   4.02799988       4.45090275E-12
   4.02899981       4.44920229E-12
   4.03000021       4.44742160E-12
   4.03100014       4.44556024E-12
   4.03200006       4.44345515E-12
   4.03299999       4.44111111E-12
   4.03399992       4.43869117E-12
   4.03499985       4.43603661E-12
   4.03599977       4.43346661E-12
   4.03700018       4.43113385E-12
   4.03800011       4.42903136E-12
   4.03900003       4.42699783E-12
   4.03999996       4.42487670E-12
   4.04099989       4.42266839E-12
   4.04199982       4.42052298E-12
   4.04300022       4.41873708E-12
   4.04400015       4.41655826E-12
   4.04500008       4.41472987E-12
   4.04600000       4.41295004E-12
   4.04699993       4.41136017E-12
   4.04799986       4.40981062E-12
   4.04899979       4.40801302E-12
   4.05000019       4.40653720E-12
   4.05100012       4.40551458E-12
   4.05200005       4.40423566E-12
   4.05299997       4.40311936E-12
   4.05399990       4.40229710E-12
   4.05499983       4.40135125E-12
   4.05600023       4.40055284E-12
   4.05700016       4.39962823E-12
   4.05800009       4.39884457E-12
   4.05900002       4.39806438E-12
   4.05999994       4.39702354E-12
   4.06099987       4.39611585E-12
   4.06199980       4.39494925E-12
   4.06300020       4.39352721E-12
   4.06400013       4.39210864E-12
   4.06500006       4.39031233E-12
   4.06599998       4.38852080E-12
   4.06699991       4.38685590E-12
   4.06799984       4.38531286E-12
   4.06899977       4.38364275E-12
   4.07000017       4.38208844E-12
   4.07100010       4.38076615E-12
   4.07200003       4.37942954E-12
   4.07299995       4.37807646E-12
   4.07399988       4.37670646E-12
   4.07499981       4.37543318E-12
   4.07600021       4.37425313E-12
   4.07700014       4.37293257E-12
   4.07800007       4.37147237E-12
   4.07900000       4.36998744E-12
   4.07999992       4.36836331E-12
   4.08099985       4.36671272E-12
   4.08199978       4.36492422E-12
   4.08300018       4.36354685E-12
   4.08400011       4.36256847E-12
   4.08500004       4.36154671E-12
   4.08599997       4.36069496E-12
   4.08699989       4.35958171E-12
   4.08799982       4.35842204E-12
   4.08900023       4.35742414E-12
   4.09000015       4.35616690E-12
   4.09100008       4.35486066E-12
   4.09200001       4.35350367E-12
   4.09299994       4.35250143E-12
   4.09399986       4.35164144E-12
   4.09499979       4.35071944E-12
   4.09600019       4.34973455E-12
   4.09700012       4.34888237E-12
   4.09800005       4.34776867E-12
   4.09899998       4.34639694E-12
   4.09999990       4.34515488E-12
   4.10099983       4.34384690E-12
   4.10200024       4.34247300E-12
   4.10300016       4.34103187E-12
   4.10400009       4.33989563E-12
   4.10500002       4.33886954E-12
   4.10599995       4.33795014E-12
   4.10699987       4.33676922E-12
   4.10799980       4.33551112E-12
   4.10900021       4.33399670E-12
   4.11000013       4.33258420E-12
   4.11100006       4.33109408E-12
   4.11199999       4.32969979E-12
   4.11299992       4.32822484E-12
   4.11399984       4.32683967E-12
   4.11499977       4.32520079E-12
   4.11600018       4.32347994E-12
   4.11700010       4.32201280E-12
   4.11800003       4.32062545E-12
   4.11899996       4.31964360E-12
   4.11999989       4.31856417E-12
   4.12099981       4.31755066E-12
   4.12200022       4.31643740E-12
   4.12300014       4.31570491E-12
   4.12400007       4.31502447E-12
   4.12500000       4.31439259E-12
   4.12599993       4.31411807E-12
   4.12699986       4.31388128E-12
   4.12799978       4.31352480E-12
   4.12900019       4.31320127E-12
   4.13000011       4.31260583E-12
   4.13100004       4.31204204E-12
   4.13199997       4.31150775E-12
   4.13299990       4.31099947E-12
   4.13399982       4.31051505E-12
   4.13500023       4.30990530E-12
   4.13600016       4.30945991E-12
   4.13700008       4.30888658E-12
   4.13800001       4.30847025E-12
   4.13899994       4.30820483E-12
   4.13999987       4.30808427E-12
   4.14099979       4.30810292E-12
   4.14200020       4.30825514E-12
   4.14300013       4.30853530E-12
   4.14400005       4.30853226E-12
   4.14499998       4.30851882E-12
   4.14599991       4.30862594E-12
   4.14699984       4.30871614E-12
   4.14799976       4.30891911E-12
   4.14900017       4.30883888E-12
   4.15000010       4.30899630E-12
   4.15100002       4.30912727E-12
   4.15199995       4.30897592E-12
   4.15299988       4.30892474E-12
   4.15399981       4.30884408E-12
   4.15500021       4.30873176E-12
   4.15600014       4.30883324E-12
   4.15700006       4.30865153E-12
   4.15799999       4.30867668E-12
   4.15899992       4.30854007E-12
   4.15999985       4.30860122E-12
   4.16099977       4.30861640E-12
   4.16200018       4.30870140E-12
   4.16300011       4.30896898E-12
   4.16400003       4.30918105E-12
   4.16499996       4.30933718E-12
   4.16599989       4.30966244E-12
   4.16699982       4.30970060E-12
   4.16800022       4.31012647E-12
   4.16900015       4.31015163E-12
   4.17000008       4.31033377E-12
   4.17100000       4.31023012E-12
   4.17199993       4.31006186E-12
   4.17299986       4.31025701E-12
   4.17399979       4.30995300E-12
   4.17500019       4.30958134E-12
   4.17600012       4.30956139E-12
   4.17700005       4.30946554E-12
   4.17799997       4.30970711E-12
   4.17899990       4.30966027E-12
   4.17999983       4.30973616E-12
   4.18100023       4.30972836E-12
   4.18200016       4.30963555E-12
   4.18300009       4.30985456E-12
   4.18400002       4.30978560E-12
   4.18499994       4.31001762E-12
   4.18599987       4.31015466E-12
   4.18699980       4.31019630E-12
   4.18800020       4.31014209E-12
   4.18900013       4.31018155E-12
   4.19000006       4.30993435E-12
   4.19099998       4.30959131E-12
   4.19199991       4.30915199E-12
   4.19299984       4.30843382E-12
   4.19399977       4.30762283E-12
   4.19500017       4.30707813E-12
   4.19600010       4.30661323E-12
   4.19700003       4.30586946E-12
   4.19799995       4.30520203E-12
   4.19899988       4.30460789E-12
   4.19999981       4.30408183E-12
   4.20100021       4.30362039E-12
   4.20200014       4.30356011E-12
   4.20300007       4.30338230E-12
   4.20400000       4.30325523E-12
   4.20499992       4.30317457E-12
   4.20599985       4.30297291E-12
   4.20699978       4.30281331E-12
   4.20800018       4.30253055E-12
   4.20900011       4.30228639E-12
   4.21000004       4.30223652E-12
   4.21099997       4.30221527E-12
   4.21199989       4.30206348E-12
   4.21299982       4.30209254E-12
   4.21400023       4.30244989E-12
   4.21500015       4.30297247E-12
   4.21600008       4.30350157E-12
   4.21700001       4.30403456E-12
   4.21799994       4.30471804E-12
   4.21899986       4.30539762E-12
   4.21999979       4.30577666E-12
   4.22100019       4.30644322E-12
   4.22200012       4.30695367E-12
   4.22300005       4.30774036E-12
   4.22399998       4.30822348E-12
   4.22499990       4.30869099E-12
   4.22599983       4.30900021E-12
   4.22700024       4.30970841E-12
   4.22800016       4.31038972E-12
   4.22900009       4.31090537E-12
   4.23000002       4.31152856E-12
   4.23099995       4.31211837E-12
   4.23199987       4.31254078E-12
   4.23299980       4.31306119E-12
   4.23400021       4.31341247E-12
   4.23500013       4.31385613E-12
   4.23600006       4.31438739E-12
   4.23699999       4.31512985E-12
   4.23799992       4.31594864E-12
   4.23899984       4.31671322E-12
   4.23999977       4.31767209E-12
   4.24100018       4.31894191E-12
   4.24200010       4.31989730E-12
   4.24300003       4.32090952E-12
   4.24399996       4.32197420E-12
   4.24499989       4.32308703E-12
   4.24599981       4.32400643E-12
   4.24700022       4.32485211E-12
   4.24800014       4.32538901E-12
   4.24900007       4.32597101E-12
   4.25000000       4.32659334E-12
   4.25099993       4.32725297E-12
   4.25199986       4.32794599E-12
   4.25299978       4.32866937E-12
   4.25400019       4.32953066E-12
   4.25500011       4.32997128E-12
   4.25600004       4.33043705E-12
   4.25699997       4.33103380E-12
   4.25799990       4.33197141E-12
   4.25899982       4.33302482E-12
   4.26000023       4.33418839E-12
   4.26100016       4.33503580E-12
   4.26200008       4.33578043E-12
   4.26300001       4.33642185E-12
   4.26399994       4.33654935E-12
   4.26499987       4.33678440E-12
   4.26599979       4.33712137E-12
   4.26700020       4.33735426E-12
   4.26800013       4.33748393E-12
   4.26900005       4.33750952E-12
   4.26999998       4.33743102E-12
   4.27099991       4.33744273E-12
   4.27199984       4.33734732E-12
   4.27299976       4.33714479E-12
   4.27400017       4.33702466E-12
   4.27500010       4.33679394E-12
   4.27600002       4.33682604E-12
   4.27699995       4.33692665E-12
   4.27799988       4.33690844E-12
   4.27899981       4.33695354E-12
   4.28000021       4.33723803E-12
   4.28100014       4.33775281E-12
   4.28200006       4.33795881E-12
   4.28299999       4.33821165E-12
   4.28399992       4.33850742E-12
   4.28499985       4.33867048E-12
   4.28599977       4.33904345E-12
   4.28700018       4.33893850E-12
   4.28800011       4.33887084E-12
   4.28900003       4.33900442E-12
   4.28999996       4.33883355E-12
   4.29099989       4.33885653E-12
   4.29199982       4.33857681E-12
   4.29300022       4.33832310E-12
   4.29400015       4.33825198E-12
   4.29500008       4.33787945E-12
   4.29600000       4.33752600E-12
   4.29699993       4.33718816E-12
   4.29799986       4.33686333E-12
   4.29899979       4.33670244E-12
   4.30000019       4.33608835E-12
   4.30100012       4.33593786E-12
   4.30200005       4.33548640E-12
   4.30299997       4.33503624E-12
   4.30399990       4.33458521E-12
   4.30499983       4.33398413E-12
   4.30600023       4.33367014E-12
   4.30700016       4.33305692E-12
   4.30800009       4.33243545E-12
   4.30900002       4.33208677E-12
   4.30999994       4.33172031E-12
   4.31099987       4.33133434E-12
   4.31199980       4.33092581E-12
   4.31300020       4.33049386E-12
   4.31400013       4.33030781E-12
   4.31500006       4.33008924E-12
   4.31599998       4.32996998E-12
   4.31699991       4.32981298E-12
   4.31799984       4.32961566E-12
   4.31899977       4.32924660E-12
   4.32000017       4.32883633E-12
   4.32100010       4.32851194E-12
   4.32200003       4.32839571E-12
   4.32299995       4.32797504E-12
   4.32399988       4.32763070E-12
   4.32499981       4.32723345E-12
   4.32600021       4.32653609E-12
   4.32700014       4.32603215E-12
   4.32800007       4.32571340E-12
   4.32900000       4.32557375E-12
   4.32999992       4.32524763E-12
   4.33099985       4.32521033E-12
   4.33199978       4.32498351E-12
   4.33300018       4.32480093E-12
   4.33400011       4.32454419E-12
   4.33500004       4.32444055E-12
   4.33599997       4.32437072E-12
   4.33699989       4.32444271E-12
   4.33799982       4.32431695E-12
   4.33900023       4.32421633E-12
   4.34000015       4.32369938E-12
   4.34100008       4.32331644E-12
   4.34200001       4.32284677E-12
   4.34299994       4.32228992E-12
   4.34399986       4.32185667E-12
   4.34499979       4.32154139E-12
   4.34600019       4.32133929E-12
   4.34700012       4.32103745E-12
   4.34800005       4.32063630E-12
   4.34899998       4.32013540E-12
   4.34999990       4.31993720E-12
   4.35099983       4.31943240E-12
   4.35200024       4.31902257E-12
   4.35300016       4.31830917E-12
   4.35400009       4.31729782E-12
   4.35500002       4.31618630E-12
   4.35599995       4.31516628E-12
   4.35699987       4.31366271E-12
   4.35799980       4.31243886E-12
   4.35900021       4.31111180E-12
   4.36000013       4.30986670E-12
   4.36100006       4.30833190E-12
   4.36199999       4.30687604E-12
   4.36299992       4.30549520E-12
   4.36399984       4.30382683E-12
   4.36499977       4.30205307E-12
   4.36600018       4.29999829E-12
   4.36700010       4.29801637E-12
   4.36800003       4.29627601E-12
   4.36899996       4.29459766E-12
   4.36999989       4.29280656E-12
   4.37099981       4.29124141E-12
   4.37200022       4.28989353E-12
   4.37300014       4.28825725E-12
   4.37400007       4.28683174E-12
   4.37500000       4.28511870E-12
   4.37599993       4.28360906E-12
   4.37699986       4.28245590E-12
   4.37799978       4.28132876E-12
   4.37900019       4.27990976E-12
   4.38000011       4.27882903E-12
   4.38100004       4.27745556E-12
   4.38199997       4.27610117E-12
   4.38299990       4.27491592E-12
   4.38399982       4.27374195E-12
   4.38500023       4.27287589E-12
   4.38600016       4.27201026E-12
   4.38700008       4.27114290E-12
   4.38800001       4.27027077E-12
   4.38899994       4.26953655E-12
   4.38999987       4.26879018E-12
   4.39099979       4.26831487E-12
   4.39200020       4.26810063E-12
   4.39300013       4.26799871E-12
   4.39400005       4.26772506E-12
   4.39499998       4.26755723E-12
   4.39599991       4.26707931E-12
   4.39699984       4.26656757E-12
   4.39799976       4.26628958E-12
   4.39900017       4.26596952E-12
   4.40000010       4.26560566E-12
   4.40100002       4.26532811E-12
   4.40199995       4.26487144E-12
   4.40299988       4.26462468E-12
   4.40399981       4.26457871E-12
   4.40500021       4.26472659E-12
   4.40600014       4.26493476E-12
   4.40700006       4.26494950E-12
   4.40799999       4.26489703E-12
   4.40899992       4.26489833E-12
   4.40999985       4.26482764E-12
   4.41099977       4.26492478E-12
   4.41200018       4.26518239E-12
   4.41300011       4.26535760E-12
   4.41400003       4.26568416E-12
   4.41499996       4.26592225E-12
   4.41599989       4.26630172E-12
   4.41699982       4.26693143E-12
   4.41800022       4.26734776E-12
   4.41900015       4.26766565E-12
   4.42000008       4.26777363E-12
   4.42100000       4.26800522E-12
   4.42199993       4.26835477E-12
   4.42299986       4.26838166E-12
   4.42399979       4.26830706E-12
   4.42500019       4.26770251E-12
   4.42600012       4.26721505E-12
   4.42700005       4.26683818E-12
   4.42799997       4.26656713E-12
   4.42899990       4.26639583E-12
   4.42999983       4.26611481E-12
   4.43100023       4.26592615E-12
   4.43200016       4.26582554E-12
   4.43300009       4.26560827E-12
   4.43400002       4.26547166E-12
   4.43499994       4.26501933E-12
   4.43599987       4.26464549E-12
   4.43699980       4.26453707E-12
   4.43800020       4.26449457E-12
   4.43900013       4.26413375E-12
   4.44000006       4.26364803E-12
   4.44099998       4.26341080E-12
   4.44199991       4.26341211E-12
   4.44299984       4.26309378E-12
   4.44399977       4.26300661E-12
   4.44500017       4.26296108E-12
   4.44600010       4.26295327E-12
   4.44700003       4.26315667E-12
   4.44799995       4.26321218E-12
   4.44899988       4.26346805E-12
   4.44999981       4.26357213E-12
   4.45100021       4.26386617E-12
   4.45200014       4.26400451E-12
   4.45300007       4.26449154E-12
   4.45400000       4.26464896E-12
   4.45499992       4.26514379E-12
   4.45599985       4.26547209E-12
   4.45699978       4.26579822E-12
   4.45800018       4.26611871E-12
   4.45900011       4.26643139E-12
   4.46000004       4.26673280E-12
   4.46099997       4.26686377E-12
   4.46199989       4.26682561E-12
   4.46299982       4.26661961E-12
   4.46400023       4.26609442E-12
   4.46500015       4.26571018E-12
   4.46600008       4.26545995E-12
   4.46700001       4.26548727E-12
   4.46799994       4.26519063E-12
   4.46899986       4.26516157E-12
   4.46999979       4.26509956E-12
   4.47100019       4.26500328E-12
   4.47200012       4.26486971E-12
   4.47300005       4.26498030E-12
   4.47399998       4.26518586E-12
   4.47499990       4.26534155E-12
   4.47599983       4.26544607E-12
   4.47700024       4.26536063E-12
   4.47800016       4.26522272E-12
   4.47900009       4.26489703E-12
   4.48000002       4.26451799E-12
   4.48099995       4.26434842E-12
   4.48199987       4.26411814E-12
   4.48299980       4.26369617E-12
   4.48400021       4.26359902E-12
   4.48500013       4.26343249E-12
   4.48600006       4.26332277E-12
   4.48699999       4.26313975E-12
   4.48799992       4.26313021E-12
   4.48899984       4.26316447E-12
   4.48999977       4.26323820E-12
   4.49100018       4.26334705E-12
   4.49200010       4.26360726E-12
   4.49300003       4.26365540E-12
   4.49399996       4.26384709E-12
   4.49499989       4.26441001E-12
   4.49599981       4.26486797E-12
   4.49700022       4.26510520E-12
   4.49800014       4.26535196E-12
   4.49900007       4.26549291E-12
   4.50000000       4.26552673E-12
   4.50099993       4.26589796E-12
   4.50199986       4.26593439E-12
   4.50299978       4.26607794E-12
   4.50400019       4.26632297E-12
   4.50500011       4.26687765E-12
   4.50600004       4.26730613E-12
   4.50699997       4.26803037E-12
   4.50799990       4.26862105E-12
   4.50899982       4.26887215E-12
   4.51000023       4.26899401E-12
   4.51100016       4.26939430E-12
   4.51200008       4.26986094E-12
   4.51300001       4.27058909E-12
   4.51399994       4.27117196E-12
   4.51499987       4.27161041E-12
   4.51599979       4.27210003E-12
   4.51700020       4.27225009E-12
   4.51800013       4.27225789E-12
   4.51900005       4.27231297E-12
   4.51999998       4.27222407E-12
   4.52099991       4.27199118E-12
   4.52199984       4.27198468E-12
   4.52299976       4.27201286E-12
   4.52400017       4.27189013E-12
   4.52500010       4.27161691E-12
   4.52600002       4.27137319E-12
   4.52699995       4.27150849E-12
   4.52799988       4.27165985E-12
   4.52899981       4.27182291E-12
   4.53000021       4.27216726E-12
   4.53100014       4.27200159E-12
   4.53200006       4.27218287E-12
   4.53299999       4.27236285E-12
   4.53399992       4.27253892E-12
   4.53499985       4.27287285E-12
   4.53599977       4.27303028E-12
   4.53700018       4.27285074E-12
   4.53800011       4.27250032E-12
   4.53900003       4.27229953E-12
   4.53999996       4.27239927E-12
   4.54099989       4.27247517E-12
   4.54199982       4.27221496E-12
   4.54300022       4.27208529E-12
   4.54400015       4.27162255E-12
   4.54500008       4.27113466E-12
   4.54600000       4.27076907E-12
   4.54699993       4.27052014E-12
   4.54799986       4.27023347E-12
   4.54899979       4.26976206E-12
   4.55000019       4.26925205E-12
   4.55100012       4.26870128E-12
   4.55200005       4.26796619E-12
   4.55299997       4.26732998E-12
   4.55399990       4.26650815E-12
   4.55499983       4.26564079E-12
   4.55600023       4.26500068E-12
   4.55700016       4.26444297E-12
   4.55800009       4.26396245E-12
   4.55900002       4.26355392E-12
   4.55999994       4.26294807E-12
   4.56099987       4.26254084E-12
   4.56199980       4.26206336E-12
   4.56300020       4.26190203E-12
   4.56400013       4.26153340E-12
   4.56500006       4.26134041E-12
   4.56599998       4.26131526E-12
   4.56699991       4.26132610E-12
   4.56799984       4.26136904E-12
   4.56899977       4.26143973E-12
   4.57000017       4.26153427E-12
   4.57100010       4.26164919E-12
   4.57200003       4.26178103E-12
   4.57299995       4.26204341E-12
   4.57399988       4.26207897E-12
   4.57499981       4.26200698E-12
   4.57600021       4.26182657E-12
   4.57700014       4.26165180E-12
   4.57800007       4.26136643E-12
   4.57900000       4.26108194E-12
   4.57999992       4.26068425E-12
   4.58099985       4.26028353E-12
   4.58199978       4.25976789E-12
   4.58300018       4.25913688E-12
   4.58400011       4.25903366E-12
   4.58500004       4.25922839E-12
   4.58599997       4.25907877E-12
   4.58699989       4.25900851E-12
   4.58799982       4.25901198E-12
   4.58900023       4.25908354E-12
   4.59000015       4.25901588E-12
   4.59100008       4.25901068E-12
   4.59200001       4.25926221E-12
   4.59299994       4.25936586E-12
   4.59399986       4.25951722E-12
   4.59499979       4.25971237E-12
   4.59600019       4.26013955E-12
   4.59700012       4.26078920E-12
   4.59800005       4.26127406E-12
   4.59899998       4.26159455E-12
   4.59999990       4.26175241E-12
   4.60099983       4.26211670E-12
   4.60200024       4.26231359E-12
   4.60300016       4.26216354E-12
   4.60400009       4.26203127E-12
   4.60500002       4.26226806E-12
   4.60599995       4.26215660E-12
   4.60699987       4.26205252E-12
   4.60799980       4.26195147E-12
   4.60900021       4.26185129E-12
   4.61000013       4.26208764E-12
   4.61100006       4.26214359E-12
   4.61199999       4.26235479E-12
   4.61299992       4.26271345E-12
   4.61399984       4.26304825E-12
   4.61499977       4.26303177E-12
   4.61600018       4.26331453E-12
   4.61700010       4.26356563E-12
   4.61800003       4.26394120E-12
   4.61899996       4.26443429E-12
   4.61999989       4.26503884E-12
   4.62099981       4.26544000E-12
   4.62200022       4.26594567E-12
   4.62300014       4.26654892E-12
   4.62400007       4.26694487E-12
   4.62500000       4.26758065E-12
   4.62599993       4.26829969E-12
   4.62699986       4.26909636E-12
   4.62799978       4.26982017E-12
   4.62900019       4.27018273E-12
   4.63000011       4.27075909E-12
   4.63100004       4.27111775E-12
   4.63199997       4.27167936E-12
   4.63299990       4.27215902E-12
   4.63399982       4.27269201E-12
   4.63500023       4.27313827E-12
   4.63600016       4.27363093E-12
   4.63700008       4.27416566E-12
   4.63800001       4.27460541E-12
   4.63899994       4.27547407E-12
   4.63999987       4.27649669E-12
   4.64099979       4.27740785E-12
   4.64200020       4.27846257E-12
   4.64300013       4.27990629E-12
   4.64400005       4.28097271E-12
   4.64499998       4.28204130E-12
   4.64599991       4.28298542E-12
   4.64699984       4.28404838E-12
   4.64799976       4.28486109E-12
   4.64900017       4.28578614E-12
   4.65000010       4.28669817E-12
   4.65100002       4.28759415E-12
   4.65199995       4.28870394E-12
   4.65299988       4.28967148E-12
   4.65399981       4.29061170E-12
   4.65500021       4.29174925E-12
   4.65600014       4.29273674E-12
   4.65700006       4.29390985E-12
   4.65799999       4.29525989E-12
   4.65899992       4.29655964E-12
   4.65999985       4.29769761E-12
   4.66099977       4.29910491E-12
   4.66200018       4.30013143E-12
   4.66300011       4.30099446E-12
   4.66400003       4.30169572E-12
   4.66499996       4.30244252E-12
   4.66599989       4.30323051E-12
   4.66699982       4.30385111E-12
   4.66800022       4.30450771E-12
   4.66900015       4.30519509E-12
   4.67000008       4.30610755E-12
   4.67100000       4.30703910E-12
   4.67199993       4.30798496E-12
   4.67299986       4.30894209E-12
   4.67399979       4.30971448E-12
   4.67500019       4.31049380E-12
   4.67600012       4.31089973E-12
   4.67700005       4.31168382E-12
   4.67799997       4.31227927E-12
   4.67899990       4.31286951E-12
   4.67999983       4.31345194E-12
   4.68100023       4.31366401E-12
   4.68200016       4.31422346E-12
   4.68300009       4.31476513E-12
   4.68400002       4.31528598E-12
   4.68499994       4.31578254E-12
   4.68599987       4.31625265E-12
   4.68699980       4.31703284E-12
   4.68800020       4.31777487E-12
   4.68900013       4.31880920E-12
   4.69000006       4.31962886E-12
   4.69099998       4.32056344E-12
   4.69199991       4.32176820E-12
   4.69299984       4.32323318E-12
   4.69399977       4.32462746E-12
   4.69500017       4.32595019E-12
   4.69600010       4.32704176E-12
   4.69700003       4.32837099E-12
   4.69799995       4.32992748E-12
   4.69899988       4.33139679E-12
   4.69999981       4.33247492E-12
   4.70100021       4.33361767E-12
   4.70200014       4.33496815E-12
   4.70300007       4.33636980E-12
   4.70400000       4.33752643E-12
   4.70499992       4.33844020E-12
   4.70599985       4.33925769E-12
   4.70699978       4.34011898E-12
   4.70800018       4.34130076E-12
   4.70900011       4.34237238E-12
   4.71000004       4.34305716E-12
   4.71099997       4.34349908E-12
   4.71199989       4.34424285E-12
   4.71299982       4.34487342E-12
   4.71400023       4.34539037E-12
   4.71500015       4.34605693E-12
   4.71600008       4.34660424E-12
   4.71700001       4.34741956E-12
   4.71799994       4.34810781E-12
   4.71899986       4.34854193E-12
   4.71999979       4.34897604E-12
   4.72100019       4.34965649E-12
   4.72200012       4.35032566E-12
   4.72300005       4.35098008E-12
   4.72399998       4.35161672E-12
   4.72499990       4.35235225E-12
   4.72599983       4.35318058E-12
   4.72700024       4.35385885E-12
   4.72800016       4.35438794E-12
   4.72900009       4.35488407E-12
   4.73000002       4.35545914E-12
   4.73099995       4.35587937E-12
   4.73199987       4.35603333E-12
   4.73299980       4.35637073E-12
   4.73400021       4.35655158E-12
   4.73500013       4.35646614E-12
   4.73600006       4.35644489E-12
   4.73699999       4.35626622E-12
   4.73799992       4.35614522E-12
   4.73899984       4.35607626E-12
   4.73999977       4.35584511E-12
   4.74100018       4.35565993E-12
   4.74200010       4.35551638E-12
   4.74300003       4.35520587E-12
   4.74399996       4.35513301E-12
   4.74499989       4.35508747E-12
   4.74599981       4.35506579E-12
   4.74700022       4.35506319E-12
   4.74800014       4.35468632E-12
   4.74900007       4.35432766E-12
   4.75000000       4.35360081E-12
   4.75099993       4.35289131E-12
   4.75199986       4.35219525E-12
   4.75299978       4.35132269E-12
   4.75400019       4.35101217E-12
   4.75500011       4.35087990E-12
   4.75600004       4.35073678E-12
   4.75699997       4.35057849E-12
   4.75799990       4.35004810E-12
   4.75899982       4.34967904E-12
   4.76000023       4.34894091E-12
   4.76100016       4.34835848E-12
   4.76200008       4.34775306E-12
   4.76300001       4.34712119E-12
   4.76399994       4.34662896E-12
   4.76499987       4.34643467E-12
   4.76599979       4.34636268E-12
   4.76700020       4.34591469E-12
   4.76800013       4.34574599E-12
   4.76900005       4.34552394E-12
   4.76999998       4.34524682E-12
   4.77099991       4.34506988E-12
   4.77199984       4.34498661E-12
   4.77299976       4.34499095E-12
   4.77400017       4.34507725E-12
   4.77500010       4.34523901E-12
   4.77600002       4.34532054E-12
   4.77699995       4.34531968E-12
   4.77799988       4.34494107E-12
   4.77899981       4.34448267E-12
   4.78000021       4.34408889E-12
   4.78100014       4.34375452E-12
   4.78200006       4.34347350E-12
   4.78299999       4.34310010E-12
   4.78399992       4.34291318E-12
   4.78499985       4.34262652E-12
   4.78599977       4.34224011E-12
   4.78700018       4.34202414E-12
   4.78800011       4.34183548E-12
   4.78900003       4.34127040E-12
   4.78999996       4.34073220E-12
   4.79099989       4.34047720E-12
   4.79199982       4.33997673E-12
   4.79300022       4.33923297E-12
   4.79400015       4.33850438E-12
   4.79500008       4.33778621E-12
   4.79600000       4.33732520E-12
   4.79699993       4.33698693E-12
   4.79799986       4.33627353E-12
   4.79899979       4.33579908E-12
   4.80000019       4.33519323E-12
   4.80100012       4.33433628E-12
   4.80200005       4.33370397E-12
   4.80299997       4.33293592E-12
   4.80399990       4.33214836E-12
   4.80499983       4.33133781E-12
   4.80600023       4.33038804E-12
   4.80700016       4.32952459E-12
   4.80800009       4.32885368E-12
   4.80900002       4.32847638E-12
   4.80999994       4.32816239E-12
   4.81099987       4.32790652E-12
   4.81199980       4.32770269E-12
   4.81300020       4.32733320E-12
   4.81400013       4.32679934E-12
   4.81500006       4.32651961E-12
   4.81599998       4.32606945E-12
   4.81699991       4.32565485E-12
   4.81799984       4.32547531E-12
   4.81899977       4.32531832E-12
   4.82000017       4.32517997E-12
   4.82100010       4.32525370E-12
   4.82200003       4.32533436E-12
   4.82299995       4.32502905E-12
   4.82399988       4.32473024E-12
   4.82499981       4.32424279E-12
   4.82600021       4.32432345E-12
   4.82700014       4.32420549E-12
   4.82800007       4.32388977E-12
   4.82900000       4.32356191E-12
   4.82999992       4.32358229E-12
   4.83099985       4.32375750E-12
   4.83199978       4.32390061E-12
   4.83300018       4.32383252E-12
   4.83400011       4.32355497E-12
   4.83500004       4.32359010E-12
   4.83599997       4.32375446E-12
   4.83699989       4.32369982E-12
   4.83799982       4.32342833E-12
   4.83900023       4.32310958E-12
   4.84000015       4.32274095E-12
   4.84100008       4.32264814E-12
   4.84200001       4.32249505E-12
   4.84299994       4.32244041E-12
   4.84399986       4.32215895E-12
   4.84499979       4.32196856E-12
   4.84600019       4.32202061E-12
   4.84700012       4.32168364E-12
   4.84800005       4.32157912E-12
   4.84899998       4.32124041E-12
   4.84999990       4.32082148E-12
   4.85099983       4.32046933E-12
   4.85200024       4.32047497E-12
   4.85300016       4.32038476E-12
   4.85400009       4.32063283E-12
   4.85500002       4.32063109E-12
   4.85599995       4.32080934E-12
   4.85699987       4.32101837E-12
   4.85799980       4.32125342E-12
   4.85900021       4.32150930E-12
   4.86000013       4.32150800E-12
   4.86100006       4.32138787E-12
   4.86199999       4.32141822E-12
   4.86299992       4.32145769E-12
   4.86399984       4.32123738E-12
   4.86499977       4.32089260E-12
   4.86600018       4.32081107E-12
   4.86700010       4.32046846E-12
   4.86800003       4.31999532E-12
   4.86899996       4.31951783E-12
   4.86999989       4.31903211E-12
   4.87099981       4.31890548E-12
   4.87200022       4.31851213E-12
   4.87300014       4.31821896E-12
   4.87400007       4.31814046E-12
   4.87500000       4.31802814E-12
   4.87599993       4.31787939E-12
   4.87699986       4.31780783E-12
   4.87799978       4.31769247E-12
   4.87900019       4.31752984E-12
   4.88000011       4.31709139E-12
   4.88100004       4.31682988E-12
   4.88199997       4.31629168E-12
   4.88299990       4.31559085E-12
   4.88399982       4.31440083E-12
   4.88500023       4.31348924E-12
   4.88600016       4.31241588E-12
   4.88700008       4.31160576E-12
   4.88800001       4.31083858E-12
   4.88899994       4.31031686E-12
   4.88999987       4.30961777E-12
   4.89099979       4.30874217E-12
   4.89200020       4.30809685E-12
   4.89300013       4.30706946E-12
   4.89400005       4.30586599E-12
   4.89499998       4.30488154E-12
   4.89599991       4.30410612E-12
   4.89699984       4.30353019E-12
   4.89799976       4.30295339E-12
   4.89900017       4.30237139E-12
   4.90000010       4.30178115E-12
   4.90100002       4.30117920E-12
   4.90199995       4.30093027E-12
   4.90299988       4.30047317E-12
   4.90399981       4.29981007E-12
   4.90500021       4.29948004E-12
   4.90600014       4.29893794E-12
   4.90700006       4.29871286E-12
   4.90799999       4.29844441E-12
   4.90899992       4.29847390E-12
   4.90999985       4.29844788E-12
   4.91099977       4.29819548E-12
   4.91200018       4.29788627E-12
   4.91300011       4.29768374E-12
   4.91400003       4.29725266E-12
   4.91499996       4.29659563E-12
   4.91599989       4.29587615E-12
   4.91699982       4.29525252E-12
   4.91800022       4.29440164E-12
   4.91900015       4.29363923E-12
   4.92000008       4.29295922E-12
   4.92100000       4.29235597E-12
   4.92199993       4.29167032E-12
   4.92299986       4.29090184E-12
   4.92399979       4.29034759E-12
   4.92500019       4.28955352E-12
   4.92600012       4.28852310E-12
   4.92700005       4.28754948E-12
   4.92799997       4.28619640E-12
   4.92899990       4.28461303E-12
   4.92999983       4.28308430E-12
   4.93100023       4.28132616E-12
   4.93200016       4.27989458E-12
   4.93300009       4.27836586E-12
   4.93400002       4.27673955E-12
   4.93499994       4.27528282E-12
   4.93599987       4.27372200E-12
   4.93699980       4.27245132E-12
   4.93800020       4.27119841E-12
   4.93900013       4.27008776E-12
   4.94000006       4.26936828E-12
   4.94099998       4.26864403E-12
   4.94199991       4.26778664E-12
   4.94299984       4.26704418E-12
   4.94399977       4.26628698E-12
   4.94500017       4.26551112E-12
   4.94600010       4.26483501E-12
   4.94700003       4.26413158E-12
   4.94799995       4.26339779E-12
   4.94899988       4.26286654E-12
   4.94999981       4.26229451E-12
   4.95100021       4.26144883E-12
   4.95200014       4.26056239E-12
   4.95300007       4.25997128E-12
   4.95400000       4.25943872E-12
   4.95499992       4.25896037E-12
   4.95599985       4.25831028E-12
   4.95699978       4.25792518E-12
   4.95800018       4.25757780E-12
   4.95900011       4.25747632E-12
   4.96000004       4.25718792E-12
   4.96099997       4.25692251E-12
   4.96199989       4.25667574E-12
   4.96299982       4.25603303E-12
   4.96400023       4.25500130E-12
   4.96500015       4.25399082E-12
   4.96600008       4.25279777E-12
   4.96700001       4.25162119E-12
   4.96799994       4.25006601E-12
   4.96899986       4.24833259E-12
   4.96999979       4.24661478E-12
   4.97100019       4.24471873E-12
   4.97200012       4.24283352E-12
   4.97300005       4.24132864E-12
   4.97399998       4.24000505E-12
   4.97499990       4.23848760E-12
   4.97599983       4.23696018E-12
   4.97700024       4.23541931E-12
   4.97800016       4.23403890E-12
   4.97900009       4.23281115E-12
   4.98000002       4.23155348E-12
   4.98099995       4.23026328E-12
   4.98199987       4.22876708E-12
   4.98299980       4.22757445E-12
   4.98400021       4.22633760E-12
   4.98500013       4.22488910E-12
   4.98600006       4.22388817E-12
   4.98699999       4.22266735E-12
   4.98799992       4.22155149E-12
   4.98899984       4.22021446E-12
   4.98999977       4.21913329E-12
   4.99100018       4.21814059E-12
   4.99200010       4.21707461E-12
   4.99300003       4.21608755E-12
   4.99399996       4.21517335E-12
   4.99499989       4.21432637E-12
   4.99599981       4.21339092E-12
   4.99700022       4.21266190E-12
   4.99800014       4.21183661E-12
   4.99900007       4.21091417E-12
   5.00000000       4.20989372E-12
   5.00099993       4.20877395E-12
   5.00199986       4.20769452E-12
   5.00299978       4.20665109E-12
   5.00400019       4.20591470E-12
   5.00500011       4.20492590E-12
   5.00600004       4.20436429E-12
   5.00699997       4.20341062E-12
   5.00799990       4.20260224E-12
   5.00899982       4.20180037E-12
   5.01000023       4.20139097E-12
   5.01100016       4.20084367E-12
   5.01200008       4.20054096E-12
   5.01300001       4.20009296E-12
   5.01399994       4.19949969E-12
   5.01499987       4.19900963E-12
   5.01599979       4.19836995E-12
   5.01700020       4.19758152E-12
   5.01800013       4.19688503E-12
   5.01900005       4.19627440E-12
   5.01999998       4.19550679E-12
   5.02099991       4.19505012E-12
   5.02199984       4.19466068E-12
   5.02299976       4.19421746E-12
   5.02400017       4.19371829E-12
   5.02500010       4.19316058E-12
   5.02600002       4.19265360E-12
   5.02699995       4.19208158E-12
   5.02799988       4.19122376E-12
   5.02899981       4.19084212E-12
   5.03000021       4.19006149E-12
   5.03100014       4.18952633E-12
   5.03200006       4.18880512E-12
   5.03299999       4.18790003E-12
   5.03399992       4.18701749E-12
   5.03499985       4.18635786E-12
   5.03599977       4.18550611E-12
   5.03700018       4.18466390E-12
   5.03800011       4.18382776E-12
   5.03900003       4.18299293E-12
   5.03999996       4.18235021E-12
   5.04099989       4.18169709E-12
   5.04199982       4.18160125E-12
   5.04300022       4.18147721E-12
   5.04400015       4.18132152E-12
   5.04500008       4.18113114E-12
   5.04600000       4.18090302E-12
   5.04699993       4.18063370E-12
   5.04799986       4.18050013E-12
   5.04899979       4.18049449E-12
   5.05000019       4.18025640E-12
   5.05100012       4.18013757E-12
   5.05200005       4.18030237E-12
   5.05299997       4.18022648E-12
   5.05399990       4.17974292E-12
   5.05499983       4.17919518E-12
   5.05600023       4.17841456E-12
   5.05700016       4.17773281E-12
   5.05800009       4.17681818E-12
   5.05900002       4.17583372E-12
   5.05999994       4.17477814E-12
   5.06099987       4.17364971E-12
   5.06199980       4.17244624E-12
   5.06300020       4.17132084E-12
   5.06400013       4.17042139E-12
   5.06500006       4.16973704E-12
   5.06599998       4.16910690E-12
   5.06699991       4.16867452E-12
   5.06799984       4.16813545E-12
   5.06899977       4.16763455E-12
   5.07000017       4.16716661E-12
   5.07100010       4.16672686E-12
   5.07200003       4.16645147E-12
   5.07299995       4.16591154E-12
   5.07399988       4.16524887E-12
   5.07499981       4.16432600E-12
   5.07600021       4.16369109E-12
   5.07700014       4.16292738E-12
   5.07800007       4.16216801E-12
   5.07900000       4.16140906E-12
   5.07999992       4.16064622E-12
   5.08099985       4.15987557E-12
   5.08199978       4.15883734E-12
   5.08300018       4.15766163E-12
   5.08400011       4.15647508E-12
   5.08500004       4.15539825E-12
   5.08599997       4.15417787E-12
   5.08699989       4.15281351E-12
   5.08799982       4.15154846E-12
   5.08900023       4.15025523E-12
   5.09000015       4.14916842E-12
   5.09100008       4.14804302E-12
   5.09200001       4.14687642E-12
   5.09299994       4.14578137E-12
   5.09399986       4.14486501E-12
   5.09499979       4.14389356E-12
   5.09600019       4.14308735E-12
   5.09700012       4.14221608E-12
   5.09800005       4.14138819E-12
   5.09899998       4.14059759E-12
   5.09999990       4.14026886E-12
   5.10099983       4.13953377E-12
   5.10200024       4.13882166E-12
   5.10300016       4.13833551E-12
   5.10400009       4.13785889E-12
   5.10500002       4.13779601E-12
   5.10599995       4.13732069E-12
   5.10699987       4.13664198E-12
   5.10799980       4.13615800E-12
   5.10900021       4.13585919E-12
   5.11000013       4.13554087E-12
   5.11100006       4.13520043E-12
   5.11199999       4.13502392E-12
   5.11299992       4.13481445E-12
   5.11399984       4.13438121E-12
   5.11499977       4.13428233E-12
   5.11600018       4.13413704E-12
   5.11700010       4.13376104E-12
   5.11800003       4.13333690E-12
   5.11899996       4.13303896E-12
   5.11999989       4.13250814E-12
   5.12099981       4.13209484E-12
   5.12200022       4.13161953E-12
   5.12300014       4.13108003E-12
   5.12400007       4.13047331E-12
   5.12500000       4.12963023E-12
   5.12599993       4.12905127E-12
   5.12699986       4.12856034E-12
   5.12799978       4.12815051E-12
   5.12900019       4.12781484E-12
   5.13000011       4.12722894E-12
   5.13100004       4.12671156E-12
   5.13199997       4.12625576E-12
   5.13299990       4.12616556E-12
   5.13399982       4.12596606E-12
   5.13500023       4.12580820E-12
   5.13600016       4.12583639E-12
   5.13700008       4.12574358E-12
   5.13800001       4.12567636E-12
   5.13899994       4.12548424E-12
   5.13999987       4.12516635E-12
   5.14099979       4.12472227E-12
   5.14200020       4.12386878E-12
   5.14300013       4.12317359E-12
   5.14400005       4.12207421E-12
   5.14499998       4.12071549E-12
   5.14599991       4.11964386E-12
   5.14699984       4.11857831E-12
   5.14799976       4.11778077E-12
   5.14900017       4.11723867E-12
   5.15000010       4.11694073E-12
   5.15100002       4.11661720E-12
   5.15199995       4.11600875E-12
   5.15299988       4.11549961E-12
   5.15399981       4.11470727E-12
   5.15500021       4.11413091E-12
   5.15600014       4.11351508E-12
   5.15700006       4.11334291E-12
   5.15799999       4.11287454E-12
   5.15899992       4.11271104E-12
   5.15999985       4.11224874E-12
   5.16099977       4.11184238E-12
   5.16200018       4.11137097E-12
   5.16300011       4.11117538E-12
   5.16400003       4.11090302E-12
   5.16499996       4.11066407E-12
   5.16599989       4.10989862E-12
   5.16699982       4.10938688E-12
   5.16800022       4.10868214E-12
   5.16900015       4.10800127E-12
   5.17000008       4.10733990E-12
   5.17100000       4.10648121E-12
   5.17199993       4.10542824E-12
   5.17299986       4.10459514E-12
   5.17399979       4.10376724E-12
   5.17500019       4.10293978E-12
   5.17600012       4.10231007E-12
   5.17700005       4.10206591E-12
   5.17799997       4.10160144E-12
   5.17899990       4.10111398E-12
   5.17999983       4.10079306E-12
   5.18100023       4.10043787E-12
   5.18200016       4.09966765E-12
   5.18300009       4.09867756E-12
   5.18400002       4.09765537E-12
   5.18499994       4.09678064E-12
   5.18599987       4.09586427E-12
   5.18699980       4.09544187E-12
   5.18800020       4.09496048E-12
   5.18900013       4.09459402E-12
   5.19000006       4.09433511E-12
   5.19099998       4.09383031E-12
   5.19199991       4.09342525E-12
   5.19299984       4.09277343E-12
   5.19399977       4.09221398E-12
   5.19500017       4.09190433E-12
   5.19600010       4.09150535E-12
   5.19700003       4.09085309E-12
   5.19799995       4.09027196E-12
   5.19899988       4.08959672E-12
   5.19999981       4.08898306E-12
   5.20100021       4.08811396E-12
   5.20200014       4.08730038E-12
   5.20300007       4.08638488E-12
   5.20400000       4.08551665E-12
   5.20499992       4.08469049E-12
   5.20599985       4.08404907E-12
   5.20699978       4.08328926E-12
   5.20800018       4.08299089E-12
   5.20900011       4.08256111E-12
   5.21000004       4.08228442E-12
   5.21099997       4.08172888E-12
   5.21199989       4.08145609E-12
   5.21299982       4.08090142E-12
   5.21400023       4.08075180E-12
   5.21500015       4.08058570E-12
   5.21600008       4.08013076E-12
   5.21700001       4.07992173E-12
   5.21799994       4.07955267E-12
   5.21899986       4.07941432E-12
   5.21999979       4.07936662E-12
   5.22100019       4.07940218E-12
   5.22200012       4.07913590E-12
   5.22300005       4.07857342E-12
   5.22399998       4.07833533E-12
   5.22499990       4.07828545E-12
   5.22599983       4.07817226E-12
   5.22700024       4.07787346E-12
   5.22800016       4.07762669E-12
   5.22900009       4.07777848E-12
   5.23000002       4.07796323E-12
   5.23099995       4.07817573E-12
   5.23199987       4.07829716E-12
   5.23299980       4.07821259E-12
   5.23400021       4.07848148E-12
   5.23500013       4.07886745E-12
   5.23600006       4.07958086E-12
   5.23699999       4.07985061E-12
   5.23799992       4.08032766E-12
   5.23899984       4.08100029E-12
   5.23999977       4.08185855E-12
   5.24100018       4.08247654E-12
   5.24200010       4.08285688E-12
   5.24300003       4.08320600E-12
   5.24399996       4.08372077E-12
   5.24499989       4.08419219E-12
   5.24599981       4.08461719E-12
   5.24700022       4.08499276E-12
   5.24800014       4.08512200E-12
   5.24900007       4.08539001E-12
   5.25000000       4.08597808E-12
   5.25099993       4.08649633E-12
   5.25199986       4.08731295E-12
   5.25299978       4.08786416E-12
   5.25400019       4.08869726E-12
   5.25500011       4.08962014E-12
   5.25600004       4.09062454E-12
   5.25699997       4.09152660E-12
   5.25799990       4.09267412E-12
   5.25899982       4.09370931E-12
   5.26000023       4.09480089E-12
   5.26100016       4.09594277E-12
   5.26200008       4.09712802E-12
   5.26300001       4.09818533E-12
   5.26399994       4.09927691E-12
   5.26499987       4.10023491E-12
   5.26599979       4.10121893E-12
   5.26700020       4.10190501E-12
   5.26800013       4.10245535E-12
   5.26900005       4.10286865E-12
   5.26999998       4.10329886E-12
   5.27099991       4.10358813E-12
   5.27199984       4.10373515E-12
   5.27299976       4.10389040E-12
   5.27400017       4.10404783E-12
   5.27500010       4.10420265E-12
   5.27600002       4.10406127E-12
   5.27699995       4.10405781E-12
   5.27799988       4.10432539E-12
   5.27899981       4.10428896E-12
   5.28000021       4.10423128E-12
   5.28100014       4.10456131E-12
   5.28200006       4.10471787E-12
   5.28299999       4.10483583E-12
   5.28399992       4.10477815E-12
   5.28499985       4.10494208E-12
   5.28599977       4.10492430E-12
   5.28700018       4.10485404E-12
   5.28800011       4.10485708E-12
   5.28900003       4.10479983E-12
   5.28999996       4.10480417E-12
   5.29099989       4.10486445E-12
   5.29199982       4.10521920E-12
   5.29300022       4.10561168E-12
   5.29400015       4.10591569E-12
   5.29500008       4.10612863E-12
   5.29600000       4.10624919E-12
   5.29699993       4.10604146E-12
   5.29799986       4.10574266E-12
   5.29899979       4.10557829E-12
   5.30000019       4.10554056E-12
   5.30100012       4.10573225E-12
   5.30200005       4.10580944E-12
   5.30299997       4.10631945E-12
   5.30399990       4.10659267E-12
   5.30499983       4.10706061E-12
   5.30600023       4.10728829E-12
   5.30700016       4.10727745E-12
   5.30800009       4.10682252E-12
   5.30900002       4.10675704E-12
   5.30999994       4.10686068E-12
   5.31099987       4.10712263E-12
   5.31199980       4.10713477E-12
   5.31300020       4.10709661E-12
   5.31400013       4.10720112E-12
   5.31500006       4.10724579E-12
   5.31599998       4.10722715E-12
   5.31699991       4.10714258E-12
   5.31799984       4.10680127E-12
   5.31899977       4.10657879E-12
   5.32000017       4.10609827E-12
   5.32100010       4.10554533E-12
   5.32200003       4.10473738E-12
   5.32299995       4.10403439E-12
   5.32399988       4.10325203E-12
   5.32499981       4.10273768E-12
   5.32600021       4.10230487E-12
   5.32700014       4.10211838E-12
   5.32800007       4.10199652E-12
   5.32900000       4.10159710E-12
   5.32999992       4.10125536E-12
   5.33099985       4.10063780E-12
   5.33199978       4.10023447E-12
   5.33300018       4.10019458E-12
   5.33400011       4.10002587E-12
   5.33500004       4.09972750E-12
   5.33599997       4.09945385E-12
   5.33699989       4.09904576E-12
   5.33799982       4.09834970E-12
   5.33900023       4.09767272E-12
   5.34000015       4.09715838E-12
   5.34100008       4.09650135E-12
   5.34200001       4.09584736E-12
   5.34299994       4.09504809E-12
   5.34399986       4.09467512E-12
   5.34499979       4.09414473E-12
   5.34600019       4.09387715E-12
   5.34700012       4.09372102E-12
   5.34800005       4.09325568E-12
   5.34899998       4.09316634E-12
   5.34999990       4.09316721E-12
   5.35099983       4.09298420E-12
   5.35200024       4.09275001E-12
   5.35300016       4.09246118E-12
   5.35400009       4.09185706E-12
   5.35500002       4.09145374E-12
   5.35599995       4.09086046E-12
   5.35699987       4.09045367E-12
   5.35799980       4.09022339E-12
   5.35900021       4.08966914E-12
   5.36000013       4.08940243E-12
   5.36100006       4.08904941E-12
   5.36199999       4.08884602E-12
   5.36299992       4.08878226E-12
   5.36399984       4.08838415E-12
   5.36499977       4.08777222E-12
   5.36600018       4.08706272E-12
   5.36700010       4.08647855E-12
   5.36800003       4.08601191E-12
   5.36899996       4.08554354E-12
   5.36999989       4.08463237E-12
   5.37099981       4.08371947E-12
   5.37200022       4.08301431E-12
   5.37300014       4.08229396E-12
   5.37400007       4.08176357E-12
   5.37500000       4.08120586E-12
   5.37599993       4.08061605E-12
   5.37699986       4.07978859E-12
   5.37799978       4.07912723E-12
   5.37900019       4.07842336E-12
   5.38000011       4.07767396E-12
   5.38100004       4.07668083E-12
   5.38199997       4.07583212E-12
   5.38299990       4.07492833E-12
   5.38399982       4.07377821E-12
   5.38500023       4.07294424E-12
   5.38600016       4.07241168E-12
   5.38700008       4.07180106E-12
   5.38800001       4.07147233E-12
   5.38899994       4.07123250E-12
   5.38999987       4.07125115E-12
   5.39099979       4.07133962E-12
   5.39200020       4.07114490E-12
   5.39300013       4.07101393E-12
   5.39400005       4.07076976E-12
   5.39499998       4.07041111E-12
   5.39599991       4.07043496E-12
   5.39699984       4.07016738E-12
   5.39799976       4.06961227E-12
   5.39900017       4.06909575E-12
   5.40000010       4.06861220E-12
   5.40100002       4.06799724E-12
   5.40199995       4.06756313E-12
   5.40299988       4.06729901E-12
   5.40399981       4.06673653E-12
   5.40500021       4.06633321E-12
   5.40600014       4.06593075E-12
   5.40700006       4.06567098E-12
   5.40799999       4.06539906E-12
   5.40899992       4.06525508E-12
   5.40999985       4.06537347E-12
   5.41099977       4.06559899E-12
   5.41200018       4.06578287E-12
   5.41300011       4.06606086E-12
   5.41400003       4.06642428E-12
   5.41499996       4.06659342E-12
   5.41599989       4.06683888E-12
   5.41699982       4.06715286E-12
   5.41800022       4.06765984E-12
   5.41900015       4.06795778E-12
   5.42000008       4.06843483E-12
   5.42100000       4.06895264E-12
   5.42199993       4.06925188E-12
   5.42299986       4.06970985E-12
   5.42399979       4.07019210E-12
   5.42500019       4.07069300E-12
   5.42600012       4.07120648E-12
   5.42700005       4.07148794E-12
   5.42799997       4.07165794E-12
   5.42899990       4.07171475E-12
   5.42999983       4.07165664E-12
   5.43100023       4.07148230E-12
   5.43200016       4.07141725E-12
   5.43300009       4.07145368E-12
   5.43400002       4.07147189E-12
   5.43499994       4.07157684E-12
   5.43599987       4.07143503E-12
   5.43699980       4.07126416E-12
   5.43800020       4.07084696E-12
   5.43900013       4.07018646E-12
   5.44000006       4.06949387E-12
   5.44099998       4.06897216E-12
   5.44199991       4.06799811E-12
   5.44299984       4.06718713E-12
   5.44399977       4.06652967E-12
   5.44500017       4.06562024E-12
   5.44600010       4.06504908E-12
   5.44700003       4.06421988E-12
   5.44799995       4.06332737E-12
   5.44899988       4.06255888E-12
   5.44999981       4.06227959E-12
   5.45100021       4.06172795E-12
   5.45200014       4.06109087E-12
   5.45300007       4.06054790E-12
   5.45400000       4.06027078E-12
   5.45499992       4.05971307E-12
   5.45599985       4.05922995E-12
   5.45699978       4.05881405E-12
   5.45800018       4.05863147E-12
   5.45900011       4.05866877E-12
   5.46000004       4.05857683E-12
   5.46099997       4.05868915E-12
   5.46199989       4.05849833E-12
   5.46299982       4.05866183E-12
   5.46400023       4.05867961E-12
   5.46500015       4.05870953E-12
   5.46600008       4.05906385E-12
   5.46700001       4.05925640E-12
   5.46799994       4.05959771E-12
   5.46899986       4.05992384E-12
   5.46999979       4.06007910E-12
   5.47100019       4.06021354E-12
   5.47200012       4.06032239E-12
   5.47300005       4.06040175E-12
   5.47399998       4.06059171E-12
   5.47499990       4.06074046E-12
   5.47599983       4.06084411E-12
   5.47700024       4.06132029E-12
   5.47800016       4.06173532E-12
   5.47900009       4.06249773E-12
   5.48000002       4.06345530E-12
   5.48099995       4.06419299E-12
   5.48199987       4.06484481E-12
   5.48299980       4.06567184E-12
   5.48400021       4.06601098E-12
   5.48500013       4.06638872E-12
   5.48600006       4.06692605E-12
   5.48699999       4.06736016E-12
   5.48799992       4.06793826E-12
   5.48899984       4.06840360E-12
   5.48999977       4.06912134E-12
   5.49100018       4.06983561E-12
   5.49200010       4.07030182E-12
   5.49300003       4.07064139E-12
   5.49399996       4.07096969E-12
   5.49499989       4.07139773E-12
   5.49599981       4.07203134E-12
   5.49700022       4.07263199E-12
   5.49800014       4.07297113E-12
   5.49900007       4.07349501E-12
   5.50000000       4.07408352E-12
