       -5.500000000000000000000000000000    0.000000000000000000000000000000E+00
       -5.499000000000000000000000000000    1.000000000000000000000000000000E-07
       -5.498000000000000000000000000000    2.000117496016000000000000000000E-07
       -5.497000000000000000000000000000    3.000469909904146301088576000000E-07
       -5.496000000000000000000000000000    4.001174603155504702419935570801E-07
       -5.495000000000000000000000000000    5.002348890663105306720740425162E-07
       -5.494000000000000000000000000000    6.004110054462896746791616920957E-07
       -5.493000000000000000000000000000    7.006575357450240948216097912790E-07
       -5.492000000000000000000000000000    8.009862057073573047794681856956E-07
       -5.491000000000000000000000000000    9.014087419006844791743428431786E-07
       -5.490000000000000000000000000000    1.001936873080236364112119691549E-06
       -5.489000000000000000000000000000    1.102582331552563391298968469366E-06
       -5.488000000000000000000000000000    1.203356854537380058320425652624E-06
       -5.487000000000000000000000000000    1.304272185527929086924535944954E-06
       -5.486000000000000000000000000000    1.405340075650024339791982030552E-06
       -5.485000000000000000000000000000    1.506572285019930964190355859670E-06
       -5.484000000000000000000000000000    1.607980584101240737980233564912E-06
       -5.483000000000000000000000000000    1.709576755060900119554008221828E-06
       -5.482000000000000000000000000000    1.811372593124548048333472385415E-06
       -5.481000000000000000000000000000    1.913379907931320106320330767028E-06
       -5.480000000000000000000000000000    2.015610524888275233778989326637E-06
       -5.479000000000000000000000000000    2.118076286524600793329338055526E-06
       -5.478000000000000000000000000000    2.220789053845751396437428814387E-06
       -5.477000000000000000000000000000    2.323760707687676544414915032062E-06
       -5.476000000000000000000000000000    2.427003150071291792477175589288E-06
       -5.475000000000000000000000000000    2.530528305557347820070820539027E-06
       -5.474000000000000000000000000000    2.634348122601851483471703040582E-06
       -5.473000000000000000000000000000    2.738474574912192637484854640288E-06
       -5.472000000000000000000000000000    2.842919662804130241860398988953E-06
       -5.471000000000000000000000000000    2.947695414559791014689207770522E-06
       -5.470000000000000000000000000000    3.052813887786833659475796031025E-06
       -5.469000000000000000000000000000    3.158287170778931474722877155567E-06
       -5.468000000000000000000000000000    3.264127383877725954623469005551E-06
       -5.467000000000000000000000000000    3.370346680836403806765997446577E-06
       -5.466000000000000000000000000000    3.476957250185049647541176941200E-06
       -5.465000000000000000000000000000    3.583971316597926488124398977112E-06
       -5.464000000000000000000000000000    3.691401142262835993423894357743E-06
       -5.463000000000000000000000000000    3.799259028252710383165133099457E-06
       -5.462000000000000000000000000000    3.907557315899587748259960451240E-06
       -5.461000000000000000000000000000    4.016308388171122476721095048535E-06
       -5.460000000000000000000000000000    4.125524671049782421567157240957E-06
       -5.459000000000000000000000000000    4.235218634914884398360725481463E-06
       -5.458000000000000000000000000000    4.345402795927619572174446713726E-06
       -5.457000000000000000000000000000    4.456089717419220282832386307880E-06
       -5.456000000000000000000000000000    4.567292011282419863172036772100E-06
       -5.455000000000000000000000000000    4.679022339366357027765150268153E-06
       -5.454000000000000000000000000000    4.791293414875076448973238187975E-06
       -5.453000000000000000000000000000    4.904118003769777193348581203507E-06
       -5.452000000000000000000000000000    5.017508926174960764178261180308E-06
       -5.451000000000000000000000000000    5.131479057788630585363351904609E-06
       -5.450000000000000000000000000000    5.246041331296694867786210047540E-06
       -5.449000000000000000000000000000    5.361208737791724921805932056385E-06
       -5.448000000000000000000000000000    5.476994328196221118497535356225E-06
       -5.447000000000000000000000000000    5.593411214690538857678228221449E-06
       -5.446000000000000000000000000000    5.710472572145627072610081715948E-06
       -5.445000000000000000000000000000    5.828191639560731989500212856480E-06
       -5.444000000000000000000000000000    5.946581721506219064506797337807E-06
       -5.443000000000000000000000000000    6.065656189571666241873271965675E-06
       -5.442000000000000000000000000000    6.185428483819381914027222710410E-06
       -5.441000000000000000000000000000    6.305912114243501217969777388345E-06
       -5.440000000000000000000000000000    6.427120662234814572022747923137E-06
       -5.439000000000000000000000000000    6.549067782051482642973023961652E-06
       -5.438000000000000000000000000000    6.671767202295792235837338428160E-06
       -5.437000000000000000000000000000    6.795232727397107916847831387322E-06
       -5.436000000000000000000000000000    6.919478239101174514813941248031E-06
       -5.435000000000000000000000000000    7.044517697965925996734937923692E-06
       -5.434000000000000000000000000000    7.170365144863956580407534729143E-06
       -5.433000000000000000000000000000    7.297034702491810329783887490543E-06
       -5.432000000000000000000000000000    7.424540576886245877978074706861E-06
       -5.431000000000000000000000000000    7.552897058947633338086759055895E-06
       -5.430000000000000000000000000000    7.682118525970640893376801117688E-06
       -5.429000000000000000000000000000    7.812219443182369005895502062188E-06
       -5.428000000000000000000000000000    7.943214365288090646175985252700E-06
       -5.427000000000000000000000000000    8.075117938024756426440793096885E-06
       -5.426000000000000000000000000000    8.207944899722424015552587828822E-06
       -5.425000000000000000000000000000    8.341710082873771725925116322640E-06
       -5.424000000000000000000000000000    8.476428415711856690695236457521E-06
       -5.423000000000000000000000000000    8.612114923796278593674400502152E-06
       -5.422000000000000000000000000000    8.748784731607910474953825522610E-06
       -5.421000000000000000000000000000    8.886453064152358711541603670937E-06
       -5.420000000000000000000000000000    9.025135248572314865073838116211E-06
       -5.419000000000000000000000000000    9.164846715768962697478819599505E-06
       -5.418000000000000000000000000000    9.305603002032604280498229640131E-06
       -5.417000000000000000000000000000    9.447419750682669766198968958466E-06
       -5.416000000000000000000000000000    9.590312713717276043061712626178E-06
       -5.415000000000000000000000000000    9.734297753472500175927580255985E-06
       -5.414000000000000000000000000000    9.879390844291534218043913649068E-06
       -5.413000000000000000000000000000    1.002560807420388868969724483109E-05
       -5.412000000000000000000000000000    1.017296564661481274048091491827E-05
       -5.411000000000000000000000000000    1.032147988200509975114289685950E-05
       -5.410000000000000000000000000000    1.047116721964144788622423459826E-05
       -5.409000000000000000000000000000    1.062204421929754588035980946888E-05
       -5.408000000000000000000000000000    1.077412756298605512920217019629E-05
       -5.407000000000000000000000000000    1.092743405670165996047881758628E-05
       -5.406000000000000000000000000000    1.108198063217535878173813102033E-05
       -5.405000000000000000000000000000    1.123778434864016963891518070613E-05
       -5.404000000000000000000000000000    1.139486239460842457399371138579E-05
       -5.403000000000000000000000000000    1.155323208966082804079393600368E-05
       -5.402000000000000000000000000000    1.171291088624745552531836744743E-05
       -5.401000000000000000000000000000    1.187391637150086942118226605386E-05
       -5.400000000000000000000000000000    1.203626626906153013148550860119E-05
       -5.399000000000000000000000000000    1.219997844091568130609450290410E-05
       -5.398000000000000000000000000000    1.236507088924588907774348450533E-05
       -5.397000000000000000000000000000    1.253156175829441613168303206610E-05
       -5.396000000000000000000000000000    1.269946933623961243185040838409E-05
       -5.395000000000000000000000000000    1.286881205708550543176344449622E-05
       -5.394000000000000000000000000000    1.303960850256477362060079146167E-05
       -5.393000000000000000000000000000    1.321187740405528829428171009110E-05
       -5.392000000000000000000000000000    1.338563764451040949785497977244E-05
       -5.391000000000000000000000000000    1.356090826040322315920739449731E-05
       -5.390000000000000000000000000000    1.373770844368490752506767180630E-05
       -5.389000000000000000000000000000    1.391605754375741811857300670733E-05
       -5.388000000000000000000000000000    1.409597506946068156334611908653E-05
       -5.387000000000000000000000000000    1.427748069107448976216521452836E-05
       -5.386000000000000000000000000000    1.446059424233528707896413318045E-05
       -5.385000000000000000000000000000    1.464533572246804435114301166987E-05
       -5.384000000000000000000000000000    1.483172529823341475507052588116E-05
       -5.383000000000000000000000000000    1.501978330599036776128829953074E-05
       -5.382000000000000000000000000000    1.520953025377449864735902272760E-05
       -5.381000000000000000000000000000    1.540098682339221228560648079694E-05
       -5.380000000000000000000000000000    1.559417387253098119025388926744E-05
       -5.379000000000000000000000000000    1.578911243688587909375409806558E-05
       -5.378000000000000000000000000000    1.598582373230259262550038929933E-05
       -5.377000000000000000000000000000    1.618432915693711498769036348752E-05
       -5.376000000000000000000000000000    1.638465029343232686296999762371E-05
       -5.375000000000000000000000000000    1.658680891111167114669416982473E-05
       -5.374000000000000000000000000000    1.679082696819012947328918214021E-05
       -5.373000000000000000000000000000    1.699672661400270990137907804965E-05
       -5.372000000000000000000000000000    1.720453019125065653612944924642E-05
       -5.371000000000000000000000000000    1.741426023826559329976016728851E-05
       -5.370000000000000000000000000000    1.762593949129181551247387676575E-05
       -5.369000000000000000000000000000    1.783959088678694441623357511014E-05
       -5.368000000000000000000000000000    1.805523756374116126299522041244E-05
       -5.367000000000000000000000000000    1.827290286601523909725670902120E-05
       -5.366000000000000000000000000000    1.849261034469759189022102495864E-05
       -5.365000000000000000000000000000    1.871438376048056222958878152931E-05
       -5.364000000000000000000000000000    1.893824708605617033509527620188E-05
       -5.363000000000000000000000000000    1.916422450853154875549271684071E-05
       -5.362000000000000000000000000000    1.939234043186428870785423798178E-05
       -5.361000000000000000000000000000    1.962261947931792564494913471687E-05
       -5.360000000000000000000000000000    1.985508649593779328111646482835E-05
       -5.359000000000000000000000000000    2.008976655104747697165651857919E-05
       -5.358000000000000000000000000000    2.032668494076609902537799130611E-05
       -5.357000000000000000000000000000    2.056586719054667023469603228026E-05
       -5.356000000000000000000000000000    2.080733905773574363268735866523E-05
       -5.355000000000000000000000000000    2.105112653415460823188965392425E-05
       -5.354000000000000000000000000000    2.129725584870226226550152232103E-05
       -5.353000000000000000000000000000    2.154575346998040723811602536586E-05
       -5.352000000000000000000000000000    2.179664610894070590032664100863E-05
       -5.351000000000000000000000000000    2.204996072155454908960240489031E-05
       -5.350000000000000000000000000000    2.230572451150557822886374726950E-05
       -5.349000000000000000000000000000    2.256396493290521214432855657811E-05
       -5.348000000000000000000000000000    2.282470969303142875556740887660E-05
       -5.347000000000000000000000000000    2.308798675509105410343753628980E-05
       -5.346000000000000000000000000000    2.335382434100581311578851387803E-05
       -5.345000000000000000000000000000    2.362225093422239846668208909248E-05
       -5.344000000000000000000000000000    2.389329528254681586247905168854E-05
       -5.343000000000000000000000000000    2.416698640100326608765426679310E-05
       -5.342000000000000000000000000000    2.444335357471782616474542971332E-05
       -5.341000000000000000000000000000    2.472242636182719402656195258483E-05
       -5.340000000000000000000000000000    2.500423459641276316481961604077E-05
       -5.339000000000000000000000000000    2.528880839146029580786792804545E-05
       -5.338000000000000000000000000000    2.557617814184546529128600663672E-05
       -5.337000000000000000000000000000    2.586637452734554041898649599528E-05
       -5.336000000000000000000000000000    2.615942851567748676923456849166E-05
       -5.335000000000000000000000000000    2.645537136556276207981127919223E-05
       -5.334000000000000000000000000000    2.675423462981908504958003896578E-05
       -5.333000000000000000000000000000    2.705605015847945912010617603546E-05
       -5.332000000000000000000000000000    2.736085010193873505088869266840E-05
       -5.331000000000000000000000000000    2.766866691412799837534844174278E-05
       -5.330000000000000000000000000000    2.797953335571707012213792237227E-05
       -5.329000000000000000000000000000    2.829348249734541150775643526724E-05
       -5.328000000000000000000000000000    2.861054772288172565203400167606E-05
       -5.327000000000000000000000000000    2.893076273271255173795364172701E-05
       -5.326000000000000000000000000000    2.925416154706014943168159721903E-05
       -5.325000000000000000000000000000    2.958077850932997379773800899267E-05
       -5.324000000000000000000000000000    2.991064828948804338813743774415E-05
       -5.323000000000000000000000000000    3.024380588746850665323235566158E-05
       -5.322000000000000000000000000000    3.058028663661171431607813834056E-05
       -5.321000000000000000000000000000    3.092012620713310787158186292578E-05
       -5.320000000000000000000000000000    3.126336060962323691667799682142E-05
       -5.319000000000000000000000000000    3.161002619857922058847239546823E-05
       -5.318000000000000000000000000000    3.196015967596797098389440765648E-05
       -5.317000000000000000000000000000    3.231379809482149905707974888556E-05
       -5.316000000000000000000000000000    3.267097886286462613966053996814E-05
       -5.315000000000000000000000000000    3.303173974617542690455187857839E-05
       -5.314000000000000000000000000000    3.339611887287873229588685192366E-05
       -5.313000000000000000000000000000    3.376415473687302367665633289098E-05
       -5.312000000000000000000000000000    3.413588620159105220155055182633E-05
       -5.311000000000000000000000000000    3.451135250379452020567263255373E-05
       -5.310000000000000000000000000000    3.489059325740316421039837536787E-05
       -5.309000000000000000000000000000    3.527364845735858198589194371480E-05
       -5.308000000000000000000000000000    3.566055848352314897585618967659E-05
       -5.307000000000000000000000000000    3.605136410461437228420361454849E-05
       -5.306000000000000000000000000000    3.644610648217503334568594840930E-05
       -5.305000000000000000000000000000    3.684482717457947335332566730006E-05
       -5.304000000000000000000000000000    3.724756814107637849496215792096E-05
       -5.303000000000000000000000000000    3.765437174586842505957149788421E-05
       -5.302000000000000000000000000000    3.806528076222914751145686765733E-05
       -5.301000000000000000000000000000    3.848033837665739569715349666326E-05
       -5.300000000000000000000000000000    3.889958819306975044616695635974E-05
       -5.299000000000000000000000000000    3.932307423703126995268788335341E-05
       -5.298000000000000000000000000000    3.975084096002494248142334430716E-05
       -5.297000000000000000000000000000    4.018293324376022412688071573801E-05
       -5.296000000000000000000000000000    4.061939640452104357206200848670E-05
       -5.295000000000000000000000000000    4.106027619755365903980508303891E-05
       -5.294000000000000000000000000000    4.150561882149475590817545729141E-05
       -5.293000000000000000000000000000    4.195547092284017677060291042245E-05
       -5.292000000000000000000000000000    4.240987960045467906210758478173E-05
       -5.291000000000000000000000000000    4.286889241012311874520978730560E-05
       -5.290000000000000000000000000000    4.333255736914346195320746749367E-05
       -5.289000000000000000000000000000    4.380092296096202992467895852546E-05
       -5.288000000000000000000000000000    4.427403813985138603157186734168E-05
       -5.287000000000000000000000000000    4.475195233563127720432015607834E-05
       -5.286000000000000000000000000000    4.523471545843304559134096511383E-05
       -5.285000000000000000000000000000    4.572237790350792985725342213877E-05
       -5.284000000000000000000000000000    4.621499055607967912448875279364E-05
       -5.283000000000000000000000000000    4.671260479624190619688201788761E-05
       -5.282000000000000000000000000000    4.721527250390061037161069706694E-05
       -5.281000000000000000000000000000    4.772304606376230384773646700908E-05
       -5.280000000000000000000000000000    4.823597837036817947587864802874E-05
       -5.279000000000000000000000000000    4.875412283317476136446811244493E-05
       -5.278000000000000000000000000000    4.927753338168148366386860470091E-05
       -5.277000000000000000000000000000    4.980626447060564669068052388625E-05
       -5.276000000000000000000000000000    5.034037108510520343103485010941E-05
       -5.275000000000000000000000000000    5.087990874604983337391913867393E-05
       -5.274000000000000000000000000000    5.142493351534076457383295351971E-05
       -5.273000000000000000000000000000    5.197550200127980882662888539611E-05
       -5.272000000000000000000000000000    5.253167136398807886354206703629E-05
       -5.271000000000000000000000000000    5.309349932087486052643308508906E-05
       -5.270000000000000000000000000000    5.366104415215711698245620314012E-05
       -5.269000000000000000000000000000    5.423436470643010616900925383991E-05
       -5.268000000000000000000000000000    5.481352040628959683021844584035E-05
       -5.267000000000000000000000000000    5.539857125400617271465830810994E-05
       -5.266000000000000000000000000000    5.598957783725211875080435329541E-05
       -5.265000000000000000000000000000    5.658660133488138730216674179563E-05
       -5.264000000000000000000000000000    5.718970352276314692846291129648E-05
       -5.263000000000000000000000000000    5.779894677966942044286414646839E-05
       -5.262000000000000000000000000000    5.841439409321732345860646396714E-05
       -5.261000000000000000000000000000    5.903610906586641906140378065901E-05
       -5.260000000000000000000000000000    5.966415592097170872745767677654E-05
       -5.259000000000000000000000000000    6.029859950889278413074249471421E-05
       -5.258000000000000000000000000000    6.093950531315966904797915706250E-05
       -5.257000000000000000000000000000    6.158693945669588517562088645534E-05
       -5.256000000000000000000000000000    6.224096870809928032058673985171E-05
       -5.255000000000000000000000000000    6.290166048798116211572515816713E-05
       -5.254000000000000000000000000000    6.356908287536428514240307768132E-05
       -5.253000000000000000000000000000    6.424330461414024411653294289383E-05
       -5.252000000000000000000000000000    6.492439511958683061110950348139E-05
       -5.251000000000000000000000000000    6.561242448494591564827280433069E-05
       -5.250000000000000000000000000000    6.630746348806242539738847275677E-05
       -5.249000000000000000000000000000    6.700958359808498216298942879422E-05
       -5.248000000000000000000000000000    6.771885698222878783800564366780E-05
       -5.247000000000000000000000000000    6.843535651260133203387471280977E-05
       -5.246000000000000000000000000000    6.915915577309151218023299248203E-05
       -5.245000000000000000000000000000    6.989032906632275801329512853490E-05
       -5.244000000000000000000000000000    7.062895142067075804410231476308E-05
       -5.243000000000000000000000000000    7.137509859734639081592298822852E-05
       -5.242000000000000000000000000000    7.212884709754446902459345190923E-05
       -5.241000000000000000000000000000    7.289027416965890988686280567442E-05
       -5.240000000000000000000000000000    7.365945781656495050023242401297E-05
       -5.239000000000000000000000000000    7.443647680296903234373408911703E-05
       -5.238000000000000000000000000000    7.522141066282698452295502609678E-05
       -5.237000000000000000000000000000    7.601433970683114086477798045787E-05
       -5.236000000000000000000000000000    7.681534502996703151814886845825E-05
       -5.235000000000000000000000000000    7.762450851914029531710543830739E-05
       -5.234000000000000000000000000000    7.844191286087446481169312510878E-05
       -5.233000000000000000000000000000    7.926764154908028157165751010694E-05
       -5.232000000000000000000000000000    8.010177889289720511733849830731E-05
       -5.231000000000000000000000000000    8.094441002460778463240487280213E-05
       -5.230000000000000000000000000000    8.179562090762556846436802983089E-05
       -5.229000000000000000000000000000    8.265549834455723232161262635229E-05
       -5.228000000000000000000000000000    8.352412998533961303039520664158E-05
       -5.227000000000000000000000000000    8.440160433545234072230870998293E-05
       -5.226000000000000000000000000000    8.528801076420676838251368539002E-05
       -5.225000000000000000000000000000    8.618343951311190380202215758109E-05
       -5.224000000000000000000000000000    8.708798170431805514391705107982E-05
       -5.223000000000000000000000000000    8.800172934913890755403210541050E-05
       -5.222000000000000000000000000000    8.892477535665275452174111775483E-05
       -5.221000000000000000000000000000    8.985721354238361402655156452018E-05
       -5.220000000000000000000000000000    9.079913863706296589161026093600E-05
       -5.219000000000000000000000000000    9.175064629547285320645547165322E-05
       -5.218000000000000000000000000000    9.271183310537109717884223809178E-05
       -5.217000000000000000000000000000    9.368279659649938132968081839771E-05
       -5.216000000000000000000000000000    9.466363524967496755652097430842E-05
       -5.215000000000000000000000000000    9.565444850596681326005009652203E-05
       -5.214000000000000000000000000000    9.665533677595686545521735367200E-05
       -5.213000000000000000000000000000    9.766640144908731457431953133773E-05
       -5.212000000000000000000000000000    9.868774490309459751416121022357E-05
       -5.211000000000000000000000000000    9.971947051353094638371052008824E-05
       -5.210000000000000000000000000000    1.007616826633742863729939195047E-04
       -5.209000000000000000000000000000    1.018144867527272931887952586300E-04
       -5.208000000000000000000000000000    1.028779892086064275885357252133E-04
       -5.207000000000000000000000000000    1.039522974948217716910060989715E-04
       -5.206000000000000000000000000000    1.050375201219484989518990246713E-04
       -5.205000000000000000000000000000    1.061337666573908169638487999726E-04
       -5.204000000000000000000000000000    1.072411477355392295754355917227E-04
       -5.203000000000000000000000000000    1.083597750680219722218602961776E-04
       -5.202000000000000000000000000000    1.094897614540514818222598475817E-04
       -5.201000000000000000000000000000    1.106312207908667701254292395045E-04
       -5.200000000000000000000000000000    1.117842680842725769775686493876E-04
       -5.199000000000000000000000000000    1.129490194592761876431088857623E-04
       -5.198000000000000000000000000000    1.141255921708228060332172190298E-04
       -5.197000000000000000000000000000    1.153141046146303834867841236734E-04
       -5.196000000000000000000000000000    1.165146763381248106060795003755E-04
       -5.195000000000000000000000000000    1.177274280514763875743888752649E-04
       -5.194000000000000000000000000000    1.189524816387384963763446031859E-04
       -5.193000000000000000000000000000    1.201899601690894064039073754442E-04
       -5.192000000000000000000000000000    1.214399879081781530625869553956E-04
       -5.191000000000000000000000000000    1.227026903295754371940801379149E-04
       -5.190000000000000000000000000000    1.239781941263305014036150793044E-04
       -5.189000000000000000000000000000    1.252666272226349477234955613368E-04
       -5.188000000000000000000000000000    1.265681187855944694592122195081E-04
       -5.187000000000000000000000000000    1.278827992371094785516106912166E-04
       -5.186000000000000000000000000000    1.292108002658656183485640955617E-04
       -5.185000000000000000000000000000    1.305522548394351603129790089141E-04
       -5.184000000000000000000000000000    1.319072972164902919013646447815E-04
       -5.183000000000000000000000000000    1.332760629591293116292135419802E-04
       -5.182000000000000000000000000000    1.346586889453167561966827694385E-04
       -5.181000000000000000000000000000    1.360553133814384934811363603267E-04
       -5.180000000000000000000000000000    1.374660758149728242126261526262E-04
       -5.179000000000000000000000000000    1.388911171472786442349681020003E-04
       -5.178000000000000000000000000000    1.403305796465017284193380502694E-04
       -5.177000000000000000000000000000    1.417846069606002065398934593959E-04
       -5.176000000000000000000000000000    1.432533441304903107424593495611E-04
       -5.175000000000000000000000000000    1.447369376033134836384362525869E-04
       -5.174000000000000000000000000000    1.462355352458259455374391364053E-04
       -5.173000000000000000000000000000    1.477492863579118288944078232841E-04
       -5.172000000000000000000000000000    1.492783416862209976906954252225E-04
       -5.171000000000000000000000000000    1.508228534379326791946009635391E-04
       -5.170000000000000000000000000000    1.523829752946460453556300713776E-04
       -5.169000000000000000000000000000    1.539588624263988909791132170588E-04
       -5.168000000000000000000000000000    1.555506715058155658043592650297E-04
       -5.167000000000000000000000000000    1.571585607223853276709537932269E-04
       -5.166000000000000000000000000000    1.587826897968722941048121851616E-04
       -5.165000000000000000000000000000    1.604232199958581798888583160509E-04
       -5.164000000000000000000000000000    1.620803141464190185034173285053E-04
       -5.163000000000000000000000000000    1.637541366509370757292877277691E-04
       -5.162000000000000000000000000000    1.654448535020491742027015521010E-04
       -5.161000000000000000000000000000    1.671526322977326582967050135905E-04
       -5.160000000000000000000000000000    1.688776422565302393786147125317E-04
       -5.159000000000000000000000000000    1.706200542329149722588509305089E-04
       -5.158000000000000000000000000000    1.723800407327966245033499431621E-04
       -5.157000000000000000000000000000    1.741577759291707112306478579361E-04
       -5.156000000000000000000000000000    1.759534356779114790563510668817E-04
       -5.155000000000000000000000000000    1.777671975337101339828107411306E-04
       -5.154000000000000000000000000000    1.795992407661596192611544954317E-04
       -5.153000000000000000000000000000    1.814497463759872605771569564816E-04
       -5.152000000000000000000000000000    1.833188971114366073325179842717E-04
       -5.151000000000000000000000000000    1.852068774847998103097342395425E-04
       -5.150000000000000000000000000000    1.871138737891018876226742364666E-04
       -5.149000000000000000000000000000    1.890400741149382425669826413415E-04
       -5.148000000000000000000000000000    1.909856683674668087953361929539E-04
       -5.147000000000000000000000000000    1.929508482835562101531472349276E-04
       -5.146000000000000000000000000000    1.949358074490913345213637053516E-04
       -5.145000000000000000000000000000    1.969407413164377331253550443240E-04
       -5.144000000000000000000000000000    1.989658472220662689833167009824E-04
       -5.143000000000000000000000000000    2.010113244043394504849929646320E-04
       -5.142000000000000000000000000000    2.030773740214608985126363439198E-04
       -5.141000000000000000000000000000    2.051641991695894080418257722640E-04
       -5.140000000000000000000000000000    2.072720049011190777908961370121E-04
       -5.139000000000000000000000000000    2.094009982431269942251351830468E-04
       -5.138000000000000000000000000000    2.115513882159899690664345043782E-04
       -5.137000000000000000000000000000    2.137233858521718424115995399124E-04
       -5.136000000000000000000000000000    2.159172042151828766238963654579E-04
       -5.135000000000000000000000000000    2.181330584187127793335145083324E-04
       -5.134000000000000000000000000000    2.203711656459389071643356898603E-04
       -5.133000000000000000000000000000    2.226317451690112151976058611720E-04
       -5.132000000000000000000000000000    2.249150183687155306887065758195E-04
       -5.131000000000000000000000000000    2.272212087543167431721130259210E-04
       -5.130000000000000000000000000000    2.295505419835835168227183448095E-04
       -5.129000000000000000000000000000    2.319032458829961447899124881407E-04
       -5.128000000000000000000000000000    2.342795504681391791850516896834E-04
       -5.127000000000000000000000000000    2.366796879642804844841708446238E-04
       -5.126000000000000000000000000000    2.391038928271383763069131056249E-04
       -5.125000000000000000000000000000    2.415524017638385218506226472690E-04
       -5.124000000000000000000000000000    2.440254537540622926963194364398E-04
       -5.123000000000000000000000000000    2.465232900713882752618077776293E-04
       -5.122000000000000000000000000000    2.490461543048286588574296388700E-04
       -5.121000000000000000000000000000    2.515942923805622361029330333810E-04
       -5.120000000000000000000000000000    2.541679525838657653905662871836E-04
       -5.119000000000000000000000000000    2.567673855812454601308196973192E-04
       -5.118000000000000000000000000000    2.593928444427703846942133474595E-04
       -5.117000000000000000000000000000    2.620445846646095522661778567367E-04
       -5.116000000000000000000000000000    2.647228641917745352634054987759E-04
       -5.115000000000000000000000000000    2.674279434410694145200821486713E-04
       -5.114000000000000000000000000000    2.701600853242499091421734621675E-04
       -5.113000000000000000000000000000    2.729195552713935447484670453151E-04
       -5.112000000000000000000000000000    2.757066212544827337694095888352E-04
       -5.111000000000000000000000000000    2.785215538112026575599755042812E-04
       -5.110000000000000000000000000000    2.813646260689558563019210821963E-04
       -5.109000000000000000000000000000    2.842361137690954490248833161256E-04
       -5.108000000000000000000000000000    2.871362952913789225659512265861E-04
       -5.107000000000000000000000000000    2.900654516786444449146539669813E-04
       -5.106000000000000000000000000000    2.930238666617116751558667146924E-04
       -5.105000000000000000000000000000    2.960118266845090591280332456481E-04
       -5.104000000000000000000000000000    2.990296209294296169594525053004E-04
       -5.103000000000000000000000000000    3.020775413429172458322932749490E-04
       -5.102000000000000000000000000000    3.051558826612855786536126091247E-04
       -5.101000000000000000000000000000    3.082649424367714567860951357975E-04
       -5.100000000000000000000000000000    3.114050210638250926096453065072E-04
       -5.099000000000000000000000000000    3.145764218056390154495057520632E-04
       -5.098000000000000000000000000000    3.177794508209179123184033522535E-04
       -5.097000000000000000000000000000    3.210144171908914929805106565336E-04
       -5.096000000000000000000000000000    3.242816329465725270549330328495E-04
       -5.095000000000000000000000000000    3.275814130962622192371795182460E-04
       -5.094000000000000000000000000000    3.309140756533051072298450159029E-04
       -5.093000000000000000000000000000    3.342799416640956856397295856580E-04
       -5.092000000000000000000000000000    3.376793352363389779190626702790E-04
       -5.091000000000000000000000000000    3.411125835675672974046110196281E-04
       -5.090000000000000000000000000000    3.445800169739154576414629884370E-04
       -5.089000000000000000000000000000    3.480819689191567114694423638275E-04
       -5.088000000000000000000000000000    3.516187760440017178006649707538E-04
       -5.087000000000000000000000000000    3.551907781956628546279735915527E-04
       -5.086000000000000000000000000000    3.587983184576862165771434120961E-04
       -5.085000000000000000000000000000    3.624417431800536552521231408259E-04
       -5.084000000000000000000000000000    3.661214020095572407234577535868E-04
       -5.083000000000000000000000000000    3.698376479204485427767289280467E-04
       -5.082000000000000000000000000000    3.735908372453651509716599642871E-04
       -5.081000000000000000000000000000    3.773813297065368731647846176121E-04
       -5.080000000000000000000000000000    3.812094884472740729206050988238E-04
       -5.079000000000000000000000000000    3.850756800637406271793049292605E-04
       -5.078000000000000000000000000000    3.889802746370140066646889481515E-04
       -5.077000000000000000000000000000    3.929236457654350028054573786615E-04
       -5.076000000000000000000000000000    3.969061705972496464075556048747E-04
       -5.075000000000000000000000000000    4.009282298635458849565587252753E-04
       -5.074000000000000000000000000000    4.049902079114876072482430254461E-04
       -5.073000000000000000000000000000    4.090924927378486260440687908944E-04
       -5.072000000000000000000000000000    4.132354760228492516276645132508E-04
       -5.071000000000000000000000000000    4.174195531642981114999863743439E-04
       -5.070000000000000000000000000000    4.216451233120418939960645354826E-04
       -5.069000000000000000000000000000    4.259125894027257163365856709176E-04
       -5.068000000000000000000000000000    4.302223581948668405444567440175E-04
       -5.067000000000000000000000000000    4.345748403042444837614166108880E-04
       -5.066000000000000000000000000000    4.389704502396084927941891056191E-04
       -5.065000000000000000000000000000    4.434096064387096762050944274243E-04
       -5.064000000000000000000000000000    4.478927313046546109399567620557E-04
       -5.063000000000000000000000000000    4.524202512425877643580782934448E-04
       -5.062000000000000000000000000000    4.569925966967037965965176582718E-04
       -5.061000000000000000000000000000    4.616102021875929324654505052059E-04
       -5.060000000000000000000000000000    4.662735063499223165345487397953E-04
       -5.059000000000000000000000000000    4.709829519704562897336525042023E-04
       -5.058000000000000000000000000000    4.757389860264185506560959204326E-04
       -5.057000000000000000000000000000    4.805420597241991898214668852566E-04
       -5.056000000000000000000000000000    4.853926285384096104279274038445E-04
       -5.055000000000000000000000000000    4.902911522512883746041007209910E-04
       -5.054000000000000000000000000000    4.952380949924610398585635468414E-04
       -5.053000000000000000000000000000    5.002339252790570763227968161988E-04
       -5.052000000000000000000000000000    5.052791160561869814926897354888E-04
       -5.051000000000000000000000000000    5.103741447377827354960147452611E-04
       -5.050000000000000000000000000000    5.155194932478047664503632491113E-04
       -5.049000000000000000000000000000    5.207156480618186222295338145467E-04
       -5.048000000000000000000000000000    5.259631002489445719279889004484E-04
       -5.047000000000000000000000000000    5.312623455141833875044485414049E-04
       -5.046000000000000000000000000000    5.366138842411215834986881120423E-04
       -5.045000000000000000000000000000    5.420182215350194203518834439503E-04
       -5.044000000000000000000000000000    5.474758672662850047221442526887E-04
       -5.043000000000000000000000000000    5.529873361143378482749531620207E-04
       -5.042000000000000000000000000000    5.585531476118652747448528187783E-04
       -5.041000000000000000000000000000    5.641738261894750936116811213435E-04
       -5.040000000000000000000000000000    5.698499012207479875137411923227E-04
       -5.039000000000000000000000000000    5.755819070676930895333185679511E-04
       -5.038000000000000000000000000000    5.813703831266102557387468054087E-04
       -5.037000000000000000000000000000    5.872158738743625678536115677584E-04
       -5.036000000000000000000000000000    5.931189289150626306495231642816E-04
       -5.035000000000000000000000000000    5.990801030271762586260432138652E-04
       -5.034000000000000000000000000000    6.050999562110471767517011525121E-04
       -5.033000000000000000000000000000    6.111790537368463904954732916390E-04
       -5.032000000000000000000000000000    6.173179661929499110805276952337E-04
       -5.031000000000000000000000000000    6.235172695347485528433830985631E-04
       -5.030000000000000000000000000000    6.297775451338935507838245295017E-04
       -5.029000000000000000000000000000    6.360993798279817778459116794218E-04
       -5.028000000000000000000000000000    6.424833659706843731801723416214E-04
       -5.027000000000000000000000000000    6.489301014823226246035709043660E-04
       -5.026000000000000000000000000000    6.554401899008949806990741430446E-04
       -5.025000000000000000000000000000    6.620142404335591004826113719221E-04
       -5.024000000000000000000000000000    6.686528680085728813139662441552E-04
       -5.023000000000000000000000000000    6.753566933276984387416809702133E-04
       -5.022000000000000000000000000000    6.821263429190730452524533928694E-04
       -5.021000000000000000000000000000    6.889624491905510684448313423701E-04
       -5.020000000000000000000000000000    6.958656504835209829673404328380E-04
       -5.019000000000000000000000000000    7.028365911272015646546197954979E-04
       -5.018000000000000000000000000000    7.098759214934214096637995390747E-04
       -5.017000000000000000000000000000    7.169842980518859560593639720212E-04
       -5.016000000000000000000000000000    7.241623834259362202202515395754E-04
       -5.015000000000000000000000000000    7.314108464488034956501075902534E-04
       -5.014000000000000000000000000000    7.387303622203642972626070155728E-04
       -5.013000000000000000000000000000    7.461216121643998699907940940334E-04
       -5.012000000000000000000000000000    7.535852840863646166346562840467E-04
       -5.011000000000000000000000000000    7.611220722316678362168833094024E-04
       -5.010000000000000000000000000000    7.687326773444732007652051274557E-04
       -5.009000000000000000000000000000    7.764178067270204353831112446028E-04
       -5.008000000000000000000000000000    7.841781742994737037114049582201E-04
       -5.007000000000000000000000000000    7.920145006603012384232318192947E-04
       -5.006000000000000000000000000000    7.999275131471907942372511496999E-04
       -5.005000000000000000000000000000    8.079179458985055390798190176441E-04
       -5.004000000000000000000000000000    8.159865399152850374797639781004E-04
       -5.003000000000000000000000000000    8.241340431237960190409236430018E-04
       -5.002000000000000000000000000000    8.323612104386376639104486160508E-04
       -5.001000000000000000000000000000    8.406688038264061765473658229426E-04
       -5.000000000000000000000000000000    8.490575923699234587984386806150E-04
       -4.999000000000000000000000000000    8.575283523330347333093974685865E-04
       -4.998000000000000000000000000000    8.660818672259800086415881023844E-04
       -4.997000000000000000000000000000    8.747189278713443181294676186480E-04
       -4.996000000000000000000000000000    8.834403324705917055056444870576E-04
       -4.995000000000000000000000000000    8.922468866711879716398239820560E-04
       -4.994000000000000000000000000000    9.011394036343172383885942121722E-04
       -4.993000000000000000000000000000    9.101187041031974275370163961896E-04
       -4.992000000000000000000000000000    9.191856164719997951330215450029E-04
       -4.991000000000000000000000000000    9.283409768553777041742415073044E-04
       -4.990000000000000000000000000000    9.375856291586098616067108465207E-04
       -4.989000000000000000000000000000    9.469204251483632889384816743624E-04
       -4.988000000000000000000000000000    9.563462245240813394612299004754E-04
       -4.987000000000000000000000000000    9.658638949900021191120511156534E-04
       -4.986000000000000000000000000000    9.754743123278127123985196078115E-04
       -4.985000000000000000000000000000    9.851783604699446595554064006343E-04
       -4.984000000000000000000000000000    9.949769315735161762039329087536E-04
       -4.983000000000000000000000000000    1.004870926094926652246806778546E-03
       -4.982000000000000000000000000000    1.014861252865109012557296577536E-03
       -4.981000000000000000000000000000    1.024948829165445568211023081046E-03
       -4.980000000000000000000000000000    1.035134580804353033567768018328E-03
       -4.979000000000000000000000000000    1.045419442194542431440237619204E-03
       -4.978000000000000000000000000000    1.055804356430959655890199923850E-03
       -4.977000000000000000000000000000    1.066290275369412509872593940446E-03
       -4.976000000000000000000000000000    1.076878159705890083007958436710E-03
       -4.975000000000000000000000000000    1.087568979056580383205742373194E-03
       -4.974000000000000000000000000000    1.098363712038592184688652675316E-03
       -4.973000000000000000000000000000    1.109263346351387104184104293074E-03
       -4.972000000000000000000000000000    1.120268878858927966656019700886E-03
       -4.971000000000000000000000000000    1.131381315672549571951658972554E-03
       -4.970000000000000000000000000000    1.142601672234558024136847740286E-03
       -4.969000000000000000000000000000    1.153930973402564836091930856411E-03
       -4.968000000000000000000000000000    1.165370253534562073143058446548E-03
       -4.967000000000000000000000000000    1.176920556574744851112074327615E-03
       -4.966000000000000000000000000000    1.188582936140087556186412696390E-03
       -4.965000000000000000000000000000    1.200358455607680206441128137985E-03
       -4.964000000000000000000000000000    1.212248188202831427691619404466E-03
       -4.963000000000000000000000000000    1.224253217087944569620914752759E-03
       -4.962000000000000000000000000000    1.236374635452173541812744377822E-03
       -4.961000000000000000000000000000    1.248613546601865003434235045495E-03
       -4.960000000000000000000000000000    1.260971064051793594853147932529E-03
       -4.959000000000000000000000000000    1.273448311617196954447390688633E-03
       -4.958000000000000000000000000000    1.286046423506617319272340030483E-03
       -4.957000000000000000000000000000    1.298766544415556564097606516937E-03
       -4.956000000000000000000000000000    1.311609829620951589612577027203E-03
       -4.955000000000000000000000000000    1.324577445076477027332725251831E-03
       -4.954000000000000000000000000000    1.337670567508682285919652647525E-03
       -4.953000000000000000000000000000    1.350890384513970021260502456389E-03
       -4.952000000000000000000000000000    1.364238094656423170740192585395E-03
       -4.951000000000000000000000000000    1.377714907566487750686278966173E-03
       -4.950000000000000000000000000000    1.391322044040518674974653764823E-03
       -4.949000000000000000000000000000    1.405060736141195912258191661575E-03
       -4.948000000000000000000000000000    1.418932227298818359223396593456E-03
       -4.947000000000000000000000000000    1.432937772413482867695610288508E-03
       -4.946000000000000000000000000000    1.447078637958155924304987442666E-03
       -4.945000000000000000000000000000    1.461356102082645542796810882850E-03
       -4.944000000000000000000000000000    1.475771454718480990924429634203E-03
       -4.943000000000000000000000000000    1.490325997684708036204795481023E-03
       -4.942000000000000000000000000000    1.505021044794607457648917471855E-03
       -4.941000000000000000000000000000    1.519857921963344633906243214590E-03
       -4.940000000000000000000000000000    1.534837967316558082086731511186E-03
       -4.939000000000000000000000000000    1.549962531299894885850950274813E-03
       -4.938000000000000000000000000000    1.565232976789501016190690921109E-03
       -4.937000000000000000000000000000    1.580650679203474613664136661598E-03
       -4.936000000000000000000000000000    1.596217026614290366704385629147E-03
       -4.935000000000000000000000000000    1.611933419862203186991966138978E-03
       -4.934000000000000000000000000000    1.627801272669639449774773752225E-03
       -4.933000000000000000000000000000    1.643822011756584134436518975981E-03
       -4.932000000000000000000000000000    1.659997076956972268561239099693E-03
       -4.931000000000000000000000000000    1.676327921336093147220664595582E-03
       -4.930000000000000000000000000000    1.692816011309015868227234719805E-03
       -4.929000000000000000000000000000    1.709462826760044793652351904853E-03
       -4.928000000000000000000000000000    1.726269861163213618011102331060E-03
       -4.927000000000000000000000000000    1.743238621703826794165231630679E-03
       -4.926000000000000000000000000000    1.760370629401057139199759955341E-03
       -4.925000000000000000000000000000    1.777667419231608514289388782332E-03
       -4.924000000000000000000000000000    1.795130540254452544892961410050E-03
       -4.923000000000000000000000000000    1.812761555736648420501888263913E-03
       -4.922000000000000000000000000000    1.830562043280254886625864867594E-03
       -4.921000000000000000000000000000    1.848533594950343615730652595803E-03
       -4.920000000000000000000000000000    1.866677817404123218452448277979E-03
       -4.919000000000000000000000000000    1.884996332021183231605756930553E-03
       -4.918000000000000000000000000000    1.903490775034867495281051523939E-03
       -4.917000000000000000000000000000    1.922162797664786407699234709280E-03
       -4.916000000000000000000000000000    1.941014066250477623456420818981E-03
       -4.915000000000000000000000000000    1.960046262386224838359274409690E-03
       -4.914000000000000000000000000000    1.979261083057044382222547754675E-03
       -4.913000000000000000000000000000    1.998660240775849419781059263916E-03
       -4.912000000000000000000000000000    2.018245463721801639262684904795E-03
       -4.911000000000000000000000000000    2.038018495879860388181564456073E-03
       -4.910000000000000000000000000000    2.057981097181539296546255259023E-03
       -4.909000000000000000000000000000    2.078135043646880508940631915920E-03
       -4.908000000000000000000000000000    2.098482127527656728830597703979E-03
       -4.907000000000000000000000000000    2.119024157451811360981841807286E-03
       -4.906000000000000000000000000000    2.139762958569147121047678431619E-03
       -4.905000000000000000000000000000    2.160700372698273565206205413569E-03
       -4.904000000000000000000000000000    2.181838258474824077197420587596E-03
       -4.903000000000000000000000000000    2.203178491500952935238367240703E-03
       -4.902000000000000000000000000000    2.224722964496123167082712781989E-03
       -4.901000000000000000000000000000    2.246473587449195987945298834774E-03
       -4.900000000000000000000000000000    2.268432287771832703137072332919E-03
       -4.899000000000000000000000000000    2.290601010453220045056386567090E-03
       -4.898000000000000000000000000000    2.312981718216130002663954092312E-03
       -4.897000000000000000000000000000    2.335576391674325290735780730432E-03
       -4.896000000000000000000000000000    2.358387029491321696046287710743E-03
       -4.895000000000000000000000000000    2.381415648540518628187649026939E-03
       -4.894000000000000000000000000000    2.404664284066709293986280928663E-03
       -4.893000000000000000000000000000    2.428134989848982006438603767457E-03
       -4.892000000000000000000000000000    2.451829838365024231760873149989E-03
       -4.891000000000000000000000000000    2.475750920956841071537304037490E-03
       -4.890000000000000000000000000000    2.499900347997899971062181382231E-03
       -4.889000000000000000000000000000    2.524280249061713539810494454443E-03
       -4.888000000000000000000000000000    2.548892773091872465543216805967E-03
       -4.887000000000000000000000000000    2.573740088573540599863084978289E-03
       -4.886000000000000000000000000000    2.598824383706424390090049494425E-03
       -4.885000000000000000000000000000    2.624147866579228930127962289437E-03
       -4.884000000000000000000000000000    2.649712765345613001551044705022E-03
       -4.883000000000000000000000000000    2.675521328401655575455807180748E-03
       -4.882000000000000000000000000000    2.701575824564846345706962259332E-03
       -4.881000000000000000000000000000    2.727878543254612965060121940244E-03
       -4.880000000000000000000000000000    2.754431794674397757275373486850E-03
       -4.879000000000000000000000000000    2.781237909995296780749898762397E-03
       -4.878000000000000000000000000000    2.808299241541274222400395065386E-03
       -4.877000000000000000000000000000    2.835618162975965204522964320970E-03
       -4.876000000000000000000000000000    2.863197069491080192155196727618E-03
       -4.875000000000000000000000000000    2.891038377996424294068259485503E-03
       -4.874000000000000000000000000000    2.919144527311544856931826798645E-03
       -4.873000000000000000000000000000    2.947517978359020859427610791480E-03
       -4.872000000000000000000000000000    2.976161214359407721144072514756E-03
       -4.871000000000000000000000000000    3.005076741027851249971647663952E-03
       -4.870000000000000000000000000000    3.034267086772384561440594720281E-03
       -4.869000000000000000000000000000    3.063734802893921914008487841823E-03
       -4.868000000000000000000000000000    3.093482463787963515717599313074E-03
       -4.867000000000000000000000000000    3.123512667148025469910155753423E-03
       -4.866000000000000000000000000000    3.153828034170809140817960628648E-03
       -4.865000000000000000000000000000    3.184431209763124333838448214424E-03
       -4.864000000000000000000000000000    3.215324862750580800178209886428E-03
       -4.863000000000000000000000000000    3.246511686088062691293795148245E-03
       -4.862000000000000000000000000000    3.277994397072000705194563960219E-03
       -4.861000000000000000000000000000    3.309775737554456784200024902440E-03
       -4.860000000000000000000000000000    3.341858474159036342170951381008E-03
       -4.859000000000000000000000000000    3.374245398498643118566186329382E-03
       -4.858000000000000000000000000000    3.406939327395091876922030789432E-03
       -4.857000000000000000000000000000    3.439943103100594286515115057602E-03
       -4.856000000000000000000000000000    3.473259593521133448059370275292E-03
       -4.855000000000000000000000000000    3.506891692441742647309897096645E-03
       -4.854000000000000000000000000000    3.540842319753704044407956487533E-03
       -4.853000000000000000000000000000    3.575114421683683131708822640151E-03
       -4.852000000000000000000000000000    3.609710971024814918694723309266E-03
       -4.851000000000000000000000000000    3.644634967369757929395479808752E-03
       -4.850000000000000000000000000000    3.679889437345732225526726313974E-03
       -4.849000000000000000000000000000    3.715477434851557797316762808043E-03
       -4.848000000000000000000000000000    3.751402041296709793735253055239E-03
       -4.847000000000000000000000000000    3.787666365842407194567242014561E-03
       -4.846000000000000000000000000000    3.824273545644751658501508627603E-03
       -4.845000000000000000000000000000    3.861226746099933414130311622995E-03
       -4.844000000000000000000000000000    3.898529161091521194495399072362E-03
       -4.843000000000000000000000000000    3.936184013239853350570057926714E-03
       -4.842000000000000000000000000000    3.974194554153547414846348811300E-03
       -4.841000000000000000000000000000    4.012564064683145523007925571782E-03
       -4.840000000000000000000000000000    4.051295855176913239519450835036E-03
       -4.839000000000000000000000000000    4.090393265738809471861111666001E-03
       -4.838000000000000000000000000000    4.129859666488645298088688188663E-03
       -4.837000000000000000000000000000    4.169698457824449673413659470612E-03
       -4.836000000000000000000000000000    4.209913070687060123581623808376E-03
       -4.835000000000000000000000000000    4.250506966826956675988595973015E-03
       -4.834000000000000000000000000000    4.291483639073357423721305910098E-03
       -4.833000000000000000000000000000    4.332846611605594263047298848121E-03
       -4.832000000000000000000000000000    4.374599440226787491321316189596E-03
       -4.831000000000000000000000000000    4.416745712639838099824064135489E-03
       -4.830000000000000000000000000000    4.459289048725756744716051024818E-03
       -4.829000000000000000000000000000    4.502233100824348529080747600398E-03
       -4.828000000000000000000000000000    4.545581554017272879956004372661E-03
       -4.827000000000000000000000000000    4.589338126413497956318609616912E-03
       -4.826000000000000000000000000000    4.633506569437169177202308462241E-03
       -4.825000000000000000000000000000    4.678090668117911613502802006454E-03
       -4.824000000000000000000000000000    4.723094241383586142562535605020E-03
       -4.823000000000000000000000000000    4.768521142355519421341854162141E-03
       -4.822000000000000000000000000000    4.814375258646227891879793030083E-03
       -4.821000000000000000000000000000    4.860660512659656191835886891519E-03
       -4.820000000000000000000000000000    4.907380861893950503192474273800E-03
       -4.819000000000000000000000000000    4.954540299246787533693668624857E-03
       -4.818000000000000000000000000000    5.002142853323279988311133019573E-03
       -4.817000000000000000000000000000    5.050192588746479551966768133473E-03
       -4.816000000000000000000000000000    5.098693606470498569917194775841E-03
       -4.815000000000000000000000000000    5.147650044096271778623335134971E-03
       -4.814000000000000000000000000000    5.197066076189979607599382905701E-03
       -4.813000000000000000000000000000    5.246945914604154741667973804416E-03
       -4.812000000000000000000000000000    5.297293808801493803251457377601E-03
       -4.811000000000000000000000000000    5.348114046181396185811922192310E-03
       -4.810000000000000000000000000000    5.399410952409252242324194526344E-03
       -4.809000000000000000000000000000    5.451188891748503206735632352452E-03
       -4.808000000000000000000000000000    5.503452267395495401743450655628E-03
       -4.807000000000000000000000000000    5.556205521817151462913882366970E-03
       -4.806000000000000000000000000000    5.609453137091481487187105773908E-03
       -4.805000000000000000000000000000    5.663199635250957193167021802003E-03
       -4.804000000000000000000000000000    5.717449578628772361295174375098E-03
       -4.803000000000000000000000000000    5.772207570208013004062969553358E-03
       -4.802000000000000000000000000000    5.827478253973760899835524215890E-03
       -4.801000000000000000000000000000    5.883266315268154308653687479466E-03
       -4.800000000000000000000000000000    5.939576481148429874557817905883E-03
       -4.799000000000000000000000000000    5.996413520747969906547622627771E-03
       -4.798000000000000000000000000000    6.053782245640379419266692707529E-03
       -4.797000000000000000000000000000    6.111687510206617504888290750235E-03
       -4.796000000000000000000000000000    6.170134212005207799490517368887E-03
       -4.795000000000000000000000000000    6.229127292145553000454325251782E-03
       -4.794000000000000000000000000000    6.288671735664378586107153780706E-03
       -4.793000000000000000000000000000    6.348772571905331084978482060159E-03
       -4.792000000000000000000000000000    6.409434874901756439641671122389E-03
       -4.791000000000000000000000000000    6.470663763762684209199483291363E-03
       -4.790000000000000000000000000000    6.532464403062043555039094010361E-03
       -4.789000000000000000000000000000    6.594842003231137156546784550843E-03
       -4.788000000000000000000000000000    6.657801820954399407043428944586E-03
       -4.787000000000000000000000000000    6.721349159568465445290042003469E-03
       -4.786000000000000000000000000000    6.785489369464577784528785403020E-03
       -4.785000000000000000000000000000    6.850227848494357509179755142599E-03
       -4.784000000000000000000000000000    6.915570042378967219018487979727E-03
       -4.783000000000000000000000000000    6.981521445121693111924390923468E-03
       -4.782000000000000000000000000000    7.048087599423973809127253796272E-03
       -4.781000000000000000000000000000    7.115274097104903741298760899223E-03
       -4.780000000000000000000000000000    7.183086579524239129849658488040E-03
       -4.779000000000000000000000000000    7.251530738008934815412218969240E-03
       -4.778000000000000000000000000000    7.320612314283240404723204134797E-03
       -4.777000000000000000000000000000    7.390337100902384427986077301241E-03
       -4.776000000000000000000000000000    7.460710941689875421294232554240E-03
       -4.775000000000000000000000000000    7.531739732178449072851059253386E-03
       -4.774000000000000000000000000000    7.603429420054690797539379005426E-03
       -4.773000000000000000000000000000    7.675786005607363331883895068912E-03
       -4.772000000000000000000000000000    7.748815542179469170627572804007E-03
       -4.771000000000000000000000000000    7.822524136624077897018194591549E-03
       -4.770000000000000000000000000000    7.896917949763948691486652426057E-03
       -4.769000000000000000000000000000    7.972003196854978537705883976411E-03
       -4.768000000000000000000000000000    8.047786148053506881060830655186E-03
       -4.767000000000000000000000000000    8.124273128887507732347586489933E-03
       -4.766000000000000000000000000000    8.201470520731700449066282180262E-03
       -4.765000000000000000000000000000    8.279384761286610667989558464078E-03
       -4.764000000000000000000000000000    8.358022345061613105789157087363E-03
       -4.763000000000000000000000000000    8.437389823861988189399708525671E-03
       -4.762000000000000000000000000000    8.517493807280024724503817861631E-03
       -4.761000000000000000000000000000    8.598340963190201059048721571367E-03
       -4.760000000000000000000000000000    8.679938018248477449064869579925E-03
       -4.759000000000000000000000000000    8.762291758395732586263623961051E-03
       -4.758000000000000000000000000000    8.845409029365377500957787723925E-03
       -4.757000000000000000000000000000    8.929296737195180309787898900298E-03
       -4.756000000000000000000000000000    9.013961848743335535562246795334E-03
       -4.755000000000000000000000000000    9.099411392208811986242575012891E-03
       -4.754000000000000000000000000000    9.185652457656013441743702494198E-03
       -4.753000000000000000000000000000    9.272692197543786660777179190853E-03
       -4.752000000000000000000000000000    9.360537827258811485470044618723E-03
       -4.751000000000000000000000000000    9.449196625653408088943311046251E-03
       -4.750000000000000000000000000000    9.538675935587796680454572777251E-03
       -4.749000000000000000000000000000    9.628983164476845254108862430071E-03
       -4.748000000000000000000000000000    9.720125784841341240535337583643E-03
       -4.747000000000000000000000000000    9.812111334863823196328480246350E-03
       -4.746000000000000000000000000000    9.904947418949008943475211738947E-03
       -4.745000000000000000000000000000    9.998641708288856850447742592138E-03
       -4.744000000000000000000000000000    1.009320194143229722815025870899E-02
       -4.743000000000000000000000000000    1.018863592485967109747995159415E-02
       -4.742000000000000000000000000000    1.028495153356191387091378522048E-02
       -4.741000000000000000000000000000    1.038215671162452177827620201610E-02
       -4.740000000000000000000000000000    1.048025947281633915669424661379E-02
       -4.739000000000000000000000000000    1.057926790118320501671996425334E-02
       -4.738000000000000000000000000000    1.067919015164649759071014221960E-02
       -4.737000000000000000000000000000    1.078003445060661586581533447085E-02
       -4.736000000000000000000000000000    1.088180909655143740235856515590E-02
       -4.735000000000000000000000000000    1.098452246066979203899416656234E-02
       -4.734000000000000000000000000000    1.108818298746999138884398932771E-02
       -4.733000000000000000000000000000    1.119279919540345433582694382434E-02
       -4.732000000000000000000000000000    1.129837967749346904764380663141E-02
       -4.731000000000000000000000000000    1.140493310196913233136786944675E-02
       -4.730000000000000000000000000000    1.151246821290450746933883415028E-02
       -4.729000000000000000000000000000    1.162099383086304198707798206566E-02
       -4.728000000000000000000000000000    1.173051885354728712125278400032E-02
       -4.727000000000000000000000000000    1.184105225645396107433458837286E-02
       -4.726000000000000000000000000000    1.195260309353439846352974803718E-02
       -4.725000000000000000000000000000    1.206518049786042869483854564919E-02
       -4.724000000000000000000000000000    1.217879368229572631872367956185E-02
       -4.723000000000000000000000000000    1.229345194017267675186710846139E-02
       -4.722000000000000000000000000000    1.240916464597480107987705929669E-02
       -4.721000000000000000000000000000    1.252594125602478398859242098473E-02
       -4.720000000000000000000000000000    1.264379130917814920683612347064E-02
       -4.719000000000000000000000000000    1.276272442752262718110909226261E-02
       -4.718000000000000000000000000000    1.288275031708326004280873418667E-02
       -4.717000000000000000000000000000    1.300387876853328927111752042868E-02
       -4.716000000000000000000000000000    1.312611965791087179975506619526E-02
       -4.715000000000000000000000000000    1.324948294734167066333825003783E-02
       -4.714000000000000000000000000000    1.337397868576736662916556746601E-02
       -4.713000000000000000000000000000    1.349961700968013761285138091161E-02
       -4.712000000000000000000000000000    1.362640814386315303140043058845E-02
       -4.711000000000000000000000000000    1.375436240213713060505043939789E-02
       -4.710000000000000000000000000000    1.388349018811300347953852335283E-02
       -4.709000000000000000000000000000    1.401380199595074590338316383131E-02
       -4.708000000000000000000000000000    1.414530841112440606033557997817E-02
       -4.707000000000000000000000000000    1.427802011119339502536044393870E-02
       -4.706000000000000000000000000000    1.441194786658008118337410872174E-02
       -4.705000000000000000000000000000    1.454710254135373982351708462774E-02
       -4.704000000000000000000000000000    1.468349509402090799798473817466E-02
       -4.703000000000000000000000000000    1.482113657832219511340454739778E-02
       -4.702000000000000000000000000000    1.496003814403560010444829730661E-02
       -4.701000000000000000000000000000    1.510021103778638642382202579928E-02
       -4.700000000000000000000000000000    1.524166660386356647000413943011E-02
       -4.699000000000000000000000000000    1.538441628504304746412183608628E-02
       -4.698000000000000000000000000000    1.552847162341749118018684456517E-02
       -4.697000000000000000000000000000    1.567384426123294032857268739278E-02
       -4.696000000000000000000000000000    1.582054594173226479112648326246E-02
       -4.695000000000000000000000000000    1.596858851000548130768814232746E-02
       -4.694000000000000000000000000000    1.611798391384700061805820794788E-02
       -4.693000000000000000000000000000    1.626874420461985647063222335294E-02
       -4.692000000000000000000000000000    1.642088153812697131902413703189E-02
       -4.691000000000000000000000000000    1.657440817548951394105381824673E-02
       -4.690000000000000000000000000000    1.672933648403240463049427207729E-02
       -4.689000000000000000000000000000    1.688567893817702403098278728203E-02
       -4.688000000000000000000000000000    1.704344812034118210351731335107E-02
       -4.687000000000000000000000000000    1.720265672184640414400526749748E-02
       -4.686000000000000000000000000000    1.736331754383259119542726947187E-02
       -4.685000000000000000000000000000    1.752544349818011263034367367514E-02
       -4.684000000000000000000000000000    1.768904760843938911372802671014E-02
       -4.683000000000000000000000000000    1.785414301076802459347966857916E-02
       -4.682000000000000000000000000000    1.802074295487554640646869399125E-02
       -4.681000000000000000000000000000    1.818886080497581303162160670979E-02
       -4.680000000000000000000000000000    1.835851004074714946838657856524E-02
       -4.679000000000000000000000000000    1.852970425830027066894474447442E-02
       -4.678000000000000000000000000000    1.870245717115405390578003988995E-02
       -4.677000000000000000000000000000    1.887678261121922141270646823124E-02
       -4.676000000000000000000000000000    1.905269452978999509720026081932E-02
       -4.675000000000000000000000000000    1.923020699854378558491718636112E-02
       -4.674000000000000000000000000000    1.940933421054897832361444551497E-02
       -4.673000000000000000000000000000    1.959009048128087994336445243256E-02
       -4.672000000000000000000000000000    1.977249024964588854296680362849E-02
       -4.671000000000000000000000000000    1.995654807901395204885745040412E-02
       -4.670000000000000000000000000000    2.014227865825937927260325159170E-02
       -4.669000000000000000000000000000    2.032969680281006877627855856742E-02
       -4.668000000000000000000000000000    2.051881745570522114167128783830E-02
       -4.667000000000000000000000000000    2.070965568866160072938222594244E-02
       -4.666000000000000000000000000000    2.090222670314841350748639002080E-02
       -4.665000000000000000000000000000    2.109654583147086802654258435767E-02
       -4.664000000000000000000000000000    2.129262853786248711839044444939E-02
       -4.663000000000000000000000000000    2.149049041958623840038698945453E-02
       -4.662000000000000000000000000000    2.169014720804455217453090345981E-02
       -4.661000000000000000000000000000    2.189161476989829582232647751589E-02
       -4.660000000000000000000000000000    2.209490910819477431127455975614E-02
       -4.659000000000000000000000000000    2.230004636350482694756932311074E-02
       -4.658000000000000000000000000000    2.250704281506909103195166413449E-02
       -4.657000000000000000000000000000    2.271591488195350360174724007327E-02
       -4.656000000000000000000000000000    2.292667912421411297192433599091E-02
       -4.655000000000000000000000000000    2.313935224407127232156888562595E-02
       -4.654000000000000000000000000000    2.335395108709328810951616015263E-02
       -4.653000000000000000000000000000    2.357049264338959664402615601875E-02
       -4.652000000000000000000000000000    2.378899404881354267636798157559E-02
       -4.651000000000000000000000000000    2.400947258617483443701314545774E-02
       -4.650000000000000000000000000000    2.423194568646175008585432976993E-02
       -4.649000000000000000000000000000    2.445643093007317110449089015127E-02
       -4.648000000000000000000000000000    2.468294604806051871918102557238E-02
       -4.647000000000000000000000000000    2.491150892337967000757952785128E-02
       -4.646000000000000000000000000000    2.514213759215293091088564154454E-02
       -4.645000000000000000000000000000    2.537485024494114394554438981794E-02
       -4.644000000000000000000000000000    2.560966522802600898520346632864E-02
       -4.643000000000000000000000000000    2.584660104470269606425333764621E-02
       -4.642000000000000000000000000000    2.608567635658282973899759221620E-02
       -4.641000000000000000000000000000    2.632690998490792513134102449122E-02
       -4.640000000000000000000000000000    2.657032091187335637287183898418E-02
       -4.639000000000000000000000000000    2.681592828196293876437925013760E-02
       -4.638000000000000000000000000000    2.706375140329420656721636164224E-02
       -4.637000000000000000000000000000    2.731380974897446894851842581251E-02
       -4.636000000000000000000000000000    2.756612295846772721214647446972E-02
       -4.635000000000000000000000000000    2.782071083897253706137411509636E-02
       -4.634000000000000000000000000000    2.807759336681090025779941133721E-02
       -4.633000000000000000000000000000    2.833679068882827066377280167202E-02
       -4.632000000000000000000000000000    2.859832312380476028281471658654E-02
       -4.631000000000000000000000000000    2.886221116387763154408187200577E-02
       -4.630000000000000000000000000000    2.912847547597516271295826215605E-02
       -4.629000000000000000000000000000    2.939713690326197395032494426367E-02
       -4.628000000000000000000000000000    2.966821646659590218803127628760E-02
       -4.627000000000000000000000000000    2.994173536599651363757899377209E-02
       -4.626000000000000000000000000000    3.021771498212534340306923128437E-02
       -4.625000000000000000000000000000    3.049617687777795232808132902325E-02
       -4.624000000000000000000000000000    3.077714279938789186938122116533E-02
       -4.623000000000000000000000000000    3.106063467854266845822676936760E-02
       -4.622000000000000000000000000000    3.134667463351179948257815849650E-02
       -4.621000000000000000000000000000    3.163528497078705370076417497741E-02
       -4.620000000000000000000000000000    3.192648818663496957913079201133E-02
       -4.619000000000000000000000000000    3.222030696866174573293813016522E-02
       -4.618000000000000000000000000000    3.251676419739059834130687645389E-02
       -4.617000000000000000000000000000    3.281588294785168110337715105643E-02
       -4.616000000000000000000000000000    3.311768649118466400406332148301E-02
       -4.615000000000000000000000000000    3.342219829625406786389928579543E-02
       -4.614000000000000000000000000000    3.372944203127745235850238014964E-02
       -4.613000000000000000000000000000    3.403944156546655590917260760307E-02
       -4.612000000000000000000000000000    3.435222097068148656711982738668E-02
       -4.611000000000000000000000000000    3.466780452309806373980757677975E-02
       -4.610000000000000000000000000000    3.498621670488841133895121004854E-02
       -4.609000000000000000000000000000    3.530748220591490366584311902488E-02
       -4.608000000000000000000000000000    3.563162592543756609093223700539E-02
       -4.607000000000000000000000000000    3.595867297383503333099231284388E-02
       -4.606000000000000000000000000000    3.628864867433916887880726948476E-02
       -4.605000000000000000000000000000    3.662157856478344989711622895571E-02
       -4.604000000000000000000000000000    3.695748839936522265062959744417E-02
       -4.603000000000000000000000000000    3.729640415042193431728526931598E-02
       -4.602000000000000000000000000000    3.763835201022144779259504506778E-02
       -4.601000000000000000000000000000    3.798335839276654687897049111819E-02
       -4.600000000000000000000000000000    3.833144993561374003534963466776E-02
       -4.599000000000000000000000000000    3.868265350170647165130623111534E-02
       -4.598000000000000000000000000000    3.903699618122285060414722327052E-02
       -4.597000000000000000000000000000    3.939450529343800665732700260366E-02
       -4.596000000000000000000000000000    3.975520838860118606386496913278E-02
       -4.595000000000000000000000000000    4.011913324982769854938166988540E-02
       -4.594000000000000000000000000000    4.048630789500582866590469450241E-02
       -4.593000000000000000000000000000    4.085676057871882532977495664379E-02
       -4.592000000000000000000000000000    4.123051979418208418484364662492E-02
       -4.591000000000000000000000000000    4.160761427519563826572687960209E-02
       -4.590000000000000000000000000000    4.198807299811207327521598149812E-02
       -4.589000000000000000000000000000    4.237192518381998463506377119480E-02
       -4.588000000000000000000000000000    4.275920029974309432031865561688E-02
       -4.587000000000000000000000000000    4.314992806185514634419662252152E-02
       -4.586000000000000000000000000000    4.354413843671070062320428865639E-02
       -4.585000000000000000000000000000    4.394186164349194582089226048851E-02
       -4.584000000000000000000000000000    4.434312815607165264326564165283E-02
       -4.583000000000000000000000000000    4.474796870509238993954625625426E-02
       -4.582000000000000000000000000000    4.515641428006212684870796196702E-02
       -4.581000000000000000000000000000    4.556849613146634512503144568821E-02
       -4.580000000000000000000000000000    4.598424577289678667488750514045E-02
       -4.579000000000000000000000000000    4.640369498319696224209763499684E-02
       -4.578000000000000000000000000000    4.682687580862454809057760468999E-02
       -4.577000000000000000000000000000    4.725382056503079845058372335329E-02
       -4.576000000000000000000000000000    4.768456184005710241879296030353E-02
       -4.575000000000000000000000000000    4.811913249534881493269759205064E-02
       -4.574000000000000000000000000000    4.855756566878649237642338519992E-02
       -4.573000000000000000000000000000    4.899989477673466431812854751762E-02
       -4.572000000000000000000000000000    4.944615351630827382865007941046E-02
       -4.571000000000000000000000000000    4.989637586765691978707627280156E-02
       -4.570000000000000000000000000000    5.035059609626703554148071797711E-02
       -4.569000000000000000000000000000    5.080884875528213926219632328275E-02
       -4.568000000000000000000000000000    5.127116868784129230077980847812E-02
       -4.567000000000000000000000000000    5.173759102943590285026043140784E-02
       -4.566000000000000000000000000000    5.220815121028501319142413242461E-02
       -4.565000000000000000000000000000    5.268288495772920980579886775879E-02
       -4.564000000000000000000000000000    5.316182829864329663872194221114E-02
       -4.563000000000000000000000000000    5.364501756186787280542918932436E-02
       -4.562000000000000000000000000000    5.413248938065995704955268683004E-02
       -4.561000000000000000000000000000    5.462428069516280228679239837462E-02
       -4.560000000000000000000000000000    5.512042875489504459688202082202E-02
       -4.559000000000000000000000000000    5.562097112125933206434497250852E-02
       -4.558000000000000000000000000000    5.612594567007057991297772694550E-02
       -4.557000000000000000000000000000    5.663539059410399943054968782580E-02
       -4.556000000000000000000000000000    5.714934440566304923891688931807E-02
       -4.555000000000000000000000000000    5.766784593916745853065663178461E-02
       -4.554000000000000000000000000000    5.819093435376147296648763661334E-02
       -4.553000000000000000000000000000    5.871864913594247500819160372874E-02
       -4.552000000000000000000000000000    5.925103010221013154954363140481E-02
       -4.551000000000000000000000000000    5.978811740173622280293753247753E-02
       -4.550000000000000000000000000000    6.032995151905530750200464997271E-02
       -4.549000000000000000000000000000    6.087657327677638059061860978210E-02
       -4.548000000000000000000000000000    6.142802383831568068630109625782E-02
       -4.547000000000000000000000000000    6.198434471065080573124302448340E-02
       -4.546000000000000000000000000000    6.254557774709629637697951611548E-02
       -4.545000000000000000000000000000    6.311176515010084778925425068669E-02
       -4.544000000000000000000000000000    6.368294947406631170782773021840E-02
       -4.543000000000000000000000000000    6.425917362818865175197371496515E-02
       -4.542000000000000000000000000000    6.484048087932101612621780058679E-02
       -4.541000000000000000000000000000    6.542691485485909305255133742043E-02
       -4.540000000000000000000000000000    6.601851954564891543495245460729E-02
       -4.539000000000000000000000000000    6.661533930891728244961394932488E-02
       -4.538000000000000000000000000000    6.721741887122496694986562939198E-02
       -4.537000000000000000000000000000    6.782480333144287877843704407254E-02
       -4.536000000000000000000000000000    6.843753816375135529148638545456E-02
       -4.535000000000000000000000000000    6.905566922066275161877396971743E-02
       -4.534000000000000000000000000000    6.967924273606750441253568980453E-02
       -4.533000000000000000000000000000    7.030830532830384407406504337398E-02
       -4.532000000000000000000000000000    7.094290400325133169179395785606E-02
       -4.531000000000000000000000000000    7.158308615744839817782513554588E-02
       -4.530000000000000000000000000000    7.222889958123406435146480711234E-02
       -4.529000000000000000000000000000    7.288039246191402198838769813197E-02
       -4.528000000000000000000000000000    7.353761338695125713268907347316E-02
       -4.527000000000000000000000000000    7.420061134718139825629563013613E-02
       -4.526000000000000000000000000000    7.486943574005297314607177201700E-02
       -4.525000000000000000000000000000    7.554413637289275970352474306000E-02
       -4.524000000000000000000000000000    7.622476346619641715533585456897E-02
       -4.523000000000000000000000000000    7.691136765694458549508056897366E-02
       -4.522000000000000000000000000000    7.760400000194464230750276333149E-02
       -4.521000000000000000000000000000    7.830271198119830746663367648624E-02
       -4.520000000000000000000000000000    7.900755550129528754794974887101E-02
       -4.519000000000000000000000000000    7.971858289883315315270201940596E-02
       -4.518000000000000000000000000000    8.043584694386364370957949861120E-02
       -4.517000000000000000000000000000    8.115940084336559569504686422318E-02
       -4.516000000000000000000000000000    8.188929824474469159908012468980E-02
       -4.515000000000000000000000000000    8.262559323936022835767009413126E-02
       -4.514000000000000000000000000000    8.336834036607910537743047634743E-02
       -4.513000000000000000000000000000    8.411759461485723369099325300229E-02
       -4.512000000000000000000000000000    8.487341143034856920465743279279E-02
       -4.511000000000000000000000000000    8.563584671554197443203689926495E-02
       -4.510000000000000000000000000000    8.640495683542611454928828619401E-02
       -4.509000000000000000000000000000    8.718079862068259505895004018883E-02
       -4.508000000000000000000000000000    8.796342937140754981054896907627E-02
       -4.507000000000000000000000000000    8.875290686086188959699083161614E-02
       -4.506000000000000000000000000000    8.954928933925042302640745214467E-02
       -4.505000000000000000000000000000    9.035263553753006285964534052496E-02
       -4.504000000000000000000000000000    9.116300467124733250401110744129E-02
       -4.503000000000000000000000000000    9.198045644440538886429867995872E-02
       -4.502000000000000000000000000000    9.280505105336077927257438467627E-02
       -4.501000000000000000000000000000    9.363684919075015174875066973465E-02
       -4.500000000000000000000000000000    9.447591204944713938470022986500E-02
       -4.499000000000000000000000000000    9.532230132654964119561258328630E-02
       -4.498000000000000000000000000000    9.617607922739772334353808528930E-02
       -4.497000000000000000000000000000    9.703730846962236620966366928935E-02
       -4.496000000000000000000000000000    9.790605228722528437388436108137E-02
       -4.495000000000000000000000000000    9.878237443469004815273925745587E-02
       -4.494000000000000000000000000000    9.966633919112473694983500189523E-02
       -4.493000000000000000000000000000    1.005580113644363562865489994171E-01
       -4.492000000000000000000000000000    1.014574562955372520051542292398E-01
       -4.491000000000000000000000000000    1.023647398625837567716034469280E-01
       -4.490000000000000000000000000000    1.032799284852473056511190976293E-01
       -4.489000000000000000000000000000    1.042030891290182591865230428467E-01
       -4.488000000000000000000000000000    1.051342893095426740769742639814E-01
       -4.487000000000000000000000000000    1.060735970969922632335304527394E-01
       -4.486000000000000000000000000000    1.070210811204677886777786163998E-01
       -4.485000000000000000000000000000    1.079768105724361324507586806460E-01
       -4.484000000000000000000000000000    1.089408552132012924116011125461E-01
       -4.483000000000000000000000000000    1.099132853754095515287837442350E-01
       -4.482000000000000000000000000000    1.108941719685890710017535732113E-01
       -4.481000000000000000000000000000    1.118835864837241592969260555639E-01
       -4.480000000000000000000000000000    1.128816009978644709398373917159E-01
       -4.479000000000000000000000000000    1.138882881787693906745550204329E-01
       -4.478000000000000000000000000000    1.149037212895878603824188699250E-01
       -4.477000000000000000000000000000    1.159279741935739079448621449290E-01
       -4.476000000000000000000000000000    1.169611213588381390395172336618E-01
       -4.475000000000000000000000000000    1.180032378631354546751217763329E-01
       -4.474000000000000000000000000000    1.190543993986892590989745271795E-01
       -4.473000000000000000000000000000    1.201146822770524245509232481952E-01
       -4.472000000000000000000000000000    1.211841634340052811901707841012E-01
       -4.471000000000000000000000000000    1.222629204344909023856343816027E-01
       -4.470000000000000000000000000000    1.233510314775879574372613382653E-01
       -4.469000000000000000000000000000    1.244485754015214056846657158167E-01
       -4.468000000000000000000000000000    1.255556316887113078607810614225E-01
       -4.467000000000000000000000000000    1.266722804708600324619981962998E-01
       -4.466000000000000000000000000000    1.277986025340781368325509194637E-01
       -4.465000000000000000000000000000    1.289346793240492045998021207234E-01
       -4.464000000000000000000000000000    1.300805929512339230486449083327E-01
       -4.463000000000000000000000000000    1.312364261961136859875449638280E-01
       -4.462000000000000000000000000000    1.324022625144740096358888963142E-01
       -4.461000000000000000000000000000    1.335781860427280510523467654414E-01
       -4.460000000000000000000000000000    1.347642816032805206269834911956E-01
       -4.459000000000000000000000000000    1.359606347099322821759423161053E-01
       -4.458000000000000000000000000000    1.371673315733259362067530123322E-01
       -4.457000000000000000000000000000    1.383844591064326839647677494164E-01
       -4.456000000000000000000000000000    1.396121049300807719269785134727E-01
       -4.455000000000000000000000000000    1.408503573785258184786021911332E-01
       -4.454000000000000000000000000000    1.420993055050633265904138397039E-01
       -4.453000000000000000000000000000    1.433590390876836884109466417146E-01
       -4.452000000000000000000000000000    1.446296486347699897974404168890E-01
       -4.451000000000000000000000000000    1.459112253908389249328916160104E-01
       -4.450000000000000000000000000000    1.472038613423251333138191787190E-01
       -4.449000000000000000000000000000    1.485076492234092735444956835997E-01
       -4.448000000000000000000000000000    1.498226825218901505384854919949E-01
       -4.447000000000000000000000000000    1.511490554851012149074651822685E-01
       -4.446000000000000000000000000000    1.524868631258717555105610438893E-01
       -4.445000000000000000000000000000    1.538362012285331083449087676450E-01
       -4.444000000000000000000000000000    1.551971663549702071799072105450E-01
       -4.443000000000000000000000000000    1.565698558507188035737871787064E-01
       -4.442000000000000000000000000000    1.579543678511086861617339743936E-01
       -4.441000000000000000000000000000    1.593508012874532313699758806425E-01
       -4.440000000000000000000000000000    1.607592558932856199900671676799E-01
       -4.439000000000000000000000000000    1.621798322106420563421414338331E-01
       -4.438000000000000000000000000000    1.636126315963923290652774513443E-01
       -4.437000000000000000000000000000    1.650577562286180548973939655325E-01
       -4.436000000000000000000000000000    1.665153091130389491463613669772E-01
       -4.435000000000000000000000000000    1.679853940894874689083765778102E-01
       -4.434000000000000000000000000000    1.694681158384321774591831080884E-01
       -4.433000000000000000000000000000    1.709635798875501806285217785362E-01
       -4.432000000000000000000000000000    1.724718926183489883683602945016E-01
       -4.431000000000000000000000000000    1.739931612728381571410634088121E-01
       -4.430000000000000000000000000000    1.755274939602510711848220398712E-01
       -4.429000000000000000000000000000    1.770749996638172231604521251291E-01
       -4.428000000000000000000000000000    1.786357882475853571461953984678E-01
       -4.427000000000000000000000000000    1.802099704632978394254983949572E-01
       -4.426000000000000000000000000000    1.817976579573166250070070245624E-01
       -4.425000000000000000000000000000    1.833989632776011903262867415393E-01
       -4.424000000000000000000000000000    1.850139998807388051051579017247E-01
       -4.423000000000000000000000000000    1.866428821390275188871180908571E-01
       -4.422000000000000000000000000000    1.882857253476122403262042827686E-01
       -4.421000000000000000000000000000    1.899426457316742898819244226917E-01
       -4.420000000000000000000000000000    1.916137604536748091646577228741E-01
       -4.419000000000000000000000000000    1.932991876206524127842834214366E-01
       -4.418000000000000000000000000000    1.949990462915754711798473308855E-01
       -4.417000000000000000000000000000    1.967134564847494155499130560578E-01
       -4.416000000000000000000000000000    1.984425391852794586619696872283E-01
       -4.415000000000000000000000000000    2.001864163525891279949799983587E-01
       -4.414000000000000000000000000000    2.019452109279950103619531621627E-01
       -4.413000000000000000000000000000    2.037190468423381098694147278220E-01
       -4.412000000000000000000000000000    2.055080490236722237979256271626E-01
       -4.411000000000000000000000000000    2.073123434050097437324733550250E-01
       -4.410000000000000000000000000000    2.091320569321252920337248268185E-01
       -4.409000000000000000000000000000    2.109673175714176065208949139616E-01
       -4.408000000000000000000000000000    2.128182543178300890344510073832E-01
       -4.407000000000000000000000000000    2.146849972028304363621464225456E-01
       -4.406000000000000000000000000000    2.165676773024497748450588517562E-01
       -4.405000000000000000000000000000    2.184664267453817228315097618182E-01
       -4.404000000000000000000000000000    2.203813787211418080160625564966E-01
       -4.403000000000000000000000000000    2.223126674882876695883479637744E-01
       -4.402000000000000000000000000000    2.242604283827004780223515206550E-01
       -4.401000000000000000000000000000    2.262247978259280082611278323834E-01
       -4.400000000000000000000000000000    2.282059133335898049947876658385E-01
       -4.399000000000000000000000000000    2.302039135238448816911456568593E-01
       -4.398000000000000000000000000000    2.322189381259223980187278002965E-01
       -4.397000000000000000000000000000    2.342511279887157633010288575915E-01
       -4.396000000000000000000000000000    2.363006250894406166590908463130E-01
       -4.395000000000000000000000000000    2.383675725423571375367559372412E-01
       -4.394000000000000000000000000000    2.404521146075571433594420290334E-01
       -4.393000000000000000000000000000    2.425543966998164341531092364943E-01
       -4.392000000000000000000000000000    2.446745653975128470453433433409E-01
       -4.391000000000000000000000000000    2.468127684516104866852913531611E-01
       -4.390000000000000000000000000000    2.489691547947106007536586364399E-01
       -4.389000000000000000000000000000    2.511438745501695728882314274939E-01
       -4.388000000000000000000000000000    2.533370790412845085245377829857E-01
       -4.387000000000000000000000000000    2.555489208005468923454203857964E-01
       -4.386000000000000000000000000000    2.577795535789647992475821817814E-01
       -4.385000000000000000000000000000    2.600291323554541439676977973893E-01
       -4.384000000000000000000000000000    2.622978133462994577655776386744E-01
       -4.383000000000000000000000000000    2.645857540146846838372457653340E-01
       -4.382000000000000000000000000000    2.668931130802944864267659312483E-01
       -4.381000000000000000000000000000    2.692200505289865719223420682631E-01
       -4.380000000000000000000000000000    2.715667276225355235597500664741E-01
       -4.379000000000000000000000000000    2.739333069084486547146476998161E-01
       -4.378000000000000000000000000000    2.763199522298543891448803147439E-01
       -4.377000000000000000000000000000    2.787268287354636799446734260276E-01
       -4.376000000000000000000000000000    2.811541028896049823947022631493E-01
       -4.375000000000000000000000000000    2.836019424823332993355758343602E-01
       -4.374000000000000000000000000000    2.860705166396138211573931117210E-01
       -4.373000000000000000000000000000    2.885599958335806859848460184580E-01
       -4.372000000000000000000000000000    2.910705518928713891459831920210E-01
       -4.371000000000000000000000000000    2.936023580130373745433358207112E-01
       -4.370000000000000000000000000000    2.961555887670313440987686758856E-01
       -4.369000000000000000000000000000    2.987304201157718250182829044517E-01
       -4.368000000000000000000000000000    3.013270294187855382201899810726E-01
       -4.367000000000000000000000000000    3.039455954449281148897268769511E-01
       -4.366000000000000000000000000000    3.065862983831837117654200731969E-01
       -4.365000000000000000000000000000    3.092493198535440794274602855512E-01
       -4.364000000000000000000000000000    3.119348429179676415461510935000E-01
       -4.363000000000000000000000000000    3.146430520914191467592741691369E-01
       -4.362000000000000000000000000000    3.173741333529904585811032397613E-01
       -4.361000000000000000000000000000    3.201282741571030525029307278409E-01
       -4.360000000000000000000000000000    3.229056634447927932254783047569E-01
       -4.359000000000000000000000000000    3.257064916550775687675791631168E-01
       -4.358000000000000000000000000000    3.285309507364083620231801319917E-01
       -4.357000000000000000000000000000    3.313792341582043441901509919906E-01
       -4.356000000000000000000000000000    3.342515369224725783697423434293E-01
       -4.355000000000000000000000000000    3.371480555755129255349386837982E-01
       -4.354000000000000000000000000000    3.400689882197087489895471980233E-01
       -4.353000000000000000000000000000    3.430145345254040173877830922549E-01
       -4.352000000000000000000000000000    3.459848957428674103564977455896E-01
       -4.351000000000000000000000000000    3.489802747143440347591858544899E-01
       -4.350000000000000000000000000000    3.520008758861953636626421487887E-01
       -4.349000000000000000000000000000    3.550469053211280141137579228808E-01
       -4.348000000000000000000000000000    3.581185707105119839055940206213E-01
       -4.347000000000000000000000000000    3.612160813867889716086822229407E-01
       -4.346000000000000000000000000000    3.643396483359714082656341174134E-01
       -4.345000000000000000000000000000    3.674894842102328332947191049326E-01
       -4.344000000000000000000000000000    3.706658033405902513212555710374E-01
       -4.343000000000000000000000000000    3.738688217496791108545864969685E-01
       -4.342000000000000000000000000000    3.770987571646215499532287177460E-01
       -4.341000000000000000000000000000    3.803558290299885582716401950094E-01
       -4.340000000000000000000000000000    3.836402585208567091590893415742E-01
       -4.339000000000000000000000000000    3.869522685559601197844826332956E-01
       -4.338000000000000000000000000000    3.902920838109383015908602357107E-01
       -4.337000000000000000000000000000    3.936599307316805677397536681288E-01
       -4.336000000000000000000000000000    3.970560375477676685888648858035E-01
       -4.335000000000000000000000000000    4.004806342860113306567235934415E-01
       -4.334000000000000000000000000000    4.039339527840923789652608780492E-01
       -4.333000000000000000000000000000    4.074162267042981271157548921572E-01
       -4.332000000000000000000000000000    4.109276915473597239455116177673E-01
       -4.331000000000000000000000000000    4.144685846663901501320947498892E-01
       -4.330000000000000000000000000000    4.180391452809235626590682773004E-01
       -4.329000000000000000000000000000    4.216396144910566896322189994958E-01
       -4.328000000000000000000000000000    4.252702352916929825382403693883E-01
       -4.327000000000000000000000000000    4.289312525868902376690408355086E-01
       -4.326000000000000000000000000000    4.326229132043124030943472002927E-01
       -4.325000000000000000000000000000    4.363454659097862922532651215803E-01
       -4.324000000000000000000000000000    4.400991614219639299520942588497E-01
       -4.323000000000000000000000000000    4.438842524270912613011349905322E-01
       -4.322000000000000000000000000000    4.477009935938839588976281840594E-01
       -4.321000000000000000000000000000    4.515496415885110683655010630113E-01
       -4.320000000000000000000000000000    4.554304550896872371954134627196E-01
       -4.319000000000000000000000000000    4.593436948038742766908731771077E-01
       -4.318000000000000000000000000000    4.632896234805928117180809620333E-01
       -4.317000000000000000000000000000    4.672685059278447778788401703420E-01
       -4.316000000000000000000000000000    4.712806090276475306774888606134E-01
       -4.315000000000000000000000000000    4.753262017516803362345502708528E-01
       -4.314000000000000000000000000000    4.794055551770440181118183253739E-01
       -4.313000000000000000000000000000    4.835189425021345398560667158557E-01
       -4.312000000000000000000000000000    4.876666390626313079416622602493E-01
       -4.311000000000000000000000000000    4.918489223476009848962457194342E-01
       -4.310000000000000000000000000000    4.960660720157176075284868976442E-01
       -4.309000000000000000000000000000    5.003183699115998103428973610926E-01
       -4.308000000000000000000000000000    5.046061000822659594239660117056E-01
       -4.307000000000000000000000000000    5.089295487937080073006434239150E-01
       -4.306000000000000000000000000000    5.132890045475848845626145126182E-01
       -4.305000000000000000000000000000    5.176847580980362492920408196256E-01
       -4.304000000000000000000000000000    5.221171024686174206986994069000E-01
       -4.303000000000000000000000000000    5.265863329693563287028718064764E-01
       -4.302000000000000000000000000000    5.310927472139333165991213374582E-01
       -4.301000000000000000000000000000    5.356366451369846393554188611319E-01
       -4.300000000000000000000000000000    5.402183290115305055561150734737E-01
       -4.299000000000000000000000000000    5.448381034665285164841919672892E-01
       -4.298000000000000000000000000000    5.494962755045533613582382440941E-01
       -4.297000000000000000000000000000    5.541931545196036332928652052964E-01
       -4.296000000000000000000000000000    5.589290523150366361379938698142E-01
       -4.295000000000000000000000000000    5.637042831216320579727845008505E-01
       -4.294000000000000000000000000000    5.685191636157853926841310147619E-01
       -4.293000000000000000000000000000    5.733740129378319967477904166390E-01
       -4.292000000000000000000000000000    5.782691527105026740525478808187E-01
       -4.291000000000000000000000000000    5.832049070575116873645186876604E-01
       -4.290000000000000000000000000000    5.881816026222781008199471586597E-01
       -4.289000000000000000000000000000    5.931995685867813636608691225403E-01
       -4.288000000000000000000000000000    5.982591366905520512889483250341E-01
       -4.287000000000000000000000000000    6.033606412497986856088695053522E-01
       -4.286000000000000000000000000000    6.085044191766715625640634580465E-01
       -4.285000000000000000000000000000    6.136908099986645207344450532842E-01
       -4.284000000000000000000000000000    6.189201558781555908684575962074E-01
       -4.283000000000000000000000000000    6.241928016320874722602306867731E-01
       -4.282000000000000000000000000000    6.295090947517887879572694435668E-01
       -4.281000000000000000000000000000    6.348693854229370768949970589151E-01
       -4.280000000000000000000000000000    6.402740265456644872018675742100E-01
       -4.279000000000000000000000000000    6.457233737548071411028498588460E-01
       -4.278000000000000000000000000000    6.512177854402991480700563414608E-01
       -4.277000000000000000000000000000    6.567576227677122491273513224178E-01
       -4.276000000000000000000000000000    6.623432496989420815111248856946E-01
       -4.275000000000000000000000000000    6.679750330130420592222616739758E-01
       -4.274000000000000000000000000000    6.736533423272058713748721972307E-01
       -4.273000000000000000000000000000    6.793785501178996066557919774177E-01
       -4.272000000000000000000000000000    6.851510317421445186553957194076E-01
       -4.271000000000000000000000000000    6.909711654589514533151258377672E-01
       -4.270000000000000000000000000000    6.968393324509079662605040290885E-01
       -4.269000000000000000000000000000    7.027559168459191643504891035099E-01
       -4.268000000000000000000000000000    7.087213057391033123750728989958E-01
       -4.267000000000000000000000000000    7.147358892148432524731787021473E-01
       -4.266000000000000000000000000000    7.208000603689946905224540800234E-01
       -4.265000000000000000000000000000    7.269142153312524104716442684254E-01
       -4.264000000000000000000000000000    7.330787532876754843451061363014E-01
       -4.263000000000000000000000000000    7.392940765033725524478901231674E-01
       -4.262000000000000000000000000000    7.455605903453482551388932970513E-01
       -4.261000000000000000000000000000    7.518787033055119044190866789498E-01
       -4.260000000000000000000000000000    7.582488270238494905019611085178E-01
       -4.259000000000000000000000000000    7.646713763117601254943360785994E-01
       -4.258000000000000000000000000000    7.711467691755580333177540523967E-01
       -4.257000000000000000000000000000    7.776754268401412020440587246322E-01
       -4.256000000000000000000000000000    7.842577737728278219036504476882E-01
       -4.255000000000000000000000000000    7.908942377073616393515475924301E-01
       -4.254000000000000000000000000000    7.975852496680873647449819583280E-01
       -4.253000000000000000000000000000    8.043312439942972783970435294329E-01
       -4.252000000000000000000000000000    8.111326583647501870240899700855E-01
       -4.251000000000000000000000000000    8.179899338223638899004753865142E-01
       -4.250000000000000000000000000000    8.249035147990823213728582122656E-01
       -4.249000000000000000000000000000    8.318738491409185437681478199476E-01
       -4.248000000000000000000000000000    8.389013881331747721542728847829E-01
       -4.247000000000000000000000000000    8.459865865258406198816319488996E-01
       -4.246000000000000000000000000000    8.531299025591707613455494410403E-01
       -4.245000000000000000000000000000    8.603317979894432159665410401225E-01
       -4.244000000000000000000000000000    8.675927381148994649859242460154E-01
       -4.243000000000000000000000000000    8.749131918018676203195279215051E-01
       -4.242000000000000000000000000000    8.822936315110698724021940552700E-01
       -4.241000000000000000000000000000    8.897345333241154516906628052474E-01
       -4.240000000000000000000000000000    8.972363769701803462725258361592E-01
       -4.239000000000000000000000000000    9.047996458528750258544619717857E-01
       -4.238000000000000000000000000000    9.124248270773014302741732397193E-01
       -4.237000000000000000000000000000    9.201124114773004885975595857744E-01
       -4.236000000000000000000000000000    9.278628936428914428259490668682E-01
       -4.235000000000000000000000000000    9.356767719479042582478804866493E-01
       -4.234000000000000000000000000000    9.435545485778064105262616146347E-01
       -4.233000000000000000000000000000    9.514967295577253477149438337013E-01
       -4.232000000000000000000000000000    9.595038247806679335491099123046E-01
       -4.231000000000000000000000000000    9.675763480359381865516133336596E-01
       -4.230000000000000000000000000000    9.757148170377546377427840921522E-01
       -4.229000000000000000000000000000    9.839197534540686380344770700755E-01
       -4.228000000000000000000000000000    9.921916829355849547305361466394E-01
       -4.227000000000000000000000000000    1.000531135144986004945632309859E+00
       -4.226000000000000000000000000000    1.008938643786361082192860620492E+00
       -4.225000000000000000000000000000    1.017414746634841940877803436043E+00
       -4.224000000000000000000000000000    1.025959985566446111973241506471E+00
       -4.223000000000000000000000000000    1.034574906588129331734577214084E+00
       -4.222000000000000000000000000000    1.043260059868048473951583312586E+00
       -4.221000000000000000000000000000    1.052015999766036384917565144486E+00
       -4.220000000000000000000000000000    1.060843284864290029032684761853E+00
       -4.219000000000000000000000000000    1.069742477998273361744303086194E+00
       -4.218000000000000000000000000000    1.078714146287836355364013829796E+00
       -4.217000000000000000000000000000    1.087758861168551612188834145469E+00
       -4.216000000000000000000000000000    1.096877198423270008293046831820E+00
       -4.215000000000000000000000000000    1.106069738213896820347723533667E+00
       -4.214000000000000000000000000000    1.115337065113389796867265061784E+00
       -4.213000000000000000000000000000    1.124679768137980644376642219851E+00
       -4.212000000000000000000000000000    1.134098440779621408139678067006E+00
       -4.211000000000000000000000000000    1.143593681038657236287951254670E+00
       -4.210000000000000000000000000000    1.153166091456727025441992047799E+00
       -4.209000000000000000000000000000    1.162816279149893455221661167944E+00
       -4.208000000000000000000000000000    1.172544855842003928401221179426E+00
       -4.207000000000000000000000000000    1.182352437898283942876906492437E+00
       -4.206000000000000000000000000000    1.192239646359164431081048104215E+00
       -4.205000000000000000000000000000    1.202207106974344611997291086612E+00
       -4.204000000000000000000000000000    1.212255450237091910506435922726E+00
       -4.203000000000000000000000000000    1.222385311418780508422219690799E+00
       -4.202000000000000000000000000000    1.232597330603670101261211614500E+00
       -4.201000000000000000000000000000    1.242892152723926444531212703775E+00
       -4.200000000000000000000000000000    1.253270427594885283118405396796E+00
       -4.199000000000000000000000000000    1.263732809950561267205281820383E+00
       -4.198000000000000000000000000000    1.274279959479403468059375299493E+00
       -4.197000000000000000000000000000    1.284912540860299116997317101763E+00
       -4.196000000000000000000000000000    1.295631223798827200850028390941E+00
       -4.195000000000000000000000000000    1.306436683063763557333226531705E+00
       -4.194000000000000000000000000000    1.317329598523839123863167048509E+00
       -4.193000000000000000000000000000    1.328310655184753003550950769462E+00
       -4.192000000000000000000000000000    1.339380543226442022360094329867E+00
       -4.191000000000000000000000000000    1.350539958040608461721686889997E+00
       -4.190000000000000000000000000000    1.361789600268507661269633537274E+00
       -4.189000000000000000000000000000    1.373130175838997196785514575624E+00
       -4.188000000000000000000000000000    1.384562396006849348928769221992E+00
       -4.187000000000000000000000000000    1.396086977391328588873542889431E+00
       -4.186000000000000000000000000000    1.407704642015035817578921289596E+00
       -4.185000000000000000000000000000    1.419416117343021106084715384897E+00
       -4.184000000000000000000000000000    1.431222136322166694950763413815E+00
       -4.183000000000000000000000000000    1.443123437420842021744185760279E+00
       -4.182000000000000000000000000000    1.455120764668832556326472607649E+00
       -4.181000000000000000000000000000    1.467214867697544234601011692210E+00
       -4.180000000000000000000000000000    1.479406501780485292351983950583E+00
       -4.179000000000000000000000000000    1.491696427874027311837779662715E+00
       -4.178000000000000000000000000000    1.504085412658447304896529375955E+00
       -4.177000000000000000000000000000    1.516574228579252667478316334888E+00
       -4.176000000000000000000000000000    1.529163653888790851738455549248E+00
       -4.175000000000000000000000000000    1.541854472688145613109205559511E+00
       -4.174000000000000000000000000000    1.554647474969321701113740299917E+00
       -4.173000000000000000000000000000    1.567543456657719874096469451365E+00
       -4.172000000000000000000000000000    1.580543219654904129518176911365E+00
       -4.171000000000000000000000000000    1.593647571881663053003270429024E+00
       -4.170000000000000000000000000000    1.606857327321367200930024361787E+00
       -4.169000000000000000000000000000    1.620173306063624443023376571768E+00
       -4.168000000000000000000000000000    1.633596334348235203143935723234E+00
       -4.167000000000000000000000000000    1.647127244609449548266694070020E+00
       -4.166000000000000000000000000000    1.660766875520528087508852007026E+00
       -4.165000000000000000000000000000    1.674516072038608654998474356775E+00
       -4.164000000000000000000000000000    1.688375685449880762374746105444E+00
       -4.163000000000000000000000000000    1.702346573415069818776710014545E+00
       -4.162000000000000000000000000000    1.716429600015233128310884526214E+00
       -4.161000000000000000000000000000    1.730625635797869687189413357974E+00
       -4.160000000000000000000000000000    1.744935557823345814999725251145E+00
       -4.159000000000000000000000000000    1.759360249711638666904422002305E+00
       -4.158000000000000000000000000000    1.773900601689399685976605082134E+00
       -4.157000000000000000000000000000    1.788557510637340067351437153617E+00
       -4.156000000000000000000000000000    1.803331880137940318419757379202E+00
       -4.155000000000000000000000000000    1.818224620523486011904372709504E+00
       -4.154000000000000000000000000000    1.833236648924431841344576952366E+00
       -4.153000000000000000000000000000    1.848368889318096101269852334269E+00
       -4.152000000000000000000000000000    1.863622272577687727169932920421E+00
       -4.151000000000000000000000000000    1.878997736521668043265805523712E+00
       -4.150000000000000000000000000000    1.894496225963449379055142912354E+00
       -4.149000000000000000000000000000    1.910118692761432728646458970309E+00
       -4.148000000000000000000000000000    1.925866095869386640009300168051E+00
       -4.147000000000000000000000000000    1.941739401387169534453397908827E+00
       -4.146000000000000000000000000000    1.957739582611797669908259126171E+00
       -4.145000000000000000000000000000    1.973867620088860974906526479093E+00
       -4.144000000000000000000000000000    1.990124501664288993579954640937E+00
       -4.143000000000000000000000000000    2.006511222536469195456386991490E+00
       -4.142000000000000000000000000000    2.023028785308719917400040454346E+00
       -4.141000000000000000000000000000    2.039678200042120218666079701556E+00
       -4.140000000000000000000000000000    2.056460484308698943744251381997E+00
       -4.139000000000000000000000000000    2.073376663244985301445621806924E+00
       -4.138000000000000000000000000000    2.090427769605923282541586520190E+00
       -4.137000000000000000000000000000    2.107614843819152252195667755342E+00
       -4.136000000000000000000000000000    2.124938934039656067436557794819E+00
       -4.135000000000000000000000000000    2.142401096204783084005776052768E+00
       -4.134000000000000000000000000000    2.160002394089639431075560159052E+00
       -4.133000000000000000000000000000    2.177743899362857946572582789839E+00
       -4.132000000000000000000000000000    2.195626691642745180161154340895E+00
       -4.131000000000000000000000000000    2.213651858553808885336116157866E+00
       -4.130000000000000000000000000000    2.231820495783668436551030825063E+00
       -4.129000000000000000000000000000    2.250133707140350621861917393150E+00
       -4.128000000000000000000000000000    2.268592604609973276201044344397E+00
       -4.127000000000000000000000000000    2.287198308414819235109567028145E+00
       -4.126000000000000000000000000000    2.305951947071803103552466258073E+00
       -4.125000000000000000000000000000    2.324854657451333349314699292512E+00
       -4.124000000000000000000000000000    2.343907584836572245434103605671E+00
       -4.123000000000000000000000000000    2.363111882983096201164789331885E+00
       -4.122000000000000000000000000000    2.382468714178959036084911205580E+00
       -4.121000000000000000000000000000    2.401979249305160767165219957588E+00
       -4.120000000000000000000000000000    2.421644667896524493900052750444E+00
       -4.119000000000000000000000000000    2.441466158202983981970830187971E+00
       -4.118000000000000000000000000000    2.461444917251284561364083127976E+00
       -4.117000000000000000000000000000    2.481582150907099970401936938772E+00
       -4.116000000000000000000000000000    2.501879073937567792763236519420E+00
       -4.115000000000000000000000000000    2.522336910074246150278506473874E+00
       -4.114000000000000000000000000000    2.542956892076494330072112993434E+00
       -4.113000000000000000000000000000    2.563740261795280040500734545412E+00
       -4.112000000000000000000000000000    2.584688270237416006298966260689E+00
       -4.111000000000000000000000000000    2.605802177630228629390988420904E+00
       -4.110000000000000000000000000000    2.627083253486661457962134723565E+00
       -4.109000000000000000000000000000    2.648532776670816222606314704314E+00
       -4.108000000000000000000000000000    2.670152035463934214674992075377E+00
       -4.107000000000000000000000000000    2.691942327630820798351213658589E+00
       -4.106000000000000000000000000000    2.713904960486715864458440520143E+00
       -4.105000000000000000000000000000    2.736041250964613050589073934834E+00
       -4.104000000000000000000000000000    2.758352525683030568802015619105E+00
       -4.103000000000000000000000000000    2.780840121014236498892777593816E+00
       -4.102000000000000000000000000000    2.803505383152931422083987012512E+00
       -4.101000000000000000000000000000    2.826349668185391286919041889639E+00
       -4.100000000000000000000000000000    2.849374342159073416167593087695E+00
       -4.099000000000000000000000000000    2.872580781152688580668886009580E+00
       -4.098000000000000000000000000000    2.895970371346742083248223667857E+00
       -4.097000000000000000000000000000    2.919544509094546813143344284134E+00
       -4.096000000000000000000000000000    2.943304600993711248771776072850E+00
       -4.095000000000000000000000000000    2.967252063958105404157675797709E+00
       -4.094000000000000000000000000000    2.991388325290307731917714122035E+00
       -4.093000000000000000000000000000    3.015714822754536013380679429697E+00
       -4.092000000000000000000000000000    3.040233004650065284185074054178E+00
       -4.091000000000000000000000000000    3.064944329885135861563515767467E+00
       -4.090000000000000000000000000000    3.089850268051354557482677662378E+00
       -4.089000000000000000000000000000    3.114952299498592179863247597781E+00
       -4.088000000000000000000000000000    3.140251915410380442256412226525E+00
       -4.087000000000000000000000000000    3.165750617879811420602120029354E+00
       -4.086000000000000000000000000000    3.191449919985942714040304155151E+00
       -4.085000000000000000000000000000    3.217351345870711485189802324126E+00
       -4.084000000000000000000000000000    3.243456430816360573851352380271E+00
       -4.083000000000000000000000000000    3.269766721323379896731224768989E+00
       -4.082000000000000000000000000000    3.296283775188966364521235447444E+00
       -4.081000000000000000000000000000    3.323009161586005566509524389966E+00
       -4.080000000000000000000000000000    3.349944461142578491835047512540E+00
       -4.079000000000000000000000000000    3.377091266021996575537676798802E+00
       -4.078000000000000000000000000000    3.404451180003368376695599664002E+00
       -4.077000000000000000000000000000    3.432025818562701215182820855082E+00
       -4.076000000000000000000000000000    3.459816808954541112922466882385E+00
       -4.075000000000000000000000000000    3.487825790294154404956744259097E+00
       -4.074000000000000000000000000000    3.516054413640254405202280558947E+00
       -4.073000000000000000000000000000    3.544504342078276531410655087582E+00
       -4.072000000000000000000000000000    3.573177250804205313608679124824E+00
       -4.071000000000000000000000000000    3.602074827208956730151891292808E+00
       -4.070000000000000000000000000000    3.631198770963319335488270434187E+00
       -4.069000000000000000000000000000    3.660550794103457663797816980082E+00
       -4.068000000000000000000000000000    3.690132621116981412847896426574E+00
       -4.067000000000000000000000000000    3.719945989029583932684559245011E+00
       -4.066000000000000000000000000000    3.749992647492253564166936097670E+00
       -4.065000000000000000000000000000    3.780274358869061392845743141634E+00
       -4.064000000000000000000000000000    3.810792898325529004288408760566E+00
       -4.063000000000000000000000000000    3.841550053917579847662841305970E+00
       -4.062000000000000000000000000000    3.872547626681077835209890157693E+00
       -4.061000000000000000000000000000    3.903787430721956826161604194371E+00
       -4.060000000000000000000000000000    3.935271293306944664698958932684E+00
       -4.059000000000000000000000000000    3.967001054954885462689304255628E+00
       -4.058000000000000000000000000000    3.998978569528663839200878684677E+00
       -4.057000000000000000000000000000    4.031205704327734850159845216417E+00
       -4.056000000000000000000000000000    4.063684340181263362994931279068E+00
       -4.055000000000000000000000000000    4.096416371541876652706406589954E+00
       -4.054000000000000000000000000000    4.129403706580034017500314619614E+00
       -4.053000000000000000000000000000    4.162648267279017233946094789502E+00
       -4.052000000000000000000000000000    4.196151989530545693546504038260E+00
       -4.051000000000000000000000000000    4.229916823231020084653580371970E+00
       -4.050000000000000000000000000000    4.263944732378398505823801650459E+00
       -4.049000000000000000000000000000    4.298237695169708918980096139799E+00
       -4.048000000000000000000000000000    4.332797704099201873138475070032E+00
       -4.047000000000000000000000000000    4.367626766057147451963301172957E+00
       -4.046000000000000000000000000000    4.402726902429280421038102343917E+00
       -4.045000000000000000000000000000    4.438100149196897573478909392545E+00
       -4.044000000000000000000000000000    4.473748557037611295374866354745E+00
       -4.043000000000000000000000000000    4.509674191426763395516857884257E+00
       -4.042000000000000000000000000000    4.545879132739503266969649500510E+00
       -4.041000000000000000000000000000    4.582365476353534471257073437294E+00
       -4.040000000000000000000000000000    4.619135332752533859263647837713E+00
       -4.039000000000000000000000000000    4.656190827630247366410224227766E+00
       -4.038000000000000000000000000000    4.693534101995266643236353558061E+00
       -4.037000000000000000000000000000    4.731167312276490706218582449806E+00
       -4.036000000000000000000000000000    4.769092630429276817472378272993E+00
       -4.035000000000000000000000000000    4.807312244042284825926375817424E+00
       -4.034000000000000000000000000000    4.845828356445019226621682928389E+00
       -4.033000000000000000000000000000    4.884643186816073218976622751052E+00
       -4.032000000000000000000000000000    4.923758970292079069169073190419E+00
       -4.031000000000000000000000000000    4.963177958077369106225038726522E+00
       -4.030000000000000000000000000000    5.002902417554351705963806558819E+00
       -4.029000000000000000000000000000    5.042934632394606641637550775647E+00
       -4.028000000000000000000000000000    5.083276902670704204917109297272E+00
       -4.027000000000000000000000000000    5.123931544968752525816425026968E+00
       -4.026000000000000000000000000000    5.164900892501677545216373128030E+00
       -4.025000000000000000000000000000    5.206187295223240118844950653982E+00
       -4.024000000000000000000000000000    5.247793119942794756895644789165E+00
       -4.023000000000000000000000000000    5.289720750440794528919785470878E+00
       -4.022000000000000000000000000000    5.331972587585046689212392796391E+00
       -4.021000000000000000000000000000    5.374551049447723603625016876008E+00
       -4.020000000000000000000000000000    5.417458571423133584583907059458E+00
       -4.019000000000000000000000000000    5.460697606346256267068109997488E+00
       -4.018000000000000000000000000000    5.504270624612047184410354943246E+00
       -4.017000000000000000000000000000    5.548180114295516229024415070359E+00
       -4.016000000000000000000000000000    5.592428581272584709536612291657E+00
       -4.015000000000000000000000000000    5.637018549341725742306838895230E+00
       -4.014000000000000000000000000000    5.681952560346392741966482951764E+00
       -4.013000000000000000000000000000    5.727233174298240802377548457326E+00
       -4.012000000000000000000000000000    5.772862969501145786329640019433E+00
       -4.011000000000000000000000000000    5.818844542676025969339921925067E+00
       -4.010000000000000000000000000000    5.865180509086471110106250897042E+00
       -4.009000000000000000000000000000    5.911873502665183847486010896397E+00
       -4.008000000000000000000000000000    5.958926176141238351333339009610E+00
       -4.007000000000000000000000000000    6.006341201168161182126017717364E+00
       -4.006000000000000000000000000000    6.054121268452839342050916526196E+00
       -4.005000000000000000000000000000    6.102269087885260528094092810107E+00
       -4.004000000000000000000000000000    6.150787388669090625699107416379E+00
       -4.003000000000000000000000000000    6.199678919453093509715376707013E+00
       -4.002000000000000000000000000000    6.248946448463398247658072711970E+00
       -4.001000000000000000000000000000    6.298592763636618828742802351653E+00
       -4.000000000000000000000000000000    6.348620672753831570742652545274E+00
       -3.999000000000000000000000000000    6.399033003575415385442789674274E+00
       -3.998000000000000000000000000000    6.449832603976760112339260447073E+00
       -3.997000000000000000000000000000    6.501022342084848159244569761102E+00
       -3.996000000000000000000000000000    6.552605106415714717623624647032E+00
       -3.995000000000000000000000000000    6.604583806012791849790348694620E+00
       -3.994000000000000000000000000000    6.656961370586141774548307307316E+00
       -3.993000000000000000000000000000    6.709740750652584707458661443653E+00
       -3.992000000000000000000000000000    6.762924917676726641666308831226E+00
       -3.991000000000000000000000000000    6.816516864212892485110801562457E+00
       -3.990000000000000000000000000000    6.870519604047969999993174005078E+00
       -3.989000000000000000000000000000    6.924936172345170020563803516552E+00
       -3.988000000000000000000000000000    6.979769625788708455640488900842E+00
       -3.987000000000000000000000000000    7.035023042729415612760700178081E+00
       -3.986000000000000000000000000000    7.090699523331278411518062273191E+00
       -3.985000000000000000000000000000    7.146802189718921084431220820282E+00
       -3.984000000000000000000000000000    7.203334186126029994643938510128E+00
       -3.983000000000000000000000000000    7.260298679044728230859225295850E+00
       -3.982000000000000000000000000000    7.317698857375905671168157269157E+00
       -3.981000000000000000000000000000    7.375537932580510238846431013032E+00
       -3.980000000000000000000000000000    7.433819138831806104759278549521E+00
       -3.979000000000000000000000000000    7.492545733168604622738780392702E+00
       -3.978000000000000000000000000000    7.551720995649473816177510383676E+00
       -3.977000000000000000000000000000    7.611348229507932266119477561322E+00
       -3.976000000000000000000000000000    7.671430761308633283324150882778E+00
       -3.975000000000000000000000000000    7.731971941104545279132617663580E+00
       -3.974000000000000000000000000000    7.792975142595134282477293611328E+00
       -3.973000000000000000000000000000    7.854443763285554583048730670754E+00
       -3.972000000000000000000000000000    7.916381224646853513465619915256E+00
       -3.971000000000000000000000000000    7.978790972277196416287723684079E+00
       -3.970000000000000000000000000000    8.041676476064117874866859290775E+00
       -3.969000000000000000000000000000    8.105041230347805320348863074338E+00
       -3.968000000000000000000000000000    8.168888754085421160620357428334E+00
       -3.967000000000000000000000000000    8.233222591016469610638795766630E+00
       -3.966000000000000000000000000000    8.298046309829214437393344150312E+00
       -3.965000000000000000000000000000    8.363363504328153866718348435038E+00
       -3.964000000000000000000000000000    8.429177793602558933321109169717E+00
       -3.963000000000000000000000000000    8.495492822196081589692121897146E+00
       -3.962000000000000000000000000000    8.562312260277438924039518728530E+00
       -3.961000000000000000000000000000    8.629639803812179872030850782654E+00
       -3.960000000000000000000000000000    8.697479174735540841935264935350E+00
       -3.959000000000000000000000000000    8.765834121126396707738238896242E+00
       -3.958000000000000000000000000000    8.834708417382313659950034440207E+00
       -3.957000000000000000000000000000    8.904105864395710439148600134802E+00
       -3.956000000000000000000000000000    8.974030289731134512788494527725E+00
       -3.955000000000000000000000000000    9.044485547803659791470202836955E+00
       -3.954000000000000000000000000000    9.115475520058412516699681007819E+00
       -3.953000000000000000000000000000    9.187004115151231988176778793395E+00
       -3.952000000000000000000000000000    9.259075269130472834834068444443E+00
       -3.951000000000000000000000000000    9.331692945619955570205239768621E+00
       -3.950000000000000000000000000000    9.404861136003072209235319780713E+00
       -3.949000000000000000000000000000    9.478583859608053760354241898262E+00
       -3.948000000000000000000000000000    9.552865163894406443521433559734E+00
       -3.947000000000000000000000000000    9.627709124640523522012822110793E+00
       -3.946000000000000000000000000000    9.703119846132479672963688609268E+00
       -3.945000000000000000000000000000    9.779101461354014859101841566622E+00
       -3.944000000000000000000000000000    9.855658132177714701706353232018E+00
       -3.943000000000000000000000000000    9.932794049557394392608317426107E+00
       -3.942000000000000000000000000000    1.001051343372169322101246966840E+01
       -3.941000000000000000000000000000    1.008882053436888682906277886799E+01
       -3.940000000000000000000000000000    1.016771963086292434840199854494E+01
       -3.939000000000000000000000000000    1.024721503243069760848537972949E+01
       -3.938000000000000000000000000000    1.032731107836054964610302458536E+01
       -3.937000000000000000000000000000    1.040801213820202978444442858470E+01
       -3.936000000000000000000000000000    1.048932261196690258910335081146E+01
       -3.935000000000000000000000000000    1.057124693033141804767199969649E+01
       -3.934000000000000000000000000000    1.065378955483985035901136012134E+01
       -3.933000000000000000000000000000    1.073695497810931275791005421647E+01
       -3.932000000000000000000000000000    1.082074772403585584065816109235E+01
       -3.931000000000000000000000000000    1.090517234800185689706566085854E+01
       -3.930000000000000000000000000000    1.099023343708470779464835820614E+01
       -3.929000000000000000000000000000    1.107593561026680900108802506009E+01
       -3.928000000000000000000000000000    1.116228351864687737164882677070E+01
       -3.927000000000000000000000000000    1.124928184565257536899961033624E+01
       -3.926000000000000000000000000000    1.133693530725446942385208646566E+01
       -3.925000000000000000000000000000    1.142524865218132518597908204155E+01
       -3.924000000000000000000000000000    1.151422666213674745652562976988E+01
       -3.923000000000000000000000000000    1.160387415201717263406945344677E+01
       -3.922000000000000000000000000000    1.169419597013122154862715817280E+01
       -3.921000000000000000000000000000    1.178519699842042059973890473704E+01
       -3.920000000000000000000000000000    1.187688215268129915689829790481E+01
       -3.919000000000000000000000000000    1.196925638278887122292641299231E+01
       -3.918000000000000000000000000000    1.206232467292150940342008930654E+01
       -3.917000000000000000000000000000    1.215609204178721926813560006034E+01
       -3.916000000000000000000000000000    1.225056354285132223310033541670E+01
       -3.915000000000000000000000000000    1.234574426456555513537797942747E+01
       -3.914000000000000000000000000000    1.244163933059859471574759574257E+01
       -3.913000000000000000000000000000    1.253825390006801526809483588268E+01
       -3.912000000000000000000000000000    1.263559316777368775805492426978E+01
       -3.911000000000000000000000000000    1.273366236443262875739293464219E+01
       -3.910000000000000000000000000000    1.283246675691530758475793335603E+01
       -3.909000000000000000000000000000    1.293201164848342008780460866693E+01
       -3.908000000000000000000000000000    1.303230237902913754623981552819E+01
       -3.907000000000000000000000000000    1.313334432531583922012282872245E+01
       -3.906000000000000000000000000000    1.323514290122033711272780110472E+01
       -3.905000000000000000000000000000    1.333770355797660156246575806505E+01
       -3.904000000000000000000000000000    1.344103178442099632376221555479E+01
       -3.903000000000000000000000000000    1.354513310723903184239598053780E+01
       -3.902000000000000000000000000000    1.365001309121364547662567474259E+01
       -3.901000000000000000000000000000    1.375567733947501746146381215274E+01
       -3.900000000000000000000000000000    1.386213149375193145970465666085E+01
       -3.899000000000000000000000000000    1.396938123462468858977238943221E+01
       -3.898000000000000000000000000000    1.407743228177958386713112830891E+01
       -3.897000000000000000000000000000    1.418629039426495404288886837926E+01
       -3.896000000000000000000000000000    1.429596137074880587033425980620E+01
       -3.895000000000000000000000000000    1.440645104977803387746911412256E+01
       -3.894000000000000000000000000000    1.451776531003923677114144324148E+01
       -3.893000000000000000000000000000    1.462991007062114164614449797648E+01
       -3.892000000000000000000000000000    1.474289129127864522062749829688E+01
       -3.891000000000000000000000000000    1.485671497269848136736435103002E+01
       -3.890000000000000000000000000000    1.497138715676652425884844922292E+01
       -3.889000000000000000000000000000    1.508691392683673649282545963367E+01
       -3.888000000000000000000000000000    1.520330140800177161374265135963E+01
       -3.887000000000000000000000000000    1.532055576736524049468362172047E+01
       -3.886000000000000000000000000000    1.543868321431565109367205926363E+01
       -3.885000000000000000000000000000    1.555769000080203114776827397690E+01
       -3.884000000000000000000000000000    1.567758242161124341814844906493E+01
       -3.883000000000000000000000000000    1.579836681464700314934975631494E+01
       -3.882000000000000000000000000000    1.592004956121060745608545923209E+01
       -3.881000000000000000000000000000    1.604263708628338640148373759978E+01
       -3.880000000000000000000000000000    1.616613585881088558128303848614E+01
       -3.879000000000000000000000000000    1.629055239198879007942612827844E+01
       -3.878000000000000000000000000000    1.641589324355059971163552611240E+01
       -3.877000000000000000000000000000    1.654216501605706552492548082498E+01
       -3.876000000000000000000000000000    1.666937435718739757261095276360E+01
       -3.875000000000000000000000000000    1.679752796003225403621302160856E+01
       -3.874000000000000000000000000000    1.692663256338852181773360668798E+01
       -3.873000000000000000000000000000    1.705669495205589877808120366376E+01
       -3.872000000000000000000000000000    1.718772195713528784997435921090E+01
       -3.871000000000000000000000000000    1.731972045632901330643167335615E+01
       -3.870000000000000000000000000000    1.745269737424286951897708911693E+01
       -3.869000000000000000000000000000    1.758665968269001259294795429438E+01
       -3.868000000000000000000000000000    1.772161440099670532079167569663E+01
       -3.867000000000000000000000000000    1.785756859630992594797558833032E+01
       -3.866000000000000000000000000000    1.799452938390685130011478948514E+01
       -3.865000000000000000000000000000    1.813250392750622487414500007684E+01
       -3.864000000000000000000000000000    1.827149943958162055083287467893E+01
       -3.863000000000000000000000000000    1.841152318167661264062545056290E+01
       -3.862000000000000000000000000000    1.855258246472186302979446960946E+01
       -3.861000000000000000000000000000    1.869468464935413624903099159301E+01
       -3.860000000000000000000000000000    1.883783714623725334209191113534E+01
       -3.859000000000000000000000000000    1.898204741638499546779356323183E+01
       -3.858000000000000000000000000000    1.912732297148596822458942492996E+01
       -3.857000000000000000000000000000    1.927367137423043774315986633111E+01
       -3.856000000000000000000000000000    1.942110023863914964888284701760E+01
       -3.855000000000000000000000000000    1.956961723039414205274627027712E+01
       -3.854000000000000000000000000000    1.971923006717156378620627467147E+01
       -3.853000000000000000000000000000    1.986994651897650915269193969698E+01
       -3.852000000000000000000000000000    2.002177440847988052590659018418E+01
       -3.851000000000000000000000000000    2.017472161135729018277998489624E+01
       -3.850000000000000000000000000000    2.032879605663001281688505225717E+01
       -3.849000000000000000000000000000    2.048400572700800023634837554472E+01
       -3.848000000000000000000000000000    2.064035865923496980875621800612E+01
       -3.847000000000000000000000000000    2.079786294443557827428840349649E+01
       -3.846000000000000000000000000000    2.095652672846469260730172019435E+01
       -3.845000000000000000000000000000    2.111635821225876966583358500478E+01
       -3.844000000000000000000000000000    2.127736565218935642800638718677E+01
       -3.843000000000000000000000000000    2.143955736041872267408411577935E+01
       -3.842000000000000000000000000000    2.160294170525763803296646225806E+01
       -3.841000000000000000000000000000    2.176752711152530537220247468925E+01
       -3.840000000000000000000000000000    2.193332206091146257116692107204E+01
       -3.839000000000000000000000000000    2.210033509234066477786869760847E+01
       -3.838000000000000000000000000000    2.226857480233875931095279379228E+01
       -3.837000000000000000000000000000    2.243804984540156542981640334121E+01
       -3.836000000000000000000000000000    2.260876893436577125738665241200E+01
       -3.835000000000000000000000000000    2.278074084078206020200300992361E+01
       -3.834000000000000000000000000000    2.295397439529047928701265625118E+01
       -3.833000000000000000000000000000    2.312847848799806185912282449986E+01
       -3.832000000000000000000000000000    2.330426206885871720926130284896E+01
       -3.831000000000000000000000000000    2.348133414805539970267580825456E+01
       -3.830000000000000000000000000000    2.365970379638457007825572364425E+01
       -3.829000000000000000000000000000    2.383938014564296164058664649648E+01
       -3.828000000000000000000000000000    2.402037238901666413205024156167E+01
       -3.827000000000000000000000000000    2.420268978147253813635994096108E+01
       -3.826000000000000000000000000000    2.438634164015197292927800880474E+01
       -3.825000000000000000000000000000    2.457133734476700075689230390698E+01
       -3.824000000000000000000000000000    2.475768633799878058674265353710E+01
       -3.823000000000000000000000000000    2.494539812589846444227801508199E+01
       -3.822000000000000000000000000000    2.513448227829045949659747393912E+01
       -3.821000000000000000000000000000    2.532494842917809916718152906920E+01
       -3.820000000000000000000000000000    2.551680627715173651935597782616E+01
       -3.819000000000000000000000000000    2.571006558579927335254995557833E+01
       -3.818000000000000000000000000000    2.590473618411913841001324108554E+01
       -3.817000000000000000000000000000    2.610082796693572821954673464913E+01
       -3.816000000000000000000000000000    2.629835089531732413997498294482E+01
       -3.815000000000000000000000000000    2.649731499699649925555169359555E+01
       -3.814000000000000000000000000000    2.669773036679302882823928652668E+01
       -3.813000000000000000000000000000    2.689960716703931808584260170164E+01
       -3.812000000000000000000000000000    2.710295562800836119230585883978E+01
       -3.811000000000000000000000000000    2.730778604834424531510178017167E+01
       -3.810000000000000000000000000000    2.751410879549521377355337931168E+01
       -3.809000000000000000000000000000    2.772193430614930232113322614337E+01
       -3.808000000000000000000000000000    2.793127308667256268428295853292E+01
       -3.807000000000000000000000000000    2.814213571354988755008836709709E+01
       -3.806000000000000000000000000000    2.835453283382845126523347060682E+01
       -3.805000000000000000000000000000    2.856847516556378057904156940629E+01
       -3.804000000000000000000000000000    2.878397349826846983409325600931E+01
       -3.803000000000000000000000000000    2.900103869336355507889172035958E+01
       -3.802000000000000000000000000000    2.921968168463256164832535767937E+01
       -3.801000000000000000000000000000    2.943991347867823982925761594809E+01
       -3.800000000000000000000000000000    2.966174515538200330045515539268E+01
       -3.799000000000000000000000000000    2.988518786836608510824868245161E+01
       -3.798000000000000000000000000000    3.011025284545842601180721495715E+01
       -3.797000000000000000000000000000    3.033695138916031010469698417358E+01
       -3.796000000000000000000000000000    3.056529487711676269249163415847E+01
       -3.795000000000000000000000000000    3.079529476258972547960179191925E+01
       -3.794000000000000000000000000000    3.102696257493402419220040614950E+01
       -3.793000000000000000000000000000    3.126030992007614383813644196005E+01
       -3.792000000000000000000000000000    3.149534848099582687905452884519E+01
       -3.791000000000000000000000000000    3.173209001821050966457294486913E+01
       -3.790000000000000000000000000000    3.197054637026261255331783828084E+01
       -3.789000000000000000000000000000    3.221072945420969922086879584348E+01
       -3.788000000000000000000000000000    3.245265126611752073024072327824E+01
       -3.787000000000000000000000000000    3.269632388155596001641046633737E+01
       -3.786000000000000000000000000000    3.294175945609789251259463087546E+01
       -3.785000000000000000000000000000    3.318897022582097872249861737436E+01
       -3.784000000000000000000000000000    3.343796850781240461958693092663E+01
       -3.783000000000000000000000000000    3.368876670067658583157232364878E+01
       -3.782000000000000000000000000000    3.394137728504585164578723553864E+01
       -3.781000000000000000000000000000    3.419581282409412494888628525984E+01
       -3.780000000000000000000000000000    3.445208596405361429243418825267E+01
       -3.779000000000000000000000000000    3.471020943473453435436041061091E+01
       -3.778000000000000000000000000000    3.497019605004787114501106864509E+01
       -3.777000000000000000000000000000    3.523205870853120838560102191189E+01
       -3.776000000000000000000000000000    3.549581039387763156626574826655E+01
       -3.775000000000000000000000000000    3.576146417546772627063440032073E+01
       -3.774000000000000000000000000000    3.602903320890468743389339125712E+01
       -3.773000000000000000000000000000    3.629853073655255628168491251351E+01
       -3.772000000000000000000000000000    3.656997008807760177788791518395E+01
       -3.771000000000000000000000000000    3.684336468099286349036126039008E+01
       -3.770000000000000000000000000000    3.711872802120587286509093114437E+01
       -3.769000000000000000000000000000    3.739607370356956998087636963195E+01
       -3.768000000000000000000000000000    3.767541541243643293871613011009E+01
       -3.767000000000000000000000000000    3.795676692221583712241108993863E+01
       -3.766000000000000000000000000000    3.824014209793466164959541120537E+01
       -3.765000000000000000000000000000    3.852555489580116041543226499864E+01
       -3.764000000000000000000000000000    3.881301936377211521457399198744E+01
       -3.763000000000000000000000000000    3.910254964212328851068584934745E+01
       -3.762000000000000000000000000000    3.939415996402319350686975831268E+01
       -3.761000000000000000000000000000    3.968786465611019925470049215907E+01
       -3.760000000000000000000000000000    3.998367813907298862430250496329E+01
       -3.759000000000000000000000000000    4.028161492823438704295207104201E+01
       -3.758000000000000000000000000000    4.058168963413857999508755784194E+01
       -3.757000000000000000000000000000    4.088391696314173736235146574533E+01
       -3.756000000000000000000000000000    4.118831171800606276837231152950E+01
       -3.755000000000000000000000000000    4.149488879849728617942348302906E+01
       -3.754000000000000000000000000000    4.180366320198561809887082603522E+01
       -3.753000000000000000000000000000    4.211465002405018378044191593254E+01
       -3.752000000000000000000000000000    4.242786445908695597281869146505E+01
       -3.751000000000000000000000000000    4.274332180092020479587236190876E+01
       -3.750000000000000000000000000000    4.306103744341748343702621747283E+01
       -3.749000000000000000000000000000    4.338102688110816844474915170305E+01
       -3.748000000000000000000000000000    4.370330570980557348505131982010E+01
       -3.747000000000000000000000000000    4.402788962723265551607438412944E+01
       -3.746000000000000000000000000000    4.435479443365133242544321273689E+01
       -3.745000000000000000000000000000    4.468403603249543126497467663710E+01
       -3.744000000000000000000000000000    4.501563043100728630762330861609E+01
       -3.743000000000000000000000000000    4.534959374087800624218402108037E+01
       -3.742000000000000000000000000000    4.568594217889142991226980456905E+01
       -3.741000000000000000000000000000    4.602469206757179009743831989931E+01
       -3.740000000000000000000000000000    4.636585983583510492605653009325E+01
       -3.739000000000000000000000000000    4.670946201964431660156796874346E+01
       -3.738000000000000000000000000000    4.705551526266819721626388443376E+01
       -3.737000000000000000000000000000    4.740403631694404151945831118541E+01
       -3.736000000000000000000000000000    4.775504204354416660012906737623E+01
       -3.735000000000000000000000000000    4.810854941324623853761275466824E+01
       -3.734000000000000000000000000000    4.846457550720744616783298840092E+01
       -3.733000000000000000000000000000    4.882313751764254220679831559691E+01
       -3.732000000000000000000000000000    4.918425274850577206773053980402E+01
       -3.731000000000000000000000000000    4.954793861617671080317644674586E+01
       -3.730000000000000000000000000000    4.991421265015002869881718409131E+01
       -3.729000000000000000000000000000    5.028309249372920614142076511374E+01
       -3.728000000000000000000000000000    5.065459590472421847948531171297E+01
       -3.727000000000000000000000000000    5.102874075615321169159469889688E+01
       -3.726000000000000000000000000000    5.140554503694818977435518158437E+01
       -3.725000000000000000000000000000    5.178502685266473485900234622302E+01
       -3.724000000000000000000000000000    5.216720442619578116336330442854E+01
       -3.723000000000000000000000000000    5.255209609848946398383040331898E+01
       -3.722000000000000000000000000000    5.293972032927106503035083654070E+01
       -3.721000000000000000000000000000    5.333009569776907550616236967540E+01
       -3.720000000000000000000000000000    5.372324090344539843310991166878E+01
       -3.719000000000000000000000000000    5.411917476672971182286183737589E+01
       -3.718000000000000000000000000000    5.451791622975801439420976184440E+01
       -3.717000000000000000000000000000    5.491948435711537563688185042498E+01
       -3.716000000000000000000000000000    5.532389833658291212292868534670E+01
       -3.715000000000000000000000000000    5.573117747988901206775316340981E+01
       -3.714000000000000000000000000000    5.614134122346483024425283452937E+01
       -3.713000000000000000000000000000    5.655440912920407545532546980007E+01
       -3.712000000000000000000000000000    5.697040088522711287215743249557E+01
       -3.711000000000000000000000000000    5.738933630664940364827057704687E+01
       -3.710000000000000000000000000000    5.781123533635430432224787975007E+01
       -3.709000000000000000000000000000    5.823611804577024862539176999566E+01
       -3.708000000000000000000000000000    5.866400463565233441429314049716E+01
       -3.707000000000000000000000000000    5.909491543686833855240422665240E+01
       -3.706000000000000000000000000000    5.952887091118918266921591510879E+01
       -3.705000000000000000000000000000    5.996589165208387283054052509800E+01
       -3.704000000000000000000000000000    6.040599838551893625869565735709E+01
       -3.703000000000000000000000000000    6.084921197076237834707427756350E+01
       -3.702000000000000000000000000000    6.129555340119218331967174615196E+01
       -3.701000000000000000000000000000    6.174504380510938199262297496212E+01
       -3.700000000000000000000000000000    6.219770444655571020168323300631E+01
       -3.699000000000000000000000000000    6.265355672613588156686528714540E+01
       -3.698000000000000000000000000000    6.311262218184449837312449576243E+01
       -3.697000000000000000000000000000    6.357492248989762445406312049155E+01
       -3.696000000000000000000000000000    6.404047946556904407410642724152E+01
       -3.695000000000000000000000000000    6.450931506403123091348705635155E+01
       -3.694000000000000000000000000000    6.498145138120105136966159455723E+01
       -3.693000000000000000000000000000    6.545691065459022649847521894241E+01
       -3.692000000000000000000000000000    6.593571526416057702848764418390E+01
       -3.691000000000000000000000000000    6.641788773318407599237732666311E+01
       -3.690000000000000000000000000000    6.690345072910773363025189841705E+01
       -3.689000000000000000000000000000    6.739242706442333933101205489148E+01
       -3.688000000000000000000000000000    6.788483969754208548964453592804E+01
       -3.687000000000000000000000000000    6.838071173367409827045835064944E+01
       -3.686000000000000000000000000000    6.888006642571290037882793355049E+01
       -3.685000000000000000000000000000    6.938292717512483105696840913430E+01
       -3.684000000000000000000000000000    6.988931753284344863264251212621E+01
       -3.683000000000000000000000000000    7.039926120016894106348688418888E+01
       -3.682000000000000000000000000000    7.091278202967257003384836891461E+01
       -3.681000000000000000000000000000    7.142990402610617427563947564354E+01
       -3.680000000000000000000000000000    7.195065134731675789975729846816E+01
       -3.679000000000000000000000000000    7.247504830516618964006277687755E+01
       -3.678000000000000000000000000000    7.300311936645603902778818420443E+01
       -3.677000000000000000000000000000    7.353488915385757563053104275246E+01
       -3.676000000000000000000000000000    7.407038244684695760670320160983E+01
       -3.675000000000000000000000000000    7.460962418264563594343548409277E+01
       -3.674000000000000000000000000000    7.515263945716600086349202385031E+01
       -3.673000000000000000000000000000    7.569945352596229700472506715744E+01
       -3.672000000000000000000000000000    7.625009180518683409400152695909E+01
       -3.671000000000000000000000000000    7.680457987255151995635783277646E+01
       -3.670000000000000000000000000000    7.736294346829474281939052842753E+01
       -3.669000000000000000000000000000    7.792520849615362999256752319088E+01
       -3.668000000000000000000000000000    7.849140102434171012124979583074E+01
       -3.667000000000000000000000000000    7.906154728653200633574657677148E+01
       -3.666000000000000000000000000000    7.963567368284558773668948128559E+01
       -3.665000000000000000000000000000    8.021380678084560677940362308390E+01
       -3.664000000000000000000000000000    8.079597331653685024177728799377E+01
       -3.663000000000000000000000000000    8.138220019537083158238717384620E+01
       -3.662000000000000000000000000000    8.197251449325645261832438513646E+01
       -3.661000000000000000000000000000    8.256694345757626257528818681016E+01
       -3.660000000000000000000000000000    8.316551450820834268607084542116E+01
       -3.659000000000000000000000000000    8.376825523855384463754859005921E+01
       -3.658000000000000000000000000000    8.437519341657021129072167935420E+01
       -3.657000000000000000000000000000    8.498635698581010822321163133872E+01
       -3.656000000000000000000000000000    8.560177406646609476892672407096E+01
       -3.655000000000000000000000000000    8.622147295642106335534876799484E+01
       -3.654000000000000000000000000000    8.684548213230447606507574454264E+01
       -3.653000000000000000000000000000    8.747383025055442747487705511711E+01
       -3.652000000000000000000000000000    8.810654614848556295258168308224E+01
       -3.651000000000000000000000000000    8.874365884536288171962538857343E+01
       -3.650000000000000000000000000000    8.938519754348145411503197866125E+01
       -3.649000000000000000000000000000    9.003119162925208262499656751150E+01
       -3.648000000000000000000000000000    9.068167067429293637107640346276E+01
       -3.647000000000000000000000000000    9.133666443652718887927813008163E+01
       -3.646000000000000000000000000000    9.199620286128668908206010080655E+01
       -3.645000000000000000000000000000    9.266031608242169563544541312437E+01
       -3.644000000000000000000000000000    9.332903442341670476406649648819E+01
       -3.643000000000000000000000000000    9.400238839851240197803620326302E+01
       -3.642000000000000000000000000000    9.468040871383376813706423545257E+01
       -3.641000000000000000000000000000    9.536312626852437046921221003973E+01
       -3.640000000000000000000000000000    9.605057215588686928410653729437E+01
       -3.639000000000000000000000000000    9.674277766452977125330637075694E+01
       -3.638000000000000000000000000000    9.743977427952046026385499270480E+01
       -3.637000000000000000000000000000    9.814159368354453698482792913557E+01
       -3.636000000000000000000000000000    9.884826775807149842093064447293E+01
       -3.635000000000000000000000000000    9.955982858452678886189364551647E+01
       -3.634000000000000000000000000000    1.002763084454702537715640201616E+02
       -3.633000000000000000000000000000    1.009977398257810282962006389461E+02
       -3.632000000000000000000000000000    1.017241554138488922075462426302E+02
       -3.631000000000000000000000000000    1.024555881027721232327742090766E+02
       -3.630000000000000000000000000000    1.031920709915618808603917161362E+02
       -3.629000000000000000000000000000    1.039336373863531528486250686178E+02
       -3.628000000000000000000000000000    1.046803208016222968007179073842E+02
       -3.627000000000000000000000000000    1.054321549614112093099396338238E+02
       -3.626000000000000000000000000000    1.061891738005581553159304260370E+02
       -3.625000000000000000000000000000    1.069514114659352904533014526250E+02
       -3.624000000000000000000000000000    1.077189023176929093131650604088E+02
       -3.623000000000000000000000000000    1.084916809305104526784905740447E+02
       -3.622000000000000000000000000000    1.092697820948543069348676443854E+02
       -3.621000000000000000000000000000    1.100532408182424289994115603979E+02
       -3.620000000000000000000000000000    1.108420923265158302521643339760E+02
       -3.619000000000000000000000000000    1.116363720651169530964324112282E+02
       -3.618000000000000000000000000000    1.124361157003749739170572865270E+02
       -3.617000000000000000000000000000    1.132413591207980663486398210472E+02
       -3.616000000000000000000000000000    1.140521384383726589092334154964E+02
       -3.615000000000000000000000000000    1.148684899898697211989860724716E+02
       -3.614000000000000000000000000000    1.156904503381581130076475179996E+02
       -3.613000000000000000000000000000    1.165180562735250308197656403074E+02
       -3.612000000000000000000000000000    1.173513448150035863517772480098E+02
       -3.611000000000000000000000000000    1.181903532117075519010522462109E+02
       -3.610000000000000000000000000000    1.190351189441733074332784692294E+02
       -3.609000000000000000000000000000    1.198856797257090244813772796387E+02
       -3.608000000000000000000000000000    1.207420735037511220764183270380E+02
       -3.607000000000000000000000000000    1.216043384612280300787562334512E+02
       -3.606000000000000000000000000000    1.224725130179312954258431074967E+02
       -3.605000000000000000000000000000    1.233466358318940669618793534328E+02
       -3.604000000000000000000000000000    1.242267458007769946636518957088E+02
       -3.603000000000000000000000000000    1.251128820632615792265743414116E+02
       -3.602000000000000000000000000000    1.260050840004510081250884034686E+02
       -3.601000000000000000000000000000    1.269033912372785144122107528416E+02
       -3.600000000000000000000000000000    1.278078436439232946741149991080E+02
       -3.599000000000000000000000000000    1.287184813372340227072253512833E+02
       -3.598000000000000000000000000000    1.296353446821599956373673145662E+02
       -3.597000000000000000000000000000    1.305584742931899493530721584983E+02
       -3.596000000000000000000000000000    1.314879110357985802781664668813E+02
       -3.595000000000000000000000000000    1.324236960279008106622964631691E+02
       -3.594000000000000000000000000000    1.333658706413138347220396047914E+02
       -3.593000000000000000000000000000    1.343144765032269831197437581019E+02
       -3.592000000000000000000000000000    1.352695554976794434222076987738E+02
       -3.591000000000000000000000000000    1.362311497670458743367763210639E+02
       -3.590000000000000000000000000000    1.371993017135299516783703681537E+02
       -3.589000000000000000000000000000    1.381740540006658841774042935547E+02
       -3.588000000000000000000000000000    1.391554495548279373954676031566E+02
       -3.587000000000000000000000000000    1.401435315667480041730552756979E+02
       -3.586000000000000000000000000000    1.411383434930412601915321769637E+02
       -3.585000000000000000000000000000    1.421399290577399433899053244141E+02
       -3.584000000000000000000000000000    1.431483322538352961358569726028E+02
       -3.583000000000000000000000000000    1.441635973448277092098613177471E+02
       -3.582000000000000000000000000000    1.451857688662851068210686979596E+02
       -3.581000000000000000000000000000    1.462148916274096120339940233637E+02
       -3.580000000000000000000000000000    1.472510107126125321458913305681E+02
       -3.579000000000000000000000000000    1.482941714830977037160343352846E+02
       -3.578000000000000000000000000000    1.493444195784532371099541651627E+02
       -3.577000000000000000000000000000    1.504018009182517005840105955523E+02
       -3.576000000000000000000000000000    1.514663617036587840984925805483E+02
       -3.575000000000000000000000000000    1.525381484190504832107581602807E+02
       -3.574000000000000000000000000000    1.536172078336388435637334161524E+02
       -3.573000000000000000000000000000    1.547035870031063066493955149238E+02
       -3.572000000000000000000000000000    1.557973332712486976916664996036E+02
       -3.571000000000000000000000000000    1.568984942716268966584428124969E+02
       -3.570000000000000000000000000000    1.580071179292272335782810289007E+02
       -3.569000000000000000000000000000    1.591232524621306495035533871707E+02
       -3.568000000000000000000000000000    1.602469463831906646286778634016E+02
       -3.567000000000000000000000000000    1.613782485017201952393171907565E+02
       -3.566000000000000000000000000000    1.625172079251872613362297912542E+02
       -3.565000000000000000000000000000    1.636638740609196269457434909713E+02
       -3.564000000000000000000000000000    1.648182966178184152976105401110E+02
       -3.563000000000000000000000000000    1.659805256080807412202902617794E+02
       -3.562000000000000000000000000000    1.671506113489314032734940045863E+02
       -3.561000000000000000000000000000    1.683286044643636783081163637942E+02
       -3.560000000000000000000000000000    1.695145558868892613144672454509E+02
       -3.559000000000000000000000000000    1.707085168592973935910116518250E+02
       -3.558000000000000000000000000000    1.719105389364232224376184308378E+02
       -3.557000000000000000000000000000    1.731206739869254357496160154875E+02
       -3.556000000000000000000000000000    1.743389741950732150617527320747E+02
       -3.555000000000000000000000000000    1.755654920625425507644619209449E+02
       -3.554000000000000000000000000000    1.768002804102219633886382250304E+02
       -3.553000000000000000000000000000    1.780433923800276750294412861746E+02
       -3.552000000000000000000000000000    1.792948814367282751544570653554E+02
       -3.551000000000000000000000000000    1.805548013697789252168653805786E+02
       -3.550000000000000000000000000000    1.818232062951651466700853371736E+02
       -3.549000000000000000000000000000    1.831001506572562371566984029152E+02
       -3.548000000000000000000000000000    1.843856892306683598212822398355E+02
       -3.547000000000000000000000000000    1.856798771221373508741273222738E+02
       -3.546000000000000000000000000000    1.869827697724012907106531146065E+02
       -3.545000000000000000000000000000    1.882944229580928840696914115300E+02
       -3.544000000000000000000000000000    1.896148927936416948926616093623E+02
       -3.543000000000000000000000000000    1.909442357331862817250264204721E+02
       -3.542000000000000000000000000000    1.922825085724962796812870976691E+02
       -3.541000000000000000000000000000    1.936297684509044751751548253518E+02
       -3.540000000000000000000000000000    1.949860728532489197974197745864E+02
       -3.539000000000000000000000000000    1.963514796118251299054316162339E+02
       -3.538000000000000000000000000000    1.977260469083484186700052367892E+02
       -3.537000000000000000000000000000    1.991098332759264075079731936256E+02
       -3.536000000000000000000000000000    2.005028976010417640115222584703E+02
       -3.535000000000000000000000000000    2.019052991255452136688753994940E+02
       -3.534000000000000000000000000000    2.033170974486588728548129033081E+02
       -3.533000000000000000000000000000    2.047383525289899507539671889163E+02
       -3.532000000000000000000000000000    2.061691246865548680647753572077E+02
       -3.531000000000000000000000000000    2.076094746048138405174317832850E+02
       -3.530000000000000000000000000000    2.090594633327159754251502164782E+02
       -3.529000000000000000000000000000    2.105191522867549296745210162710E+02
       -3.528000000000000000000000000000    2.119886032530351777477344237135E+02
       -3.527000000000000000000000000000    2.134678783893489385569352394817E+02
       -3.526000000000000000000000000000    2.149570402272638100589780338927E+02
       -3.525000000000000000000000000000    2.164561516742211608073651231903E+02
       -3.524000000000000000000000000000    2.179652760156453277871720724694E+02
       -3.523000000000000000000000000000    2.194844769170636700682974807366E+02
       -3.522000000000000000000000000000    2.210138184262375280024153095996E+02
       -3.521000000000000000000000000000    2.225533649753041378795590653786E+02
       -3.520000000000000000000000000000    2.241031813829295521513277561384E+02
       -3.519000000000000000000000000000    2.256633328564726155192737308356E+02
       -3.518000000000000000000000000000    2.272338849941600473791122675334E+02
       -3.517000000000000000000000000000    2.288149037872726813039821009125E+02
       -3.516000000000000000000000000000    2.304064556223429124430849448509E+02
       -3.515000000000000000000000000000    2.320086072833634039056404416680E+02
       -3.514000000000000000000000000000    2.336214259540071033942108128720E+02
       -3.513000000000000000000000000000    2.352449792198586215460767431689E+02
       -3.512000000000000000000000000000    2.368793350706570236364826353204E+02
       -3.511000000000000000000000000000    2.385245619025500864932152523731E+02
       -3.510000000000000000000000000000    2.401807285203600726681348288473E+02
       -3.509000000000000000000000000000    2.418479041398610741079418854941E+02
       -3.508000000000000000000000000000    2.435261583900679777636361137144E+02
       -3.507000000000000000000000000000    2.452155613155371057758056848377E+02
       -3.506000000000000000000000000000    2.469161833786785830710760538543E+02
       -3.505000000000000000000000000000    2.486280954620804854037466230596E+02
       -3.504000000000000000000000000000    2.503513688708448210758513529364E+02
       -3.503000000000000000000000000000    2.520860753349353997685953883515E+02
       -3.502000000000000000000000000000    2.538322870115376421183438288564E+02
       -3.501000000000000000000000000000    2.555900764874303838710707218285E+02
       -3.500000000000000000000000000000    2.573595167813697286504159936884E+02
       -3.499000000000000000000000000000    2.591406813464850035762451428139E+02
       -3.498000000000000000000000000000    2.609336440726868721728608712855E+02
       -3.497000000000000000000000000000    2.627384792890876592087771923250E+02
       -3.496000000000000000000000000000    2.645552617664339423132346650703E+02
       -3.495000000000000000000000000000    2.663840667195514654184100146830E+02
       -3.494000000000000000000000000000    2.682249698098024292805542178253E+02
       -3.493000000000000000000000000000    2.700780471475552145380798829013E+02
       -3.492000000000000000000000000000    2.719433752946665929699111302026E+02
       -3.491000000000000000000000000000    2.738210312669764828232068656375E+02
       -3.490000000000000000000000000000    2.757110925368153042858710167656E+02
       -3.489000000000000000000000000000    2.776136370355239913860706222641E+02
       -3.488000000000000000000000000000    2.795287431559867168082942837245E+02
       -3.487000000000000000000000000000    2.814564897551763863232990368149E+02
       -3.486000000000000000000000000000    2.833969561567129597376127993128E+02
       -3.485000000000000000000000000000    2.853502221534346554770818151190E+02
       -3.484000000000000000000000000000    2.873163680099820961282775316985E+02
       -3.483000000000000000000000000000    2.892954744653954524714047057453E+02
       -3.482000000000000000000000000000    2.912876227357246437486817971191E+02
       -3.481000000000000000000000000000    2.932928945166526521229954396783E+02
       -3.480000000000000000000000000000    2.953113719861320094929625113810E+02
       -3.479000000000000000000000000000    2.973431378070345150423655931705E+02
       -3.478000000000000000000000000000    2.993882751298142421142599211780E+02
       -3.477000000000000000000000000000    3.014468675951838932128818003400E+02
       -3.476000000000000000000000000000    3.035189993368045621498193464120E+02
       -3.475000000000000000000000000000    3.056047549839889625647358303501E+02
       -3.474000000000000000000000000000    3.077042196644181822652632728537E+02
       -3.473000000000000000000000000000    3.098174790068720230455087220647E+02
       -3.472000000000000000000000000000    3.119446191439729858579372743372E+02
       -3.471000000000000000000000000000    3.140857267149439614292137826035E+02
       -3.470000000000000000000000000000    3.162408888683796866268987407564E+02
       -3.469000000000000000000000000000    3.184101932650320271007024227072E+02
       -3.468000000000000000000000000000    3.205937280806091469393043638523E+02
       -3.467000000000000000000000000000    3.227915820085886263015420583980E+02
       -3.466000000000000000000000000000    3.250038442630445881990626513871E+02
       -3.465000000000000000000000000000    3.272306045814888958263137575421E+02
       -3.464000000000000000000000000000    3.294719532277264820530236534228E+02
       -3.463000000000000000000000000000    3.317279809947248729140862631236E+02
       -3.462000000000000000000000000000    3.339987792074979671520218738966E+02
       -3.461000000000000000000000000000    3.362844397260041340879296445796E+02
       -3.460000000000000000000000000000    3.385850549480586923180819591292E+02
       -3.459000000000000000000000000000    3.409007178122608319550327671154E+02
       -3.458000000000000000000000000000    3.432315218009350433543214644715E+02
       -3.457000000000000000000000000000    3.455775609430871154905498072628E+02
       -3.456000000000000000000000000000    3.479389298173747673697910092779E+02
       -3.455000000000000000000000000000    3.503157235550929760889567256051E+02
       -3.454000000000000000000000000000    3.527080378431740653768982279762E+02
       -3.453000000000000000000000000000    3.551159689272026186766518765484E+02
       -3.452000000000000000000000000000    3.575396136144452810533551139237E+02
       -3.451000000000000000000000000000    3.599790692768955144379567614716E+02
       -3.450000000000000000000000000000    3.624344338543333709429234800807E+02
       -3.449000000000000000000000000000    3.649058058574003492127019457092E+02
       -3.448000000000000000000000000000    3.673932843706893989987326465336E+02
       -3.447000000000000000000000000000    3.698969690558501393763252786176E+02
       -3.446000000000000000000000000000    3.724169601547093562486965297947E+02
       -3.445000000000000000000000000000    3.749533584924068450119376091710E+02
       -3.444000000000000000000000000000    3.775062654805466644836201978228E+02
       -3.443000000000000000000000000000    3.800757831203638684271645435890E+02
       -3.442000000000000000000000000000    3.826620140059067812339811610645E+02
       -3.441000000000000000000000000000    3.852650613272348845557569717023E+02
       -3.440000000000000000000000000000    3.878850288736323819100866558971E+02
       -3.439000000000000000000000000000    3.905220210368375085139493994038E+02
       -3.438000000000000000000000000000    3.931761428142876538312989934742E+02
       -3.437000000000000000000000000000    3.958474998123803645532702672921E+02
       -3.436000000000000000000000000000    3.985361982497502959622059507624E+02
       -3.435000000000000000000000000000    4.012423449605621798638741259753E+02
       -3.434000000000000000000000000000    4.039660473978198775058762495350E+02
       -3.433000000000000000000000000000    4.067074136366915861343381204294E+02
       -3.432000000000000000000000000000    4.094665523778512680755299163536E+02
       -3.431000000000000000000000000000    4.122435729508363714640752945400E+02
       -3.430000000000000000000000000000    4.150385853174219119748823022430E+02
       -3.429000000000000000000000000000    4.178517000750109851518591999764E+02
       -3.428000000000000000000000000000    4.206830284600417791628649820204E+02
       -3.427000000000000000000000000000    4.235326823514111580471860798413E+02
       -3.426000000000000000000000000000    4.264007742739148857591261326885E+02
       -3.425000000000000000000000000000    4.292874174017045615490434649567E+02
       -3.424000000000000000000000000000    4.321927255617613374613696624869E+02
       -3.423000000000000000000000000000    4.351168132373864889677910116127E+02
       -3.422000000000000000000000000000    4.380597955717089099928711583885E+02
       -3.421000000000000000000000000000    4.410217883712096038289367450342E+02
       -3.420000000000000000000000000000    4.440029081092632416770365511349E+02
       -3.419000000000000000000000000000    4.470032719296968607912173543231E+02
       -3.418000000000000000000000000000    4.500229976503657744442348555687E+02
       -3.417000000000000000000000000000    4.530622037667467661741340949995E+02
       -3.416000000000000000000000000000    4.561210094555486410128893030942E+02
       -3.415000000000000000000000000000    4.591995345783402066404865573309E+02
       -3.414000000000000000000000000000    4.622978996851957576504623944673E+02
       -3.413000000000000000000000000000    4.654162260183581363559760923805E+02
       -3.412000000000000000000000000000    4.685546355159194438089910917456E+02
       -3.411000000000000000000000000000    4.717132508155194749490703657988E+02
       -3.410000000000000000000000000000    4.748921952580619520426498349682E+02
       -3.409000000000000000000000000000    4.780915928914486308184415110765E+02
       -3.408000000000000000000000000000    4.813115684743313539498322717066E+02
       -3.407000000000000000000000000000    4.845522474798821267807833173761E+02
       -3.406000000000000000000000000000    4.878137560995812904377977401906E+02
       -3.405000000000000000000000000000    4.910962212470238677170074998399E+02
       -3.404000000000000000000000000000    4.943997705617441573823347077626E+02
       -3.403000000000000000000000000000    4.977245324130586527580036888511E+02
       -3.402000000000000000000000000000    5.010706359039273607464180271691E+02
       -3.401000000000000000000000000000    5.044382108748335976505688918383E+02
       -3.400000000000000000000000000000    5.078273879076823384287055444697E+02
       -3.399000000000000000000000000000    5.112382983297171962579741920802E+02
       -3.398000000000000000000000000000    5.146710742174561095331153898839E+02
       -3.397000000000000000000000000000    5.181258484006458136761011158620E+02
       -3.396000000000000000000000000000    5.216027544662351753827885113098E+02
       -3.395000000000000000000000000000    5.251019267623674671832661647718E+02
       -3.394000000000000000000000000000    5.286235004023916604435687453894E+02
       -3.393000000000000000000000000000    5.321676112688928151878347783865E+02
       -3.392000000000000000000000000000    5.357343960177416453717783910353E+02
       -3.391000000000000000000000000000    5.393239920821633384905369108110E+02
       -3.390000000000000000000000000000    5.429365376768257086565402153096E+02
       -3.389000000000000000000000000000    5.465721718019467625360226404393E+02
       -3.388000000000000000000000000000    5.502310342474217577861619516655E+02
       -3.387000000000000000000000000000    5.539132655969698338885802525677E+02
       -3.386000000000000000000000000000    5.576190072323002955290766030279E+02
       -3.385000000000000000000000000000    5.613484013372986289279783807775E+02
       -3.384000000000000000000000000000    5.651015909022323317803958568393E+02
       -3.383000000000000000000000000000    5.688787197279766377209398568564E+02
       -3.382000000000000000000000000000    5.726799324302602164831135127161E+02
       -3.381000000000000000000000000000    5.765053744439309311796137155574E+02
       -3.380000000000000000000000000000    5.803551920272417343861736823540E+02
       -3.379000000000000000000000000000    5.842295322661567849683427407272E+02
       -3.378000000000000000000000000000    5.881285430786778678477306940523E+02
       -3.377000000000000000000000000000    5.920523732191911991617396014221E+02
       -3.376000000000000000000000000000    5.960011722828346995286631212137E+02
       -3.375000000000000000000000000000    5.999750907098858183882503258055E+02
       -3.374000000000000000000000000000    6.039742797901699926464046775804E+02
       -3.373000000000000000000000000000    6.079988916674898231116172180266E+02
       -3.372000000000000000000000000000    6.120490793440750524700134938389E+02
       -3.371000000000000000000000000000    6.161249966850534288055238336715E+02
       -3.370000000000000000000000000000    6.202267984229425389316637796493E+02
       -3.369000000000000000000000000000    6.243546401621626960617332276711E+02
       -3.368000000000000000000000000000    6.285086783835709666049065742929E+02
       -3.367000000000000000000000000000    6.326890704490164211366893154008E+02
       -3.366000000000000000000000000000    6.368959746059166948535564782176E+02
       -3.365000000000000000000000000000    6.411295499918559430832623539337E+02
       -3.364000000000000000000000000000    6.453899566392042776843165690900E+02
       -3.363000000000000000000000000000    6.496773554797587704304559005221E+02
       -3.362000000000000000000000000000    6.539919083494061097386016868849E+02
       -3.361000000000000000000000000000    6.583337779928069973617764800672E+02
       -3.360000000000000000000000000000    6.627031280681023719317579474681E+02
       -3.359000000000000000000000000000    6.671001231516415464998701910441E+02
       -3.358000000000000000000000000000    6.715249287427323474882497757124E+02
       -3.357000000000000000000000000000    6.759777112684133427281730169553E+02
       -3.356000000000000000000000000000    6.804586380882482465265895984890E+02
       -3.355000000000000000000000000000    6.849678774991425899668724830154E+02
       -3.354000000000000000000000000000    6.895055987401827449149624238178E+02
       -3.353000000000000000000000000000    6.940719719974973904675542377516E+02
       -3.352000000000000000000000000000    6.986671684091415108447383903383E+02
       -3.351000000000000000000000000000    7.032913600700030139955723742873E+02
       -3.350000000000000000000000000000    7.079447200367320604514088106050E+02
       -3.349000000000000000000000000000    7.126274223326931922284481167957E+02
       -3.348000000000000000000000000000    7.173396419529403518479098932745E+02
       -3.347000000000000000000000000000    7.220815548692148818094257740628E+02
       -3.346000000000000000000000000000    7.268533380349665951207442414410E+02
       -3.345000000000000000000000000000    7.316551693903980077546016598982E+02
       -3.344000000000000000000000000000    7.364872278675318241716503588813E+02
       -3.343000000000000000000000000000    7.413496933953017673166407758275E+02
       -3.342000000000000000000000000000    7.462427469046668447636272228785E+02
       -3.341000000000000000000000000000    7.511665703337491429548024973214E+02
       -3.340000000000000000000000000000    7.561213466329952417466620245380E+02
       -3.339000000000000000000000000000    7.611072597703613417465501829048E+02
       -3.338000000000000000000000000000    7.661244947365221971922465648494E+02
       -3.337000000000000000000000000000    7.711732375501039473971048015513E+02
       -3.336000000000000000000000000000    7.762536752629409400533578171433E+02
       -3.335000000000000000000000000000    7.813659959653566399565475502956E+02
       -3.334000000000000000000000000000    7.865103887914687169846208272489E+02
       -3.333000000000000000000000000000    7.916870439245184074360527030073E+02
       -3.332000000000000000000000000000    7.968961526022242431024106905009E+02
       -3.331000000000000000000000000000    8.021379071221602427220543266678E+02
       -3.330000000000000000000000000000    8.074125008471586607331709066501E+02
       -3.329000000000000000000000000000    8.127201282107373885160763510672E+02
       -3.328000000000000000000000000000    8.180609847225521035866564263234E+02
       -3.327000000000000000000000000000    8.234352669738732624749842549426E+02
       -3.326000000000000000000000000000    8.288431726430880332955215438913E+02
       -3.325000000000000000000000000000    8.342849005012272642878895065398E+02
       -3.324000000000000000000000000000    8.397606504175175848799773119508E+02
       -3.323000000000000000000000000000    8.452706233649587360981372878993E+02
       -3.322000000000000000000000000000    8.508150214259262274223932263552E+02
       -3.321000000000000000000000000000    8.563940477977994174579571575126E+02
       -3.320000000000000000000000000000    8.620079067986151160679070066363E+02
       -3.319000000000000000000000000000    8.676568038727468058856187330831E+02
       -3.318000000000000000000000000000    8.733409455966095813994679490821E+02
       -3.317000000000000000000000000000    8.790605396843909040764136735015E+02
       -3.316000000000000000000000000000    8.848157949938072722653468091227E+02
       -3.315000000000000000000000000000    8.906069215318869048955241269424E+02
       -3.314000000000000000000000000000    8.964341304607785382600109535064E+02
       -3.313000000000000000000000000000    9.022976341035864354488183126497E+02
       -3.312000000000000000000000000000    9.081976459502317082713388661595E+02
       -3.311000000000000000000000000000    9.141343806633400517827564930969E+02
       -3.310000000000000000000000000000    9.201080540841559918043225783717E+02
       -3.309000000000000000000000000000    9.261188832384837461027538504238E+02
       -3.308000000000000000000000000000    9.321670863426548001695076873304E+02
       -3.307000000000000000000000000000    9.382528828095222988163269411118E+02
       -3.306000000000000000000000000000    9.443764932544823550792132210577E+02
       -3.305000000000000000000000000000    9.505381395015223781988809069032E+02
       -3.304000000000000000000000000000    9.567380445892965227217595786304E+02
       -3.303000000000000000000000000000    9.629764327772283610417456670554E+02
       -3.302000000000000000000000000000    9.692535295516408819791505320993E+02
       -3.301000000000000000000000000000    9.755695616319139182696474159397E+02
       -3.300000000000000000000000000000    9.819247569766691061124793165060E+02
       -3.299000000000000000000000000000    9.883193447899824802037492714969E+02
       -3.298000000000000000000000000000    9.947535555276248079572692907239E+02
       -3.297000000000000000000000000000    1.001227620903329766892189649440E+03
       -3.296000000000000000000000000000    1.007741773895090069443461849483E+03
       -3.295000000000000000000000000000    1.014296248751481639728101628266E+03
       -3.294000000000000000000000000000    1.020891280998015947077208275151E+03
       -3.293000000000000000000000000000    1.027527107443520601420758495243E+03
       -3.292000000000000000000000000000    1.034203966186548315889322404164E+03
       -3.291000000000000000000000000000    1.040922096621814342274041173089E+03
       -3.290000000000000000000000000000    1.047681739446662485263455567686E+03
       -3.289000000000000000000000000000    1.054483136667559801653077300802E+03
       -3.288000000000000000000000000000    1.061326531606620091000945877112E+03
       -3.287000000000000000000000000000    1.068212168908156284479807545384E+03
       -3.286000000000000000000000000000    1.075140294545261838953985154346E+03
       -3.285000000000000000000000000000    1.082111155826421243586473161368E+03
       -3.284000000000000000000000000000    1.089125001402149746559285766275E+03
       -3.283000000000000000000000000000    1.096182081271662409767603098366E+03
       -3.282000000000000000000000000000    1.103282646789572599625795502608E+03
       -3.281000000000000000000000000000    1.110426950672620022400954146346E+03
       -3.280000000000000000000000000000    1.117615247006428412767112262125E+03
       -3.279000000000000000000000000000    1.124847791252292984550900182893E+03
       -3.278000000000000000000000000000    1.132124840253997752916933705926E+03
       -3.277000000000000000000000000000    1.139446652244662837518784000355E+03
       -3.276000000000000000000000000000    1.146813486853621856418912974591E+03
       -3.275000000000000000000000000000    1.154225605113329520858475434234E+03
       -3.274000000000000000000000000000    1.161683269466299541235383143658E+03
       -3.273000000000000000000000000000    1.169186743772072954926490675965E+03
       -3.272000000000000000000000000000    1.176736293314216986867193282301E+03
       -3.271000000000000000000000000000    1.184332184807354554079117483543E+03
       -3.270000000000000000000000000000    1.191974686404224525613930200900E+03
       -3.269000000000000000000000000000    1.199664067702772849658586477891E+03
       -3.268000000000000000000000000000    1.207400599753274659824573649805E+03
       -3.267000000000000000000000000000    1.215184555065487472920885598431E+03
       -3.266000000000000000000000000000    1.223016207615835590787568864088E+03
       -3.265000000000000000000000000000    1.230895832854625819043717213054E+03
       -3.264000000000000000000000000000    1.238823707713294615880747079778E+03
       -3.263000000000000000000000000000    1.246800110611686784308657387463E+03
       -3.262000000000000000000000000000    1.254825321465365821539757829611E+03
       -3.261000000000000000000000000000    1.262899621692956039471033964710E+03
       -3.260000000000000000000000000000    1.271023294223516570502899596200E+03
       -3.259000000000000000000000000000    1.279196623503947373208561003814E+03
       -3.258000000000000000000000000000    1.287419895506427352644577747609E+03
       -3.257000000000000000000000000000    1.295693397735884710369445033367E+03
       -3.256000000000000000000000000000    1.304017419237499639513137022080E+03
       -3.255000000000000000000000000000    1.312392250604239480516532964615E+03
       -3.254000000000000000000000000000    1.320818183984426453435492586664E+03
       -3.253000000000000000000000000000    1.329295513089338082980047642924E+03
       -3.252000000000000000000000000000    1.337824533200840432734726870645E+03
       -3.251000000000000000000000000000    1.346405541179054265281425531582E+03
       -3.250000000000000000000000000000    1.355038835470054245221462131399E+03
       -3.249000000000000000000000000000    1.363724716113601302368527502699E+03
       -3.248000000000000000000000000000    1.372463484750908272659118951071E+03
       -3.247000000000000000000000000000    1.381255444632438934601758274072E+03
       -3.246000000000000000000000000000    1.390100900625740559360810814986E+03
       -3.245000000000000000000000000000    1.399000159223310092845046912658E+03
       -3.244000000000000000000000000000    1.407953528550494088445210724423E+03
       -3.243000000000000000000000000000    1.416961318373422509338777961809E+03
       -3.242000000000000000000000000000    1.426023840106976519553787081224E+03
       -3.241000000000000000000000000000    1.435141406822790383257111369155E+03
       -3.240000000000000000000000000000    1.444314333257287592005795570203E+03
       -3.239000000000000000000000000000    1.453542935819751339973103605189E+03
       -3.238000000000000000000000000000    1.462827532600429467433706855897E+03
       -3.237000000000000000000000000000    1.472168443378673993064978754569E+03
       -3.236000000000000000000000000000    1.481565989631115355893644273537E+03
       -3.235000000000000000000000000000    1.491020494539871487989055588069E+03
       -3.234000000000000000000000000000    1.500532283000791839276120869840E+03
       -3.233000000000000000000000000000    1.510101681631736476112395006647E+03
       -3.232000000000000000000000000000    1.519729018780890375545042144642E+03
       -3.231000000000000000000000000000    1.529414624535113037434293381840E+03
       -3.230000000000000000000000000000    1.539158830728323536900641736449E+03
       -3.229000000000000000000000000000    1.548961970949921139823333661922E+03
       -3.228000000000000000000000000000    1.558824380553241604387724834486E+03
       -3.227000000000000000000000000000    1.568746396664049291948760610980E+03
       -3.226000000000000000000000000000    1.578728358189065210747211318268E+03
       -3.225000000000000000000000000000    1.588770605824531116284332223940E+03
       -3.224000000000000000000000000000    1.598873482064809792429320445595E+03
       -3.223000000000000000000000000000    1.609037331211021637602298936820E+03
       -3.222000000000000000000000000000    1.619262499379717680643563756770E+03
       -3.221000000000000000000000000000    1.629549334511589151247477761313E+03
       -3.220000000000000000000000000000    1.639898186380213730106674281865E+03
       -3.219000000000000000000000000000    1.650309406600838604179140877556E+03
       -3.218000000000000000000000000000    1.660783348639200452757278411678E+03
       -3.217000000000000000000000000000    1.671320367820382490284167028414E+03
       -3.216000000000000000000000000000    1.681920821337708692128010564364E+03
       -3.215000000000000000000000000000    1.692585068261675329791066954413E+03
       -3.214000000000000000000000000000    1.703313469548919942294296675955E+03
       -3.213000000000000000000000000000    1.714106388051227870743466571104E+03
       -3.212000000000000000000000000000    1.724964188524576483346524804903E+03
       -3.211000000000000000000000000000    1.735887237638217218415706528951E+03
       -3.210000000000000000000000000000    1.746875903983795573151031254071E+03
       -3.209000000000000000000000000000    1.757930558084509166264604181208E+03
       -3.208000000000000000000000000000    1.769051572404304002767426944199E+03
       -3.207000000000000000000000000000    1.780239321357109069502250487932E+03
       -3.206000000000000000000000000000    1.791494181316109390267356205711E+03
       -3.205000000000000000000000000000    1.802816530623057669637023014360E+03
       -3.204000000000000000000000000000    1.814206749597624654844819737089E+03
       -3.203000000000000000000000000000    1.825665220546788345355745933387E+03
       -3.202000000000000000000000000000    1.837192327774262180012622061550E+03
       -3.201000000000000000000000000000    1.848788457589962331900993440639E+03
       -3.200000000000000000000000000000    1.860453998319514241335153710626E+03
       -3.199000000000000000000000000000    1.872189340313798517625704146409E+03
       -3.198000000000000000000000000000    1.883994875958536340546336995475E+03
       -3.197000000000000000000000000000    1.895870999683914492674255670517E+03
       -3.196000000000000000000000000000    1.907818107974250154034813785502E+03
       -3.195000000000000000000000000000    1.919836599377695590736560282483E+03
       -3.194000000000000000000000000000    1.931926874515982869537910820814E+03
       -3.193000000000000000000000000000    1.944089336094208730541117711704E+03
       -3.192000000000000000000000000000    1.956324388910659750463073458515E+03
       -3.191000000000000000000000000000    1.968632439866677929185747843414E+03
       -3.190000000000000000000000000000    1.981013897976566832541716878153E+03
       -3.189000000000000000000000000000    1.993469174377538424542285162313E+03
       -3.188000000000000000000000000000    2.005998682339700722507122575174E+03
       -3.187000000000000000000000000000    2.018602837276086408805123033489E+03
       -3.186000000000000000000000000000    2.031282056752722533166338500090E+03
       -3.185000000000000000000000000000    2.044036760498741439774336707680E+03
       -3.184000000000000000000000000000    2.056867370416533053597167305728E+03
       -3.183000000000000000000000000000    2.069774310591938660663289440296E+03
       -3.182000000000000000000000000000    2.082758007304486317236305187978E+03
       -3.181000000000000000000000000000    2.095818889037668023089148793853E+03
       -3.180000000000000000000000000000    2.108957386489258794324492274029E+03
       -3.179000000000000000000000000000    2.122173932581677771433534557284E+03
       -3.178000000000000000000000000000    2.135468962472391498530034835289E+03
       -3.177000000000000000000000000000    2.148842913564359509940422001328E+03
       -3.176000000000000000000000000000    2.162296225516522360574051774077E+03
       -3.175000000000000000000000000000    2.175829340254332236740182073068E+03
       -3.174000000000000000000000000000    2.189442701980326284319986139335E+03
       -3.173000000000000000000000000000    2.203136757184742791442912438264E+03
       -3.172000000000000000000000000000    2.216911954656180363056921157583E+03
       -3.171000000000000000000000000000    2.230768745492300225021569693815E+03
       -3.170000000000000000000000000000    2.244707583110571795591574433372E+03
       -3.169000000000000000000000000000    2.258728923259061662396333863781E+03
       -3.168000000000000000000000000000    2.272833224027266103257949036246E+03
       -3.167000000000000000000000000000    2.287020945856987289426512038626E+03
       -3.166000000000000000000000000000    2.301292551553253310046841779447E+03
       -3.165000000000000000000000000000    2.315648506295282156905419336154E+03
       -3.164000000000000000000000000000    2.330089277647489808740002647288E+03
       -3.163000000000000000000000000000    2.344615335570542554627272647211E+03
       -3.162000000000000000000000000000    2.359227152432453696195870227575E+03
       -3.161000000000000000000000000000    2.373925203019724768643315791390E+03
       -3.160000000000000000000000000000    2.388709964548531420765550728414E+03
       -3.159000000000000000000000000000    2.403581916675954094437192924981E+03
       -3.158000000000000000000000000000    2.418541541511253644209046422998E+03
       -3.157000000000000000000000000000    2.433589323627192037916938512705E+03
       -3.156000000000000000000000000000    2.448725750071398279422565787941E+03
       -3.155000000000000000000000000000    2.463951310377779694832703872514E+03
       -3.154000000000000000000000000000    2.479266496577978723767863458194E+03
       -3.153000000000000000000000000000    2.494671803212875357475247750258E+03
       -3.152000000000000000000000000000    2.510167727344135365803673121932E+03
       -3.151000000000000000000000000000    2.525754768565804455279945415760E+03
       -3.150000000000000000000000000000    2.541433429015948500747028534328E+03
       -3.149000000000000000000000000000    2.557204213388339993244189325787E+03
       -3.148000000000000000000000000000    2.573067628944190847028142837354E+03
       -3.147000000000000000000000000000    2.589024185523931708852044282940E+03
       -3.146000000000000000000000000000    2.605074395559037912835968004661E+03
       -3.145000000000000000000000000000    2.621218774083902224478268712237E+03
       -3.144000000000000000000000000000    2.637457838747754517571925723742E+03
       -3.143000000000000000000000000000    2.653792109826628528003616125038E+03
       -3.142000000000000000000000000000    2.670222110235375828625836987145E+03
       -3.141000000000000000000000000000    2.686748365539727169603889258998E+03
       -3.140000000000000000000000000000    2.703371403968401328849935869992E+03
       -3.139000000000000000000000000000    2.720091756425261617365643069520E+03
       -3.138000000000000000000000000000    2.736909956501520184523096190617E+03
       -3.137000000000000000000000000000    2.753826540487990268520737897477E+03
       -3.136000000000000000000000000000    2.770842047387386537456997561987E+03
       -3.135000000000000000000000000000    2.787957018926673666669053666593E+03
       -3.134000000000000000000000000000    2.805171999569463298187785958158E+03
       -3.133000000000000000000000000000    2.822487536528459528362419342528E+03
       -3.132000000000000000000000000000    2.839904179777953069909626028862E+03
       -3.131000000000000000000000000000    2.857422482066364234841924977192E+03
       -3.130000000000000000000000000000    2.875042998928834884929086996924E+03
       -3.129000000000000000000000000000    2.892766288699869496543908566901E+03
       -3.128000000000000000000000000000    2.910592912526025486940146231983E+03
       -3.127000000000000000000000000000    2.928523434378652949205594863786E+03
       -3.126000000000000000000000000000    2.946558421066683943327235694763E+03
       -3.125000000000000000000000000000    2.964698442249471490998062340047E+03
       -3.124000000000000000000000000000    2.982944070449678421986603458773E+03
       -3.123000000000000000000000000000    3.001295881066216220080287678381E+03
       -3.122000000000000000000000000000    3.019754452387234016802628267865E+03
       -3.121000000000000000000000000000    3.038320365603157881291730109049E+03
       -3.120000000000000000000000000000    3.056994204819780554913828042555E+03
       -3.119000000000000000000000000000    3.075776557071401779370441874664E+03
       -3.118000000000000000000000000000    3.094668012334019367241267394160E+03
       -3.117000000000000000000000000000    3.113669163538571164087102789253E+03
       -3.116000000000000000000000000000    3.132780606584228051417923952823E+03
       -3.115000000000000000000000000000    3.152002940351738140010658351505E+03
       -3.114000000000000000000000000000    3.171336766716822303239253396953E+03
       -3.113000000000000000000000000000    3.190782690563621200256279535338E+03
       -3.112000000000000000000000000000    3.210341319798193939040538457274E+03
       -3.111000000000000000000000000000    3.230013265362068529498950771783E+03
       -3.110000000000000000000000000000    3.249799141245844276983362985083E+03
       -3.109000000000000000000000000000    3.269699564502846266753828432118E+03
       -3.108000000000000000000000000000    3.289715155262832090089368633489E+03
       -3.107000000000000000000000000000    3.309846536745750962915198054078E+03
       -3.106000000000000000000000000000    3.330094335275555387981884037005E+03
       -3.105000000000000000000000000000    3.350459180294065511796902345990E+03
       -3.104000000000000000000000000000    3.370941704374886327672524792691E+03
       -3.103000000000000000000000000000    3.391542543237377876415926328533E+03
       -3.102000000000000000000000000000    3.412262335760678596347812172030E+03
       -3.101000000000000000000000000000    3.433101723997781974494728405113E+03
       -3.100000000000000000000000000000    3.454061353189666650957519341563E+03
       -3.099000000000000000000000000000    3.475141871779480128614119137027E+03
       -3.098000000000000000000000000000    3.496343931426776240469000816198E+03
       -3.097000000000000000000000000000    3.517668187021806527114140335417E+03
       -3.096000000000000000000000000000    3.539115296699865676917273628300E+03
       -3.095000000000000000000000000000    3.560685921855691181702517901723E+03
       -3.094000000000000000000000000000    3.582380727157917360836081816965E+03
       -3.093000000000000000000000000000    3.604200380563583906775789616715E+03
       -3.092000000000000000000000000000    3.626145553332699105287478707540E+03
       -3.091000000000000000000000000000    3.648216920042857883673985596966E+03
       -3.090000000000000000000000000000    3.670415158603914840503398286386E+03
       -3.089000000000000000000000000000    3.692740950272712410462511060303E+03
       -3.088000000000000000000000000000    3.715194979667864318098956867991E+03
       -3.087000000000000000000000000000    3.737777934784594474351299897475E+03
       -3.086000000000000000000000000000    3.760490507009631469900433180008E+03
       -3.085000000000000000000000000000    3.783333391136158819507929775261E+03
       -3.084000000000000000000000000000    3.806307285378821111637527866676E+03
       -3.083000000000000000000000000000    3.829412891388786217784676489538E+03
       -3.082000000000000000000000000000    3.852650914268863716066016122079E+03
       -3.081000000000000000000000000000    3.876022062588679683745803446461E+03
       -3.080000000000000000000000000000    3.899527048399908013499598639938E+03
       -3.079000000000000000000000000000    3.923166587251558408337002948580E+03
       -3.078000000000000000000000000000    3.946941398205321210224850342285E+03
       -3.077000000000000000000000000000    3.970852203850969217570006019730E+03
       -3.076000000000000000000000000000    3.994899730321816646836792648679E+03
       -3.075000000000000000000000000000    4.019084707310235393688038667734E+03
       -3.074000000000000000000000000000    4.043407868083228749150807871141E+03
       -3.073000000000000000000000000000    4.067869949498062726418011933585E+03
       -3.072000000000000000000000000000    4.092471692017955154005313545859E+03
       -3.071000000000000000000000000000    4.117213839727822691088983417687E+03
       -3.070000000000000000000000000000    4.142097140350085920954665507787E+03
       -3.069000000000000000000000000000    4.167122345260532678589317364294E+03
       -3.068000000000000000000000000000    4.192290209504239768548912256072E+03
       -3.067000000000000000000000000000    4.217601491811553229332802656323E+03
       -3.066000000000000000000000000000    4.243056954614127300591936367669E+03
       -3.065000000000000000000000000000    4.268657364061022249592372870094E+03
       -3.064000000000000000000000000000    4.294403490034861213447754001603E+03
       -3.063000000000000000000000000000    4.320296106168046213724525472429E+03
       -3.062000000000000000000000000000    4.346335989859033500111769547516E+03
       -3.061000000000000000000000000000    4.372523922288668379933480043795E+03
       -3.060000000000000000000000000000    4.398860688436579690364974067842E+03
       -3.059000000000000000000000000000    4.425347077097634070296876109648E+03
       -3.058000000000000000000000000000    4.451983880898450188869714608033E+03
       -3.057000000000000000000000000000    4.478771896313973087779624265518E+03
       -3.056000000000000000000000000000    4.505711923684108794530934523203E+03
       -3.055000000000000000000000000000    4.532804767230419363884530971517E+03
       -3.054000000000000000000000000000    4.560051235072878504821787288089E+03
       -3.053000000000000000000000000000    4.587452139246687950412565731269E+03
       -3.052000000000000000000000000000    4.615008295719154728042259404035E+03
       -3.051000000000000000000000000000    4.642720524406629487517084520058E+03
       -3.050000000000000000000000000000    4.670589649191506044628810788436E+03
       -3.049000000000000000000000000000    4.698616497939282297819827778082E+03
       -3.048000000000000000000000000000    4.726801902515682675646869674145E+03
       -3.047000000000000000000000000000    4.755146698803842272796845099493E+03
       -3.046000000000000000000000000000    4.783651726721552832461027501913E+03
       -3.045000000000000000000000000000    4.812317830238570732924339815296E+03
       -3.044000000000000000000000000000    4.841145857393987136274599459237E+03
       -3.043000000000000000000000000000    4.870136660313660457182360970000E+03
       -3.042000000000000000000000000000    4.899291095227711309745388336511E+03
       -3.041000000000000000000000000000    4.928610022488080090432792082947E+03
       -3.040000000000000000000000000000    4.958094306586147355202461885729E+03
       -3.039000000000000000000000000000    4.987744816170417148901598584086E+03
       -3.038000000000000000000000000000    5.017562424064263445093884342445E+03
       -3.037000000000000000000000000000    5.047548007283739854488110908635E+03
       -3.036000000000000000000000000000    5.077702447055452760171897798824E+03
       -3.035000000000000000000000000000    5.108026628834498037880459199368E+03
       -3.034000000000000000000000000000    5.138521442322461519554204734409E+03
       -3.033000000000000000000000000000    5.169187781485483358460269289765E+03
       -3.032000000000000000000000000000    5.200026544572386454171845048275E+03
       -3.031000000000000000000000000000    5.231038634132869095715418975874E+03
       -3.030000000000000000000000000000    5.262224957035761981209685354361E+03
       -3.029000000000000000000000000000    5.293586424487349772330989695967E+03
       -3.028000000000000000000000000000    5.325123952049757341948651562996E+03
       -3.027000000000000000000000000000    5.356838459659400873279393476736E+03
       -3.026000000000000000000000000000    5.388730871645503968913355213923E+03
       -3.025000000000000000000000000000    5.420802116748678928064781294172E+03
       -3.024000000000000000000000000000    5.453053128139573350398418252830E+03
       -3.023000000000000000000000000000    5.485484843437582224777931222918E+03
       -3.022000000000000000000000000000    5.518098204729625661275230227035E+03
       -3.021000000000000000000000000000    5.550894158588992424769469172459E+03
       -3.020000000000000000000000000000    5.583873656094249428451628575243E+03
       -3.019000000000000000000000000000    5.617037652848217345535000194519E+03
       -3.018000000000000000000000000000    5.650387108997012497453541677175E+03
       -3.017000000000000000000000000000    5.683922989249155176808945594135E+03
       -3.016000000000000000000000000000    5.717646262894744563303353449465E+03
       -3.015000000000000000000000000000    5.751557903824700390867924877444E+03
       -3.014000000000000000000000000000    5.785658890550071524167928783951E+03
       -3.013000000000000000000000000000    5.819950206221411602632640068980E+03
       -3.012000000000000000000000000000    5.854432838648221910123086177270E+03
       -3.011000000000000000000000000000    5.889107780318461628312575413195E+03
       -3.010000000000000000000000000000    5.923976028418125631813937032420E+03
       -3.009000000000000000000000000000    5.959038584850889983043494853487E+03
       -3.008000000000000000000000000000    5.994296456257825284764964743801E+03
       -3.007000000000000000000000000000    6.029750654037178048206695012054E+03
       -3.006000000000000000000000000000    6.065402194364220234592940627963E+03
       -3.005000000000000000000000000000    6.101252098211167127874160394862E+03
       -3.004000000000000000000000000000    6.137301391367163696382633785506E+03
       -3.003000000000000000000000000000    6.173551104458339601077994140509E+03
       -3.002000000000000000000000000000    6.210002272967933007982550306234E+03
       -3.001000000000000000000000000000    6.246655937256483362338502498991E+03
       -3.000000000000000000000000000000    6.283513142582093281948333129514E+03
       -2.999000000000000000000000000000    6.320574939120759727085752370891E+03
       -2.998000000000000000000000000000    6.357842381986774604287584229941E+03
       -2.997000000000000000000000000000    6.395316531253194961256874572684E+03
       -2.996000000000000000000000000000    6.432998451972382930024270706288E+03
       -2.995000000000000000000000000000    6.470889214196615575428345440818E+03
       -2.994000000000000000000000000000    6.508989892998764805885999713737E+03
       -2.993000000000000000000000000000    6.547301568493047503331359489176E+03
       -2.992000000000000000000000000000    6.585825325855846029105667334864E+03
       -2.991000000000000000000000000000    6.624562255346599262481539386223E+03
       -2.990000000000000000000000000000    6.663513452328764328402596845485E+03
       -2.989000000000000000000000000000    6.702680017290849170913870211623E+03
       -2.988000000000000000000000000000    6.742063055867516128649496534560E+03
       -2.987000000000000000000000000000    6.781663678860756668632067537016E+03
       -2.986000000000000000000000000000    6.821483002261137434522521814594E+03
       -2.985000000000000000000000000000    6.861522147269117765340689836985E+03
       -2.984000000000000000000000000000    6.901782240316438840554478421298E+03
       -2.983000000000000000000000000000    6.942264413087584607310203986189E+03
       -2.982000000000000000000000000000    6.982969802541314645447733439833E+03
       -2.981000000000000000000000000000    7.023899550932269125811850186283E+03
       -2.980000000000000000000000000000    7.065054805832646017235612597671E+03
       -2.979000000000000000000000000000    7.106436720153950697432395501914E+03
       -2.978000000000000000000000000000    7.148046452168818122890783849257E+03
       -2.977000000000000000000000000000    7.189885165532907712720503782225E+03
       -2.976000000000000000000000000000    7.231954029306871101248111843186E+03
       -2.975000000000000000000000000000    7.274254217978392914008199976876E+03
       -2.974000000000000000000000000000    7.316786911484304721619394252116E+03
       -2.973000000000000000000000000000    7.359553295232772325874410732573E+03
       -2.972000000000000000000000000000    7.402554560125556532209864531168E+03
       -2.971000000000000000000000000000    7.445791902580347562554389612276E+03
       -2.970000000000000000000000000000    7.489266524553173262382899151651E+03
       -2.969000000000000000000000000000    7.532979633560881255630480983135E+03
       -2.968000000000000000000000000000    7.576932442703695200941461577064E+03
       -2.967000000000000000000000000000    7.621126170687845302547566797241E+03
       -2.966000000000000000000000000000    7.665562041848273228883840027499E+03
       -2.965000000000000000000000000000    7.710241286171411591862029767906E+03
       -2.964000000000000000000000000000    7.755165139318038139528511064111E+03
       -2.963000000000000000000000000000    7.800334842646204814637439708060E+03
       -2.962000000000000000000000000000    7.845751643234241831469736558345E+03
       -2.961000000000000000000000000000    7.891416793903836923024643065515E+03
       -2.960000000000000000000000000000    7.937331553243189910502959611355E+03
       -2.959000000000000000000000000000    7.983497185630242746789657008940E+03
       -2.958000000000000000000000000000    8.029914961255985185428319858083E+03
       -2.957000000000000000000000000000    8.076586156147836226360819773002E+03
       -2.956000000000000000000000000000    8.123512052193101489482708128785E+03
       -2.955000000000000000000000000000    8.170693937162506666838043212615E+03
       -2.954000000000000000000000000000    8.218133104733807204046706786163E+03
       -2.953000000000000000000000000000    8.265830854515474361322701307875E+03
       -2.952000000000000000000000000000    8.313788492070457804203432638686E+03
       -2.951000000000000000000000000000    8.362007328940024873867555142478E+03
       -2.950000000000000000000000000000    8.410488682667676686672567844296E+03
       -2.949000000000000000000000000000    8.459233876823141212292982845984E+03
       -2.948000000000000000000000000000    8.508244241026443479585521612743E+03
       -2.947000000000000000000000000000    8.557521110972053059049412097977E+03
       -2.946000000000000000000000000000    8.607065828453108970487441001970E+03
       -2.945000000000000000000000000000    8.656879741385722164206941768216E+03
       -2.944000000000000000000000000000    8.706964203833355723829351187135E+03
       -2.943000000000000000000000000000    8.757320576031282938502326649966E+03
       -2.942000000000000000000000000000    8.807950224411123392029663097858E+03
       -2.941000000000000000000000000000    8.858854521625457216151364436911E+03
       -2.940000000000000000000000000000    8.910034846572517654919189506637E+03
       -2.939000000000000000000000000000    8.961492584420962086821788437357E+03
       -2.938000000000000000000000000000    9.013229126634721651018152225383E+03
       -2.937000000000000000000000000000    9.065245870997929623738497380999E+03
       -2.936000000000000000000000000000    9.117544221639928690607879324813E+03
       -2.935000000000000000000000000000    9.170125589060357260339753558748E+03
       -2.934000000000000000000000000000    9.222991390154314964934363229204E+03
       -2.933000000000000000000000000000    9.276143048237607491200206216857E+03
       -2.932000000000000000000000000000    9.329581993072070888095904990531E+03
       -2.931000000000000000000000000000    9.383309660890975494064548787253E+03
       -2.930000000000000000000000000000    9.437327494424509628202980838456E+03
       -2.929000000000000000000000000000    9.491636942925343188774543940792E+03
       -2.928000000000000000000000000000    9.546239462194271302235456232886E+03
       -2.927000000000000000000000000000    9.601136514605938165602246127016E+03
       -2.926000000000000000000000000000    9.656329569134641224640511474497E+03
       -2.925000000000000000000000000000    9.711820101380215830003663709895E+03
       -2.924000000000000000000000000000    9.767609593594000513094253394393E+03
       -2.923000000000000000000000000000    9.823699534704883023059929712407E+03
       -2.922000000000000000000000000000    9.880091420345427265971043496168E+03
       -2.921000000000000000000000000000    9.936786752878081286857341667013E+03
       -2.920000000000000000000000000000    9.993787041421466434907100974932E+03
       -2.919000000000000000000000000000    1.005109380187674785175339095413E+04
       -2.918000000000000000000000000000    1.010870855695408642238892043590E+04
       -2.917000000000000000000000000000    1.016663283619917232786308909487E+04
       -2.916000000000000000000000000000    1.022486817601984033852241565436E+04
       -2.915000000000000000000000000000    1.028341611971276698615842782581E+04
       -2.914000000000000000000000000000    1.034227821749024975302535607099E+04
       -2.913000000000000000000000000000    1.040145602650706841528355410002E+04
       -2.912000000000000000000000000000    1.046095111088742867801345388134E+04
       -2.911000000000000000000000000000    1.052076504175198823852903205048E+04
       -2.910000000000000000000000000000    1.058089939724496541429919815523E+04
       -2.909000000000000000000000000000    1.064135576256133047136019333885E+04
       -2.908000000000000000000000000000    1.070213572997407978867199099808E+04
       -2.907000000000000000000000000000    1.076324089886159299343679879847E+04
       -2.906000000000000000000000000000    1.082467287573507320195805431012E+04
       -2.905000000000000000000000000000    1.088643327426607050017376454934E+04
       -2.904000000000000000000000000000    1.094852371531408879754864296856E+04
       -2.903000000000000000000000000000    1.101094582695427618755522600406E+04
       -2.902000000000000000000000000000    1.107370124450519894751498523027E+04
       -2.901000000000000000000000000000    1.113679161055669931010637052753E+04
       -2.900000000000000000000000000000    1.120021857499783713837770447974E+04
       -2.899000000000000000000000000000    1.126398379504491563562887849788E+04
       -2.898000000000000000000000000000    1.132808893526959122104685692023E+04
       -2.897000000000000000000000000000    1.139253566762706770149605656188E+04
       -2.896000000000000000000000000000    1.145732567148437486937571585441E+04
       -2.895000000000000000000000000000    1.152246063364873165596237979792E+04
       -2.894000000000000000000000000000    1.158794224839599396915658439690E+04
       -2.893000000000000000000000000000    1.165377221749918734404870701142E+04
       -2.892000000000000000000000000000    1.171995225025712453420973705868E+04
       -2.891000000000000000000000000000    1.178648406352310817109839466714E+04
       -2.890000000000000000000000000000    1.185336938173371861845656312708E+04
       -2.889000000000000000000000000000    1.192060993693768714804038419941E+04
       -2.888000000000000000000000000000    1.198820746882485456250457342714E+04
       -2.887000000000000000000000000000    1.205616372475521539072252542596E+04
       -2.886000000000000000000000000000    1.212448045978804778028457658205E+04
       -2.885000000000000000000000000000    1.219315943671112921137135452240E+04
       -2.884000000000000000000000000000    1.226220242607003815564845000197E+04
       -2.883000000000000000000000000000    1.233161120619754180327267732048E+04
       -2.882000000000000000000000000000    1.240138756324306998053892388275E+04
       -2.881000000000000000000000000000    1.247153329120227538013000788380E+04
       -2.880000000000000000000000000000    1.254205019194668022536004516209E+04
       -2.879000000000000000000000000000    1.261294007525340948922455184451E+04
       -2.878000000000000000000000000000    1.268420475883501078848785832071E+04
       -2.877000000000000000000000000000    1.275584606836936107245036214526E+04
       -2.876000000000000000000000000000    1.282786583752966022544468248012E+04
       -2.875000000000000000000000000000    1.290026590801451170151087646076E+04
       -2.874000000000000000000000000000    1.297304812957809030909651819565E+04
       -2.873000000000000000000000000000    1.304621436006039726301760378698E+04
       -2.872000000000000000000000000000    1.311976646541760262030091058295E+04
       -2.871000000000000000000000000000    1.319370631975247521590758562988E+04
       -2.870000000000000000000000000000    1.326803580534490021371134677327E+04
       -2.869000000000000000000000000000    1.334275681268248438747272984871E+04
       -2.868000000000000000000000000000    1.341787124049124924591328669127E+04
       -2.867000000000000000000000000000    1.349338099576641211535051106099E+04
       -2.866000000000000000000000000000    1.356928799380325529270552281745E+04
       -2.865000000000000000000000000000    1.364559415822808338104115456301E+04
       -2.864000000000000000000000000000    1.372230142102926891912803929817E+04
       -2.863000000000000000000000000000    1.379941172258838641587057218083E+04
       -2.862000000000000000000000000000    1.387692701171143489975319404223E+04
       -2.861000000000000000000000000000    1.395484924566014909279029867758E+04
       -2.860000000000000000000000000000    1.403318039018339931778017989137E+04
       -2.859000000000000000000000000000    1.411192241954868024697478763357E+04
       -2.858000000000000000000000000000    1.419107731657368859958263511217E+04
       -2.857000000000000000000000000000    1.427064707265798989482197031521E+04
       -2.856000000000000000000000000000    1.435063368781477436653527572872E+04
       -2.855000000000000000000000000000    1.443103917070270214466426901051E+04
       -2.854000000000000000000000000000    1.451186553865783780816682479189E+04
       -2.853000000000000000000000000000    1.459311481772567441323360345525E+04
       -2.852000000000000000000000000000    1.467478904269324709993263650645E+04
       -2.851000000000000000000000000000    1.475689025712133637967465986599E+04
       -2.850000000000000000000000000000    1.483942051337676120515058588660E+04
       -2.849000000000000000000000000000    1.492238187266476192364514202272E+04
       -2.848000000000000000000000000000    1.500577640506147321387735869026E+04
       -2.847000000000000000000000000000    1.508960618954648710575924083462E+04
       -2.846000000000000000000000000000    1.517387331403550618169858695268E+04
       -2.845000000000000000000000000000    1.525857987541308705730050567998E+04
       -2.844000000000000000000000000000    1.534372797956547423854470345972E+04
       -2.843000000000000000000000000000    1.542931974141352445173205716719E+04
       -2.842000000000000000000000000000    1.551535728494572154170432279621E+04
       -2.841000000000000000000000000000    1.560184274325128203304504535850E+04
       -2.840000000000000000000000000000    1.568877825855335144816780595138E+04
       -2.839000000000000000000000000000    1.577616598224229147538984947548E+04
       -2.838000000000000000000000000000    1.586400807490905807927486070722E+04
       -2.837000000000000000000000000000    1.595230670637867064470817734079E+04
       -2.836000000000000000000000000000    1.604106405574377224534102621450E+04
       -2.835000000000000000000000000000    1.613028231139828112620742324739E+04
       -2.834000000000000000000000000000    1.621996367107113348947816866767E+04
       -2.833000000000000000000000000000    1.631011034186011767147087696832E+04
       -2.832000000000000000000000000000    1.640072454026579979818318574383E+04
       -2.831000000000000000000000000000    1.649180849222554100575816923290E+04
       -2.830000000000000000000000000000    1.658336443314760631142652111848E+04
       -2.829000000000000000000000000000    1.667539460794536521959924704106E+04
       -2.828000000000000000000000000000    1.676790127107158414690740050632E+04
       -2.827000000000000000000000000000    1.686088668655281074910178657395E+04
       -2.826000000000000000000000000000    1.695435312802385023183552608436E+04
       -2.825000000000000000000000000000    1.704830287876233372645589941419E+04
       -2.824000000000000000000000000000    1.714273823172337881102895307612E+04
       -2.823000000000000000000000000000    1.723766148957434225591093513737E+04
       -2.822000000000000000000000000000    1.733307496472966507226470669415E+04
       -2.821000000000000000000000000000    1.742898097938580994099683679668E+04
       -2.820000000000000000000000000000    1.752538186555629109866210758699E+04
       -2.819000000000000000000000000000    1.762227996510679675594661532831E+04
       -2.818000000000000000000000000000    1.771967762979040412339853183522E+04
       -2.817000000000000000000000000000    1.781757722128288711812686994752E+04
       -2.816000000000000000000000000000    1.791598111121811682423325654270E+04
       -2.815000000000000000000000000000    1.801489168122355477877973759618E+04
       -2.814000000000000000000000000000    1.811431132295583915412700244255E+04
       -2.813000000000000000000000000000    1.821424243813646390650209916384E+04
       -2.812000000000000000000000000000    1.831468743858755095967270045770E+04
       -2.811000000000000000000000000000    1.841564874626771549161624997334E+04
       -2.810000000000000000000000000000    1.851712879330802439107685353215E+04
       -2.809000000000000000000000000000    1.861913002204804794990055848636E+04
       -2.808000000000000000000000000000    1.872165488507200485603066835914E+04
       -2.807000000000000000000000000000    1.882470584524500055102894953030E+04
       -2.806000000000000000000000000000    1.892828537574935901496598279206E+04
       -2.805000000000000000000000000000    1.903239596012104804049447584093E+04
       -2.804000000000000000000000000000    1.913704009228619805688306397034E+04
       -2.803000000000000000000000000000    1.924222027659771456374496619267E+04
       -2.802000000000000000000000000000    1.934793902787198423314581359313E+04
       -2.801000000000000000000000000000    1.945419887142567473771800677961E+04
       -2.800000000000000000000000000000    1.956100234311262836134507075807E+04
       -2.799000000000000000000000000000    1.966835198936084944790863938250E+04
       -2.798000000000000000000000000000    1.977625036720958574251289869081E+04
       -2.797000000000000000000000000000    1.988470004434650367851652996942E+04
       -2.796000000000000000000000000000    1.999370359914495766261040035429E+04
       -2.795000000000000000000000000000    2.010326362070135340908043227809E+04
       -2.794000000000000000000000000000    2.021338270887260537328922425598E+04
       -2.793000000000000000000000000000    2.032406347431368833329707554937E+04
       -2.792000000000000000000000000000    2.043530853851528316742306738272E+04
       -2.791000000000000000000000000000    2.054712053384151687441975488003E+04
       -2.790000000000000000000000000000    2.065950210356779688180080804271E+04
       -2.789000000000000000000000000000    2.077245590191873968671958826224E+04
       -2.788000000000000000000000000000    2.088598459410619387264814044327E+04
       -2.787000000000000000000000000000    2.100009085636735754395040124671E+04
       -2.786000000000000000000000000000    2.111477737600299021928055273178E+04
       -2.785000000000000000000000000000    2.123004685141571922356736931169E+04
       -2.784000000000000000000000000000    2.134590199214844061716809601656E+04
       -2.783000000000000000000000000000    2.146234551892281469959083920254E+04
       -2.782000000000000000000000000000    2.157938016367785612399262873058E+04
       -2.781000000000000000000000000000    2.169700866960861865746120498042E+04
       -2.780000000000000000000000000000    2.181523379120497462088217663548E+04
       -2.779000000000000000000000000000    2.193405829429048904097946779035E+04
       -2.778000000000000000000000000000    2.205348495606138854589590746412E+04
       -2.777000000000000000000000000000    2.217351656512562503445239297068E+04
       -2.776000000000000000000000000000    2.229415592154203414798826277267E+04
       -2.775000000000000000000000000000    2.241540583685958857244232645523E+04
       -2.774000000000000000000000000000    2.253726913415674619708340137562E+04
       -2.773000000000000000000000000000    2.265974864808089315504117950924E+04
       -2.772000000000000000000000000000    2.278284722488788176952277620597E+04
       -2.771000000000000000000000000000    2.290656772248166342832737723782E+04
       -2.770000000000000000000000000000    2.303091301045401640799098395589E+04
       -2.769000000000000000000000000000    2.315588597012436866760534093740E+04
       -2.768000000000000000000000000000    2.328148949457971563105969860555E+04
       -2.767000000000000000000000000000    2.340772648871463297515109741549E+04
       -2.766000000000000000000000000000    2.353459986927138443969834284972E+04
       -2.765000000000000000000000000000    2.366211256488012467447675424546E+04
       -2.764000000000000000000000000000    2.379026751609919713646509803405E+04
       -2.763000000000000000000000000000    2.391906767545552704956284002035E+04
       -2.762000000000000000000000000000    2.404851600748510943759495464105E+04
       -2.761000000000000000000000000000    2.417861548877359224007299455052E+04
       -2.760000000000000000000000000000    2.430936910799695451882493429083E+04
       -2.759000000000000000000000000000    2.444077986596227976224244017085E+04
       -2.758000000000000000000000000000    2.457285077564862429252266783832E+04
       -2.757000000000000000000000000000    2.470558486224798077990243246888E+04
       -2.756000000000000000000000000000    2.483898516320633686649561718074E+04
       -2.755000000000000000000000000000    2.497305472826482890094996643716E+04
       -2.754000000000000000000000000000    2.510779661950099078373693611824E+04
       -2.753000000000000000000000000000    2.524321391137009792147802399112E+04
       -2.752000000000000000000000000000    2.537930969074660628729296691706E+04
       -2.751000000000000000000000000000    2.551608705696568658272934780808E+04
       -2.750000000000000000000000000000    2.565354912186485349539948965841E+04
       -2.749000000000000000000000000000    2.579169900982569004500900957385E+04
       -2.748000000000000000000000000000    2.593053985781566700901204632137E+04
       -2.747000000000000000000000000000    2.607007481543005741767094431567E+04
       -2.746000000000000000000000000000    2.621030704493394610683305901177E+04
       -2.745000000000000000000000000000    2.635123972130433431526432732523E+04
       -2.744000000000000000000000000000    2.649287603227233931189830596816E+04
       -2.743000000000000000000000000000    2.663521917836548903687050456302E+04
       -2.742000000000000000000000000000    2.677827237295011173871101324523E+04
       -2.741000000000000000000000000000    2.692203884227382058856363043733E+04
       -2.740000000000000000000000000000    2.706652182550809325078691989732E+04
       -2.739000000000000000000000000000    2.721172457479094638777185141647E+04
       -2.738000000000000000000000000000    2.735765035526970507528189115306E+04
       -2.737000000000000000000000000000    2.750430244514386710308459010419E+04
       -2.736000000000000000000000000000    2.765168413570806213409885728597E+04
       -2.735000000000000000000000000000    2.779979873139510569372918254456E+04
       -2.734000000000000000000000000000    2.794864954981914795949707736973E+04
       -2.733000000000000000000000000000    2.809823992181891731951091552876E+04
       -2.732000000000000000000000000000    2.824857319150105866673816376345E+04
       -2.731000000000000000000000000000    2.839965271628356639445868126825E+04
       -2.730000000000000000000000000000    2.855148186693931205668432034661E+04
       -2.729000000000000000000000000000    2.870406402763966665572846477187E+04
       -2.728000000000000000000000000000    2.885740259599821751749938228765E+04
       -2.727000000000000000000000000000    2.901150098311457971347332879421E+04
       -2.726000000000000000000000000000    2.916636261361830198667720958999E+04
       -2.725000000000000000000000000000    2.932199092571286713737626317625E+04
       -2.724000000000000000000000000000    2.947838937121978682251967127739E+04
       -2.723000000000000000000000000000    2.963556141562279072134620066918E+04
       -2.722000000000000000000000000000    2.979351053811211001789293401779E+04
       -2.721000000000000000000000000000    2.995224023162885514948283418990E+04
       -2.720000000000000000000000000000    3.011175400290948776859129546385E+04
       -2.719000000000000000000000000000    3.027205537253038686380795191982E+04
       -2.718000000000000000000000000000    3.043314787495250898391782427173E+04
       -2.717000000000000000000000000000    3.059503505856614250742537788415E+04
       -2.716000000000000000000000000000    3.075772048573575589813622314931E+04
       -2.715000000000000000000000000000    3.092120773284493988569400133785E+04
       -2.714000000000000000000000000000    3.108550039034144350824445113702E+04
       -2.713000000000000000000000000000    3.125060206278230395266473010795E+04
       -2.712000000000000000000000000000    3.141651636887907012605375808712E+04
       -2.711000000000000000000000000000    3.158324694154311989042864308563E+04
       -2.710000000000000000000000000000    3.175079742793107089081313156788E+04
       -2.709000000000000000000000000000    3.191917148949028490513648128609E+04
       -2.708000000000000000000000000000    3.208837280200446564258517338117E+04
       -2.707000000000000000000000000000    3.225840505563934991526544861378E+04
       -2.706000000000000000000000000000    3.242927195498849210624175784630E+04
       -2.705000000000000000000000000000    3.260097721911914185521484685137E+04
       -2.704000000000000000000000000000    3.277352458161821488129333787675E+04
       -2.703000000000000000000000000000    3.294691779063835686049431296135E+04
       -2.702000000000000000000000000000    3.312116060894410027378153469467E+04
       -2.701000000000000000000000000000    3.329625681395811413961454697460E+04
       -2.700000000000000000000000000000    3.347221019780754654313796949143E+04
       -2.699000000000000000000000000000    3.364902456737045987228782340653E+04
       -2.698000000000000000000000000000    3.382670374432235866923069037448E+04
       -2.697000000000000000000000000000    3.400525156518281000368190116327E+04
       -2.696000000000000000000000000000    3.418467188136215627277076226104E+04
       -2.695000000000000000000000000000    3.436496855920832033023404773735E+04
       -2.694000000000000000000000000000    3.454614548005370284582359808820E+04
       -2.693000000000000000000000000000    3.472820654026217179390986679102E+04
       -2.692000000000000000000000000000    3.491115565127614396835062790106E+04
       -2.691000000000000000000000000000    3.509499673966375841877279342806E+04
       -2.690000000000000000000000000000    3.527973374716614170148537675443E+04
       -2.689000000000000000000000000000    3.546537063074476483630306743093E+04
       -2.688000000000000000000000000000    3.565191136262889185861264286956E+04
       -2.687000000000000000000000000000    3.583935993036311985405852343006E+04
       -2.686000000000000000000000000000    3.602772033685501036125916897147E+04
       -2.685000000000000000000000000000    3.621699660042281202599270704609E+04
       -2.684000000000000000000000000000    3.640719275484327438830816560850E+04
       -2.683000000000000000000000000000    3.659831284939955268202794658244E+04
       -2.682000000000000000000000000000    3.679036094892920352410771118729E+04
       -2.681000000000000000000000000000    3.698334113387227136931164401606E+04
       -2.680000000000000000000000000000    3.717725750031946560364411105206E+04
       -2.679000000000000000000000000000    3.737211416006042814795301781392E+04
       -2.678000000000000000000000000000    3.756791524063209144108569846543E+04
       -2.677000000000000000000000000000    3.776466488536712666993491598512E+04
       -2.676000000000000000000000000000    3.796236725344248211166051846256E+04
       -2.675000000000000000000000000000    3.816102651992801145131146851086E+04
       -2.674000000000000000000000000000    3.836064687583519193600333302943E+04
       -2.673000000000000000000000000000    3.856123252816593222472788062605E+04
       -2.672000000000000000000000000000    3.876278769996146979078417555855E+04
       -2.671000000000000000000000000000    3.896531663035135773172447186785E+04
       -2.670000000000000000000000000000    3.916882357460254083960329136872E+04
       -2.669000000000000000000000000000    3.937331280416852078220430640578E+04
       -2.668000000000000000000000000000    3.957878860673861024379703497480E+04
       -2.667000000000000000000000000000    3.978525528628727587184388429814E+04
       -2.666000000000000000000000000000    3.999271716312356987393774171970E+04
       -2.665000000000000000000000000000    4.020117857394065010710110147984E+04
       -2.664000000000000000000000000000    4.041064387186538849941962532414E+04
       -2.663000000000000000000000000000    4.062111742650806764181605691393E+04
       -2.662000000000000000000000000000    4.083260362401216538559453771279E+04
       -2.661000000000000000000000000000    4.104510686710422727920059863855E+04
       -2.660000000000000000000000000000    4.125863157514382667544842066210E+04
       -2.659000000000000000000000000000    4.147318218417361233826436221837E+04
       -2.658000000000000000000000000000    4.168876314696944337578423543775E+04
       -2.657000000000000000000000000000    4.190537893309061132442137062539E+04
       -2.656000000000000000000000000000    4.212303402893014920629313308305E+04
       -2.655000000000000000000000000000    4.234173293776522738015524240517E+04
       -2.654000000000000000000000000000    4.256148017980763600374598606724E+04
       -2.653000000000000000000000000000    4.278228029225435392318621089215E+04
       -2.652000000000000000000000000000    4.300413782933820380281581241949E+04
       -2.651000000000000000000000000000    4.322705736237859330657331805909E+04
       -2.650000000000000000000000000000    4.345104347983234213974207008874E+04
       -2.649000000000000000000000000000    4.367610078734459475759445412026E+04
       -2.648000000000000000000000000000    4.390223390779981854516458283145E+04
       -2.647000000000000000000000000000    4.412944748137288727006982892873E+04
       -2.646000000000000000000000000000    4.435774616558024960798260101232E+04
       -2.645000000000000000000000000000    4.458713463533118253802576697325E+04
       -2.644000000000000000000000000000    4.481761758297912940302814763055E+04
       -2.643000000000000000000000000000    4.504919971837312242723052455799E+04
       -2.642000000000000000000000000000    4.528188576890928948167762665446E+04
       -2.641000000000000000000000000000    4.551568047958244488516757635267E+04
       -2.640000000000000000000000000000    4.575058861303776402625728497419E+04
       -2.639000000000000000000000000000    4.598661494962254158944028433348E+04
       -2.638000000000000000000000000000    4.622376428743803316622246514425E+04
       -2.637000000000000000000000000000    4.646204144239138002942115913757E+04
       -2.636000000000000000000000000000    4.670145124824761684660394827945E+04
       -2.635000000000000000000000000000    4.694199855668176210616550846903E+04
       -2.634000000000000000000000000000    4.718368823733099102711369417175E+04
       -2.633000000000000000000000000000    4.742652517784689072119994233332E+04
       -2.632000000000000000000000000000    4.767051428394779737358391654704E+04
       -2.631000000000000000000000000000    4.791566047947121520576812389818E+04
       -2.630000000000000000000000000000    4.816196870642631698207501545554E+04
       -2.629000000000000000000000000000    4.840944392504652581846682546843E+04
       -2.628000000000000000000000000000    4.865809111384217805002711258339E+04
       -2.627000000000000000000000000000    4.890791526965326691093263762796E+04
       -2.626000000000000000000000000000    4.915892140770226677824484570470E+04
       -2.625000000000000000000000000000    4.941111456164703772834181467060E+04
       -2.624000000000000000000000000000    4.966449978363381015229408689787E+04
       -2.623000000000000000000000000000    4.991908214435024917396131606039E+04
       -2.622000000000000000000000000000    5.017486673307859861205113529052E+04
       -2.621000000000000000000000000000    5.043185865774890422483708731228E+04
       -2.620000000000000000000000000000    5.069006304499231597367885117735E+04
       -2.619000000000000000000000000000    5.094948504019446903892535429547E+04
       -2.618000000000000000000000000000    5.121012980754894331920967303427E+04
       -2.617000000000000000000000000000    5.147200253011080114256390093193E+04
       -2.616000000000000000000000000000    5.173510840985020291519240137443E+04
       -2.615000000000000000000000000000    5.199945266770610043114306248593E+04
       -2.614000000000000000000000000000    5.226504054364000756350833720801E+04
       -2.613000000000000000000000000000    5.253187729668984805517098253664E+04
       -2.612000000000000000000000000000    5.279996820502388012448351027501E+04
       -2.611000000000000000000000000000    5.306931856599469759863542927391E+04
       -2.610000000000000000000000000000    5.333993369619330728481839799181E+04
       -2.609000000000000000000000000000    5.361181893150328228664641853783E+04
       -2.608000000000000000000000000000    5.388497962715499097062619158219E+04
       -2.607000000000000000000000000000    5.415942115777990128480171825311E+04
       -2.606000000000000000000000000000    5.443514891746496012901718320809E+04
       -2.605000000000000000000000000000    5.471216831980704747355308549570E+04
       -2.604000000000000000000000000000    5.499048479796750492019250383932E+04
       -2.603000000000000000000000000000    5.527010380472673839706729400780E+04
       -2.602000000000000000000000000000    5.555103081253889467591792162638E+04
       -2.601000000000000000000000000000    5.583327131358661139767553796773E+04
       -2.600000000000000000000000000000    5.611683081983584028954081299600E+04
       -2.599000000000000000000000000000    5.640171486309074325399095347514E+04
       -2.598000000000000000000000000000    5.668792899504866100739425876260E+04
       -2.597000000000000000000000000000    5.697547878735515394315050766690E+04
       -2.596000000000000000000000000000    5.726436983165911489150543134103E+04
       -2.595000000000000000000000000000    5.755460773966795344540851471206E+04
       -2.594000000000000000000000000000    5.784619814320285151899538772299E+04
       -2.593000000000000000000000000000    5.813914669425408980247912321296E+04
       -2.592000000000000000000000000000    5.843345906503644477442885632665E+04
       -2.591000000000000000000000000000    5.872914094804465592959928688147E+04
       -2.590000000000000000000000000000    5.902619805610896287765082730503E+04
       -2.589000000000000000000000000000    5.932463612245071196526742097801E+04
       -2.588000000000000000000000000000    5.962446090073803207133738568978E+04
       -2.587000000000000000000000000000    5.992567816514157922201204126656E+04
       -2.586000000000000000000000000000    6.022829371039034966959736631594E+04
       -2.585000000000000000000000000000    6.053231335182756107636550372177E+04
       -2.584000000000000000000000000000    6.083774292546660144149560551401E+04
       -2.583000000000000000000000000000    6.114458828804704540646728275197E+04
       -2.582000000000000000000000000000    6.145285531709073757133481303844E+04
       -2.581000000000000000000000000000    6.176254991095794245140626540002E+04
       -2.580000000000000000000000000000    6.207367798890356070093883792047E+04
       -2.579000000000000000000000000000    6.238624549113341122753997632639E+04
       -2.578000000000000000000000000000    6.270025837886057881803326055093E+04
       -2.577000000000000000000000000000    6.301572263436182689360862022507E+04
       -2.576000000000000000000000000000    6.333264426103407500912817838271E+04
       -2.575000000000000000000000000000    6.365102928345094070850193496059E+04
       -2.574000000000000000000000000000    6.397088374741934534508159770614E+04
       -2.573000000000000000000000000000    6.429221372003618347304615788778E+04
       -2.572000000000000000000000000000    6.461502528974505541276930198124E+04
       -2.571000000000000000000000000000    6.493932456639306259016645876281E+04
       -2.570000000000000000000000000000    6.526511768128766524701821469753E+04
       -2.569000000000000000000000000000    6.559241078725360211625700012274E+04
       -2.568000000000000000000000000000    6.592121005868987165318536569086E+04
       -2.567000000000000000000000000000    6.625152169162677441056684428489E+04
       -2.566000000000000000000000000000    6.658335190378301614249433983164E+04
       -2.565000000000000000000000000000    6.691670693462287121889621302702E+04
       -2.564000000000000000000000000000    6.725159304541340592948675711581E+04
       -2.563000000000000000000000000000    6.758801651928176125290558693661E+04
       -2.562000000000000000000000000000    6.792598366127249466371961409921E+04
       -2.561000000000000000000000000000    6.826550079840498054688176329869E+04
       -2.560000000000000000000000000000    6.860657427973086878615241252735E+04
       -2.559000000000000000000000000000    6.894921047639160108989272670793E+04
       -2.558000000000000000000000000000    6.929341578167598461453361367428E+04
       -2.557000000000000000000000000000    6.963919661107782244290997735294E+04
       -2.556000000000000000000000000000    6.998655940235360047152728958359E+04
       -2.555000000000000000000000000000    7.033551061558023025769626364476E+04
       -2.554000000000000000000000000000    7.068605673321284737433160385981E+04
       -2.553000000000000000000000000000    7.103820426014266481706244153770E+04
       -2.552000000000000000000000000000    7.139195972375488100514516309761E+04
       -2.551000000000000000000000000000    7.174732967398664191450390693632E+04
       -2.550000000000000000000000000000    7.210432068338505687805006707629E+04
       -2.549000000000000000000000000000    7.246293934716526758524970979478E+04
       -2.548000000000000000000000000000    7.282319228326856980971690044839E+04
       -2.547000000000000000000000000000    7.318508613242058739041156800411E+04
       -2.546000000000000000000000000000    7.354862755818949798881272105421E+04
       -2.545000000000000000000000000000    7.391382324704431014122158827892E+04
       -2.544000000000000000000000000000    7.428067990841319112212460563900E+04
       -2.543000000000000000000000000000    7.464920427474184513131312950296E+04
       -2.542000000000000000000000000000    7.501940310155194131421533717909E+04
       -2.541000000000000000000000000000    7.539128316749959112164600193241E+04
       -2.540000000000000000000000000000    7.576485127443387451192171678838E+04
       -2.539000000000000000000000000000    7.614011424745541449502270879215E+04
       -2.538000000000000000000000000000    7.651707893497499951520765170657E+04
       -2.537000000000000000000000000000    7.689575220877225316520486946189E+04
       -2.536000000000000000000000000000    7.727614096405435072181204435505E+04
       -2.535000000000000000000000000000    7.765825211951478198943702264467E+04
       -2.534000000000000000000000000000    7.804209261739215993480456567933E+04
       -2.533000000000000000000000000000    7.842766942352907459273794718275E+04
       -2.532000000000000000000000000000    7.881498952743099171960016722617E+04
       -2.531000000000000000000000000000    7.920405994232519566764726144184E+04
       -2.530000000000000000000000000000    7.959488770521977595020575114789E+04
       -2.529000000000000000000000000000    7.998747987696265696423772751070E+04
       -2.528000000000000000000000000000    8.038184354230067033350041219360E+04
       -2.527000000000000000000000000000    8.077798580993866933214230993211E+04
       -2.526000000000000000000000000000    8.117591381259868484520528721835E+04
       -2.525000000000000000000000000000    8.157563470707912231912109813116E+04
       -2.524000000000000000000000000000    8.197715567431399915190205595514E+04
       -2.523000000000000000000000000000    8.238048391943222196932874051346E+04
       -2.522000000000000000000000000000    8.278562667181690323003285930058E+04
       -2.521000000000000000000000000000    8.319259118516471659896066902852E+04
       -2.520000000000000000000000000000    8.360138473754529052528173686615E+04
       -2.519000000000000000000000000000    8.401201463146063945737930151035E+04
       -2.518000000000000000000000000000    8.442448819390463212412210762270E+04
       -2.517000000000000000000000000000    8.483881277642249630817335772363E+04
       -2.516000000000000000000000000000    8.525499575517035953364037827335E+04
       -2.515000000000000000000000000000    8.567304453097482508690875658939E+04
       -2.514000000000000000000000000000    8.609296652939258278603709794662E+04
       -2.513000000000000000000000000000    8.651476920077005391061320346158E+04
       -2.512000000000000000000000000000    8.693846002030306970048940525161E+04
       -2.511000000000000000000000000000    8.736404648809658282832404224766E+04
       -2.510000000000000000000000000000    8.779153612922441124735764458598E+04
       -2.509000000000000000000000000000    8.822093649378901381234634366022E+04
       -2.508000000000000000000000000000    8.865225515698129706806136592932E+04
       -2.507000000000000000000000000000    8.908549971914045259624222898887E+04
       -2.506000000000000000000000000000    8.952067780581382430836246606361E+04
       -2.505000000000000000000000000000    8.995779706781680506803038810091E+04
       -2.504000000000000000000000000000    9.039686518129276202330357947289E+04
       -2.503000000000000000000000000000    9.083788984777299002564454266038E+04
       -2.502000000000000000000000000000    9.128087879423669250868618822588E+04
       -2.501000000000000000000000000000    9.172583977317098919640973821782E+04
       -2.500000000000000000000000000000    9.217278056263095000676410351755E+04
       -2.499000000000000000000000000000    9.262170896629965451317493847843E+04
       -2.498000000000000000000000000000    9.307263281354827632280339975240E+04
       -2.497000000000000000000000000000    9.352555995949619172681917099436E+04
       -2.496000000000000000000000000000    9.398049828507111197434959202630E+04
       -2.495000000000000000000000000000    9.443745569706923851815678118231E+04
       -2.494000000000000000000000000000    9.489644012821544057647749440208E+04
       -2.493000000000000000000000000000    9.535745953722345435183615595823E+04
       -2.492000000000000000000000000000    9.582052190885610324401005556625E+04
       -2.491000000000000000000000000000    9.628563525398553839068716741657E+04
       -2.490000000000000000000000000000    9.675280760965349886571144107755E+04
       -2.489000000000000000000000000000    9.722204703913159086115777524876E+04
       -2.488000000000000000000000000000    9.769336163198158517581924630755E+04
       -2.487000000000000000000000000000    9.816675950411573232902255811480E+04
       -2.486000000000000000000000000000    9.864224879785709461501414156459E+04
       -2.485000000000000000000000000000    9.911983768199989440947889612887E+04
       -2.484000000000000000000000000000    9.959953435186987803606626572771E+04
       -2.483000000000000000000000000000    1.000813470293846944971042125280E+05
       -2.482000000000000000000000000000    1.005652839631142883689807299363E+05
       -2.481000000000000000000000000000    1.010513534283413061589648556169E+05
       -2.480000000000000000000000000000    1.015395637271215154165247426633E+05
       -2.479000000000000000000000000000    1.020299231883442358884792582341E+05
       -2.478000000000000000000000000000    1.025224401677927820035918404904E+05
       -2.477000000000000000000000000000    1.030171230482049159684809933403E+05
       -2.476000000000000000000000000000    1.035139802393333107529808714046E+05
       -2.475000000000000000000000000000    1.040130201780060222393379421999E+05
       -2.474000000000000000000000000000    1.045142513281869698058757465449E+05
       -2.473000000000000000000000000000    1.050176821810364246119993496930E+05
       -2.472000000000000000000000000000    1.055233212549715048476442230986E+05
       -2.471000000000000000000000000000    1.060311770957266772065010587310E+05
       -2.470000000000000000000000000000    1.065412582764142638385684335250E+05
       -2.469000000000000000000000000000    1.070535733975849540337993502632E+05
       -2.468000000000000000000000000000    1.075681310872883198848155226173E+05
       -2.467000000000000000000000000000    1.080849400011333351728648862697E+05
       -2.466000000000000000000000000000    1.086040088223488967173932453290E+05
       -2.465000000000000000000000000000    1.091253462618443474257902443441E+05
       -2.464000000000000000000000000000    1.096489610582700002760530321021E+05
       -2.463000000000000000000000000000    1.101748619780776624612880954212E+05
       -2.462000000000000000000000000000    1.107030578155811589211428309800E+05
       -2.461000000000000000000000000000    1.112335573930168544814235328704E+05
       -2.460000000000000000000000000000    1.117663695606041738193156453487E+05
       -2.459000000000000000000000000000    1.123015031966061184677754068582E+05
       -2.458000000000000000000000000000    1.128389672073897800688094358093E+05
       -2.457000000000000000000000000000    1.133787705274868490815004241560E+05
       -2.456000000000000000000000000000    1.139209221196541181467729551747E+05
       -2.455000000000000000000000000000    1.144654309749339793070235910341E+05
       -2.454000000000000000000000000000    1.150123061127149142748638280835E+05
       -2.453000000000000000000000000000    1.155615565807919769413433379546E+05
       -2.452000000000000000000000000000    1.161131914554272673101341455821E+05
       -2.451000000000000000000000000000    1.166672198414103960402640864600E+05
       -2.450000000000000000000000000000    1.172236508721189387760900805365E+05
       -2.449000000000000000000000000000    1.177824937095788794392985051559E+05
       -2.448000000000000000000000000000    1.183437575445250416538112907392E+05
       -2.447000000000000000000000000000    1.189074515964615074705623471677E+05
       -2.446000000000000000000000000000    1.194735851137220225551896031432E+05
       -2.445000000000000000000000000000    1.200421673735303869977633525403E+05
       -2.444000000000000000000000000000    1.206132076820608308997417986666E+05
       -2.443000000000000000000000000000    1.211867153744983738894097174873E+05
       -2.442000000000000000000000000000    1.217626998150991677131160726679E+05
       -2.441000000000000000000000000000    1.223411703972508210456812575063E+05
       -2.440000000000000000000000000000    1.229221365435327056593944605693E+05
       -2.439000000000000000000000000000    1.235056077057762430870665025755E+05
       -2.438000000000000000000000000000    1.240915933651251709106434215694E+05
       -2.437000000000000000000000000000    1.246801030320957878029211418575E+05
       -2.436000000000000000000000000000    1.252711462466371764459318000196E+05
       -2.435000000000000000000000000000    1.258647325781914034455977693986E+05
       -2.434000000000000000000000000000    1.264608716257536953582701740068E+05
       -2.433000000000000000000000000000    1.270595730179325899407847652895E+05
       -2.432000000000000000000000000000    1.276608464130100617316795025481E+05
       -2.431000000000000000000000000000    1.282647014990016210672250822775E+05
       -2.430000000000000000000000000000    1.288711479937163856319220557955E+05
       -2.429000000000000000000000000000    1.294801956448171236391161112720E+05
       -2.428000000000000000000000000000    1.300918542298802677333766288841E+05
       -2.427000000000000000000000000000    1.307061335564558987022727999721E+05
       -2.426000000000000000000000000000    1.313230434621276980811664867271E+05
       -2.425000000000000000000000000000    1.319425938145728687306216424561E+05
       -2.424000000000000000000000000000    1.325647945116220224620065685299E+05
       -2.423000000000000000000000000000    1.331896554813190337828376077724E+05
       -2.422000000000000000000000000000    1.338171866819808588293811206943E+05
       -2.421000000000000000000000000000    1.344473981022573185499948163728E+05
       -2.420000000000000000000000000000    1.350802997611908451986497700276E+05
       -2.419000000000000000000000000000    1.357159017082761911940308109197E+05
       -2.418000000000000000000000000000    1.363542140235200993955654639170E+05
       -2.417000000000000000000000000000    1.369952468175009338436803331048E+05
       -2.416000000000000000000000000000    1.376390102314282700075287837099E+05
       -2.415000000000000000000000000000    1.382855144372024435793750672350E+05
       -2.414000000000000000000000000000    1.389347696374740568507577023187E+05
       -2.413000000000000000000000000000    1.395867860657034417014890290517E+05
       -2.412000000000000000000000000000    1.402415739862200782284784562486E+05
       -2.411000000000000000000000000000    1.408991436942819680372940788239E+05
       -2.410000000000000000000000000000    1.415595055161349612153011156337E+05
       -2.409000000000000000000000000000    1.422226698090720360011360669503E+05
       -2.408000000000000000000000000000    1.428886469614925301611926755518E+05
       -2.407000000000000000000000000000    1.435574473929613230797097569744E+05
       -2.406000000000000000000000000000    1.442290815542679675649618039272E+05
       -2.405000000000000000000000000000    1.449035599274857703699610286833E+05
       -2.404000000000000000000000000000    1.455808930260308204219842472713E+05
       -2.403000000000000000000000000000    1.462610913947209637511397927197E+05
       -2.402000000000000000000000000000    1.469441656098347241040885339991E+05
       -2.401000000000000000000000000000    1.476301262791701682249291356069E+05
       -2.400000000000000000000000000000    1.483189840421037147811509832240E+05
       -2.399000000000000000000000000000    1.490107495696488859084487872091E+05
       -2.398000000000000000000000000000    1.497054335645150003440808218832E+05
       -2.397000000000000000000000000000    1.504030467611658071143381289927E+05
       -2.396000000000000000000000000000    1.511035999258780587375748731478E+05
       -2.395000000000000000000000000000    1.518071038568000229001304505388E+05
       -2.394000000000000000000000000000    1.525135693840099315583519852924E+05
       -2.393000000000000000000000000000    1.532230073695743664158015662882E+05
       -2.392000000000000000000000000000    1.539354287076065797206060473093E+05
       -2.391000000000000000000000000000    1.546508443243247493237785216122E+05
       -2.390000000000000000000000000000    1.553692651781101669352097553089E+05
       -2.389000000000000000000000000000    1.560907022595653585098949896421E+05
       -2.388000000000000000000000000000    1.568151665915721356928266679765E+05
       -2.387000000000000000000000000000    1.575426692293495772468468771403E+05
       -2.386000000000000000000000000000    1.582732212605119393836146830362E+05
       -2.385000000000000000000000000000    1.590068338051264939137031559510E+05
       -2.384000000000000000000000000000    1.597435180157712931276987908545E+05
       -2.383000000000000000000000000000    1.604832850775928603160323016937E+05
       -2.382000000000000000000000000000    1.612261462083638048311244760997E+05
       -2.381000000000000000000000000000    1.619721126585403605912839882744E+05
       -2.380000000000000000000000000000    1.627211957113198469216458536990E+05
       -2.379000000000000000000000000000    1.634734066826980506232896406641E+05
       -2.378000000000000000000000000000    1.642287569215265281575257017942E+05
       -2.377000000000000000000000000000    1.649872578095698268281856254266E+05
       -2.376000000000000000000000000000    1.657489207615626238405999039580E+05
       -2.375000000000000000000000000000    1.665137572252667821117915465354E+05
       -2.374000000000000000000000000000    1.672817786815283217022590995341E+05
       -2.373000000000000000000000000000    1.680529966443343057355663532980E+05
       -2.372000000000000000000000000000    1.688274226608696396677989811623E+05
       -2.371000000000000000000000000000    1.696050683115737827647905507258E+05
       -2.370000000000000000000000000000    1.703859452101973706408618419729E+05
       -2.369000000000000000000000000000    1.711700650038587477086582767954E+05
       -2.368000000000000000000000000000    1.719574393731004083855105847429E+05
       -2.367000000000000000000000000000    1.727480800319453458975836758179E+05
       -2.366000000000000000000000000000    1.735419987279533075189181385627E+05
       -2.365000000000000000000000000000    1.743392072422769550783079066868E+05
       -2.364000000000000000000000000000    1.751397173897179295627965165248E+05
       -2.363000000000000000000000000000    1.759435410187828186424130875569E+05
       -2.362000000000000000000000000000    1.767506900117390259366077762773E+05
       -2.361000000000000000000000000000    1.775611762846705408386850574552E+05
       -2.360000000000000000000000000000    1.783750117875336077103718542462E+05
       -2.359000000000000000000000000000    1.791922085042122932544963480142E+05
       -2.358000000000000000000000000000    1.800127784525739508695923287964E+05
       -2.357000000000000000000000000000    1.808367336845245807860832771545E+05
       -2.356000000000000000000000000000    1.816640862860640847795400771352E+05
       -2.355000000000000000000000000000    1.824948483773414142523464280020E+05
       -2.354000000000000000000000000000    1.833290321127096104709467294746E+05
       -2.353000000000000000000000000000    1.841666496807807357416925419447E+05
       -2.352000000000000000000000000000    1.850077133044806943041457504409E+05
       -2.351000000000000000000000000000    1.858522352411039417165393702500E+05
       -2.350000000000000000000000000000    1.867002277823680815039406047153E+05
       -2.349000000000000000000000000000    1.875517032544683478355053838194E+05
       -2.348000000000000000000000000000    1.884066740181319729930592581013E+05
       -2.347000000000000000000000000000    1.892651524686724383890862789911E+05
       -2.346000000000000000000000000000    1.901271510360436078880554468757E+05
       -2.345000000000000000000000000000    1.909926821848937421808635356192E+05
       -2.344000000000000000000000000000    1.918617584146193929580236906811E+05
       -2.343000000000000000000000000000    1.927343922594191756230812316212E+05
       -2.342000000000000000000000000000    1.936105962883474192835916532284E+05
       -2.341000000000000000000000000000    1.944903831053676927528509976902E+05
       -2.340000000000000000000000000000    1.953737653494062052914256484567E+05
       -2.339000000000000000000000000000    1.962607556944050808133872604001E+05
       -2.338000000000000000000000000000    1.971513668493755042780190765854E+05
       -2.337000000000000000000000000000    1.980456115584507389836223758431E+05
       -2.336000000000000000000000000000    1.989435026009390134759163341388E+05
       -2.335000000000000000000000000000    1.998450527913762767793912536160E+05
       -2.334000000000000000000000000000    2.007502749795788206558440036267E+05
       -2.333000000000000000000000000000    2.016591820506957675901957159387E+05
       -2.332000000000000000000000000000    2.025717869252614231995653698402E+05
       -2.331000000000000000000000000000    2.034881025592474917574489806408E+05
       -2.330000000000000000000000000000    2.044081419441151535207327560548E+05
       -2.329000000000000000000000000000    2.053319181068670025431498984576E+05
       -2.328000000000000000000000000000    2.062594441100988436546747967183E+05
       -2.327000000000000000000000000000    2.071907330520513472822352592680E+05
       -2.326000000000000000000000000000    2.081257980666615607830132806728E+05
       -2.325000000000000000000000000000    2.090646523236142749574976980088E+05
       -2.324000000000000000000000000000    2.100073090283932444053480719170E+05
       -2.323000000000000000000000000000    2.109537814223322603830283118264E+05
       -2.322000000000000000000000000000    2.119040827826660748180710473417E+05
       -2.321000000000000000000000000000    2.128582264225811741307396203913E+05
       -2.320000000000000000000000000000    2.138162256912664015097639280060E+05
       -2.319000000000000000000000000000    2.147780939739634262847392764655E+05
       -2.318000000000000000000000000000    2.157438446920170590336940073094E+05
       -2.317000000000000000000000000000    2.167134913029254110602520180022E+05
       -2.316000000000000000000000000000    2.176870473003898968707405188707E+05
       -2.315000000000000000000000000000    2.186645262143650782775215376670E+05
       -2.314000000000000000000000000000    2.196459416111083487507578984646E+05
       -2.313000000000000000000000000000    2.206313070932294566367607576471E+05
       -2.312000000000000000000000000000    2.216206362997398658570063719321E+05
       -2.311000000000000000000000000000    2.226139429061019526978546974710E+05
       -2.310000000000000000000000000000    2.236112406242780372969517712281E+05
       -2.309000000000000000000000000000    2.246125432027792484282517025569E+05
       -2.308000000000000000000000000000    2.256178644267142201835526010201E+05
       -2.307000000000000000000000000000    2.266272181178376191444039832382E+05
       -2.306000000000000000000000000000    2.276406181345985006342112344596E+05
       -2.305000000000000000000000000000    2.286580783721884926363356475360E+05
       -2.304000000000000000000000000000    2.296796127625898059599665213152E+05
       -2.303000000000000000000000000000    2.307052352746230692315248707450E+05
       -2.302000000000000000000000000000    2.317349599139949872853465811800E+05
       -2.301000000000000000000000000000    2.327688007233458215233864288042E+05
       -2.300000000000000000000000000000    2.338067717822966908096833873972E+05
       -2.299000000000000000000000000000    2.348488872074966914613321488773E+05
       -2.298000000000000000000000000000    2.358951611526698348937159015214E+05
       -2.297000000000000000000000000000    2.369456078086618014737712361835E+05
       -2.296000000000000000000000000000    2.380002414034865091310776882672E+05
       -2.295000000000000000000000000000    2.390590762023724952725919730473E+05
       -2.294000000000000000000000000000    2.401221265078091105428805359245E+05
       -2.293000000000000000000000000000    2.411894066595925229677437194174E+05
       -2.292000000000000000000000000000    2.422609310348715310151707475826E+05
       -2.291000000000000000000000000000    2.433367140481931841036169488743E+05
       -2.290000000000000000000000000000    2.444167701515482090836532833210E+05
       -2.289000000000000000000000000000    2.455011138344162412151034127766E+05
       -2.288000000000000000000000000000    2.465897596238108581578553576723E+05
       -2.287000000000000000000000000000    2.476827220843244154906133243091E+05
       -2.286000000000000000000000000000    2.487800158181726822679406677514E+05
       -2.285000000000000000000000000000    2.498816554652392751220372816225E+05
       -2.284000000000000000000000000000    2.509876557031198894117940827202E+05
       -2.283000000000000000000000000000    2.520980312471663259177737908430E+05
       -2.282000000000000000000000000000    2.532127968505303115778809983667E+05
       -2.281000000000000000000000000000    2.543319673042071127546056861021E+05
       -2.280000000000000000000000000000    2.554555574370789395208529782733E+05
       -2.279000000000000000000000000000    2.565835821159581394475081469169E+05
       -2.278000000000000000000000000000    2.577160562456301793720297817642E+05
       -2.277000000000000000000000000000    2.588529947688964136235157432161E+05
       -2.276000000000000000000000000000    2.599944126666166371758461211754E+05
       -2.275000000000000000000000000000    2.611403249577514221966750393986E+05
       -2.274000000000000000000000000000    2.622907466994042364562188821543E+05
       -2.273000000000000000000000000000    2.634456929868633420559724861145E+05
       -2.272000000000000000000000000000    2.646051789536434729336771447011E+05
       -2.271000000000000000000000000000    2.657692197715272895970650239937E+05
       -2.270000000000000000000000000000    2.669378306506066095351138985776E+05
       -2.269000000000000000000000000000    2.681110268393234117517640924465E+05
       -2.268000000000000000000000000000    2.692888236245106138632762647141E+05
       -2.267000000000000000000000000000    2.704712363314326201966443231627E+05
       -2.266000000000000000000000000000    2.716582803238256393227223916368E+05
       -2.265000000000000000000000000000    2.728499710039377694539785113452E+05
       -2.264000000000000000000000000000    2.740463238125688501330507329823E+05
       -2.263000000000000000000000000000    2.752473542291100786345535682193E+05
       -2.262000000000000000000000000000    2.764530777715833894988645278881E+05
       -2.261000000000000000000000000000    2.776635099966805956129117927350E+05
       -2.260000000000000000000000000000    2.788786664998022892492850539083E+05
       -2.259000000000000000000000000000    2.800985629150965014713023376471E+05
       -2.258000000000000000000000000000    2.813232149154971183079863055337E+05
       -2.257000000000000000000000000000    2.825526382127620520992342120564E+05
       -2.256000000000000000000000000000    2.837868485575111664078065193074E+05
       -2.255000000000000000000000000000    2.850258617392639528911102289167E+05
       -2.254000000000000000000000000000    2.862696935864769585221144086206E+05
       -2.253000000000000000000000000000    2.875183599665809615451072802994E+05
       -2.252000000000000000000000000000    2.887718767860178945483867133228E+05
       -2.251000000000000000000000000000    2.900302599902775130323691473372E+05
       -2.250000000000000000000000000000    2.912935255639338078480059682539E+05
       -2.249000000000000000000000000000    2.925616895306811598768112964703E+05
       -2.248000000000000000000000000000    2.938347679533702353202311339209E+05
       -2.247000000000000000000000000000    2.951127769340436199625209733215E+05
       -2.246000000000000000000000000000    2.963957326139711907677474161762E+05
       -2.245000000000000000000000000000    2.976836511736852231679891932704E+05
       -2.244000000000000000000000000000    2.989765488330152323962843502881E+05
       -2.243000000000000000000000000000    3.002744418511225472143533699744E+05
       -2.242000000000000000000000000000    3.015773465265346143816227693052E+05
       -2.241000000000000000000000000000    3.028852791971790322085803541106E+05
       -2.240000000000000000000000000000    3.041982562404173115340119534966E+05
       -2.239000000000000000000000000000    3.055162940730783624622002114879E+05
       -2.238000000000000000000000000000    3.068394091514917051927090031005E+05
       -2.237000000000000000000000000000    3.081676179715204032719323863929E+05
       -2.236000000000000000000000000000    3.095009370685937175921548210333E+05
       -2.235000000000000000000000000000    3.108393830177394794604497979591E+05
       -2.234000000000000000000000000000    3.121829724336161810563371544547E+05
       -2.233000000000000000000000000000    3.135317219705447815937253153920E+05
       -2.232000000000000000000000000000    3.148856483225402274992836256797E+05
       -2.231000000000000000000000000000    3.162447682233426849160219426619E+05
       -2.230000000000000000000000000000    3.176090984464484828374998620552E+05
       -2.229000000000000000000000000000    3.189786558051407651747464790717E+05
       -2.228000000000000000000000000000    3.203534571525198500546435599490E+05
       -2.227000000000000000000000000000    3.217335193815332946452105407892E+05
       -2.226000000000000000000000000000    3.231188594250056637999290032353E+05
       -2.225000000000000000000000000000    3.245094942556680008099573232180E+05
       -2.224000000000000000000000000000    3.259054408861869985498131731523E+05
       -2.223000000000000000000000000000    3.273067163691938692988426032037E+05
       -2.222000000000000000000000000000    3.287133377973129115175496574760E+05
       -2.221000000000000000000000000000    3.301253223031897718546300203633E+05
       -2.220000000000000000000000000000    3.315426870595194006573361612688E+05
       -2.219000000000000000000000000000    3.329654492790736992545999771045E+05
       -2.218000000000000000000000000000    3.343936262147288572791521463734E+05
       -2.217000000000000000000000000000    3.358272351594923782917054313812E+05
       -2.216000000000000000000000000000    3.372662934465297919671121216554E+05
       -2.215000000000000000000000000000    3.387108184491910510992638276532E+05
       -2.214000000000000000000000000000    3.401608275810366116783750352339E+05
       -2.213000000000000000000000000000    3.416163382958631942911803443330E+05
       -2.212000000000000000000000000000    3.430773680877292250914792662205E+05
       -2.211000000000000000000000000000    3.445439344909799545853819693081E+05
       -2.210000000000000000000000000000    3.460160550802722524725445705871E+05
       -2.209000000000000000000000000000    3.474937474705990767816335955690E+05
       -2.208000000000000000000000000000    3.489770293173136155352262014270E+05
       -2.207000000000000000000000000000    3.504659183161530991763358035164E+05
       -2.206000000000000000000000000000    3.519604322032622819857519924062E+05
       -2.205000000000000000000000000000    3.534605887552165907163992050706E+05
       -2.204000000000000000000000000000    3.549664057890449386679506482443E+05
       -2.203000000000000000000000000000    3.564779011622522034219825926829E+05
       -2.202000000000000000000000000000    3.579950927728413664550194929205E+05
       -2.201000000000000000000000000000    3.595179985593353128439025670631E+05
       -2.200000000000000000000000000000    3.610466365007982892750136243882E+05
       -2.199000000000000000000000000000    3.625810246168570185660021844474E+05
       -2.198000000000000000000000000000    3.641211809677214689057974196192E+05
       -2.197000000000000000000000000000    3.656671236542052760158373034796E+05
       -2.196000000000000000000000000000    3.672188708177458164326156900000E+05
       -2.195000000000000000000000000000    3.687764406404239301088340137181E+05
       -2.194000000000000000000000000000    3.703398513449832905276480191284E+05
       -2.193000000000000000000000000000    3.719091211948494205217215292960E+05
       -2.192000000000000000000000000000    3.734842684941483519860388799868E+05
       -2.191000000000000000000000000000    3.750653115877249276706854075364E+05
       -2.190000000000000000000000000000    3.766522688611607432370814175218E+05
       -2.189000000000000000000000000000    3.782451587407917277584495085611E+05
       -2.188000000000000000000000000000    3.798439996937253608426081129237E+05
       -2.187000000000000000000000000000    3.814488102278575245525157749709E+05
       -2.186000000000000000000000000000    3.830596088918889882973411518389E+05
       -2.185000000000000000000000000000    3.846764142753415248642031204838E+05
       -2.184000000000000000000000000000    3.862992450085736557581138436846E+05
       -2.183000000000000000000000000000    3.879281197627960240150653174812E+05
       -2.182000000000000000000000000000    3.895630572500863926506269266301E+05
       -2.181000000000000000000000000000    3.912040762234042669038680059926E+05
       -2.180000000000000000000000000000    3.928511954766051384338854775112E+05
       -2.179000000000000000000000000000    3.945044338444543496237024379331E+05
       -2.178000000000000000000000000000    3.961638102026405761438092452407E+05
       -2.177000000000000000000000000000    3.978293434677889259251443255491E+05
       -2.176000000000000000000000000000    3.995010525974736526888577309093E+05
       -2.175000000000000000000000000000    4.011789565902304821777665560418E+05
       -2.174000000000000000000000000000    4.028630744855685492319978027470E+05
       -2.173000000000000000000000000000    4.045534253639819438489212989404E+05
       -2.172000000000000000000000000000    4.062500283469608643651029694967E+05
       -2.171000000000000000000000000000    4.079529025970023758956572530304E+05
       -2.170000000000000000000000000000    4.096620673176207721640468972407E+05
       -2.169000000000000000000000000000    4.113775417533575388530688805094E+05
       -2.168000000000000000000000000000    4.130993451897909166054769342021E+05
       -2.167000000000000000000000000000    4.148274969535450618004242138914E+05
       -2.166000000000000000000000000000    4.165620164122988032296642239357E+05
       -2.165000000000000000000000000000    4.183029229747939927952242740986E+05
       -2.164000000000000000000000000000    4.200502360908434483480636749137E+05
       -2.163000000000000000000000000000    4.218039752513384867850486961509E+05
       -2.162000000000000000000000000000    4.235641599882560455194181560345E+05
       -2.161000000000000000000000000000    4.253308098746653904377775139326E+05
       -2.160000000000000000000000000000    4.271039445247344084545456423618E+05
       -2.159000000000000000000000000000    4.288835835937354827726871917150E+05
       -2.158000000000000000000000000000    4.306697467780509489574947696664E+05
       -2.157000000000000000000000000000    4.324624538151781299281391733721E+05
       -2.156000000000000000000000000000    4.342617244837339479696827731412E+05
       -2.155000000000000000000000000000    4.360675786034591118662509880982E+05
       -2.154000000000000000000000000000    4.378800360352218772540797544801E+05
       -2.153000000000000000000000000000    4.396991166810213782912031027519E+05
       -2.152000000000000000000000000000    4.415248404839905287386145678892E+05
       -2.151000000000000000000000000000    4.433572274283984905458292953217E+05
       -2.150000000000000000000000000000    4.451962975396527080318905105850E+05
       -2.149000000000000000000000000000    4.470420708843005057510046312495E+05
       -2.148000000000000000000000000000    4.488945675700302481301538528152E+05
       -2.147000000000000000000000000000    4.507538077456720589642236737369E+05
       -2.146000000000000000000000000000    4.526198116011980988523956764013E+05
       -2.145000000000000000000000000000    4.544925993677223986577930886574E+05
       -2.144000000000000000000000000000    4.563721913175002470706283524089E+05
       -2.143000000000000000000000000000    4.582586077639271303533882599345E+05
       -2.142000000000000000000000000000    4.601518690615372223449033231789E+05
       -2.141000000000000000000000000000    4.620519956060014227984840545447E+05
       -2.140000000000000000000000000000    4.639590078341249421276678980393E+05
       -2.139000000000000000000000000000    4.658729262238444306315067954348E+05
       -2.138000000000000000000000000000    4.677937712942246502697369418645E+05
       -2.137000000000000000000000000000    4.697215636054546870566093175780E+05
       -2.136000000000000000000000000000    4.716563237588437021406222160413E+05
       -2.135000000000000000000000000000    4.735980723968162196358853618898E+05
       -2.134000000000000000000000000000    4.755468302029069492693594641858E+05
       -2.133000000000000000000000000000    4.775026179017551419067553198010E+05
       -2.132000000000000000000000000000    4.794654562590984760184430074256E+05
       -2.131000000000000000000000000000    4.814353660817664731453144336036E+05
       -2.130000000000000000000000000000    4.834123682176734404231616472957E+05
       -2.129000000000000000000000000000    4.853964835558109382227790677869E+05
       -2.128000000000000000000000000000    4.873877330262397709616702113495E+05
       -2.127000000000000000000000000000    4.893861376000814991419387940470E+05
       -2.126000000000000000000000000000    4.913917182895094706676703705606E+05
       -2.125000000000000000000000000000    4.934044961477393694938640811082E+05
       -2.124000000000000000000000000000    4.954244922690192796577547596184E+05
       -2.123000000000000000000000000000    4.974517277886192627421737455446E+05
       -2.122000000000000000000000000000    4.994862238828204468194323783264E+05
       -2.121000000000000000000000000000    5.015280017689036249230754767996E+05
       -2.120000000000000000000000000000    5.035770827051373610937432551286E+05
       -2.119000000000000000000000000000    5.056334879907656020442992414039E+05
       -2.118000000000000000000000000000    5.076972389659947924883289842371E+05
       -2.117000000000000000000000000000    5.097683570119804921750897958450E+05
       -2.116000000000000000000000000000    5.118468635508134926729956265817E+05
       -2.115000000000000000000000000000    5.139327800455054319427535350087E+05
       -2.114000000000000000000000000000    5.160261279999739047403292487407E+05
       -2.113000000000000000000000000000    5.181269289590270668890091438084E+05
       -2.112000000000000000000000000000    5.202352045083477314589447434944E+05
       -2.111000000000000000000000000000    5.223509762744769548917136908496E+05
       -2.110000000000000000000000000000    5.244742659247971111066082217049E+05
       -2.109000000000000000000000000000    5.266050951675144516245685962732E+05
       -2.108000000000000000000000000000    5.287434857516411497449148766632E+05
       -2.107000000000000000000000000000    5.308894594669768268092960040744E+05
       -2.106000000000000000000000000000    5.330430381440895585865704723495E+05
       -2.105000000000000000000000000000    5.352042436542963598116581531336E+05
       -2.104000000000000000000000000000    5.373730979096431449107581413146E+05
       -2.103000000000000000000000000000    5.395496228628841629447129968384E+05
       -2.102000000000000000000000000000    5.417338405074609048017155995094E+05
       -2.101000000000000000000000000000    5.439257728774804806700011460711E+05
       -2.100000000000000000000000000000    5.461254420476934658206437427291E+05
       -2.099000000000000000000000000000    5.483328701334712127300847203001E+05
       -2.098000000000000000000000000000    5.505480792907826275715583622691E+05
       -2.097000000000000000000000000000    5.527710917161704091041503270702E+05
       -2.096000000000000000000000000000    5.550019296467267479878248036894E+05
       -2.095000000000000000000000000000    5.572406153600684845523885029500E+05
       -2.094000000000000000000000000000    5.594871711743117230480230942795E+05
       -2.093000000000000000000000000000    5.617416194480459004047127879594E+05
       -2.092000000000000000000000000000    5.640039825803073075276205743842E+05
       -2.091000000000000000000000000000    5.662742830105520611552253031467E+05
       -2.090000000000000000000000000000    5.685525432186285243068224542182E+05
       -2.089000000000000000000000000000    5.708387857247491733458142593961E+05
       -2.088000000000000000000000000000    5.731330330894619096850699127669E+05
       -2.087000000000000000000000000000    5.754353079136208141605241023001E+05
       -2.086000000000000000000000000000    5.777456328383563420991021388746E+05
       -2.085000000000000000000000000000    5.800640305450449571070126919935E+05
       -2.084000000000000000000000000000    5.823905237552782016044347009734E+05
       -2.083000000000000000000000000000    5.847251352308312021326435542607E+05
       -2.082000000000000000000000000000    5.870678877736306074596732553224E+05
       -2.081000000000000000000000000000    5.894188042257219575106961588206E+05
       -2.080000000000000000000000000000    5.917779074692364811494201028841E+05
       -2.079000000000000000000000000000    5.941452204263573208369545195314E+05
       -2.078000000000000000000000000000    5.965207660592851821947825128216E+05
       -2.077000000000000000000000000000    5.989045673702034064986950901586E+05
       -2.076000000000000000000000000000    6.012966474012424641307968532336E+05
       -2.075000000000000000000000000000    6.036970292344438670169796381554E+05
       -2.074000000000000000000000000000    6.061057359917234980775819759928E+05
       -2.073000000000000000000000000000    6.085227908348343557193079617592E+05
       -2.072000000000000000000000000000    6.109482169653287113968693081354E+05
       -2.071000000000000000000000000000    6.133820376245196782732391561649E+05
       -2.070000000000000000000000000000    6.158242760934421890078657548193E+05
       -2.069000000000000000000000000000    6.182749556928133807026885406060E+05
       -2.068000000000000000000000000000    6.207340997829923850363285830274E+05
       -2.067000000000000000000000000000    6.232017317639395216173899472641E+05
       -2.066000000000000000000000000000    6.256778750751748925884083973612E+05
       -2.065000000000000000000000000000    6.281625531957363765126191566784E+05
       -2.064000000000000000000000000000    6.306557896441370195763862924998E+05
       -2.063000000000000000000000000000    6.331576079783218221408428333584E+05
       -2.062000000000000000000000000000    6.356680317956239186770330955369E+05
       -2.061000000000000000000000000000    6.381870847327201491196270238731E+05
       -2.060000000000000000000000000000    6.407147904655860196750907757604E+05
       -2.059000000000000000000000000000    6.432511727094500511210484302317E+05
       -2.058000000000000000000000000000    6.457962552187475126344567201942E+05
       -2.057000000000000000000000000000    6.483500617870735391871381989820E+05
       -2.056000000000000000000000000000    6.509126162471356305481783959561E+05
       -2.055000000000000000000000000000    6.534839424707055299336894232372E+05
       -2.054000000000000000000000000000    6.560640643685704803454762999201E+05
       -2.053000000000000000000000000000    6.586530058904838566412130942025E+05
       -2.052000000000000000000000000000    6.612507910251151713798439804311E+05
       -2.051000000000000000000000000000    6.638574437999994524870695996050E+05
       -2.050000000000000000000000000000    6.664729882814859907869618305891E+05
       -2.049000000000000000000000000000    6.690974485746864554469703571969E+05
       -2.048000000000000000000000000000    6.717308488234223753848423851522E+05
       -2.047000000000000000000000000000    6.743732132101719846872726542660E+05
       -2.046000000000000000000000000000    6.770245659560164300914346362446E+05
       -2.045000000000000000000000000000    6.796849313205853385819156384103E+05
       -2.044000000000000000000000000000    6.823543336020017431569885790493E+05
       -2.043000000000000000000000000000    6.850327971368263648196015916299E+05
       -2.042000000000000000000000000000    6.877203463000012488499534830162E+05
       -2.041000000000000000000000000000    6.904170055047927534180485450537E+05
       -2.040000000000000000000000000000    6.931227992027338885961884292407E+05
       -2.039000000000000000000000000000    6.958377518835660038329618701037E+05
       -2.038000000000000000000000000000    6.985618880751798219519351135389E+05
       -2.037000000000000000000000000000    7.012952323435558177399271006799E+05
       -2.036000000000000000000000000000    7.040378092927039391914739044254E+05
       -2.035000000000000000000000000000    7.067896435646026694778467429421E+05
       -2.034000000000000000000000000000    7.095507598391374277107872302964E+05
       -2.033000000000000000000000000000    7.123211828340383065729624966010E+05
       -2.032000000000000000000000000000    7.151009373048171448890215461453E+05
       -2.031000000000000000000000000000    7.178900480447039332130528490449E+05
       -2.030000000000000000000000000000    7.206885398845825505102018068339E+05
       -2.029000000000000000000000000000    7.234964376929258300122055216523E+05
       -2.028000000000000000000000000000    7.263137663757299523286413584514E+05
       -2.027000000000000000000000000000    7.291405508764481638977652458368E+05
       -2.026000000000000000000000000000    7.319768161759238188629356393499E+05
       -2.025000000000000000000000000000    7.348225872923227424627796963767E+05
       -2.024000000000000000000000000000    7.376778892810649140254596093648E+05
       -2.023000000000000000000000000000    7.405427472347554676596393381836E+05
       -2.022000000000000000000000000000    7.434171862831150087370352974860E+05
       -2.021000000000000000000000000000    7.463012315929092442637590146966E+05
       -2.020000000000000000000000000000    7.491949083678779252400255022755E+05
       -2.019000000000000000000000000000    7.520982418486630991102082073497E+05
       -2.018000000000000000000000000000    7.550112573127366704076700354708E+05
       -2.017000000000000000000000000000    7.579339800743272677012902155891E+05
       -2.016000000000000000000000000000    7.608664354843464149531388023999E+05
       -2.015000000000000000000000000000    7.638086489303140053993245217205E+05
       -2.014000000000000000000000000000    7.667606458362830760686575758226E+05
       -2.013000000000000000000000000000    7.697224516627638810564270596149E+05
       -2.012000000000000000000000000000    7.726940919066472616732929158078E+05
       -2.011000000000000000000000000000    7.756755921011273115920349978682E+05
       -2.010000000000000000000000000000    7.786669778156233351176869334594E+05
       -2.009000000000000000000000000000    7.816682746557010967094102075480E+05
       -2.008000000000000000000000000000    7.846795082629933598853343324168E+05
       -2.007000000000000000000000000000    7.877007043151197136445022600278E+05
       -2.006000000000000000000000000000    7.907318885256056845430164386923E+05
       -2.005000000000000000000000000000    7.937730866438011325644802385712E+05
       -2.004000000000000000000000000000    7.968243244547979289278719864804E+05
       -2.003000000000000000000000000000    7.998856277793469139790746767098E+05
       -2.002000000000000000000000000000    8.029570224737741333154136775691E+05
       -2.001000000000000000000000000000    8.060385344298963502957275491739E+05
       -2.000000000000000000000000000000    8.091301895749358330917135422143E+05
       -1.999000000000000000000000000000    8.122320138714344144395495752428E+05
       -1.998000000000000000000000000000    8.153440333171668222540986041286E+05
       -1.997000000000000000000000000000    8.184662739450532792713494159956E+05
       -1.996000000000000000000000000000    8.215987618230713698881401150307E+05
       -1.995000000000000000000000000000    8.247415230541671723716470323587E+05
       -1.994000000000000000000000000000    8.278945837761656546146025996362E+05
       -1.993000000000000000000000000000    8.310579701616803316157309885419E+05
       -1.992000000000000000000000000000    8.342317084180221828684601478864E+05
       -1.991000000000000000000000000000    8.374158247871078278445833781245E+05
       -1.990000000000000000000000000000    8.406103455453669577632028806043E+05
       -1.989000000000000000000000000000    8.438152970036490218389919164628E+05
       -1.988000000000000000000000000000    8.470307055071291662075614176885E+05
       -1.987000000000000000000000000000    8.502565974352134237295112200505E+05
       -1.986000000000000000000000000000    8.534929992014431528785856433752E+05
       -1.985000000000000000000000000000    8.567399372533987239232380375518E+05
       -1.984000000000000000000000000000    8.599974380726024506148392507043E+05
       -1.983000000000000000000000000000    8.632655281744207655997408666684E+05
       -1.982000000000000000000000000000    8.665442341079656377764256092635E+05
       -1.981000000000000000000000000000    8.698335824559952298230446273142E+05
       -1.980000000000000000000000000000    8.731335998348137941247545629011E+05
       -1.979000000000000000000000000000    8.764443128941708053344264713180E+05
       -1.978000000000000000000000000000    8.797657483171593278045039095669E+05
       -1.977000000000000000000000000000    8.830979328201136161320389452699E+05
       -1.976000000000000000000000000000    8.864408931525059470632325634162E+05
       -1.975000000000000000000000000000    8.897946560968426810081500676462E+05
       -1.974000000000000000000000000000    8.931592484685595514206726884922E+05
       -1.973000000000000000000000000000    8.965346971159161803031838252954E+05
       -1.972000000000000000000000000000    8.999210289198898180999722629684E+05
       -1.971000000000000000000000000000    9.033182707940683062478654203934E+05
       -1.970000000000000000000000000000    9.067264496845422606571833044738E+05
       -1.969000000000000000000000000000    9.101455925697964744007284625522E+05
       -1.968000000000000000000000000000    9.135757264606005378931989453700E+05
       -1.967000000000000000000000000000    9.170168783998986748481302116571E+05
       -1.966000000000000000000000000000    9.204690754626987923042381219296E+05
       -1.965000000000000000000000000000    9.239323447559607430178487806521E+05
       -1.964000000000000000000000000000    9.274067134184837985229620895073E+05
       -1.963000000000000000000000000000    9.308922086207933311654045664356E+05
       -1.962000000000000000000000000000    9.343888575650267034224833610604E+05
       -1.961000000000000000000000000000    9.378966874848183628245575522086E+05
       -1.960000000000000000000000000000    9.414157256451841407999948419493E+05
       -1.959000000000000000000000000000    9.449459993424047537700817567677E+05
       -1.958000000000000000000000000000    9.484875359039085048256035234016E+05
       -1.957000000000000000000000000000    9.520403626881531843220059971052E+05
       -1.956000000000000000000000000000    9.556045070845071677352964756297E+05
       -1.955000000000000000000000000000    9.591799965131297091261330243675E+05
       -1.954000000000000000000000000000    9.627668584248504285648931575729E+05
       -1.953000000000000000000000000000    9.663651203010479918759024573936E+05
       -1.952000000000000000000000000000    9.699748096535279810644420560061E+05
       -1.951000000000000000000000000000    9.735959540243999537956409451776E+05
       -1.950000000000000000000000000000    9.772285809859536902998949001385E+05
       -1.949000000000000000000000000000    9.808727181405346260850384981427E+05
       -1.948000000000000000000000000000    9.845283931204184688411303632551E+05
       -1.947000000000000000000000000000    9.881956335876849979293944637724E+05
       -1.946000000000000000000000000000    9.918744672340910448525921126413E+05
       -1.945000000000000000000000000000    9.955649217809426531098803589646E+05
       -1.944000000000000000000000000000    9.992670249789664158450427941799E+05
       -1.943000000000000000000000000000    1.002980804608179989702858513057E+06
       -1.942000000000000000000000000000    1.006706288477761783314304149894E+06
       -1.941000000000000000000000000000    1.010443504425919818837262636100E+06
       -1.940000000000000000000000000000    1.014192480319759764985440677904E+06
       -1.939000000000000000000000000000    1.017953244055152139984275012746E+06
       -1.938000000000000000000000000000    1.021725823556598682898735349703E+06
       -1.937000000000000000000000000000    1.025510246777097891784109612120E+06
       -1.936000000000000000000000000000    1.029306541698009727117084757835E+06
       -1.935000000000000000000000000000    1.033114736328919478970714131455E+06
       -1.934000000000000000000000000000    1.036934858707500796403190081054E+06
       -1.933000000000000000000000000000    1.040766936899377877536718524392E+06
       -1.932000000000000000000000000000    1.044610998997986818809220352766E+06
       -1.931000000000000000000000000000    1.048467073124436121888063088392E+06
       -1.930000000000000000000000000000    1.052335187427366356741555137780E+06
       -1.929000000000000000000000000000    1.056215370082808979370514381827E+06
       -1.928000000000000000000000000000    1.060107649294044302708852785822E+06
       -1.927000000000000000000000000000    1.064012053291458619208799270622E+06
       -1.926000000000000000000000000000    1.067928610332400473633114330883E+06
       -1.925000000000000000000000000000    1.071857348701036084583431887263E+06
       -1.924000000000000000000000000000    1.075798296708203913300696686312E+06
       -1.923000000000000000000000000000    1.079751482691268378280549282710E+06
       -1.922000000000000000000000000000    1.083716935013972714253445321249E+06
       -1.921000000000000000000000000000    1.087694682066290974086281547413E+06
       -1.920000000000000000000000000000    1.091684752264279172169337781512E+06
       -1.919000000000000000000000000000    1.095687174049925567859432057508E+06
       -1.918000000000000000000000000000    1.099701975891000087557325318169E+06
       -1.917000000000000000000000000000    1.103729186280902884004602536814E+06
       -1.916000000000000000000000000000    1.107768833738512031392498965337E+06
       -1.915000000000000000000000000000    1.111820946808030354882433450512E+06
       -1.914000000000000000000000000000    1.115885554058831393145355476843E+06
       -1.913000000000000000000000000000    1.119962684085304492534408844861E+06
       -1.912000000000000000000000000000    1.124052365506699031512862738178E+06
       -1.911000000000000000000000000000    1.128154626966967773966760429497E+06
       -1.910000000000000000000000000000    1.132269497134609350039287082917E+06
       -1.909000000000000000000000000000    1.136397004702509863131461084225E+06
       -1.908000000000000000000000000000    1.140537178387783621721408128508E+06
       -1.907000000000000000000000000000    1.144690046931612994662183970609E+06
       -1.906000000000000000000000000000    1.148855639099087388625870353048E+06
       -1.905000000000000000000000000000    1.153033983679041346369479221511E+06
       -1.904000000000000000000000000000    1.157225109483891764506062972545E+06
       -1.903000000000000000000000000000    1.161429045349474229472343203416E+06
       -1.902000000000000000000000000000    1.165645820134878470392137301029E+06
       -1.901000000000000000000000000000    1.169875462722282927542881265406E+06
       -1.900000000000000000000000000000    1.174118002016788435140618462506E+06
       -1.899000000000000000000000000000    1.178373466946251017166947589387E+06
       -1.898000000000000000000000000000    1.182641886461113794969599059097E+06
       -1.897000000000000000000000000000    1.186923289534238005376537319673E+06
       -1.896000000000000000000000000000    1.191217705160733128071767356647E+06
       -1.895000000000000000000000000000    1.195525162357786120989356836137E+06
       -1.894000000000000000000000000000    1.199845690164489762490571069490E+06
       -1.893000000000000000000000000000    1.204179317641670099097456263350E+06
       -1.892000000000000000000000000000    1.208526073871712997564697402686E+06
       -1.891000000000000000000000000000    1.212885987958389800080120639607E+06
       -1.890000000000000000000000000000    1.217259089026682081392806267631E+06
       -1.889000000000000000000000000000    1.221645406222605506676427288468E+06
       -1.888000000000000000000000000000    1.226044968713032788944130264305E+06
       -1.887000000000000000000000000000    1.230457805685515744840029630200E+06
       -1.886000000000000000000000000000    1.234883946348106447641193954578E+06
       -1.885000000000000000000000000000    1.239323419929177476312862816164E+06
       -1.884000000000000000000000000000    1.243776255677241259468546047204E+06
       -1.883000000000000000000000000000    1.248242482860768513095623108770E+06
       -1.882000000000000000000000000000    1.252722130768005770916079346495E+06
       -1.881000000000000000000000000000    1.257215228706792006261087855717E+06
       -1.880000000000000000000000000000    1.261721806004374344347270693819E+06
       -1.879000000000000000000000000000    1.266241892007222863851651244013E+06
       -1.878000000000000000000000000000    1.270775516080844486691540687234E+06
       -1.877000000000000000000000000000    1.275322707609595954924885804477E+06
       -1.876000000000000000000000000000    1.279883495996495893695942737210E+06
       -1.875000000000000000000000000000    1.284457910663035959160531903797E+06
       -1.874000000000000000000000000000    1.289045981048991070334573029416E+06
       -1.873000000000000000000000000000    1.293647736612228723819096219154E+06
       -1.872000000000000000000000000000    1.298263206828517390364475211099E+06
       -1.871000000000000000000000000000    1.302892421191333992246232409543E+06
       -1.870000000000000000000000000000    1.307535409211670460434422038258E+06
       -1.869000000000000000000000000000    1.312192200417839370548307789252E+06
       -1.868000000000000000000000000000    1.316862824355278656597814691860E+06
       -1.867000000000000000000000000000    1.321547310586355401523051607454E+06
       -1.866000000000000000000000000000    1.326245688690168703553070782698E+06
       -1.865000000000000000000000000000    1.330957988262351617414954284170E+06
       -1.864000000000000000000000000000    1.335684238914872169434293903315E+06
       -1.863000000000000000000000000000    1.340424470275833445578161276091E+06
       -1.862000000000000000000000000000    1.345178711989272751501748518231E+06
       -1.861000000000000000000000000000    1.349946993714959843669996645546E+06
       -1.860000000000000000000000000000    1.354729345128194230635719439034E+06
       -1.859000000000000000000000000000    1.359525795919601543565974235308E+06
       -1.858000000000000000000000000000    1.364336375794928975118728381765E+06
       -1.857000000000000000000000000000    1.369161114474839785782220799461E+06
       -1.856000000000000000000000000000    1.374000041694706876799822250307E+06
       -1.855000000000000000000000000000    1.378853187204405428813655513394E+06
       -1.854000000000000000000000000000    1.383720580768104605370747741191E+06
       -1.853000000000000000000000000000    1.388602252164058320446051792304E+06
       -1.852000000000000000000000000000    1.393498231184395069147291324483E+06
       -1.851000000000000000000000000000    1.398408547634906820777255879590E+06
       -1.850000000000000000000000000000    1.403333231334836973439897100224E+06
       -1.849000000000000000000000000000    1.408272312116667369387355583344E+06
       -1.848000000000000000000000000000    1.413225819825904370315879696200E+06
       -1.847000000000000000000000000000    1.418193784320863991829482949710E+06
       -1.846000000000000000000000000000    1.423176235472456096301125238500E+06
       -1.845000000000000000000000000000    1.428173203163967643372195408397E+06
       -1.844000000000000000000000000000    1.433184717290844997342118193424E+06
       -1.843000000000000000000000000000    1.438210807760475290711007566209E+06
       -1.842000000000000000000000000000    1.443251504491966843149440958125E+06
       -1.841000000000000000000000000000    1.448306837415928635180634617072E+06
       -1.840000000000000000000000000000    1.453376836474248835871559569198E+06
       -1.839000000000000000000000000000    1.458461531619872383840850222398E+06
       -1.838000000000000000000000000000    1.463560952816577620902723579451E+06
       -1.837000000000000000000000000000    1.468675130038751977677546301132E+06
       -1.836000000000000000000000000000    1.473804093271166710511159457636E+06
       -1.835000000000000000000000000000    1.478947872508750689056596711774E+06
       -1.834000000000000000000000000000    1.484106497756363233883410870379E+06
       -1.833000000000000000000000000000    1.489279999028566003491456200451E+06
       -1.832000000000000000000000000000    1.494468406349393930117659612144E+06
       -1.831000000000000000000000000000    1.499671749752125203736052738676E+06
       -1.830000000000000000000000000000    1.504890059279050303663129069520E+06
       -1.829000000000000000000000000000    1.510123364981240077192435592513E+06
       -1.828000000000000000000000000000    1.515371696918312864694206846177E+06
       -1.827000000000000000000000000000    1.520635085158200670627800847908E+06
       -1.826000000000000000000000000000    1.525913559776914379926701017795E+06
       -1.825000000000000000000000000000    1.531207150858308019227905931547E+06
       -1.824000000000000000000000000000    1.536515888493842062429639477897E+06
       -1.823000000000000000000000000000    1.541839802782345780073477733525E+06
       -1.822000000000000000000000000000    1.547178923829778632059205567925E+06
       -1.821000000000000000000000000000    1.552533281748990703212985617038E+06
       -1.820000000000000000000000000000    1.557902906659482181241744781367E+06
       -1.819000000000000000000000000000    1.563287828687161876619058774362E+06
       -1.818000000000000000000000000000    1.568688077964104783960243431413E+06
       -1.817000000000000000000000000000    1.574103684628308684456842448753E+06
       -1.816000000000000000000000000000    1.579534678823449788953234913937E+06
       -1.815000000000000000000000000000    1.584981090698637421260672372752E+06
       -1.814000000000000000000000000000    1.590442950408167741316694207844E+06
       -1.813000000000000000000000000000    1.595920288111276507810561737081E+06
       -1.812000000000000000000000000000    1.601413133971890879908095628483E+06
       -1.811000000000000000000000000000    1.606921518158380257722097926067E+06
       -1.810000000000000000000000000000    1.612445470843306161187389138425E+06
       -1.809000000000000000000000000000    1.617985022203171147012392409336E+06
       -1.808000000000000000000000000000    1.623540202418166763392150715982E+06
       -1.807000000000000000000000000000    1.629111041671920542180669272868E+06
       -1.806000000000000000000000000000    1.634697570151242028233533804546E+06
       -1.805000000000000000000000000000    1.640299818045867845644866032708E+06
       -1.804000000000000000000000000000    1.645917815548205800615840546737E+06
       -1.803000000000000000000000000000    1.651551592853078020705202133775E+06
       -1.802000000000000000000000000000    1.657201180157463130225489575903E+06
       -1.801000000000000000000000000000    1.662866607660237461561990817872E+06
       -1.800000000000000000000000000000    1.668547905561915302204825207481E+06
       -1.799000000000000000000000000000    1.674245104064388177297971149401E+06
       -1.798000000000000000000000000000    1.679958233370663167522531927812E+06
       -1.797000000000000000000000000000    1.685687323684600262145058578326E+06
       -1.796000000000000000000000000000    1.691432405210648747075326458501E+06
       -1.795000000000000000000000000000    1.697193508153582627791591510876E+06
       -1.794000000000000000000000000000    1.702970662718235087005033063409E+06
       -1.793000000000000000000000000000    1.708763899109231976948822298923E+06
       -1.792000000000000000000000000000    1.714573247530724346191039175591E+06
       -1.791000000000000000000000000000    1.720398738186120000884495521344E+06
       -1.790000000000000000000000000000    1.726240401277814100380408181710E+06
       -1.789000000000000000000000000000    1.732098267006918787146803397018E+06
       -1.788000000000000000000000000000    1.737972365572991850946521943847E+06
       -1.787000000000000000000000000000    1.743862727173764427243733918332E+06
       -1.786000000000000000000000000000    1.749769382004867729821962285636E+06
       -1.785000000000000000000000000000    1.755692360259558817610755389044E+06
       -1.784000000000000000000000000000    1.761631692128445395732340421217E+06
       -1.783000000000000000000000000000    1.767587407799209650793832325037E+06
       -1.782000000000000000000000000000    1.773559537456331120464865626860E+06
       -1.781000000000000000000000000000    1.779548111280808597394860224124E+06
       -1.780000000000000000000000000000    1.785553159449881067538526064046E+06
       -1.779000000000000000000000000000    1.791574712136747682972655871149E+06
       -1.778000000000000000000000000000    1.797612799510286769301749517777E+06
       -1.777000000000000000000000000000    1.803667451734773867764558191405E+06
       -1.776000000000000000000000000000    1.809738698969598812168231101875E+06
       -1.775000000000000000000000000000    1.815826571368981840791391995801E+06
       -1.774000000000000000000000000000    1.821931099081688743412167107974E+06
       -1.773000000000000000000000000000    1.828052312250745043631930283009E+06
       -1.772000000000000000000000000000    1.834190241013149216680324745622E+06
       -1.771000000000000000000000000000    1.840344915499584942901964284464E+06
       -1.770000000000000000000000000000    1.846516365834132397140109340451E+06
       -1.769000000000000000000000000000    1.852704622133978574247555552904E+06
       -1.768000000000000000000000000000    1.858909714509126650969963610871E+06
       -1.767000000000000000000000000000    1.865131673062104384461899676870E+06
       -1.766000000000000000000000000000    1.871370527887671547710945088444E+06
       -1.765000000000000000000000000000    1.877626309072526402160372390746E+06
       -1.764000000000000000000000000000    1.883899046695011207836071900505E+06
       -1.763000000000000000000000000000    1.890188770824816771298648836784E+06
       -1.762000000000000000000000000000    1.896495511522686031756895463769E+06
       -1.761000000000000000000000000000    1.902819298840116685694175561100E+06
       -1.760000000000000000000000000000    1.909160162819062850374639752241E+06
       -1.759000000000000000000000000000    1.915518133491635766611619663675E+06
       -1.758000000000000000000000000000    1.921893240879803541196026438911E+06
       -1.757000000000000000000000000000    1.928285514995089929398104671130E+06
       -1.756000000000000000000000000000    1.934694985838272157971466225479E+06
       -1.755000000000000000000000000000    1.941121683399077789103949573561E+06
       -1.754000000000000000000000000000    1.947565637655880625775519034258E+06
       -1.753000000000000000000000000000    1.954026878575395658999134580989E+06
       -1.752000000000000000000000000000    1.960505436112373057436286508595E+06
       -1.751000000000000000000000000000    1.967001340209291199894700124693E+06
       -1.750000000000000000000000000000    1.973514620796048751231573610573E+06
       -1.749000000000000000000000000000    1.980045307789655782201617153936E+06
       -1.748000000000000000000000000000    1.986593431093923933805113257256E+06
       -1.747000000000000000000000000000    1.993159020599155626707216636748E+06
       -1.746000000000000000000000000000    1.999742106181832316315757212297E+06
       -1.745000000000000000000000000000    2.006342717704301794120901210774E+06
       -1.744000000000000000000000000000    2.012960885014464535916163225490E+06
       -1.743000000000000000000000000000    2.019596637945459097536446052848E+06
       -1.742000000000000000000000000000    2.026250006315346558765015122057E+06
       -1.741000000000000000000000000000    2.032921019926794016077590202058E+06
       -1.740000000000000000000000000000    2.039609708566757124908058667059E+06
       -1.739000000000000000000000000000    2.046316102006161692136681782465E+06
       -1.738000000000000000000000000000    2.053040229999584319518078089026E+06
       -1.737000000000000000000000000000    2.059782122284932098782725865992E+06
       -1.736000000000000000000000000000    2.066541808583121359162229693591E+06
       -1.735000000000000000000000000000    2.073319318597755468105144159504E+06
       -1.734000000000000000000000000000    2.080114682014801685966740610048E+06
       -1.733000000000000000000000000000    2.086927928502267075472740379672E+06
       -1.732000000000000000000000000000    2.093759087709873466773719986167E+06
       -1.731000000000000000000000000000    2.100608189268731478923620195916E+06
       -1.730000000000000000000000000000    2.107475262791013598632561484589E+06
       -1.729000000000000000000000000000    2.114360337869626317160983083326E+06
       -1.728000000000000000000000000000    2.121263444077881326238981346628E+06
       -1.727000000000000000000000000000    2.128184610969165773911625442461E+06
       -1.726000000000000000000000000000    2.135123868076611581227974182379E+06
       -1.725000000000000000000000000000    2.142081244912763820708507013500E+06
       -1.724000000000000000000000000000    2.149056770969248157542714616872E+06
       -1.723000000000000000000000000000    2.156050475716437354485670028832E+06
       -1.722000000000000000000000000000    2.163062388603116841439519552487E+06
       -1.721000000000000000000000000000    2.170092539056149350722993783014E+06
       -1.720000000000000000000000000000    2.177140956480138619049242659414E+06
       -1.719000000000000000000000000000    2.184207670257092157249544401078E+06
       -1.718000000000000000000000000000    2.191292709746083088797726313515E+06
       -1.717000000000000000000000000000    2.198396104282911058207465575320E+06
       -1.716000000000000000000000000000    2.205517883179762210392010068273E+06
       -1.715000000000000000000000000000    2.212658075724868242093272903079E+06
       -1.714000000000000000000000000000    2.219816711182164526504709341860E+06
       -1.713000000000000000000000000000    2.226993818790947312229881140944E+06
       -1.712000000000000000000000000000    2.234189427765529997736150747940E+06
       -1.711000000000000000000000000000    2.241403567294898482480526098381E+06
       -1.710000000000000000000000000000    2.248636266542365595902295780570E+06
       -1.709000000000000000000000000000    2.255887554645224605494753882570E+06
       -1.708000000000000000000000000000    2.263157460714401805186013710681E+06
       -1.707000000000000000000000000000    2.270446013834108185276649581212E+06
       -1.706000000000000000000000000000    2.277753243061490185199685842032E+06
       -1.705000000000000000000000000000    2.285079177426279530386271981192E+06
       -1.704000000000000000000000000000    2.292423845930442154538241929109E+06
       -1.703000000000000000000000000000    2.299787277547826208626654259192E+06
       -1.702000000000000000000000000000    2.307169501223809157953347738731E+06
       -1.701000000000000000000000000000    2.314570545874943968630523375130E+06
       -1.700000000000000000000000000000    2.321990440388604384851379538512E+06
       -1.699000000000000000000000000000    2.329429213622629298342880715090E+06
       -1.698000000000000000000000000000    2.336886894404966211409832749935E+06
       -1.697000000000000000000000000000    2.344363511533313794997567864548E+06
       -1.696000000000000000000000000000    2.351859093774763543218711074366E+06
       -1.695000000000000000000000000000    2.359373669865440525807705672816E+06
       -1.694000000000000000000000000000    2.366907268510143239985018979029E+06
       -1.693000000000000000000000000000    2.374459918381982563231230351699E+06
       -1.692000000000000000000000000000    2.382031648122019808489521336139E+06
       -1.691000000000000000000000000000    2.389622486338903883333442518074E+06
       -1.690000000000000000000000000000    2.397232461608507554655222987549E+06
       -1.689000000000000000000000000000    2.404861602473562820448316049193E+06
       -1.688000000000000000000000000000    2.412509937443295390276338729336E+06
       -1.687000000000000000000000000000    2.420177494993058276039062502951E+06
       -1.686000000000000000000000000000    2.427864303563964494664648269268E+06
       -1.685000000000000000000000000000    2.435570391562518884375889718091E+06
       -1.684000000000000000000000000000    2.443295787360249036196835621567E+06
       -1.683000000000000000000000000000    2.451040519293335342384803029208E+06
       -1.682000000000000000000000000000    2.458804615662240163491469606615E+06
       -1.681000000000000000000000000000    2.466588104731336115775444208437E+06
       -1.680000000000000000000000000000    2.474391014728533480707459979796E+06
       -1.679000000000000000000000000000    2.482213373844906738328113602627E+06
       -1.678000000000000000000000000000    2.490055210234320226236887507246E+06
       -1.677000000000000000000000000000    2.497916552013052926010038716897E+06
       -1.676000000000000000000000000000    2.505797427259422378863818244153E+06
       -1.675000000000000000000000000000    2.513697864013407732398398371806E+06
       -1.674000000000000000000000000000    2.521617890276271920276831484347E+06
       -1.673000000000000000000000000000    2.529557534010182976712343125278E+06
       -1.672000000000000000000000000000    2.537516823137834487656273394442E+06
       -1.671000000000000000000000000000    2.545495785542065180598024421137E+06
       -1.670000000000000000000000000000    2.553494449065477654907447204302E+06
       -1.669000000000000000000000000000    2.561512841510056254669208350202E+06
       -1.668000000000000000000000000000    2.569550990636784085977815909220E+06
       -1.667000000000000000000000000000    2.577608924165259180681153363247E+06
       -1.666000000000000000000000000000    2.585686669773309808579571589091E+06
       -1.665000000000000000000000000000    2.593784255096608940106820065130E+06
       -1.664000000000000000000000000000    2.601901707728287861538360440326E+06
       -1.663000000000000000000000000000    2.610039055218548944791897587610E+06
       -1.662000000000000000000000000000    2.618196325074277573904285156774E+06
       -1.661000000000000000000000000000    2.626373544758653230288314163237E+06
       -1.660000000000000000000000000000    2.634570741690759738892274034733E+06
       -1.659000000000000000000000000000    2.642787943245194677404585522888E+06
       -1.658000000000000000000000000000    2.651025176751677950665243704255E+06
       -1.657000000000000000000000000000    2.659282469494659532465276677452E+06
       -1.656000000000000000000000000000    2.667559848712926376934921240053E+06
       -1.655000000000000000000000000000    2.675857341599208501740740529653E+06
       -1.654000000000000000000000000000    2.684174975299784245331460065570E+06
       -1.653000000000000000000000000000    2.692512776914084700491877556777E+06
       -1.652000000000000000000000000000    2.700870773494297326483807972471E+06
       -1.651000000000000000000000000000    2.709248992044968742072658427038E+06
       -1.650000000000000000000000000000    2.717647459522606701757887132654E+06
       -1.649000000000000000000000000000    2.726066202835281257545286740321E+06
       -1.648000000000000000000000000000    2.734505248842225108618744542386E+06
       -1.647000000000000000000000000000    2.742964624353433141288869963557E+06
       -1.646000000000000000000000000000    2.751444356129261161615643238731E+06
       -1.645000000000000000000000000000    2.759944470880023823122027878752E+06
       -1.644000000000000000000000000000    2.768464995265591752035303172074E+06
       -1.643000000000000000000000000000    2.777005955894987872512711272590E+06
       -1.642000000000000000000000000000    2.785567379325982934327876091130E+06
       -1.641000000000000000000000000000    2.794149292064690245514337948787E+06
       -1.640000000000000000000000000000    2.802751720565159612482458470918E+06
       -1.639000000000000000000000000000    2.811374691228970490145884206933E+06
       -1.638000000000000000000000000000    2.820018230404824344613714656502E+06
       -1.637000000000000000000000000000    2.828682364388136231024500470220E+06
       -1.636000000000000000000000000000    2.837367119420625589118200272851E+06
       -1.635000000000000000000000000000    2.846072521689906259162249529712E+06
       -1.634000000000000000000000000000    2.854798597329075720867941839542E+06
       -1.633000000000000000000000000000    2.863545372416303557953391686926E+06
       -1.632000000000000000000000000000    2.872312872974419151029437719342E+06
       -1.631000000000000000000000000000    2.881101124970498601504956721678E+06
       -1.630000000000000000000000000000    2.889910154315450889228190337160E+06
       -1.629000000000000000000000000000    2.898739986863603266600838918682E+06
       -1.628000000000000000000000000000    2.907590648412285891921849378128E+06
       -1.627000000000000000000000000000    2.916462164701415704738016221311E+06
       -1.626000000000000000000000000000    2.925354561413079545998726799139E+06
       -1.625000000000000000000000000000    2.934267864171116525832412856868E+06
       -1.624000000000000000000000000000    2.943202098540699641782520406218E+06
       -1.623000000000000000000000000000    2.952157290027916650361078462273E+06
       -1.622000000000000000000000000000    2.961133464079350194798233959106E+06
       -1.621000000000000000000000000000    2.970130646081657191886424864477E+06
       -1.620000000000000000000000000000    2.979148861361147480838185832754E+06
       -1.619000000000000000000000000000    2.988188135183361737096920342989E+06
       -1.618000000000000000000000000000    2.997248492752648654060329841016E+06
       -1.617000000000000000000000000000    3.006329959211741395696563614355E+06
       -1.616000000000000000000000000000    3.015432559641333323053542648894E+06
       -1.615000000000000000000000000000    3.024556319059652997682316217836E+06
       -1.614000000000000000000000000000    3.033701262422038465015731105759E+06
       -1.613000000000000000000000000000    3.042867414620510820764129841998E+06
       -1.612000000000000000000000000000    3.052054800483347063410245774791E+06
       -1.611000000000000000000000000000    3.061263444774652235905928925953E+06
       -1.610000000000000000000000000000    3.070493372193930859693816989496E+06
       -1.609000000000000000000000000000    3.079744607375657664197560238914E+06
       -1.608000000000000000000000000000    3.089017174888847614944717148348E+06
       -1.607000000000000000000000000000    3.098311099236625243506958872108E+06
       -1.606000000000000000000000000000    3.107626404855793282462755023755E+06
       -1.605000000000000000000000000000    3.116963116116400608608260107104E+06
       -1.604000000000000000000000000000    3.126321257321309497662679132915E+06
       -1.603000000000000000000000000000    3.135700852705762193734962061010E+06
       -1.602000000000000000000000000000    3.145101926436946796839259391201E+06
       -1.601000000000000000000000000000    3.154524502613562471767165139229E+06
       -1.600000000000000000000000000000    3.163968605265383981645378226391E+06
       -1.599000000000000000000000000000    3.173434258352825549528028632480E+06
       -1.598000000000000000000000000000    3.182921485766504051393540158711E+06
       -1.597000000000000000000000000000    3.192430311326801543936536966799E+06
       -1.596000000000000000000000000000    3.201960758783427130565945847076E+06
       -1.595000000000000000000000000000    3.211512851814978169041100066204E+06
       -1.594000000000000000000000000000    3.221086614028500824198313295783E+06
       -1.593000000000000000000000000000    3.230682068959049969241063168027E+06
       -1.592000000000000000000000000000    3.240299240069248439087603083127E+06
       -1.591000000000000000000000000000    3.249938150748845639290507643403E+06
       -1.590000000000000000000000000000    3.259598824314275514063351148634E+06
       -1.589000000000000000000000000000    3.269281284008213876970419590860E+06
       -1.588000000000000000000000000000    3.278985552999135107856064169708E+06
       -1.587000000000000000000000000000    3.288711654380868219611018143999E+06
       -1.586000000000000000000000000000    3.298459611172152298393718473759E+06
       -1.585000000000000000000000000000    3.308229446316191320945398819214E+06
       -1.584000000000000000000000000000    3.318021182680208352658450679101E+06
       -1.583000000000000000000000000000    3.327834843054999130078284397450E+06
       -1.582000000000000000000000000000    3.337670450154485031539661072556E+06
       -1.581000000000000000000000000000    3.347528026615265439659209689407E+06
       -1.580000000000000000000000000000    3.357407594996169499426590691402E+06
       -1.579000000000000000000000000000    3.367309177777807275657517331573E+06
       -1.578000000000000000000000000000    3.377232797362120313592599119158E+06
       -1.577000000000000000000000000000    3.387178476071931606446727124540E+06
       -1.576000000000000000000000000000    3.397146236150494973734478443207E+06
       -1.575000000000000000000000000000    3.407136099761043854217776365258E+06
       -1.574000000000000000000000000000    3.417148088986339517342803367544E+06
       -1.573000000000000000000000000000    3.427182225828218697053925556019E+06
       -1.572000000000000000000000000000    3.437238532207140651893149250316E+06
       -1.571000000000000000000000000000    3.447317029961733655314392633695E+06
       -1.570000000000000000000000000000    3.457417740848340920162617400894E+06
       -1.569000000000000000000000000000    3.467540686540565961288626734373E+06
       -1.568000000000000000000000000000    3.477685888628817400291096335057E+06
       -1.567000000000000000000000000000    3.487853368619853216398164234892E+06
       -1.566000000000000000000000000000    3.498043147936324447521662331944E+06
       -1.565000000000000000000000000000    3.508255247916318345537827619970E+06
       -1.564000000000000000000000000000    3.518489689812900989869083537570E+06
       -1.563000000000000000000000000000    3.528746494793659363462231340321E+06
       -1.562000000000000000000000000000    3.539025683940242895279137504667E+06
       -1.561000000000000000000000000000    3.549327278247904473436745505380E+06
       -1.560000000000000000000000000000    3.559651298625040933153978468826E+06
       -1.559000000000000000000000000000    3.569997765892733023683832790340E+06
       -1.558000000000000000000000000000    3.580366700784284858429691413014E+06
       -1.557000000000000000000000000000    3.590758123944762852465608693146E+06
       -1.556000000000000000000000000000    3.601172055930534151701036219455E+06
       -1.555000000000000000000000000000    3.611608517208804557951170202616E+06
       -1.554000000000000000000000000000    3.622067528157155954194805701413E+06
       -1.553000000000000000000000000000    3.632549109063083234322280593233E+06
       -1.552000000000000000000000000000    3.643053280123530741696782420202E+06
       -1.551000000000000000000000000000    3.653580061444428220872973637048E+06
       -1.550000000000000000000000000000    3.664129473040226286837564941092E+06
       -1.549000000000000000000000000000    3.674701534833431416157131865375E+06
       -1.548000000000000000000000000000    3.685296266654140464439126248895E+06
       -1.547000000000000000000000000000    3.695913688239574714532681147947E+06
       -1.546000000000000000000000000000    3.706553819233613459916444803335E+06
       -1.545000000000000000000000000000    3.717216679186327127741306012354E+06
       -1.544000000000000000000000000000    3.727902287553509946016489253464E+06
       -1.543000000000000000000000000000    3.738610663696212159448102755897E+06
       -1.542000000000000000000000000000    3.749341826880271798459815975445E+06
       -1.541000000000000000000000000000    3.760095796275846005945924209679E+06
       -1.540000000000000000000000000000    3.770872590956941926327626938051E+06
       -1.539000000000000000000000000000    3.781672229900947161503902480998E+06
       -1.538000000000000000000000000000    3.792494731988159798308904312363E+06
       -1.537000000000000000000000000000    3.803340116001318012108333405343E+06
       -1.536000000000000000000000000000    3.814208400625129251187755916826E+06
       -1.535000000000000000000000000000    3.825099604445799006606335890416E+06
       -1.534000000000000000000000000000    3.836013745950559172209938055718E+06
       -1.533000000000000000000000000000    3.846950843527195999518025790596E+06
       -1.532000000000000000000000000000    3.857910915463577652219233463078E+06
       -1.531000000000000000000000000000    3.868893979947181365030930248445E+06
       -1.530000000000000000000000000000    3.879900055064620211698513691773E+06
       -1.529000000000000000000000000000    3.890929158801169486930575322838E+06
       -1.528000000000000000000000000000    3.901981309040292707086467093923E+06
       -1.527000000000000000000000000000    3.913056523563167234453165865720E+06
       -1.526000000000000000000000000000    3.924154820048209529968683175344E+06
       -1.525000000000000000000000000000    3.935276216070600039269598645622E+06
       -1.524000000000000000000000000000    3.946420729101807716960607197460E+06
       -1.523000000000000000000000000000    3.957588376509114194024262267544E+06
       -1.522000000000000000000000000000    3.968779175555137593309369071146E+06
       -1.521000000000000000000000000000    3.979993143397355998056733142823E+06
       -1.520000000000000000000000000000    3.991230297087630578441199493805E+06
       -1.519000000000000000000000000000    4.002490653571728381129126300307E+06
       -1.518000000000000000000000000000    4.013774229688844786870623637686E+06
       -1.517000000000000000000000000000    4.025081042171125641166051955856E+06
       -1.516000000000000000000000000000    4.036411107643189063066416305696E+06
       -1.515000000000000000000000000000    4.047764442621646937187410327120E+06
       -1.514000000000000000000000000000    4.059141063514626094036958249283E+06
       -1.513000000000000000000000000000    4.070540986621289183776173183155E+06
       -1.512000000000000000000000000000    4.081964228131355248553695356803E+06
       -1.511000000000000000000000000000    4.093410804124619998573394203673E+06
       -1.510000000000000000000000000000    4.104880730570475797075412912612E+06
       -1.509000000000000000000000000000    4.116374023327431359430502733055E+06
       -1.508000000000000000000000000000    4.127890698142631171567536546767E+06
       -1.507000000000000000000000000000    4.139430770651374632974006514904E+06
       -1.506000000000000000000000000000    4.150994256376634929529198531170E+06
       -1.505000000000000000000000000000    4.162581170728577641449596303185E+06
       -1.504000000000000000000000000000    4.174191529004079091645899688379E+06
       -1.503000000000000000000000000000    4.185825346386244439810844970829E+06
       -1.502000000000000000000000000000    4.197482637943925527576788623535E+06
       -1.501000000000000000000000000000    4.209163418631238480101760298060E+06
       -1.500000000000000000000000000000    4.220867703287081069462404860814E+06
       -1.499000000000000000000000000000    4.232595506634649845251916792366E+06
       -1.498000000000000000000000000000    4.244346843280957037800722722100E+06
       -1.497000000000000000000000000000    4.256121727716347239457288823604E+06
       -1.496000000000000000000000000000    4.267920174314013869386018783984E+06
       -1.495000000000000000000000000000    4.279742197329515427358764619671E+06
       -1.494000000000000000000000000000    4.291587810900291542035996278408E+06
       -1.493000000000000000000000000000    4.303457029045178819253166277363E+06
       -1.492000000000000000000000000000    4.315349865663926495847262115424E+06
       -1.491000000000000000000000000000    4.327266334536711904577961397746E+06
       -1.490000000000000000000000000000    4.339206449323655755717192055881E+06
       -1.489000000000000000000000000000    4.351170223564337240900252269914E+06
       -1.488000000000000000000000000000    4.363157670677308964850961232078E+06
       -1.487000000000000000000000000000    4.375168803959611710612592265499E+06
       -1.486000000000000000000000000000    4.387203636586289043935583557840E+06
       -1.485000000000000000000000000000    4.399262181609901762492228417616E+06
       -1.484000000000000000000000000000    4.411344451960042195607716040280E+06
       -1.483000000000000000000000000000    4.423450460442848360216024810579E+06
       -1.482000000000000000000000000000    4.435580219740517978768262695339E+06
       -1.481000000000000000000000000000    4.447733742410822364840102824255E+06
       -1.480000000000000000000000000000    4.459911040886620182203976442425E+06
       -1.479000000000000000000000000000    4.472112127475371083150659573606E+06
       -1.478000000000000000000000000000    4.484337014358649231863823483275E+06
       -1.477000000000000000000000000000    4.496585713591656718670011900742E+06
       -1.476000000000000000000000000000    4.508858237102736871005359474409E+06
       -1.475000000000000000000000000000    4.521154596692887466959175617908E+06
       -1.474000000000000000000000000000    4.533474804035273857273285280839E+06
       -1.473000000000000000000000000000    4.545818870674742001694742769059E+06
       -1.472000000000000000000000000000    4.558186808027331425598216068604E+06
       -1.471000000000000000000000000000    4.570578627379788102812976716121E+06
       -1.470000000000000000000000000000    4.582994339889077270608023628755E+06
       -1.469000000000000000000000000000    4.595433956581896182807417978625E+06
       -1.468000000000000000000000000000    4.607897488354186807026409691848E+06
       -1.467000000000000000000000000000    4.620384945970648472037393989491E+06
       -1.466000000000000000000000000000    4.632896340064250471293148087387E+06
       -1.465000000000000000000000000000    4.645431681135744628653163252436E+06
       -1.464000000000000000000000000000    4.657990979553177832377205393520E+06
       -1.463000000000000000000000000000    4.670574245551404543468507763537E+06
       -1.462000000000000000000000000000    4.683181489231599284467221683136E+06
       -1.461000000000000000000000000000    4.695812720560769114812924983740E+06
       -1.460000000000000000000000000000    4.708467949371266098913112624315E+06
       -1.459000000000000000000000000000    4.721147185360299773072669179552E+06
       -1.458000000000000000000000000000    4.733850438089449617457348142749E+06
       -1.457000000000000000000000000000    4.746577716984177539282257750501E+06
       -1.456000000000000000000000000000    4.759329031333340373434276833550E+06
       -1.455000000000000000000000000000    4.772104390288702406755196543909E+06
       -1.454000000000000000000000000000    4.784903802864447932230204217193E+06
       -1.453000000000000000000000000000    4.797727277936693839344093615288E+06
       -1.452000000000000000000000000000    4.810574824243002246885300872000E+06
       -1.451000000000000000000000000000    4.823446450381893184495527146760E+06
       -1.450000000000000000000000000000    4.836342164812357329280316792184E+06
       -1.449000000000000000000000000000    4.849261975853368803813513273175E+06
       -1.448000000000000000000000000000    4.862205891683398041886013651238E+06
       -1.447000000000000000000000000000    4.875173920339924728366685679929E+06
       -1.446000000000000000000000000000    4.888166069718950819560698958249E+06
       -1.445000000000000000000000000000    4.901182347574513650467852670135E+06
       -1.444000000000000000000000000000    4.914222761518199135360756711582E+06
       -1.443000000000000000000000000000    4.927287319018655068119939983886E+06
       -1.442000000000000000000000000000    4.940376027401104528780118823078E+06
       -1.441000000000000000000000000000    4.953488893846859402758959452864E+06
       -1.440000000000000000000000000000    4.966625925392834019256710501957E+06
       -1.439000000000000000000000000000    4.979787128931058915332064527227E+06
       -1.438000000000000000000000000000    4.992972511208194732176530641835E+06
       -1.437000000000000000000000000000    5.006182078825046250126463272767E+06
       -1.436000000000000000000000000000    5.019415838236076568968694274819E+06
       -1.435000000000000000000000000000    5.032673795748921440112456618049E+06
       -1.434000000000000000000000000000    5.045955957523903757216967152690E+06
       -1.433000000000000000000000000000    5.059262329573548211880653049022E+06
       -1.432000000000000000000000000000    5.072592917762096121014560919253E+06
       -1.431000000000000000000000000000    5.085947727805020432538978863336E+06
       -1.430000000000000000000000000000    5.099326765268540916058729250100E+06
       -1.429000000000000000000000000000    5.112730035569139545188953458178E+06
       -1.428000000000000000000000000000    5.126157543973076078219508567155E+06
       -1.427000000000000000000000000000    5.139609295595903843822329616905E+06
       -1.426000000000000000000000000000    5.153085295401985738522279051399E+06
       -1.425000000000000000000000000000    5.166585548204010442668106841000E+06
       -1.424000000000000000000000000000    5.180110058662508861656180043400E+06
       -1.423000000000000000000000000000    5.193658831285370799175608726636E+06
       -1.422000000000000000000000000000    5.207231870427361869259295746840E+06
       -1.421000000000000000000000000000    5.220829180289640653941270357328E+06
       -1.420000000000000000000000000000    5.234450764919276113336429533147E+06
       -1.419000000000000000000000000000    5.248096628208765254974505734979E+06
       -1.418000000000000000000000000000    5.261766773895551069235705117333E+06
       -1.417000000000000000000000000000    5.275461205561540737751015416960E+06
       -1.416000000000000000000000000000    5.289179926632624121645667447519E+06
       -1.415000000000000000000000000000    5.302922940378192536519647784464E+06
       -1.414000000000000000000000000000    5.316690249910657821074502359243E+06
       -1.413000000000000000000000000000    5.330481858184971706310940803114E+06
       -1.412000000000000000000000000000    5.344297767998145492236948997613E+06
       -1.411000000000000000000000000000    5.358137981988770039041241910209E+06
       -1.410000000000000000000000000000    5.372002502636536079701939929495E+06
       -1.409000000000000000000000000000    5.385891332261754861015329073942E+06
       -1.408000000000000000000000000000    5.399804473024879120044468141598E+06
       -1.407000000000000000000000000000    5.413741926926024403002233604997E+06
       -1.406000000000000000000000000000    5.427703695804490733598145346059E+06
       -1.405000000000000000000000000000    5.441689781338284637892992680172E+06
       -1.404000000000000000000000000000    5.455700185043641532719880047316E+06
       -1.403000000000000000000000000000    5.469734908274548484744834761775E+06
       -1.402000000000000000000000000000    5.483793952222267347254564821424E+06
       -1.401000000000000000000000000000    5.497877317914858281773322493907E+06
       -1.400000000000000000000000000000    5.511985006216703671625118731569E+06
       -1.399000000000000000000000000000    5.526117017828032434571743931242E+06
       -1.398000000000000000000000000000    5.540273353284444741671181660855E+06
       -1.397000000000000000000000000000    5.554454012956437149515053234325E+06
       -1.396000000000000000000000000000    5.568658997048928153017701941685E+06
       -1.395000000000000000000000000000    5.582888305600784165943415845669E+06
       -1.394000000000000000000000000000    5.597141938484345936372096851823E+06
       -1.393000000000000000000000000000    5.611419895404955404317410760090E+06
       -1.392000000000000000000000000000    5.625722175900483008725097725247E+06
       -1.391000000000000000000000000000    5.640048779340855451092684505574E+06
       -1.390000000000000000000000000000    5.654399704927583922965318577993E+06
       -1.389000000000000000000000000000    5.668774951693292804575839158370E+06
       -1.388000000000000000000000000000    5.683174518501248841910510902702E+06
       -1.387000000000000000000000000000    5.697598404044890809495072094095E+06
       -1.386000000000000000000000000000    5.712046606847359666208889957505E+06
       -1.385000000000000000000000000000    5.726519125261029211448070905537E+06
       -1.384000000000000000000000000000    5.741015957467037248971342520864E+06
       -1.383000000000000000000000000000    5.755537101474817265775406441078E+06
       -1.382000000000000000000000000000    5.770082555121630633359256547813E+06
       -1.381000000000000000000000000000    5.784652316072099338749664491619E+06
       -1.380000000000000000000000000000    5.799246381817739252672654126016E+06
       -1.379000000000000000000000000000    5.813864749676493942268317397342E+06
       -1.378000000000000000000000000000    5.828507416792269035758766161021E+06
       -1.377000000000000000000000000000    5.843174380134467146491366789689E+06
       -1.376000000000000000000000000000    5.857865636497523363791666824801E+06
       -1.375000000000000000000000000000    5.872581182500441318072594822059E+06
       -1.374000000000000000000000000000    5.887321014586329827658595473805E+06
       -1.373000000000000000000000000000    5.902085129021940134795351580671E+06
       -1.372000000000000000000000000000    5.916873521897203738327642013068E+06
       -1.371000000000000000000000000000    5.931686189124770830539689973870E+06
       -1.370000000000000000000000000000    5.946523126439549345664068170867E+06
       -1.369000000000000000000000000000    5.961384329398244627576846455870E+06
       -1.368000000000000000000000000000    5.976269793378899724208192611854E+06
       -1.367000000000000000000000000000    5.991179513580436316209067796186E+06
       -1.366000000000000000000000000000    6.006113485022196287425994203171E+06
       -1.365000000000000000000000000000    6.021071702543483944747113320152E+06
       -1.364000000000000000000000000000    6.036054160803108894893898245896E+06
       -1.363000000000000000000000000000    6.051060854278929585743932446653E+06
       -1.362000000000000000000000000000    6.066091777267397519781119573206E+06
       -1.361000000000000000000000000000    6.081146923883102147280544081388E+06
       -1.360000000000000000000000000000    6.096226288058316446845959919608E+06
       -1.359000000000000000000000000000    6.111329863542543200928544001283E+06
       -1.358000000000000000000000000000    6.126457643902061973966112099801E+06
       -1.357000000000000000000000000000    6.141609622519476800792456721772E+06
       -1.356000000000000000000000000000    6.156785792593264592976828964386E+06
       -1.355000000000000000000000000000    6.171986147137324270763848879283E+06
       -1.354000000000000000000000000000    6.187210678980526628294290983656E+06
       -1.353000000000000000000000000000    6.202459380766264939797252815467E+06
       -1.352000000000000000000000000000    6.217732244952006314454174360493E+06
       -1.351000000000000000000000000000    6.233029263808843807645034322353E+06
       -1.350000000000000000000000000000    6.248350429421049296296805101075E+06
       -1.349000000000000000000000000000    6.263695733685627126063901530801E+06
       -1.348000000000000000000000000000    6.279065168311868538079908443118E+06
       -1.347000000000000000000000000000    6.294458724820906883029318510582E+06
       -1.346000000000000000000000000000    6.309876394545273630297354127273E+06
       -1.345000000000000000000000000000    6.325318168628455179965184842887E+06
       -1.344000000000000000000000000000    6.340784038024450485426984627797E+06
       -1.343000000000000000000000000000    6.356273993497329494414300553710E+06
       -1.342000000000000000000000000000    6.371788025620792416222125873798E+06
       -1.341000000000000000000000000000    6.387326124777729822939885524467E+06
       -1.340000000000000000000000000000    6.402888281159783592499250295920E+06
       -1.339000000000000000000000000000    6.418474484766908701359296879328E+06
       -1.338000000000000000000000000000    6.434084725406935874658024244470E+06
       -1.337000000000000000000000000000    6.449718992695135101667621884080E+06
       -1.336000000000000000000000000000    6.465377276053780024399161931621E+06
       -1.335000000000000000000000000000    6.481059564711713207210554570809E+06
       -1.334000000000000000000000000000    6.496765847703912295279664061886E+06
       -1.333000000000000000000000000000    6.512496113871057069812430666379E+06
       -1.332000000000000000000000000000    6.528250351859097407863681315168E+06
       -1.331000000000000000000000000000    6.544028550118822154656038591186E+06
       -1.330000000000000000000000000000    6.559830696905428916289953046443E+06
       -1.329000000000000000000000000000    6.575656780278094780745387602753E+06
       -1.328000000000000000000000000000    6.591506788099547975083074357113E+06
       -1.327000000000000000000000000000    6.607380708035640466760543087943E+06
       -1.326000000000000000000000000000    6.623278527554921516985286700201E+06
       -1.325000000000000000000000000000    6.639200233928212194034481319895E+06
       -1.324000000000000000000000000000    6.655145814228180854477617316956E+06
       -1.323000000000000000000000000000    6.671115255328919600245221766291E+06
       -1.322000000000000000000000000000    6.687108543905521719493562317829E+06
       -1.321000000000000000000000000000    6.703125666433660119221816706419E+06
       -1.320000000000000000000000000000    6.719166609189166757604670761658E+06
       -1.319000000000000000000000000000    6.735231358247613084009670347580E+06
       -1.318000000000000000000000000000    6.751319899483891494674898745326E+06
       -1.317000000000000000000000000000    6.767432218571797812028680162300E+06
       -1.316000000000000000000000000000    6.783568300983614795639021884270E+06
       -1.315000000000000000000000000000    6.799728131989696692786401658892E+06
       -1.314000000000000000000000000000    6.815911696658054836659282788085E+06
       -1.313000000000000000000000000000    6.832118979853944300177396691837E+06
       -1.312000000000000000000000000000    6.848349966239451613453370967845E+06
       -1.311000000000000000000000000000    6.864604640273083552908699791902E+06
       -1.310000000000000000000000000000    6.880882986209357010065352466320E+06
       -1.309000000000000000000000000000    6.897184988098389948039494612654E+06
       -1.308000000000000000000000000000    6.913510629785493453768854506643E+06
       -1.307000000000000000000000000000    6.929859894910764894010203954992E+06
       -1.306000000000000000000000000000    6.946232766908682183148238504438E+06
       -1.305000000000000000000000000000    6.962629229007699170861835243616E+06
       -1.304000000000000000000000000000    6.979049264229842157698237599559E+06
       -1.303000000000000000000000000000    6.995492855390307546610164936270E+06
       -1.302000000000000000000000000000    7.011959985097060638515170027611E+06
       -1.301000000000000000000000000000    7.028450635750435579940769196791E+06
       -1.300000000000000000000000000000    7.044964789542736470822947687904E+06
       -1.299000000000000000000000000000    7.061502428457839640529596260279E+06
       -1.298000000000000000000000000000    7.078063534270797100184263674856E+06
       -1.297000000000000000000000000000    7.094648088547441179369313275469E+06
       -1.296000000000000000000000000000    7.111256072643990355291149860781E+06
       -1.295000000000000000000000000000    7.127887467706656282493635100088E+06
       -1.294000000000000000000000000000    7.144542254671252031209135475187E+06
       -1.293000000000000000000000000000    7.161220414262801542439845739727E+06
       -1.292000000000000000000000000000    7.177921926995150307865102786981E+06
       -1.291000000000000000000000000000    7.194646773170577282673349218713E+06
       -1.290000000000000000000000000000    7.211394932879408039420222425165E+06
       -1.289000000000000000000000000000    7.228166385999629171016933234248E+06
       -1.288000000000000000000000000000    7.244961112196503950955657783548E+06
       -1.287000000000000000000000000000    7.261779090922189258881096830208E+06
       -1.286000000000000000000000000000    7.278620301415353779619657861131E+06
       -1.285000000000000000000000000000    7.295484722700797483779886721181E+06
       -1.284000000000000000000000000000    7.312372333589072398039816663590E+06
       -1.283000000000000000000000000000    7.329283112676104673238813369841E+06
       -1.282000000000000000000000000000    7.346217038342817958393274212894E+06
       -1.281000000000000000000000000000    7.363174088754758088757188476466E+06
       -1.280000000000000000000000000000    7.380154241861719096050082024592E+06
       -1.279000000000000000000000000000    7.397157475397370548976254672287E+06
       -1.278000000000000000000000000000    7.414183766878886232160470873629E+06
       -1.277000000000000000000000000000    7.431233093606574171626383954052E+06
       -1.276000000000000000000000000000    7.448305432663508014944960606585E+06
       -1.275000000000000000000000000000    7.465400760915159774181025386738E+06
       -1.274000000000000000000000000000    7.482519055009033939766764119077E+06
       -1.273000000000000000000000000000    7.499660291374302973431610113328E+06
       -1.272000000000000000000000000000    7.516824446221444188318387524279E+06
       -1.271000000000000000000000000000    7.534011495541878024415901724596E+06
       -1.270000000000000000000000000000    7.551221415107607727438346841824E+06
       -1.269000000000000000000000000000    7.568454180470860439281945291033E+06
       -1.268000000000000000000000000000    7.585709766963729708189142865336E+06
       -1.267000000000000000000000000000    7.602988149697819426750455382490E+06
       -1.266000000000000000000000000000    7.620289303563889205873698683500E+06
       -1.265000000000000000000000000000    7.637613203231501192849832596913E+06
       -1.264000000000000000000000000000    7.654959823148668341644010980922E+06
       -1.263000000000000000000000000000    7.672329137541504143539653796732E+06
       -1.262000000000000000000000000000    7.689721120413873826262443015357E+06
       -1.261000000000000000000000000000    7.707135745547047029710091682526E+06
       -1.260000000000000000000000000000    7.724572986499351966412544330988E+06
       -1.259000000000000000000000000000    7.742032816605831074845936806848E+06
       -1.258000000000000000000000000000    7.759515208977898173722174138927E+06
       -1.257000000000000000000000000000    7.777020136502997125374376002250E+06
       -1.256000000000000000000000000000    7.794547571844262016356690285071E+06
       -1.255000000000000000000000000000    7.812097487440178863375085942222E+06
       -1.254000000000000000000000000000    7.829669855504248852663706386627E+06
       -1.253000000000000000000000000000    7.847264648024653120919193818582E+06
       -1.252000000000000000000000000000    7.864881836763919085903082803851E+06
       -1.251000000000000000000000000000    7.882521393258588334819907773832E+06
       -1.250000000000000000000000000000    7.900183288818886078576073623431E+06
       -1.249000000000000000000000000000    7.917867494528392180021800916176E+06
       -1.248000000000000000000000000000    7.935573981243713764275577065149E+06
       -1.247000000000000000000000000000    7.953302719594159419227521938355E+06
       -1.246000000000000000000000000000    7.971053679981414994314910336087E+06
       -1.245000000000000000000000000000    7.988826832579221005659784405961E+06
       -1.244000000000000000000000000000    8.006622147333051655655136000892E+06
       -1.243000000000000000000000000000    8.024439593959795475082541951127E+06
       -1.242000000000000000000000000000    8.042279141947437595840393920304E+06
       -1.241000000000000000000000000000    8.060140760554743662357978656574E+06
       -1.240000000000000000000000000000    8.078024418810945389766633744501E+06
       -1.239000000000000000000000000000    8.095930085515427776895028125386E+06
       -1.238000000000000000000000000000    8.113857729237417982151295398868E+06
       -1.237000000000000000000000000000    8.131807318315675870350280965387E+06
       -1.236000000000000000000000000000    8.149778820858186238539551137918E+06
       -1.235000000000000000000000000000    8.167772204741852728873053165290E+06
       -1.234000000000000000000000000000    8.185787437612193436576409393572E+06
       -1.233000000000000000000000000000    8.203824486883038221042776274091E+06
       -1.232000000000000000000000000000    8.221883319736227728092999336609E+06
       -1.231000000000000000000000000000    8.239963903121314131428448316384E+06
       -1.230000000000000000000000000000    8.258066203755263601299422088978E+06
       -1.229000000000000000000000000000    8.276190188122160508406370663947E+06
       -1.228000000000000000000000000000    8.294335822472913371045390957444E+06
       -1.227000000000000000000000000000    8.312503072824962553503514146270E+06
       -1.226000000000000000000000000000    8.330691904961989723703214846485E+06
       -1.225000000000000000000000000000    8.348902284433629078089335905065E+06
       -1.224000000000000000000000000000    8.367134176555180341745236992749E+06
       -1.223000000000000000000000000000    8.385387546407323551718440191750E+06
       -1.222000000000000000000000000000    8.403662358835835631529361137836E+06
       -1.221000000000000000000000000000    8.421958578451308764829879759082E+06
       -1.220000000000000000000000000000    8.440276169628870576171520012630E+06
       -1.219000000000000000000000000000    8.458615096507906126835873017899E+06
       -1.218000000000000000000000000000    8.476975322991781733672612384071E+06
       -1.217000000000000000000000000000    8.495356812747570618883014098344E+06
       -1.216000000000000000000000000000    8.513759529205780398679305848568E+06
       -1.215000000000000000000000000000    8.532183435560082418742431871717E+06
       -1.214000000000000000000000000000    8.550628494767042944392929122403E+06
       -1.213000000000000000000000000000    8.569094669545856213381568520762E+06
       -1.212000000000000000000000000000    8.587581922378079359198221045982E+06
       -1.211000000000000000000000000000    8.606090215507369212789062273016E+06
       -1.210000000000000000000000000000    8.624619510939220990563730390478E+06
       -1.209000000000000000000000000000    8.643169770440708876565401574973E+06
       -1.208000000000000000000000000000    8.661740955540228506667942621392E+06
       -1.207000000000000000000000000000    8.680333027527241362655343732862E+06
       -1.206000000000000000000000000000    8.698945947452021084029524153628E+06
       -1.205000000000000000000000000000    8.717579676125401705383339681418E+06
       -1.204000000000000000000000000000    8.736234174118527827166203823622E+06
       -1.203000000000000000000000000000    8.754909401762606727660163267572E+06
       -1.202000000000000000000000000000    8.773605319148662423974543225662E+06
       -1.201000000000000000000000000000    8.792321886127291689857398899933E+06
       -1.200000000000000000000000000000    8.811059062308422038111975599947E+06
       -1.199000000000000000000000000000    8.829816807061071675396191756710E+06
       -1.198000000000000000000000000000    8.848595079513111437172816021345E+06
       -1.197000000000000000000000000000    8.867393838551028710567511640222E+06
       -1.196000000000000000000000000000    8.886213042819693352881268181031E+06
       -1.195000000000000000000000000000    8.905052650722125613492932272519E+06
       -1.194000000000000000000000000000    8.923912620419266066876585142590E+06
       -1.193000000000000000000000000000    8.942792909829747564447395226379E+06
       -1.192000000000000000000000000000    8.961693476629669212938298801800E+06
       -1.191000000000000000000000000000    8.980614278252372386998430331717E+06
       -1.190000000000000000000000000000    8.999555271888218783692636788905E+06
       -1.189000000000000000000000000000    9.018516414484370526569666554998E+06
       -1.188000000000000000000000000000    9.037497662744572326954723362868E+06
       -1.187000000000000000000000000000    9.056498973128935710110019041681E+06
       -1.186000000000000000000000000000    9.075520301853725313894745376319E+06
       -1.185000000000000000000000000000    9.094561604891147267543515061902E+06
       -1.184000000000000000000000000000    9.113622837969139658169794376764E+06
       -1.183000000000000000000000000000    9.132703956571165092588165673159E+06
       -1.182000000000000000000000000000    9.151804915936005362036415956973E+06
       -1.181000000000000000000000000000    9.170925671057558217365448561485E+06
       -1.180000000000000000000000000000    9.190066176684636262251858084227E+06
       -1.179000000000000000000000000000    9.209226387320767971974694221961E+06
       -1.178000000000000000000000000000    9.228406257224000845284467781067E+06
       -1.177000000000000000000000000000    9.247605740406706696878821836776E+06
       -1.176000000000000000000000000000    9.266824790635389097985502645172E+06
       -1.175000000000000000000000000000    9.286063361430492972539318360029E+06
       -1.174000000000000000000000000000    9.305321406066216356425668758981E+06
       -1.173000000000000000000000000000    9.324598877570324327248965929505E+06
       -1.172000000000000000000000000000    9.343895728723965112069844097335E+06
       -1.171000000000000000000000000000    9.363211912061488380540476393639E+06
       -1.170000000000000000000000000000    9.382547379870265730852577251107E+06
       -1.169000000000000000000000000000    9.401902084190513375897771194687E+06
       -1.168000000000000000000000000000    9.421275976815117037024951954525E+06
       -1.167000000000000000000000000000    9.440669009289459052764039984625E+06
       -1.166000000000000000000000000000    9.460081132911247709870171531434E+06
       -1.165000000000000000000000000000    9.479512298730348804026818275911E+06
       -1.164000000000000000000000000000    9.498962457548619437530643187657E+06
       -1.163000000000000000000000000000    9.518431559919744061265045500264E+06
       -1.162000000000000000000000000000    9.537919556149072768253335566515E+06
       -1.161000000000000000000000000000    9.557426396293461846066308706590E+06
       -1.160000000000000000000000000000    9.576952030161116595342655951454E+06
       -1.159000000000000000000000000000    9.596496407311436421664158739719E+06
       -1.158000000000000000000000000000    9.616059477054862208010964085044E+06
       -1.157000000000000000000000000000    9.635641188452725975005426431593E+06
       -1.156000000000000000000000000000    9.655241490317102836136032299012E+06
       -1.155000000000000000000000000000    9.674860331210665255135793831225E+06
       -1.154000000000000000000000000000    9.694497659446539612672207453243E+06
       -1.153000000000000000000000000000    9.714153423088165089488423958786E+06
       -1.152000000000000000000000000000    9.733827569949154873117666453655E+06
       -1.151000000000000000000000000000    9.753520047593159695275162623206E+06
       -1.150000000000000000000000000000    9.773230803333733707013927738411E+06
       -1.149000000000000000000000000000    9.792959784234202698712644628017E+06
       -1.148000000000000000000000000000    9.812706937107534671945636491985E+06
       -1.147000000000000000000000000000    9.832472208516212770266517884567E+06
       -1.146000000000000000000000000000    9.852255544772110575918538428093E+06
       -1.145000000000000000000000000000    9.872056891936369779465902808299E+06
       -1.144000000000000000000000000000    9.891876195819280229321459329332E+06
       -1.143000000000000000000000000000    9.911713401980162368127097755424E+06
       -1.142000000000000000000000000000    9.931568455727252062923985323784E+06
       -1.141000000000000000000000000000    9.951441302117587836030397669974E+06
       -1.140000000000000000000000000000    9.971331885956900503525368956745E+06
       -1.139000000000000000000000000000    9.991240151799505228216692736996E+06
       -1.138000000000000000000000000000    1.001116604394819599395195201166E+07
       -1.137000000000000000000000000000    1.003110950645414250811124356754E+07
       -1.136000000000000000000000000000    1.005107048311678953910008800552E+07
       -1.135000000000000000000000000000    1.007104891748375869564068290644E+07
       -1.134000000000000000000000000000    1.009104475285075265463916234403E+07
       -1.133000000000000000000000000000    1.011105793226146184438587145861E+07
       -1.132000000000000000000000000000    1.013108839850747358982485007234E+07
       -1.131000000000000000000000000000    1.015113609412818372660774438016E+07
       -1.130000000000000000000000000000    1.017120096141071069062623061764E+07
       -1.129000000000000000000000000000    1.019128294238981208969573931795E+07
       -1.128000000000000000000000000000    1.021138197884780376404181335931E+07
       -1.127000000000000000000000000000    1.023149801231448134221881750849E+07
       -1.126000000000000000000000000000    1.025163098406704429906894162630E+07
       -1.125000000000000000000000000000    1.027178083513002252230750416111E+07
       -1.124000000000000000000000000000    1.029194750627520539429846706456E+07
       -1.123000000000000000000000000000    1.031213093802157339556181786936E+07
       -1.122000000000000000000000000000    1.033233107063523223653205942878E+07
       -1.121000000000000000000000000000    1.035254784412934952406447278621E+07
       -1.120000000000000000000000000000    1.037278119826409396916308388530E+07
       -1.119000000000000000000000000000    1.039303107254657714238137040816E+07
       -1.118000000000000000000000000000    1.041329740623079778332369101183E+07
       -1.117000000000000000000000000000    1.043358013831758867065220569118E+07
       -1.116000000000000000000000000000    1.045387920755456605898068300585E+07
       -1.115000000000000000000000000000    1.047419455243608168901305754754E+07
       -1.114000000000000000000000000000    1.049452611120317737726090937442E+07
       -1.113000000000000000000000000000    1.051487382184354219165018628652E+07
       -1.112000000000000000000000000000    1.053523762209147221930347984913E+07
       -1.111000000000000000000000000000    1.055561744942783293275999708262E+07
       -1.110000000000000000000000000000    1.057601324108002416087104182232E+07
       -1.109000000000000000000000000000    1.059642493402194767058433301150E+07
       -1.108000000000000000000000000000    1.061685246497397736580584172557E+07
       -1.107000000000000000000000000000    1.063729577040293210950302464450E+07
       -1.106000000000000000000000000000    1.065775478652205117518836910127E+07
       -1.105000000000000000000000000000    1.067822944929097233389704385208E+07
       -1.104000000000000000000000000000    1.069871969441571258274717045483E+07
       -1.103000000000000000000000000000    1.071922545734865152114579272705E+07
       -1.102000000000000000000000000000    1.073974667328851738067802630738E+07
       -1.101000000000000000000000000000    1.076028327718037571469111699272E+07
       -1.100000000000000000000000000000    1.078083520371562075355922539820E+07
       -1.099000000000000000000000000000    1.080140238733196943158868672371E+07
       -1.098000000000000000000000000000    1.082198476221345809149726814646E+07
       -1.097000000000000000000000000000    1.084258226229044187237456273709E+07
       -1.096000000000000000000000000000    1.086319482123959678700411796134E+07
       -1.095000000000000000000000000000    1.088382237248392449440119892997E+07
       -1.094000000000000000000000000000    1.090446484919275977339323174872E+07
       -1.093000000000000000000000000000    1.092512218428178070304296075399E+07
       -1.092000000000000000000000000000    1.094579431041302155568718525820E+07
       -1.091000000000000000000000000000    1.096648115999488840833661683457E+07
       -1.090000000000000000000000000000    1.098718266518217747815491731200E+07
       -1.089000000000000000000000000000    1.100789875787609618770734069606E+07
       -1.088000000000000000000000000000    1.102862936972428696564160935760E+07
       -1.087000000000000000000000000000    1.104937443212085378843570621217E+07
       -1.086000000000000000000000000000    1.107013387620639146881916043403E+07
       -1.085000000000000000000000000000    1.109090763286801769644614469219E+07
       -1.084000000000000000000000000000    1.111169563273940783637028715120E+07
       -1.083000000000000000000000000000    1.113249780620083249084253173935E+07
       -1.082000000000000000000000000000    1.115331408337919782992465564594E+07
       -1.081000000000000000000000000000    1.117414439414808869638217386825E+07
       -1.080000000000000000000000000000    1.119498866812781449029132708972E+07
       -1.079000000000000000000000000000    1.121584683468545783876566144108E+07
       -1.078000000000000000000000000000    1.123671882293492605617836698555E+07
       -1.077000000000000000000000000000    1.125760456173700540022704629240E+07
       -1.076000000000000000000000000000    1.127850397969941812915793543673E+07
       -1.075000000000000000000000000000    1.129941700517688236543679741011E+07
       -1.074000000000000000000000000000    1.132034356627117477112375246969E+07
       -1.073000000000000000000000000000    1.134128359083119604017920162309E+07
       -1.072000000000000000000000000000    1.136223700645303921289773847351E+07
       -1.071000000000000000000000000000    1.138320374048006081763653127101E+07
       -1.070000000000000000000000000000    1.140418372000295484497409147037E+07
       -1.069000000000000000000000000000    1.142517687185982955940462762798E+07
       -1.068000000000000000000000000000    1.144618312263628715364231432476E+07
       -1.067000000000000000000000000000    1.146720239866550625057878523174E+07
       -1.066000000000000000000000000000    1.148823462602832725790598769241E+07
       -1.065000000000000000000000000000    1.150927973055334058038521353990E+07
       -1.064000000000000000000000000000    1.153033763781697769471164755862E+07
       -1.063000000000000000000000000000    1.155140827314360509189215130485E+07
       -1.062000000000000000000000000000    1.157249156160562109202222618753E+07
       -1.061000000000000000000000000000    1.159358742802355553631617605171E+07
       -1.060000000000000000000000000000    1.161469579696617236121241627925E+07
       -1.059000000000000000000000000000    1.163581659275057505934365390462E+07
       -1.058000000000000000000000000000    1.165694973944231503212929172067E+07
       -1.057000000000000000000000000000    1.167809516085550283871488910873E+07
       -1.056000000000000000000000000000    1.169925278055292234595084365940E+07
       -1.055000000000000000000000000000    1.172042252184614778406964084974E+07
       -1.054000000000000000000000000000    1.174160430779566371268805440822E+07
       -1.053000000000000000000000000000    1.176279806121098790172756783202E+07
       -1.052000000000000000000000000000    1.178400370465079713181302812848E+07
       -1.051000000000000000000000000000    1.180522116042305591867613654284E+07
       -1.050000000000000000000000000000    1.182645035058514816605682812129E+07
       -1.049000000000000000000000000000    1.184769119694401175156189275801E+07
       -1.048000000000000000000000000000    1.186894362105627604990634520903E+07
       -1.047000000000000000000000000000    1.189020754422840239792906074712E+07
       -1.046000000000000000000000000000    1.191148288751682750574005700974E+07
       -1.045000000000000000000000000000    1.193276957172810981832252148748E+07
       -1.044000000000000000000000000000    1.195406751741907883187825834818E+07
       -1.043000000000000000000000000000    1.197537664489698736917065823248E+07
       -1.042000000000000000000000000000    1.199669687421966681808458063065E+07
       -1.041000000000000000000000000000    1.201802812519568533758768080676E+07
       -1.040000000000000000000000000000    1.203937031738450903524271232270E+07
       -1.039000000000000000000000000000    1.206072337009666612038519238652E+07
       -1.038000000000000000000000000000    1.208208720239391403704553086374E+07
       -1.037000000000000000000000000000    1.210346173308940958065929520788E+07
       -1.036000000000000000000000000000    1.212484688074788200257371315307E+07
       -1.035000000000000000000000000000    1.214624256368580910632280313456E+07
       -1.034000000000000000000000000000    1.216764869997159633960766943600E+07
       -1.033000000000000000000000000000    1.218906520742575888588250538008E+07
       -1.032000000000000000000000000000    1.221049200362110675941071386204E+07
       -1.031000000000000000000000000000    1.223192900588293290761928055689E+07
       -1.030000000000000000000000000000    1.225337613128920432454312159746E+07
       -1.029000000000000000000000000000    1.227483329667075617911457481297E+07
       -1.028000000000000000000000000000    1.229630041861148896201651213076E+07
       -1.027000000000000000000000000000    1.231777741344856865478072087501E+07
       -1.026000000000000000000000000000    1.233926419727262992477623384811E+07
       -1.025000000000000000000000000000    1.236076068592798234969518265772E+07
       -1.024000000000000000000000000000    1.238226679501281967510650616449E+07
       -1.023000000000000000000000000000    1.240378243987943210861046658558E+07
       -1.022000000000000000000000000000    1.242530753563442165408941011290E+07
       -1.021000000000000000000000000000    1.244684199713892048951255731326E+07
       -1.020000000000000000000000000000    1.246838573900881239171482149419E+07
       -1.019000000000000000000000000000    1.248993867561495721153173107087E+07
       -1.018000000000000000000000000000    1.251150072108341840263447518879E+07
       -1.017000000000000000000000000000    1.253307178929569360737090087697E+07
       -1.016000000000000000000000000000    1.255465179388894830287996526719E+07
       -1.015000000000000000000000000000    1.257624064825625251070868835749E+07
       -1.014000000000000000000000000000    1.259783826554682057312206086944E+07
       -1.013000000000000000000000000000    1.261944455866625399925763839679E+07
       -1.012000000000000000000000000000    1.264105944027678738423769772291E+07
       -1.011000000000000000000000000000    1.266268282279753740431284435074E+07
       -1.010000000000000000000000000000    1.268431461840475489107184240402E+07
       -1.009000000000000000000000000000    1.270595473903207998771318958513E+07
       -1.008000000000000000000000000000    1.272760309637080039033458128125E+07
       -1.007000000000000000000000000000    1.274925960187011267715689966800E+07
       -1.006000000000000000000000000000    1.277092416673738672855972624343E+07
       -1.005000000000000000000000000000    1.279259670193843324076561011298E+07
       -1.004000000000000000000000000000    1.281427711819777433597043002155E+07
       -1.003000000000000000000000000000    1.283596532599891727167716607624E+07
       -1.002000000000000000000000000000    1.285766123558463125195024781358E+07
       -1.001000000000000000000000000000    1.287936475695722734326736923047E+07
       -1.000000000000000000000000000000    1.290107579987884149760525911551E+07
       -0.999000000000000000000000000000    1.292279427387172068535536698716E+07
       -0.998000000000000000000000000000    1.294452008821851214062477167163E+07
       -0.997000000000000000000000000000    1.296625315196255572143684154304E+07
       -0.996000000000000000000000000000    1.298799337390817938730527321375E+07
       -0.995000000000000000000000000000    1.300974066262099779661410951726E+07
       -0.994000000000000000000000000000    1.303149492642821402619518848865E+07
       -0.993000000000000000000000000000    1.305325607341892441545320324023E+07
       -0.992000000000000000000000000000    1.307502401144442653734715867783E+07
       -0.991000000000000000000000000000    1.309679864811853029849549543528E+07
       -0.990000000000000000000000000000    1.311857989081787217063051475386E+07
       -0.989000000000000000000000000000    1.314036764668223255558598083575E+07
       -0.988000000000000000000000000000    1.316216182261485628595989999562E+07
       -0.987000000000000000000000000000    1.318396232528277626355247926556E+07
       -0.986000000000000000000000000000    1.320576906111714023763715152289E+07
       -0.985000000000000000000000000000    1.322758193631354072508032025773E+07
       -0.984000000000000000000000000000    1.324940085683234807428312533168E+07
       -0.983000000000000000000000000000    1.327122572839904667487606205834E+07
       -0.982000000000000000000000000000    1.329305645650457431505470022110E+07
       -0.981000000000000000000000000000    1.331489294640566468840204779844E+07
       -0.980000000000000000000000000000    1.333673510312519305200028675969E+07
       -0.979000000000000000000000000000    1.335858283145252503759167589679E+07
       -0.978000000000000000000000000000    1.338043603594386861750536884406E+07
       -0.977000000000000000000000000000    1.340229462092262922702373478813E+07
       -0.976000000000000000000000000000    1.342415849047976804481849546456E+07
       -0.975000000000000000000000000000    1.344602754847416343304360546334E+07
       -0.974000000000000000000000000000    1.346790169853297553862830420947E+07
       -0.973000000000000000000000000000    1.348978084405201405727015784145E+07
       -0.972000000000000000000000000000    1.351166488819610916158418817429E+07
       -0.971000000000000000000000000000    1.353355373389948559482035460433E+07
       -0.970000000000000000000000000000    1.355544728386613993151771379393E+07
       -0.969000000000000000000000000000    1.357734544057022100641953187024E+07
       -0.968000000000000000000000000000    1.359924810625641351292946529444E+07
       -0.967000000000000000000000000000    1.362115518294032477234466011839E+07
       -0.966000000000000000000000000000    1.364306657240887467505724566120E+07
       -0.965000000000000000000000000000    1.366498217622068879487121832920E+07
       -0.964000000000000000000000000000    1.368690189570649467753712499168E+07
       -0.963000000000000000000000000000    1.370882563196952130456226363906E+07
       -0.962000000000000000000000000000    1.373075328588590173330932261901E+07
       -0.961000000000000000000000000000    1.375268475810507891435147920456E+07
       -0.960000000000000000000000000000    1.377461994905021468700697423074E+07
       -0.959000000000000000000000000000    1.379655875891860195393107268615E+07
       -0.958000000000000000000000000000    1.381850108768208003559811110340E+07
       -0.957000000000000000000000000000    1.384044683508745320546102200748E+07
       -0.956000000000000000000000000000    1.386239590065691240653031420161E+07
       -0.955000000000000000000000000000    1.388434818368846015006897595142E+07
       -0.954000000000000000000000000000    1.390630358325633859705415682632E+07
       -0.953000000000000000000000000000    1.392826199821146082301077373205E+07
       -0.952000000000000000000000000000    1.395022332718184526677637818481E+07
       -0.951000000000000000000000000000    1.397218746857305336371071580075E+07
       -0.950000000000000000000000000000    1.399415432056863036381740597656E+07
       -0.949000000000000000000000000000    1.401612378113054933519907048940E+07
       -0.948000000000000000000000000000    1.403809574799965835322104492519E+07
       -0.947000000000000000000000000000    1.406007011869613087571251713315E+07
       -0.946000000000000000000000000000    1.408204679051991930448755298371E+07
       -0.945000000000000000000000000000    1.410402566055121173342199226479E+07
       -0.944000000000000000000000000000    1.412600662565089188327562727530E+07
       -0.943000000000000000000000000000    1.414798958246100222340241426014E+07
       -0.942000000000000000000000000000    1.416997442740521028044471397137E+07
       -0.941000000000000000000000000000    1.419196105668927813406071303732E+07
       -0.940000000000000000000000000000    1.421394936630153509968724317607E+07
       -0.939000000000000000000000000000    1.423593925201335359829319130853E+07
       -0.938000000000000000000000000000    1.425793060937962821303158101815E+07
       -0.937000000000000000000000000000    1.427992333373925793265120528038E+07
       -0.936000000000000000000000000000    1.430191732021563158148140266206E+07
       -0.935000000000000000000000000000    1.432391246371711643575619498558E+07
       -0.934000000000000000000000000000    1.434590865893755002599654448807E+07
       -0.933000000000000000000000000000    1.436790580035673512512194350519E+07
       -0.932000000000000000000000000000    1.438990378224093792191492040143E+07
       -0.931000000000000000000000000000    1.441190249864338937941433258391E+07
       -0.930000000000000000000000000000    1.443390184340478977776552170885E+07
       -0.929000000000000000000000000000    1.445590171015381644100752835690E+07
       -0.928000000000000000000000000000    1.447790199230763464722960425374E+07
       -0.927000000000000000000000000000    1.449990258307241172148122029093E+07
       -0.926000000000000000000000000000    1.452190337544383431077164890359E+07
       -0.925000000000000000000000000000    1.454390426220762884044700053627E+07
       -0.924000000000000000000000000000    1.456590513594008515118431672791E+07
       -0.923000000000000000000000000000    1.458790588900858331579396752714E+07
       -0.922000000000000000000000000000    1.460990641357212363497316926777E+07
       -0.921000000000000000000000000000    1.463190660158185981110493095316E+07
       -0.920000000000000000000000000000    1.465390634478163529914815438096E+07
       -0.919000000000000000000000000000    1.467590553470852283361595545412E+07
       -0.918000000000000000000000000000    1.469790406269336713059054263987E+07
       -0.917000000000000000000000000000    1.471990181986133076367418402893E+07
       -0.916000000000000000000000000000    1.474189869713244321272691768860E+07
       -0.915000000000000000000000000000    1.476389458522215308419271177429E+07
       -0.914000000000000000000000000000    1.478588937464188350176676194670E+07
       -0.913000000000000000000000000000    1.480788295569959066610752482072E+07
       -0.912000000000000000000000000000    1.482987521850032558224792823519E+07
       -0.911000000000000000000000000000    1.485186605294679895331097286986E+07
       -0.910000000000000000000000000000    1.487385534873994923908564594152E+07
       -0.909000000000000000000000000000    1.489584299537951387796970718032E+07
       -0.908000000000000000000000000000    1.491782888216460367073648082026E+07
       -0.907000000000000000000000000000    1.493981289819428032453329573517E+07
       -0.906000000000000000000000000000    1.496179493236813715546965991879E+07
       -0.905000000000000000000000000000    1.498377487338688294810363605220E+07
       -0.904000000000000000000000000000    1.500575260975292897008520273344E+07
       -0.903000000000000000000000000000    1.502772802977097914016564187644E+07
       -0.902000000000000000000000000000    1.504970102154862334773218763492E+07
       -0.901000000000000000000000000000    1.507167147299693392197730678959E+07
       -0.900000000000000000000000000000    1.509363927183106524876205567626E+07
       -0.899000000000000000000000000000    1.511560430557085653318297525072E+07
       -0.898000000000000000000000000000    1.513756646154143770580194461167E+07
       -0.897000000000000000000000000000    1.515952562687383847044831506356E+07
       -0.896000000000000000000000000000    1.518148168850560049145249242975E+07
       -0.895000000000000000000000000000    1.520343453318139271811992565715E+07
       -0.894000000000000000000000000000    1.522538404745362984420419562408E+07
       -0.893000000000000000000000000000    1.524733011768309390008758031264E+07
       -0.892000000000000000000000000000    1.526927263003955897532710197916E+07
       -0.891000000000000000000000000000    1.529121147050241906917363949493E+07
       -0.890000000000000000000000000000    1.531314652486131906662121548330E+07
       -0.889000000000000000000000000000    1.533507767871678883749304409818E+07
       -0.888000000000000000000000000000    1.535700481748088045602035212528E+07
       -0.887000000000000000000000000000    1.537892782637780853831936439756E+07
       -0.886000000000000000000000000000    1.540084659044459369512117515709E+07
       -0.885000000000000000000000000000    1.542276099453170909705851082781E+07
       -0.884000000000000000000000000000    1.544467092330373014976262755049E+07
       -0.883000000000000000000000000000    1.546657626123998727597277963711E+07
       -0.882000000000000000000000000000    1.548847689263522180180984369612E+07
       -0.881000000000000000000000000000    1.551037270160024494431478843083E+07
       -0.880000000000000000000000000000    1.553226357206259989730174289570E+07
       -0.879000000000000000000000000000    1.555414938776722701252443718229E+07
       -0.878000000000000000000000000000    1.557603003227713207310376997695E+07
       -0.877000000000000000000000000000    1.559790538897405765611319806604E+07
       -0.876000000000000000000000000000    1.561977534105915758116754454255E+07
       -0.875000000000000000000000000000    1.564163977155367444180968607632E+07
       -0.874000000000000000000000000000    1.566349856329962021643840603547E+07
       -0.873000000000000000000000000000    1.568535159896045995546949037697E+07
       -0.872000000000000000000000000000    1.570719876102179854137089795354E+07
       -0.871000000000000000000000000000    1.572903993179207051816155710376E+07
       -0.870000000000000000000000000000    1.575087499340323298691202700003E+07
       -0.869000000000000000000000000000    1.577270382781146156373391612271E+07
       -0.868000000000000000000000000000    1.579452631679784939669357230898E+07
       -0.867000000000000000000000000000    1.581634234196910923803414999479E+07
       -0.866000000000000000000000000000    1.583815178475827856803872143250E+07
       -0.865000000000000000000000000000    1.585995452642542776681563073302E+07
       -0.864000000000000000000000000000    1.588175044805837133023579345856E+07
       -0.863000000000000000000000000000    1.590353943057338212620012109215E+07
       -0.862000000000000000000000000000    1.592532135471590868736369994709E+07
       -0.861000000000000000000000000000    1.594709610106129553639177886822E+07
       -0.860000000000000000000000000000    1.596886355001550653977102033647E+07
       -0.859000000000000000000000000000    1.599062358181585128614784623804E+07
       -0.858000000000000000000000000000    1.601237607653171448511406352154E+07
       -0.857000000000000000000000000000    1.603412091406528838230828716555E+07
       -0.856000000000000000000000000000    1.605585797415230818664998924063E+07
       -0.855000000000000000000000000000    1.607758713636279050547129430259E+07
       -0.854000000000000000000000000000    1.609930828010177478325991382781E+07
       -0.853000000000000000000000000000    1.612102128461006773967486682901E+07
       -0.852000000000000000000000000000    1.614272602896499080244487110465E+07
       -0.851000000000000000000000000000    1.616442239208113053070751071413E+07
       -0.850000000000000000000000000000    1.618611025271109202429549117145E+07
       -0.849000000000000000000000000000    1.620778948944625531442448545223E+07
       -0.848000000000000000000000000000    1.622945998071753473118525215459E+07
       -0.847000000000000000000000000000    1.625112160479614124319087298765E+07
       -0.846000000000000000000000000000    1.627277423979434776467811112708E+07
       -0.845000000000000000000000000000    1.629441776366625742531003582324E+07
       -0.844000000000000000000000000000    1.631605205420857479787519292292E+07
       -0.843000000000000000000000000000    1.633767698906138007902672662177E+07
       -0.842000000000000000000000000000    1.635929244570890621815297575373E+07
       -0.841000000000000000000000000000    1.638089830148031898941917920095E+07
       -0.840000000000000000000000000000    1.640249443355050000196803052895E+07
       -0.839000000000000000000000000000    1.642408071894083264321492267551E+07
       -0.838000000000000000000000000000    1.644565703451999095012182040717E+07
       -0.837000000000000000000000000000    1.646722325700473140328179226627E+07
       -0.836000000000000000000000000000    1.648877926296068763859432582689E+07
       -0.835000000000000000000000000000    1.651032492880316807125964122501E+07
       -0.834000000000000000000000000000    1.653186013079795642676830909247E+07
       -0.833000000000000000000000000000    1.655338474506211517351057117474E+07
       -0.832000000000000000000000000000    1.657489864756479185157785601762E+07
       -0.831000000000000000000000000000    1.659640171412802829227707914037E+07
       -0.830000000000000000000000000000    1.661789382042757272282641804333E+07
       -0.829000000000000000000000000000    1.663937484199369475064935820306E+07
       -0.828000000000000000000000000000    1.666084465421200322163191786133E+07
       -0.827000000000000000000000000000    1.668230313232426694665607789496E+07
       -0.826000000000000000000000000000    1.670375015142923829067056933831E+07
       -0.825000000000000000000000000000    1.672518558648347961850830620162E+07
       -0.824000000000000000000000000000    1.674660931230219259160789606574E+07
       -0.823000000000000000000000000000    1.676802120356005030974481652203E+07
       -0.822000000000000000000000000000    1.678942113479203229182601284849E+07
       -0.821000000000000000000000000000    1.681080898039426228974985235608E+07
       -0.820000000000000000000000000000    1.683218461462484892928156458938E+07
       -0.819000000000000000000000000000    1.685354791160472917184250501218E+07
       -0.818000000000000000000000000000    1.687489874531851459105980394076E+07
       -0.817000000000000000000000000000    1.689623698961534045787120329672E+07
       -0.816000000000000000000000000000    1.691756251820971762792814222980E+07
       -0.815000000000000000000000000000    1.693887520468238722498842980262E+07
       -0.814000000000000000000000000000    1.696017492248117811393813972871E+07
       -0.813000000000000000000000000000    1.698146154492186715703067960842E+07
       -0.812000000000000000000000000000    1.700273494518904224687932621228E+07
       -0.811000000000000000000000000000    1.702399499633696810968788011523E+07
       -0.810000000000000000000000000000    1.704524157129045487215247838925E+07
       -0.809000000000000000000000000000    1.706647454284572938541601411531E+07
       -0.808000000000000000000000000000    1.708769378367130929940504718123E+07
       -0.807000000000000000000000000000    1.710889916630887988082755319246E+07
       -0.806000000000000000000000000000    1.713009056317417356805834734192E+07
       -0.805000000000000000000000000000    1.715126784655785225608753876811E+07
       -0.804000000000000000000000000000    1.717243088862639230465591928360E+07
       -0.803000000000000000000000000000    1.719357956142297226264976938598E+07
       -0.802000000000000000000000000000    1.721471373686836330177617517827E+07
       -0.801000000000000000000000000000    1.723583328676182235248859323474E+07
       -0.800000000000000000000000000000    1.725693808278198793508107756097E+07
       -0.799000000000000000000000000000    1.727802799648777867881829462502E+07
       -0.798000000000000000000000000000    1.729910289931929452191719999059E+07
       -0.797000000000000000000000000000    1.732016266259872058514503437702E+07
       -0.796000000000000000000000000000    1.734120715753123371174711901704E+07
       -0.795000000000000000000000000000    1.736223625520591166636679099679E+07
       -0.794000000000000000000000000000    1.738324982659664498556871985804E+07
       -0.793000000000000000000000000000    1.740424774256305147252578813616E+07
       -0.792000000000000000000000000000    1.742522987385139332837870171585E+07
       -0.791000000000000000000000000000    1.744619609109549691272652192715E+07
       -0.790000000000000000000000000000    1.746714626481767512565538119515E+07
       -0.789000000000000000000000000000    1.748808026542965240366175881681E+07
       -0.788000000000000000000000000000    1.750899796323349232177585408730E+07
       -0.787000000000000000000000000000    1.752989922842252779413980155542E+07
       -0.786000000000000000000000000000    1.755078393108229386524472867556E+07
       -0.785000000000000000000000000000    1.757165194119146308397996056143E+07
       -0.784000000000000000000000000000    1.759250312862278345259703095890E+07
       -0.783000000000000000000000000000    1.761333736314401894264056396196E+07
       -0.782000000000000000000000000000    1.763415451441889256984754842217E+07
       -0.781000000000000000000000000000    1.765495445200803201996603747027E+07
       -0.780000000000000000000000000000    1.767573704536991781739387010374E+07
       -0.779000000000000000000000000000    1.769650216386183402848763142020E+07
       -0.778000000000000000000000000000    1.771724967674082149134174381935E+07
       -0.777000000000000000000000000000    1.773797945316463356378731438013E+07
       -0.776000000000000000000000000000    1.775869136219269438131015467221E+07
       -0.775000000000000000000000000000    1.777938527278705961653723950645E+07
       -0.774000000000000000000000000000    1.780006105381337973189078159612E+07
       -0.773000000000000000000000000000    1.782071857404186571695907081476E+07
       -0.772000000000000000000000000000    1.784135770214825730208326072575E+07
       -0.771000000000000000000000000000    1.786197830671479363960938235102E+07
       -0.770000000000000000000000000000    1.788258025623118644420502676826E+07
       -0.769000000000000000000000000000    1.790316341909559558359036510724E+07
       -0.768000000000000000000000000000    1.792372766361560711098346788394E+07
       -0.767000000000000000000000000000    1.794427285800921373051024639454E+07
       -0.766000000000000000000000000000    1.796479887040579768677976811921E+07
       -0.765000000000000000000000000000    1.798530556884711606977619678695E+07
       -0.764000000000000000000000000000    1.800579282128828852616917695555E+07
       -0.763000000000000000000000000000    1.802626049559878736809512369578E+07
       -0.762000000000000000000000000000    1.804670845956343007041259126397E+07
       -0.761000000000000000000000000000    1.806713658088337414738568153238E+07
       -0.760000000000000000000000000000    1.808754472717711439970031445119E+07
       -0.759000000000000000000000000000    1.810793276598148252266911996875E+07
       -0.758000000000000000000000000000    1.812830056475264906643172466803E+07
       -0.757000000000000000000000000000    1.814864799086712773890829791508E+07
       -0.756000000000000000000000000000    1.816897491162278204221539259016E+07
       -0.755000000000000000000000000000    1.818928119423983423320436551277E+07
       -0.754000000000000000000000000000    1.820956670586187659873399350692E+07
       -0.753000000000000000000000000000    1.822983131355688503624031371199E+07
       -0.752000000000000000000000000000    1.825007488431823493011821225633E+07
       -0.751000000000000000000000000000    1.827029728506571931438086480326E+07
       -0.750000000000000000000000000000    1.829049838264656931201479678211E+07
       -0.749000000000000000000000000000    1.831067804383647684140008135686E+07
       -0.748000000000000000000000000000    1.833083613534061958011703039177E+07
       -0.747000000000000000000000000000    1.835097252379468817641265887301E+07
       -0.746000000000000000000000000000    1.837108707576591569855221746647E+07
       -0.745000000000000000000000000000    1.839117965775410931223319216134E+07
       -0.744000000000000000000000000000    1.841125013619268417619136529287E+07
       -0.743000000000000000000000000000    1.843129837744969954608081968376E+07
       -0.742000000000000000000000000000    1.845132424782889707666214821634E+07
       -0.741000000000000000000000000000    1.847132761357074131228560587393E+07
       -0.740000000000000000000000000000    1.849130834085346235560851119428E+07
       -0.739000000000000000000000000000    1.851126629579410070443887018507E+07
       -0.738000000000000000000000000000    1.853120134444955424654995908629E+07
       -0.737000000000000000000000000000    1.855111335281762740226346395003E+07
       -0.736000000000000000000000000000    1.857100218683808240455173586781E+07
       -0.735000000000000000000000000000    1.859086771239369270636278183271E+07
       -0.734000000000000000000000000000    1.861070979531129850482477369909E+07
       -0.733000000000000000000000000000    1.863052830136286437194012251924E+07
       -0.732000000000000000000000000000    1.865032309626653898133253371371E+07
       -0.731000000000000000000000000000    1.867009404568771692056393109157E+07
       -0.730000000000000000000000000000    1.868984101524010257849171569713E+07
       -0.729000000000000000000000000000    1.870956387048677609709050983985E+07
       -0.728000000000000000000000000000    1.872926247694126137711632848305E+07
       -0.727000000000000000000000000000    1.874893670006859612694502044054E+07
       -0.726000000000000000000000000000    1.876858640528640394387083157653E+07
       -0.725000000000000000000000000000    1.878821145796596841710506243818E+07
       -0.724000000000000000000000000000    1.880781172343330924166902448680E+07
       -0.723000000000000000000000000000    1.882738706697026033232984334766E+07
       -0.722000000000000000000000000000    1.884693735381554992668211528269E+07
       -0.721000000000000000000000000000    1.886646244916588266643299541705E+07
       -0.720000000000000000000000000000    1.888596221817702364590298413175E+07
       -0.719000000000000000000000000000    1.890543652596488441670948248047E+07
       -0.718000000000000000000000000000    1.892488523760661093755510950856E+07
       -0.717000000000000000000000000000    1.894430821814167345799781495546E+07
       -0.716000000000000000000000000000    1.896370533257295832503498101515E+07
       -0.715000000000000000000000000000    1.898307644586786170128898761936E+07
       -0.714000000000000000000000000000    1.900242142295938518353711810168E+07
       -0.713000000000000000000000000000    1.902174012874723331028420709953E+07
       -0.712000000000000000000000000000    1.904103242809891294703208116140E+07
       -0.711000000000000000000000000000    1.906029818585083453785561574810E+07
       -0.710000000000000000000000000000    1.907953726680941521185113115207E+07
       -0.709000000000000000000000000000    1.909874953575218373297887530674E+07
       -0.708000000000000000000000000000    1.911793485742888728177749451726E+07
       -0.707000000000000000000000000000    1.913709309656260005738467481265E+07
       -0.706000000000000000000000000000    1.915622411785083368825454789235E+07
       -0.705000000000000000000000000000    1.917532778596664943991899751338E+07
       -0.704000000000000000000000000000    1.919440396555977220809667563068E+07
       -0.703000000000000000000000000000    1.921345252125770628541034365475E+07
       -0.702000000000000000000000000000    1.923247331766685288993009381851E+07
       -0.701000000000000000000000000000    1.925146621937362944371707983923E+07
       -0.700000000000000000000000000000    1.927043109094559058949959580788E+07
       -0.699000000000000000000000000000    1.928936779693255093357068852627E+07
       -0.698000000000000000000000000000    1.930827620186770950295397232469E+07
       -0.697000000000000000000000000000    1.932715617026877590484193771461E+07
       -0.696000000000000000000000000000    1.934600756663909817626880704411E+07
       -0.695000000000000000000000000000    1.936483025546879231193789260834E+07
       -0.694000000000000000000000000000    1.938362410123587345808145640279E+07
       -0.693000000000000000000000000000    1.940238896840738876018925687164E+07
       -0.692000000000000000000000000000    1.942112472144055185240029757106E+07
       -0.691000000000000000000000000000    1.943983122478387897631076661485E+07
       -0.690000000000000000000000000000    1.945850834287832671690977506728E+07
       -0.689000000000000000000000000000    1.947715594015843134331326806842E+07
       -0.688000000000000000000000000000    1.949577388105344974192539538854E+07
       -0.687000000000000000000000000000    1.951436202998850192961568927866E+07
       -0.686000000000000000000000000000    1.953292025138571513445960787929E+07
       -0.685000000000000000000000000000    1.955144840966536943154936303313E+07
       -0.684000000000000000000000000000    1.956994636924704492134146308218E+07
       -0.683000000000000000000000000000    1.958841399455077043796706507542E+07
       -0.682000000000000000000000000000    1.960685114999817377489104772915E+07
       -0.681000000000000000000000000000    1.962525770001363341526568742404E+07
       -0.680000000000000000000000000000    1.964363350902543175428494544676E+07
       -0.679000000000000000000000000000    1.966197844146690980080565654125E+07
       -0.678000000000000000000000000000    1.968029236177762334546234757781E+07
       -0.677000000000000000000000000000    1.969857513440450058246301172463E+07
       -0.676000000000000000000000000000    1.971682662380300117221391886428E+07
       -0.675000000000000000000000000000    1.973504669443827673188245808105E+07
       -0.674000000000000000000000000000    1.975323521078633274096808379788E+07
       -0.673000000000000000000000000000    1.977139203733519184891267450347E+07
       -0.672000000000000000000000000000    1.978951703858605857174301292089E+07
       -0.671000000000000000000000000000    1.980761007905448536469965986476E+07
       -0.670000000000000000000000000000    1.982567102327154005776822184930E+07
       -0.669000000000000000000000000000    1.984369973578497464099090567681E+07
       -0.668000000000000000000000000000    1.986169608116039538639831268549E+07
       -0.667000000000000000000000000000    1.987965992398243429336365199497E+07
       -0.666000000000000000000000000000    1.989759112885592184414394688305E+07
       -0.665000000000000000000000000000    1.991548956040706105633537228163E+07
       -0.664000000000000000000000000000    1.993335508328460281893259521474E+07
       -0.663000000000000000000000000000    1.995118756216102249864489473563E+07
       -0.662000000000000000000000000000    1.996898686173369780308491447010E+07
       -0.661000000000000000000000000000    1.998675284672608788740915015315E+07
       -0.660000000000000000000000000000    2.000448538188891369095269746825E+07
       -0.659000000000000000000000000000    2.002218433200133949036438297145E+07
       -0.658000000000000000000000000000    2.003984956187215565571217381441E+07
       -0.657000000000000000000000000000    2.005748093634096259599271127461E+07
       -0.656000000000000000000000000000    2.007507832027935588044293966018E+07
       -0.655000000000000000000000000000    2.009264157859211252201610688080E+07
       -0.654000000000000000000000000000    2.011017057621837840934889676096E+07
       -0.653000000000000000000000000000    2.012766517813285687351111691350E+07
       -0.652000000000000000000000000000    2.014512524934699837579421058035E+07
       -0.651000000000000000000000000000    2.016255065491019130275988717403E+07
       -0.650000000000000000000000000000    2.017994125991095385473537520414E+07
       -0.649000000000000000000000000000    2.019729692947812701390719373179E+07
       -0.648000000000000000000000000000    2.021461752878206857813091534320E+07
       -0.647000000000000000000000000000    2.023190292303584824654015575063E+07
       -0.646000000000000000000000000000    2.024915297749644374300397338950E+07
       -0.645000000000000000000000000000    2.026636755746593796344799765970E+07
       -0.644000000000000000000000000000    2.028354652829271713302092762582E+07
       -0.643000000000000000000000000000    2.030068975537266995905455491392E+07
       -0.642000000000000000000000000000    2.031779710415038776573216608672E+07
       -0.641000000000000000000000000000    2.033486844012036559634707180562E+07
       -0.640000000000000000000000000000    2.035190362882820426900009345798E+07
       -0.639000000000000000000000000000    2.036890253587181337155211349556E+07
       -0.638000000000000000000000000000    2.038586502690261518161526435135E+07
       -0.637000000000000000000000000000    2.040279096762674949733399332478E+07
       -0.636000000000000000000000000000    2.041968022380627936467509809973E+07
       -0.635000000000000000000000000000    2.043653266126039768691388042902E+07
       -0.634000000000000000000000000000    2.045334814586663470197181482511E+07
       -0.633000000000000000000000000000    2.047012654356206631322957567902E+07
       -0.632000000000000000000000000000    2.048686772034452325940791092233E+07
       -0.631000000000000000000000000000    2.050357154227380110907769398468E+07
       -0.630000000000000000000000000000    2.052023787547287106532952920937E+07
       -0.629000000000000000000000000000    2.053686658612909156610252990055E+07
       -0.628000000000000000000000000000    2.055345754049542066564133360861E+07
       -0.627000000000000000000000000000    2.057001060489162918252006693752E+07
       -0.626000000000000000000000000000    2.058652564570551459964182289482E+07
       -0.625000000000000000000000000000    2.060300252939411570159226841600E+07
       -0.624000000000000000000000000000    2.061944112248492793469625899076E+07
       -0.623000000000000000000000000000    2.063584129157711947509680210599E+07
       -0.622000000000000000000000000000    2.065220290334274799014638230395E+07
       -0.621000000000000000000000000000    2.066852582452797807837153883403E+07
       -0.620000000000000000000000000000    2.068480992195429937324267295101E+07
       -0.619000000000000000000000000000    2.070105506251974529595235667517E+07
       -0.618000000000000000000000000000    2.071726111320011244237691907130E+07
       -0.617000000000000000000000000000    2.073342794105018058936780061199E+07
       -0.616000000000000000000000000000    2.074955541320493330549109174887E+07
       -0.615000000000000000000000000000    2.076564339688077915130580920564E+07
       -0.614000000000000000000000000000    2.078169175937677345424381350452E+07
       -0.613000000000000000000000000000    2.079770036807584064312683461750E+07
       -0.612000000000000000000000000000    2.081366909044599712732885016640E+07
       -0.611000000000000000000000000000    2.082959779404157470556505304608E+07
       -0.610000000000000000000000000000    2.084548634650444448926185347857E+07
       -0.609000000000000000000000000000    2.086133461556524132543578508027E+07
       -0.608000000000000000000000000000    2.087714246904458870398282629690E+07
       -0.607000000000000000000000000000    2.089290977485432413425350828328E+07
       -0.606000000000000000000000000000    2.090863640099872497576325872655E+07
       -0.605000000000000000000000000000    2.092432221557573470786172897752E+07
       -0.604000000000000000000000000000    2.093996708677818962315936990596E+07
       -0.603000000000000000000000000000    2.095557088289504592948426087141E+07
       -0.602000000000000000000000000000    2.097113347231260724511715683389E+07
       -0.601000000000000000000000000000    2.098665472351575247202790165040E+07
       -0.600000000000000000000000000000    2.100213450508916403181176173979E+07
       -0.599000000000000000000000000000    2.101757268571855644899986427256E+07
       -0.598000000000000000000000000000    2.103296913419190526639377857438E+07
       -0.597000000000000000000000000000    2.104832371940067627705035923562E+07
       -0.596000000000000000000000000000    2.106363631034105505751927520771E+07
       -0.595000000000000000000000000000    2.107890677611517678691218164701E+07
       -0.594000000000000000000000000000    2.109413498593235633635925114208E+07
       -0.593000000000000000000000000000    2.110932080911031861338576893152E+07
       -0.592000000000000000000000000000    2.112446411507642914571871348170E+07
       -0.591000000000000000000000000000    2.113956477336892488901069003986E+07
       -0.590000000000000000000000000000    2.115462265363814524294626119599E+07
       -0.589000000000000000000000000000    2.116963762564776326017362576034E+07
       -0.588000000000000000000000000000    2.118460955927601703248273607346E+07
       -0.587000000000000000000000000000    2.119953832451694123862931488772E+07
       -0.586000000000000000000000000000    2.121442379148159883818283686566E+07
       -0.585000000000000000000000000000    2.122926583039931289575537719951E+07
       -0.584000000000000000000000000000    2.124406431161889851994730153197E+07
       -0.583000000000000000000000000000    2.125881910560989490132507790993E+07
       -0.582000000000000000000000000000    2.127353008296379743372603358717E+07
       -0.581000000000000000000000000000    2.128819711439528990316465776024E+07
       -0.580000000000000000000000000000    2.130282007074347672859506642121E+07
       -0.579000000000000000000000000000    2.131739882297311523876449808519E+07
       -0.578000000000000000000000000000    2.133193324217584796937319983924E+07
       -0.577000000000000000000000000000    2.134642319957143496473679259623E+07
       -0.576000000000000000000000000000    2.136086856650898606812817325440E+07
       -0.575000000000000000000000000000    2.137526921446819318495722028624E+07
       -0.574000000000000000000000000000    2.138962501506056250292801873208E+07
       -0.573000000000000000000000000000    2.140393584003064665329501127121E+07
       -0.572000000000000000000000000000    2.141820156125727679732141460129E+07
       -0.571000000000000000000000000000    2.143242205075479462202541538330E+07
       -0.570000000000000000000000000000    2.144659718067428422928207811072E+07
       -0.569000000000000000000000000000    2.146072682330480390233155903695E+07
       -0.568000000000000000000000000000    2.147481085107461773372712634183E+07
       -0.567000000000000000000000000000    2.148884913655242709873963762765E+07
       -0.566000000000000000000000000000    2.150284155244860195821852219421E+07
       -0.565000000000000000000000000000    2.151678797161641197489295793553E+07
       -0.564000000000000000000000000000    2.153068826705325742708082170471E+07
       -0.563000000000000000000000000000    2.154454231190189990375712818332E+07
       -0.562000000000000000000000000000    2.155834997945169276491805623665E+07
       -0.561000000000000000000000000000    2.157211114313981135116129400100E+07
       -0.560000000000000000000000000000    2.158582567655248292638831509510E+07
       -0.559000000000000000000000000000    2.159949345342621633751932892970E+07
       -0.558000000000000000000000000000    2.161311434764903137509702865975E+07
       -0.557000000000000000000000000000    2.162668823326168781864089142826E+07
       -0.556000000000000000000000000000    2.164021498445891415059966773297E+07
       -0.555000000000000000000000000000    2.165369447559063592273583054306E+07
       -0.554000000000000000000000000000    2.166712658116320375876214073712E+07
       -0.553000000000000000000000000000    2.168051117584062097703712405287E+07
       -0.552000000000000000000000000000    2.169384813444577081711314655829E+07
       -0.551000000000000000000000000000    2.170713733196164325391792119066E+07
       -0.550000000000000000000000000000    2.172037864353256138333767768011E+07
       -0.549000000000000000000000000000    2.173357194446540736295788268548E+07
       -0.548000000000000000000000000000    2.174671711023084789170530672955E+07
       -0.547000000000000000000000000000    2.175981401646455921212340002530E+07
       -0.546000000000000000000000000000    2.177286253896845161900136103303E+07
       -0.545000000000000000000000000000    2.178586255371189345806596006763E+07
       -0.544000000000000000000000000000    2.179881393683293459843411597374E+07
       -0.543000000000000000000000000000    2.181171656463952936251341728372E+07
       -0.542000000000000000000000000000    2.182457031361075889702723084542E+07
       -0.541000000000000000000000000000    2.183737506039805296883075112542E+07
       -0.540000000000000000000000000000    2.185013068182641116917431272376E+07
       -0.539000000000000000000000000000    2.186283705489562351006051754140E+07
       -0.538000000000000000000000000000    2.187549405678149039633221697615E+07
       -0.537000000000000000000000000000    2.188810156483704195711913893974E+07
       -0.536000000000000000000000000000    2.190065945659375672026195983435E+07
       -0.535000000000000000000000000000    2.191316760976277961332389334203E+07
       -0.534000000000000000000000000000    2.192562590223613927479140140324E+07
       -0.533000000000000000000000000000    2.193803421208796465905742852188E+07
       -0.532000000000000000000000000000    2.195039241757570091877261896062E+07
       -0.531000000000000000000000000000    2.196270039714132454814229790428E+07
       -0.530000000000000000000000000000    2.197495802941255777073958268654E+07
       -0.529000000000000000000000000000    2.198716519320408215539783910853E+07
       -0.528000000000000000000000000000    2.199932176751875144373881113322E+07
       -0.527000000000000000000000000000    2.201142763154880357288613021868E+07
       -0.526000000000000000000000000000    2.202348266467707187690755365249E+07
       -0.525000000000000000000000000000    2.203548674647819545052318986067E+07
       -0.524000000000000000000000000000    2.204743975671982865861114317306E+07
       -0.523000000000000000000000000000    2.205934157536384977503645131478E+07
       -0.522000000000000000000000000000    2.207119208256756873432389633610E+07
       -0.521000000000000000000000000000    2.208299115868493397969024416145E+07
       -0.520000000000000000000000000000    2.209473868426773839094670979789E+07
       -0.519000000000000000000000000000    2.210643454006682427577795485556E+07
       -0.518000000000000000000000000000    2.211807860703328740789970175111E+07
       -0.517000000000000000000000000000    2.212967076631968009559309514169E+07
       -0.516000000000000000000000000000    2.214121089928121326411025611520E+07
       -0.515000000000000000000000000000    2.215269888747695753544205878264E+07
       -0.514000000000000000000000000000    2.216413461267104328893601251461E+07
       -0.513000000000000000000000000000    2.217551795683385968624925646517E+07
       -0.512000000000000000000000000000    2.218684880214325264411906655677E+07
       -0.511000000000000000000000000000    2.219812703098572173843093907770E+07
       -0.510000000000000000000000000000    2.220935252595761602306224978209E+07
       -0.509000000000000000000000000000    2.222052516986632874697769318980E+07
       -0.508000000000000000000000000000    2.223164484573149095305118396191E+07
       -0.507000000000000000000000000000    2.224271143678616394208765107459E+07
       -0.506000000000000000000000000000    2.225372482647803058551717632128E+07
       -0.505000000000000000000000000000    2.226468489847058547023322172735E+07
       -0.504000000000000000000000000000    2.227559153664432385904625604380E+07
       -0.503000000000000000000000000000    2.228644462509792945022392887197E+07
       -0.502000000000000000000000000000    2.229724404814946091958905243212E+07
       -0.501000000000000000000000000000    2.230798969033753722864703578715E+07
       -0.500000000000000000000000000000    2.231868143642252168221507473095E+07
       -0.499000000000000000000000000000    2.232931917138770471902633280099E+07
       -0.498000000000000000000000000000    2.233990278044048541878355522671E+07
       -0.497000000000000000000000000000    2.235043214901355170913803832103E+07
       -0.496000000000000000000000000000    2.236090716276605925607163210103E+07
       -0.495000000000000000000000000000    2.237132770758480902116148401614E+07
       -0.494000000000000000000000000000    2.238169366958542346920953679628E+07
       -0.493000000000000000000000000000    2.239200493511352140972137382827E+07
       -0.492000000000000000000000000000    2.240226139074589145572186134323E+07
       -0.491000000000000000000000000000    2.241246292329166408339816825984E+07
       -0.490000000000000000000000000000    2.242260941979348227606415198390E+07
       -0.489000000000000000000000000000    2.243270076752867073594378201177E+07
       -0.488000000000000000000000000000    2.244273685401040364727523301806E+07
       -0.487000000000000000000000000000    2.245271756698887097424151541464E+07
       -0.486000000000000000000000000000    2.246264279445244327723802432999E+07
       -0.485000000000000000000000000000    2.247251242462883503099217775351E+07
       -0.484000000000000000000000000000    2.248232634598626642805538138817E+07
       -0.483000000000000000000000000000    2.249208444723462365119290172409E+07
       -0.482000000000000000000000000000    2.250178661732661759820285014402E+07
       -0.481000000000000000000000000000    2.251143274545894104270137965425E+07
       -0.480000000000000000000000000000    2.252102272107342421441737225015E+07
       -0.479000000000000000000000000000    2.253055643385818878254634911686E+07
       -0.478000000000000000000000000000    2.254003377374880022572006797052E+07
       -0.477000000000000000000000000000    2.254945463092941857215528199588E+07
       -0.476000000000000000000000000000    2.255881889583394749355242315741E+07
       -0.475000000000000000000000000000    2.256812645914718173632253927493E+07
       -0.474000000000000000000000000000    2.257737721180595287372865927466E+07
       -0.473000000000000000000000000000    2.258657104500027336253588456305E+07
       -0.472000000000000000000000000000    2.259570785017447888777290662564E+07
       -0.471000000000000000000000000000    2.260478751902836897921633182569E+07
       -0.470000000000000000000000000000    2.261380994351834588321815405831E+07
       -0.469000000000000000000000000000    2.262277501585855167350595449190E+07
       -0.468000000000000000000000000000    2.263168262852200358459492518103E+07
       -0.467000000000000000000000000000    2.264053267424172755146060993678E+07
       -0.466000000000000000000000000000    2.264932504601188993913133156301E+07
       -0.465000000000000000000000000000    2.265805963708892744586962947130E+07
       -0.464000000000000000000000000000    2.266673634099267516362266583273E+07
       -0.463000000000000000000000000000    2.267535505150749277943247186164E+07
       -0.462000000000000000000000000000    2.268391566268338890150809860197E+07
       -0.461000000000000000000000000000    2.269241806883714349367320874024E+07
       -0.460000000000000000000000000000    2.270086216455342840191439753583E+07
       -0.459000000000000000000000000000    2.270924784468592595676756196675E+07
       -0.458000000000000000000000000000    2.271757500435844563529194766124E+07
       -0.457000000000000000000000000000    2.272584353896603876639409313879E+07
       -0.456000000000000000000000000000    2.273405334417611126327676032981E+07
       -0.455000000000000000000000000000    2.274220431592953436680108928690E+07
       -0.454000000000000000000000000000    2.275029635044175338356364344176E+07
       -0.453000000000000000000000000000    2.275832934420389440250371969406E+07
       -0.452000000000000000000000000000    2.276630319398386897387028503013E+07
       -0.451000000000000000000000000000    2.277421779682747673439216824207E+07
       -0.450000000000000000000000000000    2.278207305005950596250968162802E+07
       -0.449000000000000000000000000000    2.278986885128483204754067327256E+07
       -0.448000000000000000000000000000    2.279760509838951385666911559657E+07
       -0.447000000000000000000000000000    2.280528168954188798365972028767E+07
       -0.446000000000000000000000000000    2.281289852319366086321773342780E+07
       -0.445000000000000000000000000000    2.282045549808099873492900757092E+07
       -0.444000000000000000000000000000    2.282795251322561544073166963241E+07
       -0.443000000000000000000000000000    2.283538946793585803988720466711E+07
       -0.442000000000000000000000000000    2.284276626180779022543555586522E+07
       -0.441000000000000000000000000000    2.285008279472627352613590030720E+07
       -0.440000000000000000000000000000    2.285733896686604627791209810858E+07
       -0.439000000000000000000000000000    2.286453467869280034883942946423E+07
       -0.438000000000000000000000000000    2.287166983096425560172712967539E+07
       -0.437000000000000000000000000000    2.287874432473123207836940641159E+07
       -0.436000000000000000000000000000    2.288575806133871988955607611674E+07
       -0.435000000000000000000000000000    2.289271094242694679495268750333E+07
       -0.434000000000000000000000000000    2.289960286993244345697900937197E+07
       -0.433000000000000000000000000000    2.290643374608910635283404742246E+07
       -0.432000000000000000000000000000    2.291320347342925832883532015705E+07
       -0.431000000000000000000000000000    2.291991195478470678125996728131E+07
       -0.430000000000000000000000000000    2.292655909328779944789538504138E+07
       -0.429000000000000000000000000000    2.293314479237247779452748155128E+07
       -0.428000000000000000000000000000    2.293966895577532798061532120619E+07
       -0.427000000000000000000000000000    2.294613148753662938842188058961E+07
       -0.426000000000000000000000000000    2.295253229200140069989186869687E+07
       -0.425000000000000000000000000000    2.295887127382044350558907164540E+07
       -0.424000000000000000000000000000    2.296514833795138343002746614477E+07
       -0.423000000000000000000000000000    2.297136338965970875775240667586E+07
       -0.422000000000000000000000000000    2.297751633451980654455052838705E+07
       -0.421000000000000000000000000000    2.298360707841599619818962096435E+07
       -0.420000000000000000000000000000    2.298963552754356051311261796850E+07
       -0.419000000000000000000000000000    2.299560158840977414353301115021E+07
       -0.418000000000000000000000000000    2.300150516783492949940243984180E+07
       -0.417000000000000000000000000000    2.300734617295336004974492146102E+07
       -0.416000000000000000000000000000    2.301312451121446101787618022621E+07
       -0.415000000000000000000000000000    2.301884009038370745305079714128E+07
       -0.414000000000000000000000000000    2.302449281854366966310444492719E+07
       -0.413000000000000000000000000000    2.303008260409502599268328661258E+07
       -0.412000000000000000000000000000    2.303560935575757293167770569998E+07
       -0.411000000000000000000000000000    2.304107298257123253850289894406E+07
       -0.410000000000000000000000000000    2.304647339389705716289449955159E+07
       -0.409000000000000000000000000000    2.305181049941823145291330877612E+07
       -0.408000000000000000000000000000    2.305708420914107163087939715984E+07
       -0.407000000000000000000000000000    2.306229443339602202298229279370E+07
       -0.406000000000000000000000000000    2.306744108283864882734070264128E+07
       -0.405000000000000000000000000000    2.307252406845063110531221391126E+07
       -0.404000000000000000000000000000    2.307754330154074898088069537327E+07
       -0.403000000000000000000000000000    2.308249869374586903297666309024E+07
       -0.402000000000000000000000000000    2.308739015703192686561369097956E+07
       -0.401000000000000000000000000000    2.309221760369490684075203360271E+07
       -0.400000000000000000000000000000    2.309698094636181895882898629821E+07
       -0.399000000000000000000000000000    2.310168009799167287192413589203E+07
       -0.398000000000000000000000000000    2.310631497187644901455655341009E+07
       -0.397000000000000000000000000000    2.311088548164206683714014814393E+07
       -0.396000000000000000000000000000    2.311539154124935012715283973890E+07
       -0.395000000000000000000000000000    2.311983306499498940310491133587E+07
       -0.394000000000000000000000000000    2.312420996751250136642188184803E+07
       -0.393000000000000000000000000000    2.312852216377318539638747883301E+07
       -0.392000000000000000000000000000    2.313276956908707707332280476031E+07
       -0.391000000000000000000000000000    2.313695209910389871520856840356E+07
       -0.390000000000000000000000000000    2.314106966981400691298829922724E+07
       -0.389000000000000000000000000000    2.314512219754933704982177560410E+07
       -0.388000000000000000000000000000    2.314910959898434478958947710324E+07
       -0.387000000000000000000000000000    2.315303179113694451998071653284E+07
       -0.386000000000000000000000000000    2.315688869136944473553021850450E+07
       -0.385000000000000000000000000000    2.316068021738948034600028760080E+07
       -0.384000000000000000000000000000    2.316440628725094189553835035939E+07
       -0.383000000000000000000000000000    2.316806681935490167807256081748E+07
       -0.382000000000000000000000000000    2.317166173245053673444132886394E+07
       -0.381000000000000000000000000000    2.317519094563604871678606369177E+07
       -0.380000000000000000000000000000    2.317865437835958060577012079404E+07
       -0.379000000000000000000000000000    2.318205195042013026622089975928E+07
       -0.378000000000000000000000000000    2.318538358196846082682626114876E+07
       -0.377000000000000000000000000000    2.318864919350800786955091352368E+07
       -0.376000000000000000000000000000    2.319184870589578341447316577520E+07
       -0.375000000000000000000000000000    2.319498204034327668577744482755E+07
       -0.374000000000000000000000000000    2.319804911841735164467324406337E+07
       -0.373000000000000000000000000000    2.320104986204114127504669298236E+07
       -0.372000000000000000000000000000    2.320398419349493860768672316609E+07
       -0.371000000000000000000000000000    2.320685203541708446896384909441E+07
       -0.370000000000000000000000000000    2.320965331080485193987588424683E+07
       -0.369000000000000000000000000000    2.321238794301532751141147272498E+07
       -0.368000000000000000000000000000    2.321505585576628892221913384310E+07
       -0.367000000000000000000000000000    2.321765697313707966460659123974E+07
       -0.366000000000000000000000000000    2.322019121956948014493248854844E+07
       -0.365000000000000000000000000000    2.322265851986857548449018000227E+07
       -0.364000000000000000000000000000    2.322505879920361994702112600969E+07
       -0.363000000000000000000000000000    2.322739198310889797903352018905E+07
       -0.362000000000000000000000000000    2.322965799748458184914012504779E+07
       -0.361000000000000000000000000000    2.323185676859758587266789789101E+07
       -0.360000000000000000000000000000    2.323398822308241720783084609174E+07
       -0.359000000000000000000000000000    2.323605228794202320979666099208E+07
       -0.358000000000000000000000000000    2.323804889054863532901704186855E+07
       -0.357000000000000000000000000000    2.323997795864460954023123501437E+07
       -0.356000000000000000000000000000    2.324183942034326328859217749328E+07
       -0.355000000000000000000000000000    2.324363320412970893940474992063E+07
       -0.354000000000000000000000000000    2.324535923886168371800600714313E+07
       -0.353000000000000000000000000000    2.324701745377037612635786932516E+07
       -0.352000000000000000000000000000    2.324860777846124882296361810969E+07
       -0.351000000000000000000000000000    2.325013014291485795276065260225E+07
       -0.350000000000000000000000000000    2.325158447748766891368331731715E+07
       -0.349000000000000000000000000000    2.325297071291286854663121831201E+07
       -0.348000000000000000000000000000    2.325428878030117373562029389953E+07
       -0.347000000000000000000000000000    2.325553861114163640493600193734E+07
       -0.346000000000000000000000000000    2.325672013730244490015032612705E+07
       -0.345000000000000000000000000000    2.325783329103172173990688836481E+07
       -0.344000000000000000000000000000    2.325887800495831772542128233512E+07
       -0.343000000000000000000000000000    2.325985421209260239468681457869E+07
       -0.342000000000000000000000000000    2.326076184582725080841915254070E+07
       -0.341000000000000000000000000000    2.326160083993802665481693395803E+07
       -0.340000000000000000000000000000    2.326237112858456166025918770806E+07
       -0.339000000000000000000000000000    2.326307264631113129310445224729E+07
       -0.338000000000000000000000000000    2.326370532804742674780075333942E+07
       -0.337000000000000000000000000000    2.326426910910932319656011722810E+07
       -0.336000000000000000000000000000    2.326476392519964429589604806283E+07
       -0.335000000000000000000000000000    2.326518971240892293536738854440E+07
       -0.334000000000000000000000000000    2.326554640721615821591720972234E+07
       -0.333000000000000000000000000000    2.326583394648956864524083894647E+07
       -0.332000000000000000000000000000    2.326605226748734153766283344000E+07
       -0.331000000000000000000000000000    2.326620130785837860604864010880E+07
       -0.330000000000000000000000000000    2.326628100564303773332284931023E+07
       -0.329000000000000000000000000000    2.326629129927387091121235065120E+07
       -0.328000000000000000000000000000    2.326623212757635833387933173826E+07
       -0.327000000000000000000000000000    2.326610342976963863415592542706E+07
       -0.326000000000000000000000000000    2.326590514546723525013940677344E+07
       -0.325000000000000000000000000000    2.326563721467777890995416682750E+07
       -0.324000000000000000000000000000    2.326529957780572622253424588352E+07
       -0.323000000000000000000000000000    2.326489217565207436232799304566E+07
       -0.322000000000000000000000000000    2.326441494941507183587443122984E+07
       -0.321000000000000000000000000000    2.326386784069092531824914622831E+07
       -0.320000000000000000000000000000    2.326325079147450254742598444255E+07
       -0.319000000000000000000000000000    2.326256374416003126464953556408E+07
       -0.318000000000000000000000000000    2.326180664154179418896229306848E+07
       -0.317000000000000000000000000000    2.326097942681482001407952609622E+07
       -0.316000000000000000000000000000    2.326008204357557041585426033199E+07
       -0.315000000000000000000000000000    2.325911443582262305862435206217E+07
       -0.314000000000000000000000000000    2.325807654795735058878344788407E+07
       -0.313000000000000000000000000000    2.325696832478459560396765175181E+07
       -0.312000000000000000000000000000    2.325578971151334158629997035656E+07
       -0.311000000000000000000000000000    2.325454065375737978818507643470E+07
       -0.310000000000000000000000000000    2.325322109753597205919761665095E+07
       -0.309000000000000000000000000000    2.325183098927450960265819538514E+07
       -0.308000000000000000000000000000    2.325037027580516765054228722519E+07
       -0.307000000000000000000000000000    2.324883890436755604541866839664E+07
       -0.306000000000000000000000000000    2.324723682260936571816550989320E+07
       -0.305000000000000000000000000000    2.324556397858701105026404186577E+07
       -0.304000000000000000000000000000    2.324382032076626810952167902118E+07
       -0.303000000000000000000000000000    2.324200579802290874812868951883E+07
       -0.302000000000000000000000000000    2.324012035964333055200489426620E+07
       -0.301000000000000000000000000000    2.323816395532518263044549873363E+07
       -0.300000000000000000000000000000    2.323613653517798723512798455962E+07
       -0.299000000000000000000000000000    2.323403804972375719759502241912E+07
       -0.298000000000000000000000000000    2.323186844989760917438160999494E+07
       -0.297000000000000000000000000000    2.322962768704837268900808853528E+07
       -0.296000000000000000000000000000    2.322731571293919496011434750453E+07
       -0.295000000000000000000000000000    2.322493247974814150506438833897E+07
       -0.294000000000000000000000000000    2.322247794006879250840448440044E+07
       -0.293000000000000000000000000000    2.321995204691083494461244396826E+07
       -0.292000000000000000000000000000    2.321735475370065044462995560971E+07
       -0.291000000000000000000000000000    2.321468601428189889572466960208E+07
       -0.290000000000000000000000000000    2.321194578291609776428354432074E+07
       -0.289000000000000000000000000000    2.320913401428319713119406172973E+07
       -0.288000000000000000000000000000    2.320625066348215042952519037884E+07
       -0.287000000000000000000000000000    2.320329568603148087427544668814E+07
       -0.286000000000000000000000000000    2.320026903786984357401107484145E+07
       -0.285000000000000000000000000000    2.319717067535658331427323136914E+07
       -0.284000000000000000000000000000    2.319400055527228800268912152354E+07
       -0.283000000000000000000000000000    2.319075863481933776577828988139E+07
       -0.282000000000000000000000000000    2.318744487162244968750171628361E+07
       -0.281000000000000000000000000000    2.318405922372921817965800927926E+07
       -0.280000000000000000000000000000    2.318060164961065097428782170390E+07
       -0.279000000000000000000000000000    2.317707210816170072830463591949E+07
       -0.278000000000000000000000000000    2.317347055870179223062727859163E+07
       -0.277000000000000000000000000000    2.316979696097534520214692569619E+07
       -0.276000000000000000000000000000    2.316605127515229267891894674183E+07
       -0.275000000000000000000000000000    2.316223346182859496902771197332E+07
       -0.274000000000000000000000000000    2.315834348202674917363044658505E+07
       -0.273000000000000000000000000000    2.315438129719629426274436072119E+07
       -0.272000000000000000000000000000    2.315034686921431169639961226211E+07
       -0.271000000000000000000000000000    2.314624016038592158183917008309E+07
       -0.270000000000000000000000000000    2.314206113344477435750533760576E+07
       -0.269000000000000000000000000000    2.313780975155353799461156902398E+07
       -0.268000000000000000000000000000    2.313348597830438070715726254900E+07
       -0.267000000000000000000000000000    2.312908977771944916130244535495E+07
       -0.266000000000000000000000000000    2.312462111425134217507867258021E+07
       -0.265000000000000000000000000000    2.312007995278357989947204671633E+07
       -0.264000000000000000000000000000    2.311546625863106847197402295034E+07
       -0.263000000000000000000000000000    2.311077999754056013375559947298E+07
       -0.262000000000000000000000000000    2.310602113569110880168059837257E+07
       -0.261000000000000000000000000000    2.310118963969452108643402144837E+07
       -0.260000000000000000000000000000    2.309628547659580274810191503731E+07
       -0.259000000000000000000000000000    2.309130861387360058059979769181E+07
       -0.258000000000000000000000000000    2.308625901944063971640749320558E+07
       -0.257000000000000000000000000000    2.308113666164415634312916798735E+07
       -0.256000000000000000000000000000    2.307594150926632582345849505313E+07
       -0.255000000000000000000000000000    2.307067353152468621019015586625E+07
       -0.254000000000000000000000000000    2.306533269807255714798034481631E+07
       -0.253000000000000000000000000000    2.305991897899945415362055820581E+07
       -0.252000000000000000000000000000    2.305443234483149826665072911355E+07
       -0.251000000000000000000000000000    2.304887276653182106219971033146E+07
       -0.250000000000000000000000000000    2.304324021550096501800320862509E+07
       -0.249000000000000000000000000000    2.303753466357727922761153374462E+07
       -0.248000000000000000000000000000    2.303175608303731045186194380323E+07
       -0.247000000000000000000000000000    2.302590444659618950075294373203E+07
       -0.246000000000000000000000000000    2.301997972740801293792062439902E+07
       -0.245000000000000000000000000000    2.301398189906622009998001552391E+07
       -0.244000000000000000000000000000    2.300791093560396542305746460671E+07
       -0.243000000000000000000000000000    2.300176681149448606890324558968E+07
       -0.242000000000000000000000000000    2.299554950165146484303694375617E+07
       -0.241000000000000000000000000000    2.298925898142938839744165630217E+07
       -0.240000000000000000000000000000    2.298289522662390071038668995804E+07
       -0.239000000000000000000000000000    2.297645821347215183602222684496E+07
       -0.238000000000000000000000000000    2.296994791865314191645336627853E+07
       -0.237000000000000000000000000000    2.296336431928806044906503232847E+07
       -0.236000000000000000000000000000    2.295670739294062080193346345677E+07
       -0.235000000000000000000000000000    2.294997711761738997022437032746E+07
       -0.234000000000000000000000000000    2.294317347176811356654235975013E+07
       -0.233000000000000000000000000000    2.293629643428603603826087552016E+07
       -0.232000000000000000000000000000    2.292934598450821610492669948446E+07
       -0.231000000000000000000000000000    2.292232210221583740889798731913E+07
       -0.230000000000000000000000000000    2.291522476763451437243988208108E+07
       -0.229000000000000000000000000000    2.290805396143459325456695340888E+07
       -0.228000000000000000000000000000    2.290080966473144840098705011760E+07
       -0.227000000000000000000000000000    2.289349185908577368056662767240E+07
       -0.226000000000000000000000000000    2.288610052650386910180321844609E+07
       -0.225000000000000000000000000000    2.287863564943792260285645057514E+07
       -0.224000000000000000000000000000    2.287109721078628700875488943025E+07
       -0.223000000000000000000000000000    2.286348519389375214946197301214E+07
       -0.222000000000000000000000000000    2.285579958255181213255043776828E+07
       -0.221000000000000000000000000000    2.284804036099892776430088319570E+07
       -0.220000000000000000000000000000    2.284020751392078411310650093995E+07
       -0.219000000000000000000000000000    2.283230102645054320913249570720E+07
       -0.218000000000000000000000000000    2.282432088416909187424534996110E+07
       -0.217000000000000000000000000000    2.281626707310528467629383085823E+07
       -0.216000000000000000000000000000    2.280813957973618200189050496431E+07
       -0.215000000000000000000000000000    2.279993839098728324190951276197E+07
       -0.214000000000000000000000000000    2.279166349423275508398345958268E+07
       -0.213000000000000000000000000000    2.278331487729565490634950113689E+07
       -0.212000000000000000000000000000    2.277489252844814926746203904508E+07
       -0.211000000000000000000000000000    2.276639643641172748585689344966E+07
       -0.210000000000000000000000000000    2.275782659035741030481938467224E+07
       -0.209000000000000000000000000000    2.274918297990595363647643273108E+07
       -0.208000000000000000000000000000    2.274046559512804738000057110048E+07
       -0.207000000000000000000000000000    2.273167442654450930868166813051E+07
       -0.206000000000000000000000000000    2.272280946512647402069015479682E+07
       -0.205000000000000000000000000000    2.271387070229557694842366966357E+07
       -0.204000000000000000000000000000    2.270485812992413342139724985747E+07
       -0.203000000000000000000000000000    2.269577174033531277770551920781E+07
       -0.202000000000000000000000000000    2.268661152630330751915375024207E+07
       -0.201000000000000000000000000000    2.267737748105349750522320417244E+07
       -0.200000000000000000000000000000    2.266806959826260918110478109606E+07
       -0.199000000000000000000000000000    2.265868787205886983510374008947E+07
       -0.198000000000000000000000000000    2.264923229702215688078707443013E+07
       -0.197000000000000000000000000000    2.263970286818414215931404954801E+07
       -0.196000000000000000000000000000    2.263009958102843125745942921793E+07
       -0.195000000000000000000000000000    2.262042243149069783690802766602E+07
       -0.194000000000000000000000000000    2.261067141595881297046843039577E+07
       -0.193000000000000000000000000000    2.260084653127296948092302335327E+07
       -0.192000000000000000000000000000    2.259094777472580127830085725671E+07
       -0.191000000000000000000000000000    2.258097514406249769142935021920E+07
       -0.190000000000000000000000000000    2.257092863748091278969039590143E+07
       -0.189000000000000000000000000000    2.256080825363166969097609504338E+07
       -0.188000000000000000000000000000    2.255061399161825985190906404243E+07
       -0.187000000000000000000000000000    2.254034585099713733646209396575E+07
       -0.186000000000000000000000000000    2.253000383177780805918183570353E+07
       -0.185000000000000000000000000000    2.251958793442291399929117057815E+07
       -0.184000000000000000000000000000    2.250909815984831238201498931414E+07
       -0.183000000000000000000000000000    2.249853450942314982354424453213E+07
       -0.182000000000000000000000000000    2.248789698496993143612336154329E+07
       -0.181000000000000000000000000000    2.247718558876458488981638787240E+07
       -0.180000000000000000000000000000    2.246640032353651942757763230894E+07
       -0.179000000000000000000000000000    2.245554119246867983032298805634E+07
       -0.178000000000000000000000000000    2.244460819919759532876865039623E+07
       -0.177000000000000000000000000000    2.243360134781342345887452588238E+07
       -0.176000000000000000000000000000    2.242252064285998885780028610154E+07
       -0.175000000000000000000000000000    2.241136608933481699735274315546E+07
       -0.174000000000000000000000000000    2.240013769268916285197401489981E+07
       -0.173000000000000000000000000000    2.238883545882803449839080428785E+07
       -0.172000000000000000000000000000    2.237745939411021164411603757448E+07
       -0.171000000000000000000000000000    2.236600950534825908206508930311E+07
       -0.170000000000000000000000000000    2.235448579980853506861986658412E+07
       -0.169000000000000000000000000000    2.234288828521119462254512983907E+07
       -0.168000000000000000000000000000    2.233121696973018774223259058672E+07
       -0.167000000000000000000000000000    2.231947186199325253881954764033E+07
       -0.166000000000000000000000000000    2.230765297108190328280009992522E+07
       -0.165000000000000000000000000000    2.229576030653141336181830566189E+07
       -0.164000000000000000000000000000    2.228379387833079314740404254510E+07
       -0.163000000000000000000000000000    2.227175369692276276848376042960E+07
       -0.162000000000000000000000000000    2.225963977320371978956980555794E+07
       -0.161000000000000000000000000000    2.224745211852370179160353217757E+07
       -0.160000000000000000000000000000    2.223519074468634385349900213974E+07
       -0.159000000000000000000000000000    2.222285566394883093250570439055E+07
       -0.158000000000000000000000000000    2.221044688902184514158040279816E+07
       -0.157000000000000000000000000000    2.219796443306950792202994114638E+07
       -0.156000000000000000000000000000    2.218540830970931710975859700240E+07
       -0.155000000000000000000000000000    2.217277853301207889352538017086E+07
       -0.154000000000000000000000000000    2.216007511750183466368851521200E+07
       -0.153000000000000000000000000000    2.214729807815578274998622966232E+07
       -0.152000000000000000000000000000    2.213444743040419504697488878241E+07
       -0.151000000000000000000000000000    2.212152319013032852581747250057E+07
       -0.150000000000000000000000000000    2.210852537367033163118737934982E+07
       -0.149000000000000000000000000000    2.209545399781314556212456423895E+07
       -0.148000000000000000000000000000    2.208230907980040043575307048167E+07
       -0.147000000000000000000000000000    2.206909063732630633284110025665E+07
       -0.146000000000000000000000000000    2.205579868853753922425688020980E+07
       -0.145000000000000000000000000000    2.204243325203312177744571886145E+07
       -0.144000000000000000000000000000    2.202899434686429904212581846698E+07
       -0.143000000000000000000000000000    2.201548199253440901447259462044E+07
       -0.142000000000000000000000000000    2.200189620899874807913347080682E+07
       -0.141000000000000000000000000000    2.198823701666443132848735091827E+07
       -0.140000000000000000000000000000    2.197450443639024775863522907034E+07
       -0.139000000000000000000000000000    2.196069848948651034168067150283E+07
       -0.138000000000000000000000000000    2.194681919771490097393119854202E+07
       -0.137000000000000000000000000000    2.193286658328831029972390415109E+07
       -0.136000000000000000000000000000    2.191884066887067241065097511807E+07
       -0.135000000000000000000000000000    2.190474147757679442003311003778E+07
       -0.134000000000000000000000000000    2.189056903297218091256118854885E+07
       -0.133000000000000000000000000000    2.187632335907285326909890240008E+07
       -0.132000000000000000000000000000    2.186200448034516386671143045257E+07
       -0.131000000000000000000000000000    2.184761242170560515405761828535E+07
       -0.130000000000000000000000000000    2.183314720852061360235550827161E+07
       -0.129000000000000000000000000000    2.181860886660636853220345643864E+07
       -0.128000000000000000000000000000    2.180399742222858581661146672515E+07
       -0.127000000000000000000000000000    2.178931290210230646066977001139E+07
       -0.126000000000000000000000000000    2.177455533339168005835407312807E+07
       -0.125000000000000000000000000000    2.175972474370974312703930055437E+07
       -0.124000000000000000000000000000    2.174482116111819232036604729985E+07
       -0.123000000000000000000000000000    2.172984461412715252017635413417E+07
       -0.122000000000000000000000000000    2.171479513169493980830780448730E+07
       -0.121000000000000000000000000000    2.169967274322781931910732459469E+07
       -0.120000000000000000000000000000    2.168447747857975797359844341206E+07
       -0.119000000000000000000000000000    2.166920936805217209630813507364E+07
       -0.118000000000000000000000000000    2.165386844239366991583172282262E+07
       -0.117000000000000000000000000000    2.163845473279978895028666800171E+07
       -0.116000000000000000000000000000    2.162296827091272827887839946178E+07
       -0.115000000000000000000000000000    2.160740908882107570087365622590E+07
       -0.114000000000000000000000000000    2.159177721905952978334911803982E+07
       -0.113000000000000000000000000000    2.157607269460861679915538314750E+07
       -0.112000000000000000000000000000    2.156029554889440255660861885481E+07
       -0.111000000000000000000000000000    2.154444581578819912249445678698E+07
       -0.110000000000000000000000000000    2.152852352960626644004092980681E+07
       -0.109000000000000000000000000000    2.151252872510950884358944994334E+07
       -0.108000000000000000000000000000    2.149646143750316647176500498481E+07
       -0.107000000000000000000000000000    2.148032170243650158101890421798E+07
       -0.106000000000000000000000000000    2.146410955600247976148952974788E+07
       -0.105000000000000000000000000000    2.144782503473744605719864751123E+07
       -0.104000000000000000000000000000    2.143146817562079599267290010265E+07
       -0.103000000000000000000000000000    2.141503901607464150815214046851E+07
       -0.102000000000000000000000000000    2.139853759396347180561826998992E+07
       -0.101000000000000000000000000000    2.138196394759380910795021507576E+07
       -0.100000000000000000000000000000    2.136531811571385933358261172168E+07
       -0.099000000000000000000000000000    2.134860013751315768911766616317E+07
       -0.098000000000000000000000000000    2.133181005262220918241152036386E+07
       -0.097000000000000000000000000000    2.131494790111212405872827223603E+07
       -0.096000000000000000000000000000    2.129801372349424816262658079338E+07
       -0.095000000000000000000000000000    2.128100756071978822831552448916E+07
       -0.094000000000000000000000000000    2.126392945417943210128807540068E+07
       -0.093000000000000000000000000000    2.124677944570296389411220128831E+07
       -0.092000000000000000000000000000    2.122955757755887407933121048771E+07
       -0.091000000000000000000000000000    2.121226389245396452249650969547E+07
       -0.090000000000000000000000000000    2.119489843353294845842745058404E+07
       -0.089000000000000000000000000000    2.117746124437804541386439644125E+07
       -0.088000000000000000000000000000    2.115995236900857107975254327754E+07
       -0.087000000000000000000000000000    2.114237185188052213646537968974E+07
       -0.086000000000000000000000000000    2.112471973788615603534796482139E+07
       -0.085000000000000000000000000000    2.110699607235356574003144262595E+07
       -0.084000000000000000000000000000    2.108920090104624943104139192975E+07
       -0.083000000000000000000000000000    2.107133427016267517729373411793E+07
       -0.082000000000000000000000000000    2.105339622633584057814298223921E+07
       -0.081000000000000000000000000000    2.103538681663282737971861555684E+07
       -0.080000000000000000000000000000    2.101730608855435106935630067648E+07
       -0.079000000000000000000000000000    2.099915409003430545200155297041E+07
       -0.078000000000000000000000000000    2.098093086943930221253423870695E+07
       -0.077000000000000000000000000000    2.096263647556820546803305769898E+07
       -0.076000000000000000000000000000    2.094427095765166131406981702353E+07
       -0.075000000000000000000000000000    2.092583436535162236919390705215E+07
       -0.074000000000000000000000000000    2.090732674876086732183792028921E+07
       -0.073000000000000000000000000000    2.088874815840251548394580996023E+07
       -0.072000000000000000000000000000    2.087009864522953635569536754746E+07
       -0.071000000000000000000000000000    2.085137826062425420575710515556E+07
       -0.070000000000000000000000000000    2.083258705639784767160185833023E+07
       -0.069000000000000000000000000000    2.081372508478984438443957637094E+07
       -0.068000000000000000000000000000    2.079479239846761062344183890064E+07
       -0.067000000000000000000000000000    2.077578905052583600397062810755E+07
       -0.066000000000000000000000000000    2.075671509448601320460579428397E+07
       -0.065000000000000000000000000000    2.073757058429591273783347668484E+07
       -0.064000000000000000000000000000    2.071835557432905276932748094322E+07
       -0.063000000000000000000000000000    2.069907011938416399082526694477E+07
       -0.062000000000000000000000000000    2.067971427468464955166976581013E+07
       -0.061000000000000000000000000000    2.066028809587804005415772009863E+07
       -0.060000000000000000000000000000    2.064079163903544361790462616422E+07
       -0.059000000000000000000000000000    2.062122496065099101850565040332E+07
       -0.058000000000000000000000000000    2.060158811764127590584109057213E+07
       -0.057000000000000000000000000000    2.058188116734479010744405806008E+07
       -0.056000000000000000000000000000    2.056210416752135402241706562691E+07
       -0.055000000000000000000000000000    2.054225717635154211145311628828E+07
       -0.054000000000000000000000000000    2.052234025243610348858570141381E+07
       -0.053000000000000000000000000000    2.050235345479537762036082832832E+07
       -0.052000000000000000000000000000    2.048229684286870513819280843207E+07
       -0.051000000000000000000000000000    2.046217047651383376973404472694E+07
       -0.050000000000000000000000000000    2.044197441600631939515746130766E+07
       -0.049000000000000000000000000000    2.042170872203892223431851550158E+07
       -0.048000000000000000000000000000    2.040137345572099817083192457493E+07
       -0.047000000000000000000000000000    2.038096867857788521916632192390E+07
       -0.046000000000000000000000000000    2.036049445255028514092803109573E+07
       -0.045000000000000000000000000000    2.033995083999364021657300849893E+07
       -0.044000000000000000000000000000    2.031933790367750517885375592587E+07
       -0.043000000000000000000000000000    2.029865570678491431437564069119E+07
       -0.042000000000000000000000000000    2.027790431291174373970458295155E+07
       -0.041000000000000000000000000000    2.025708378606606885853547528683E+07
       -0.040000000000000000000000000000    2.023619419066751700649798755955E+07
       -0.039000000000000000000000000000    2.021523559154661529024357910268E+07
       -0.038000000000000000000000000000    2.019420805394413362752458909019E+07
       -0.037000000000000000000000000000    2.017311164351042299504320319803E+07
       -0.036000000000000000000000000000    2.015194642630474889091489904460E+07
       -0.035000000000000000000000000000    2.013071246879462001865765309135E+07
       -0.034000000000000000000000000000    2.010940983785511219968474636983E+07
       -0.033000000000000000000000000000    2.008803860076818752134543426704E+07
       -0.032000000000000000000000000000    2.006659882522200872762404533568E+07
       -0.031000000000000000000000000000    2.004509057931024885967424438957E+07
       -0.030000000000000000000000000000    2.002351393153139615343123469106E+07
       -0.029000000000000000000000000000    2.000186895078805420161058153160E+07
       -0.028000000000000000000000000000    1.998015570638623738746811364665E+07
       -0.027000000000000000000000000000    1.995837426803466159776099839248E+07
       -0.026000000000000000000000000000    1.993652470584403022241559014708E+07
       -0.025000000000000000000000000000    1.991460709032631544847301768606E+07
       -0.024000000000000000000000000000    1.989262149239403485594870403450E+07
       -0.023000000000000000000000000000    1.987056798335952332330710021736E+07
       -0.022000000000000000000000000000    1.984844663493420025031786113708E+07
       -0.021000000000000000000000000000    1.982625751922783210612449621254E+07
       -0.020000000000000000000000000000    1.980400070874779031042118813653E+07
       -0.019000000000000000000000000000    1.978167627639830445569798886999E+07
       -0.018000000000000000000000000000    1.975928429547971087857897151370E+07
       -0.017000000000000000000000000000    1.973682483968769658834213870729E+07
       -0.016000000000000000000000000000    1.971429798311253856077396143059E+07
       -0.015000000000000000000000000000    1.969170380023833840557534525473E+07
       -0.014000000000000000000000000000    1.966904236594225241559959294347E+07
       -0.013000000000000000000000000000    1.964631375549371700626655157694E+07
       -0.012000000000000000000000000000    1.962351804455366955356059779948E+07
       -0.011000000000000000000000000000    1.960065530917376463908342512294E+07
       -0.010000000000000000000000000000    1.957772562579558571069575119305E+07
       -0.009000000000000000000000000000    1.955472907124985216734505929675E+07
       -0.008000000000000000000000000000    1.953166572275562187673932590456E+07
       -0.007000000000000000000000000000    1.950853565791948913458936345868E+07
       -0.006000000000000000000000000000    1.948533895473477807420492369091E+07
       -0.005000000000000000000000000000    1.946207569158073153529206024654E+07
       -0.004000000000000000000000000000    1.943874594722169540086143906275E+07
       -0.003000000000000000000000000000    1.941534980080629841121930957072E+07
       -0.002000000000000000000000000000    1.939188733186662746407470812811E+07
       -0.001000000000000000000000000000    1.936835862031739840985815591615E+07
       -0.000000000000000000000000000000    1.934476374645512235140863562873E+07
        0.001000000000000000000000000000    1.932110279095726745724698341881E+07
        0.002000000000000000000000000000    1.929737583488141629771501353252E+07
        0.003000000000000000000000000000    1.927358295966441871332070163846E+07
        0.004000000000000000000000000000    1.924972424712154022469058783853E+07
        0.005000000000000000000000000000    1.922579977944560599359122051802E+07
        0.006000000000000000000000000000    1.920180963920614034454194635299E+07
        0.007000000000000000000000000000    1.917775390934850185660165874019E+07
        0.008000000000000000000000000000    1.915363267319301403497224545142E+07
        0.009000000000000000000000000000    1.912944601443409157212142524478E+07
        0.010000000000000000000000000000    1.910519401713936220818743130021E+07
        0.011000000000000000000000000000    1.908087676574878420048758549614E+07
        0.012000000000000000000000000000    1.905649434507375941201221052595E+07
        0.013000000000000000000000000000    1.903204684029624202884454548458E+07
        0.014000000000000000000000000000    1.900753433696784291650636366085E+07
        0.015000000000000000000000000000    1.898295692100892962528783767623E+07
        0.016000000000000000000000000000    1.895831467870772205467885564466E+07
        0.017000000000000000000000000000    1.893360769671938378707746152533E+07
        0.018000000000000000000000000000    1.890883606206510910100937213744E+07
        0.019000000000000000000000000000    1.888399986213120567415061124339E+07
        0.020000000000000000000000000000    1.885909918466817298650319652950E+07
        0.021000000000000000000000000000    1.883413411778977643413151706887E+07
        0.022000000000000000000000000000    1.880910474997211716392454579147E+07
        0.023000000000000000000000000000    1.878401117005269763990634246668E+07
        0.024000000000000000000000000000    1.875885346722948295167441658417E+07
        0.025000000000000000000000000000    1.873363173105995787560243516103E+07
        0.026000000000000000000000000000    1.870834605146017969950047677561E+07
        0.027000000000000000000000000000    1.868299651870382682148254890030E+07
        0.028000000000000000000000000000    1.865758322342124313384739975278E+07
        0.029000000000000000000000000000    1.863210625659847820283476728480E+07
        0.030000000000000000000000000000    1.860656570957632325517511546346E+07
        0.031000000000000000000000000000    1.858096167404934298240661055682E+07
        0.032000000000000000000000000000    1.855529424206490317398858660513E+07
        0.033000000000000000000000000000    1.852956350602219419029603853433E+07
        0.034000000000000000000000000000    1.850376955867125028663476234819E+07
        0.035000000000000000000000000000    1.847791249311196479947163342221E+07
        0.036000000000000000000000000000    1.845199240279310120612917502159E+07
        0.037000000000000000000000000000    1.842600938151130006924801868847E+07
        0.038000000000000000000000000000    1.839996352341008187737509500410E+07
        0.039000000000000000000000000000    1.837385492297884579308941634835E+07
        0.040000000000000000000000000000    1.834768367505186432013112157493E+07
        0.041000000000000000000000000000    1.832144987480727390105304492216E+07
        0.042000000000000000000000000000    1.829515361776606145696744691802E+07
        0.043000000000000000000000000000    1.826879499979104688101370244881E+07
        0.044000000000000000000000000000    1.824237411708586149722567948337E+07
        0.045000000000000000000000000000    1.821589106619392249653026012253E+07
        0.046000000000000000000000000000    1.818934594399740336166095262495E+07
        0.047000000000000000000000000000    1.816273884771620029282281779720E+07
        0.048000000000000000000000000000    1.813606987490689464599698458535E+07
        0.049000000000000000000000000000    1.810933912346171139582485682797E+07
        0.050000000000000000000000000000    1.808254669160747363506371489111E+07
        0.051000000000000000000000000000    1.805569267790455312265679127582E+07
        0.052000000000000000000000000000    1.802877718124581689251204723957E+07
        0.053000000000000000000000000000    1.800180030085556993513479698645E+07
        0.054000000000000000000000000000    1.797476213628849396431001603626E+07
        0.055000000000000000000000000000    1.794766278742858228108062997121E+07
        0.056000000000000000000000000000    1.792050235448807074731830786861E+07
        0.057000000000000000000000000000    1.789328093800636488123328035882E+07
        0.058000000000000000000000000000    1.786599863884896308721946439801E+07
        0.059000000000000000000000000000    1.783865555820637603248070452196E+07
        0.060000000000000000000000000000    1.781125179759304218293323255954E+07
        0.061000000000000000000000000000    1.778378745884623951092850354798E+07
        0.062000000000000000000000000000    1.775626264412499338738938392469E+07
        0.063000000000000000000000000000    1.772867745590898067100124799746E+07
        0.064000000000000000000000000000    1.770103199699743000714787924364E+07
        0.065000000000000000000000000000    1.767332637050801834933017319347E+07
        0.066000000000000000000000000000    1.764556067987576371585349755016E+07
        0.067000000000000000000000000000    1.761773502885191419461718183317E+07
        0.068000000000000000000000000000    1.758984952150283320888698224752E+07
        0.069000000000000000000000000000    1.756190426220888105697849673399E+07
        0.070000000000000000000000000000    1.753389935566329273882638929869E+07
        0.071000000000000000000000000000    1.750583490687105208246092081813E+07
        0.072000000000000000000000000000    1.747771102114776218345967463299E+07
        0.073000000000000000000000000000    1.744952780411851217048850845222E+07
        0.074000000000000000000000000000    1.742128536171674031009165846508E+07
        0.075000000000000000000000000000    1.739298380018309346393656618190E+07
        0.076000000000000000000000000000    1.736462322606428291176439248221E+07
        0.077000000000000000000000000000    1.733620374621193655334232573075E+07
        0.078000000000000000000000000000    1.730772546778144750275868072405E+07
        0.079000000000000000000000000000    1.727918849823081908844642175256E+07
        0.080000000000000000000000000000    1.725059294531950627236512531232E+07
        0.081000000000000000000000000000    1.722193891710725350181552508477E+07
        0.082000000000000000000000000000    1.719322652195292900740465284021E+07
        0.083000000000000000000000000000    1.716445586851335556072320302940E+07
        0.084000000000000000000000000000    1.713562706574213770534010513398E+07
        0.085000000000000000000000000000    1.710674022288848547476238548109E+07
        0.086000000000000000000000000000    1.707779544949603461105123832526E+07
        0.087000000000000000000000000000    1.704879285540166329782780370259E+07
        0.088000000000000000000000000000    1.701973255073430542144446601365E+07
        0.089000000000000000000000000000    1.699061464591376037413954164347E+07
        0.090000000000000000000000000000    1.696143925164949941303501533473E+07
        0.091000000000000000000000000000    1.693220647893946858887851265576E+07
        0.092000000000000000000000000000    1.690291643906888825847195891285E+07
        0.093000000000000000000000000000    1.687356924360904919477037241983E+07
        0.094000000000000000000000000000    1.684416500441610530867497133118E+07
        0.095000000000000000000000000000    1.681470383362986299658523745199E+07
        0.096000000000000000000000000000    1.678518584367256712781477674375E+07
        0.097000000000000000000000000000    1.675561114724768368601574384268E+07
        0.098000000000000000000000000000    1.672597985733867907879625599380E+07
        0.099000000000000000000000000000    1.669629208720779612975460958204E+07
        0.100000000000000000000000000000    1.666654795039482676719322911871E+07
        0.101000000000000000000000000000    1.663674756071588142381412333187E+07
        0.102000000000000000000000000000    1.660689103226215516173619512943E+07
        0.103000000000000000000000000000    1.657697847939869053721305087959E+07
        0.104000000000000000000000000000    1.654701001676313721946797891195E+07
        0.105000000000000000000000000000    1.651698575926450837810051662023E+07
        0.106000000000000000000000000000    1.648690582208193385355649928250E+07
        0.107000000000000000000000000000    1.645677032066341012519068095324E+07
        0.108000000000000000000000000000    1.642657937072454709148793777351E+07
        0.109000000000000000000000000000    1.639633308824731167704570604686E+07
        0.110000000000000000000000000000    1.636603158947876828095667070108E+07
        0.111000000000000000000000000000    1.633567499092981608126680356599E+07
        0.112000000000000000000000000000    1.630526340937392321021965451714E+07
        0.113000000000000000000000000000    1.627479696184585781503332124313E+07
        0.114000000000000000000000000000    1.624427576564041601899176447199E+07
        0.115000000000000000000000000000    1.621369993831114679766709422964E+07
        0.116000000000000000000000000000    1.618306959766907378512412839414E+07
        0.117000000000000000000000000000    1.615238486178141402499291675286E+07
        0.118000000000000000000000000000    1.612164584897029368132903127179E+07
        0.119000000000000000000000000000    1.609085267781146072421524565595E+07
        0.120000000000000000000000000000    1.606000546713299460509176383563E+07
        0.121000000000000000000000000000    1.602910433601401293683540707444E+07
        0.122000000000000000000000000000    1.599814940378337519364113229093E+07
        0.123000000000000000000000000000    1.596714079001838344579192924770E+07
        0.124000000000000000000000000000    1.593607861454348014443553082923E+07
        0.125000000000000000000000000000    1.590496299742894297151846804620E+07
        0.126000000000000000000000000000    1.587379405898957677005980901939E+07
        0.127000000000000000000000000000    1.584257191978340256997843836546E+07
        0.128000000000000000000000000000    1.581129670061034372471895949129E+07
        0.129000000000000000000000000000    1.577996852251090917395223666934E+07
        0.130000000000000000000000000000    1.574858750676487384765723578573E+07
        0.131000000000000000000000000000    1.571715377488995622692117170358E+07
        0.132000000000000000000000000000    1.568566744864049307682502565021E+07
        0.133000000000000000000000000000    1.565412865000611136681125730638E+07
        0.134000000000000000000000000000    1.562253750121039739396000274514E+07
        0.135000000000000000000000000000    1.559089412470956312462922043623E+07
        0.136000000000000000000000000000    1.555919864319110976994312260646E+07
        0.137000000000000000000000000000    1.552745117957248861064180773924E+07
        0.138000000000000000000000000000    1.549565185699975908683329132385E+07
        0.139000000000000000000000000000    1.546380079884624416821711555276E+07
        0.140000000000000000000000000000    1.543189812871118302037640394023E+07
        0.141000000000000000000000000000    1.539994397041838098276261323431E+07
        0.142000000000000000000000000000    1.536793844801485687402432195701E+07
        0.143000000000000000000000000000    1.533588168576948764035818188032E+07
        0.144000000000000000000000000000    1.530377380817165036258664518195E+07
        0.145000000000000000000000000000    1.527161493992986163769326538114E+07
        0.146000000000000000000000000000    1.523940520597041435057225389641E+07
        0.147000000000000000000000000000    1.520714473143601185177455566292E+07
        0.148000000000000000000000000000    1.517483364168439955705798617263E+07
        0.149000000000000000000000000000    1.514247206228699398457394803724E+07
        0.150000000000000000000000000000    1.511006011902750924554791720889E+07
        0.151000000000000000000000000000    1.507759793790058100433525681982E+07
        0.152000000000000000000000000000    1.504508564511038792375797971815E+07
        0.153000000000000000000000000000    1.501252336706927061165183868823E+07
        0.154000000000000000000000000000    1.497991123039634808457657555937E+07
        0.155000000000000000000000000000    1.494724936191613176466530644473E+07
        0.156000000000000000000000000000    1.491453788865713702561185973298E+07
        0.157000000000000000000000000000    1.488177693785049230381741570835E+07
        0.158000000000000000000000000000    1.484896663692854579074002133342E+07
        0.159000000000000000000000000000    1.481610711352346972251247033337E+07
        0.160000000000000000000000000000    1.478319849546586228291564681600E+07
        0.161000000000000000000000000000    1.475024091078334713581572980061E+07
        0.162000000000000000000000000000    1.471723448769917060319464576807E+07
        0.163000000000000000000000000000    1.468417935463079650492383624774E+07
        0.164000000000000000000000000000    1.465107564018849867645177709331E+07
        0.165000000000000000000000000000    1.461792347317395118059574504521E+07
        0.166000000000000000000000000000    1.458472298257881622964807501203E+07
        0.167000000000000000000000000000    1.455147429758332983402658781564E+07
        0.168000000000000000000000000000    1.451817754755488519371799252670E+07
        0.169000000000000000000000000000    1.448483286204661384878187956821E+07
        0.170000000000000000000000000000    1.445144037079596460520142009001E+07
        0.171000000000000000000000000000    1.441800020372328025238507332653E+07
        0.172000000000000000000000000000    1.438451249093037208864147636188E+07
        0.173000000000000000000000000000    1.435097736269909227096724956176E+07
        0.174000000000000000000000000000    1.431739494948990400550469552073E+07
        0.175000000000000000000000000000    1.428376538194044959504329934998E+07
        0.176000000000000000000000000000    1.425008879086411635995555313556E+07
        0.177000000000000000000000000000    1.421636530724860044897392707717E+07
        0.178000000000000000000000000000    1.418259506225446855623179382500E+07
        0.179000000000000000000000000000    1.414877818721371756100678052592E+07
        0.180000000000000000000000000000    1.411491481362833210662037473415E+07
        0.181000000000000000000000000000    1.408100507316884013496264530715E+07
        0.182000000000000000000000000000    1.404704909767286639312565736975E+07
        0.183000000000000000000000000000    1.401304701914368392864356107266E+07
        0.184000000000000000000000000000    1.397899896974876358985141688178E+07
        0.185000000000000000000000000000    1.394490508181832154788858520912E+07
        0.186000000000000000000000000000    1.391076548784386485688595503207E+07
        0.187000000000000000000000000000    1.387658032047673506888941445438E+07
        0.188000000000000000000000000000    1.384234971252664992008477564975E+07
        0.189000000000000000000000000000    1.380807379696024310490185701693E+07
        0.190000000000000000000000000000    1.377375270689960215458759638719E+07
        0.191000000000000000000000000000    1.373938657562080443684992049226E+07
        0.192000000000000000000000000000    1.370497553655245129318562735815E+07
        0.193000000000000000000000000000    1.367051972327420033051674958141E+07
        0.194000000000000000000000000000    1.363601926951529588377075731678E+07
        0.195000000000000000000000000000    1.360147430915309766605053001277E+07
        0.196000000000000000000000000000    1.356688497621160762305027523614E+07
        0.197000000000000000000000000000    1.353225140485999500838350109160E+07
        0.198000000000000000000000000000    1.349757372941111969649875554369E+07
        0.199000000000000000000000000000    1.346285208432005374986813116021E+07
        0.200000000000000000000000000000    1.342808660418260125714249720611E+07
        0.201000000000000000000000000000    1.339327742373381645897606241248E+07
        0.202000000000000000000000000000    1.335842467784652017823119092487E+07
        0.203000000000000000000000000000    1.332352850152981457128239069843E+07
        0.204000000000000000000000000000    1.328858902992759621714606776529E+07
        0.205000000000000000000000000000    1.325360639831706756116999116343E+07
        0.206000000000000000000000000000    1.321858074210724673002344170813E+07
        0.207000000000000000000000000000    1.318351219683747573473572303184E+07
        0.208000000000000000000000000000    1.314840089817592707853709524876E+07
        0.209000000000000000000000000000    1.311324698191810878626225005327E+07
        0.210000000000000000000000000000    1.307805058398536787208218088259E+07
        0.211000000000000000000000000000    1.304281184042339226233571281107E+07
        0.212000000000000000000000000000    1.300753088740071119023704395442E+07
        0.213000000000000000000000000000    1.297220786120719407924041320748E+07
        0.214000000000000000000000000000    1.293684289825254793184744798687E+07
        0.215000000000000000000000000000    1.290143613506481324064686017397E+07
        0.216000000000000000000000000000    1.286598770828885843837994853387E+07
        0.217000000000000000000000000000    1.283049775468487290382883140736E+07
        0.218000000000000000000000000000    1.279496641112685854032747432782E+07
        0.219000000000000000000000000000    1.275939381460111994369839330020E+07
        0.220000000000000000000000000000    1.272378010220475317642040569888E+07
        0.221000000000000000000000000000    1.268812541114413316483496700365E+07
        0.222000000000000000000000000000    1.265242987873339973620047281508E+07
        0.223000000000000000000000000000    1.261669364239294231240542169174E+07
        0.224000000000000000000000000000    1.258091683964788327715252526051E+07
        0.225000000000000000000000000000    1.254509960812656003342671769963E+07
        0.226000000000000000000000000000    1.250924208555900576806055702230E+07
        0.227000000000000000000000000000    1.247334440977542894021072553968E+07
        0.228000000000000000000000000000    1.243740671870469151055922640887E+07
        0.229000000000000000000000000000    1.240142915037278592805243722870E+07
        0.230000000000000000000000000000    1.236541184290131089099042019729E+07
        0.231000000000000000000000000000    1.232935493450594589927780135917E+07
        0.232000000000000000000000000000    1.229325856349492461464611891899E+07
        0.233000000000000000000000000000    1.225712286826750704565580246576E+07
        0.234000000000000000000000000000    1.222094798731245057428388122003E+07
        0.235000000000000000000000000000    1.218473405920647984090113007986E+07
        0.236000000000000000000000000000    1.214848122261275550443964729676E+07
        0.237000000000000000000000000000    1.211218961627934189454881706330E+07
        0.238000000000000000000000000000    1.207585937903767357253424415038E+07
        0.239000000000000000000000000000    1.203949064980102081787055600739E+07
        0.240000000000000000000000000000    1.200308356756295405707495045596E+07
        0.241000000000000000000000000000    1.196663827139580725172402429238E+07
        0.242000000000000000000000000000    1.193015490044914026239174979939E+07
        0.243000000000000000000000000000    1.189363359394820020528147239207E+07
        0.244000000000000000000000000000    1.185707449119238181831948342979E+07
        0.245000000000000000000000000000    1.182047773155368685347207766666E+07
        0.246000000000000000000000000000    1.178384345447518251204203494178E+07
        0.247000000000000000000000000000    1.174717179946945893969417059000E+07
        0.248000000000000000000000000000    1.171046290611708579795297875074E+07
        0.249000000000000000000000000000    1.167371691406506792890844733963E+07
        0.250000000000000000000000000000    1.163693396302530012985885300437E+07
        0.251000000000000000000000000000    1.160011419277302105461174899622E+07
        0.252000000000000000000000000000    1.156325774314526625815643864260E+07
        0.253000000000000000000000000000    1.152636475403932040141298209993E+07
        0.254000000000000000000000000000    1.148943536541116863275421440074E+07
        0.255000000000000000000000000000    1.145246971727394716298835859253E+07
        0.256000000000000000000000000000    1.141546794969639305048059911051E+07
        0.257000000000000000000000000000    1.137843020280129321308243755154E+07
        0.258000000000000000000000000000    1.134135661676393268352778584543E+07
        0.259000000000000000000000000000    1.130424733181054212494456058332E+07
        0.260000000000000000000000000000    1.126710248821674462312002709560E+07
        0.261000000000000000000000000000    1.122992222630600177214730291611E+07
        0.262000000000000000000000000000    1.119270668644805907006926767054E+07
        0.263000000000000000000000000000    1.115545600905739064112464033884E+07
        0.264000000000000000000000000000    1.111817033459164330118917542066E+07
        0.265000000000000000000000000000    1.108084980355007998299279694430E+07
        0.266000000000000000000000000000    1.104349455647202253768103367110E+07
        0.267000000000000000000000000000    1.100610473393529392927634043446E+07
        0.268000000000000000000000000000    1.096868047655465983858178949521E+07
        0.269000000000000000000000000000    1.093122192498026969305619227904E+07
        0.270000000000000000000000000000    1.089372921989609713917596607811E+07
        0.271000000000000000000000000000    1.085620250201837997378499244496E+07
        0.272000000000000000000000000000    1.081864191209405955091932428431E+07
        0.273000000000000000000000000000    1.078104759089921968057888726512E+07
        0.274000000000000000000000000000    1.074341967923752503590328834501E+07
        0.275000000000000000000000000000    1.070575831793865908519349014001E+07
        0.276000000000000000000000000000    1.066806364785676156520543480884E+07
        0.277000000000000000000000000000    1.063033580986886551212570528250E+07
        0.278000000000000000000000000000    1.059257494487333386662299529125E+07
        0.279000000000000000000000000000    1.055478119378829566935252296304E+07
        0.280000000000000000000000000000    1.051695469755008186327356603557E+07
        0.281000000000000000000000000000    1.047909559711166071912302018937E+07
        0.282000000000000000000000000000    1.044120403344107290037028592910E+07
        0.283000000000000000000000000000    1.040328014751986618396087407494E+07
        0.284000000000000000000000000000    1.036532408034152985313788554464E+07
        0.285000000000000000000000000000    1.032733597290992877861196797982E+07
        0.286000000000000000000000000000    1.028931596623773720433148017789E+07
        0.287000000000000000000000000000    1.025126420134487225408540551395E+07
        0.288000000000000000000000000000    1.021318081925692717515204786569E+07
        0.289000000000000000000000000000    1.017506596100360433518671828155E+07
        0.290000000000000000000000000000    1.013691976761714798852147805638E+07
        0.291000000000000000000000000000    1.009874238013077682802954430579E+07
        0.292000000000000000000000000000    1.006053393957711633868618786673E+07
        0.293000000000000000000000000000    1.002229458698663096893686071513E+07
        0.294000000000000000000000000000    9.984024463386056135961881399314E+06
        0.295000000000000000000000000000    9.945723709796830080905282566046E+06
        0.296000000000000000000000000000    9.907392467233525590113384834723E+06
        0.297000000000000000000000000000    9.869030876702281598406306389323E+06
        0.298000000000000000000000000000    9.830639079199234690382948047474E+06
        0.299000000000000000000000000000    9.792217215708950515737009577180E+06
        0.300000000000000000000000000000    9.753765427202855134538295014583E+06
        0.301000000000000000000000000000    9.715283854637666308409953046388E+06
        0.302000000000000000000000000000    9.676772638953824753508373518678E+06
        0.303000000000000000000000000000    9.638231921073925371188223185765E+06
        0.304000000000000000000000000000    9.599661841901148472210553288805E+06
        0.305000000000000000000000000000    9.561062542317691010327048830142E+06
        0.306000000000000000000000000000    9.522434163183197841048314866214E+06
        0.307000000000000000000000000000    9.483776845333193021378609165094E+06
        0.308000000000000000000000000000    9.445090729577511166273633554885E+06
        0.309000000000000000000000000000    9.406375956698728877551888621836E+06
        0.310000000000000000000000000000    9.367632667450596260963678502482E+06
        0.311000000000000000000000000000    9.328861002556468547095124757873E+06
        0.312000000000000000000000000000    9.290061102707737831757511130030E+06
        0.313000000000000000000000000000    9.251233108562264951484934776334E+06
        0.314000000000000000000000000000    9.212377160742811509735584776537E+06
        0.315000000000000000000000000000    9.173493399835472069364005734035E+06
        0.316000000000000000000000000000    9.134581966388106526903433577738E+06
        0.317000000000000000000000000000    9.095643000908772684168712647309E+06
        0.318000000000000000000000000000    9.056676643864159032661418252065E+06
        0.319000000000000000000000000000    9.017683035678017766229617576050E+06
        0.320000000000000000000000000000    8.978662316729598037405204507314E+06
        0.321000000000000000000000000000    8.939614627352079472811941151477E+06
        0.322000000000000000000000000000    8.900540107831005963007230906182E+06
        0.323000000000000000000000000000    8.861438898402719742090235486513E+06
        0.324000000000000000000000000000    8.822311139252795772378231669257E+06
        0.325000000000000000000000000000    8.783156970514476449422083237765E+06
        0.326000000000000000000000000000    8.743976532267106642600380135561E+06
        0.327000000000000000000000000000    8.704769964534569086500170656924E+06
        0.328000000000000000000000000000    8.665537407283720138260284101840E+06
        0.329000000000000000000000000000    8.626279000422825916021011191352E+06
        0.330000000000000000000000000000    8.586994883799998833591378171842E+06
        0.331000000000000000000000000000    8.547685197201634546412418432605E+06
        0.332000000000000000000000000000    8.508350080350849323861713123595E+06
        0.333000000000000000000000000000    8.468989672905917862911040197780E+06
        0.334000000000000000000000000000    8.429604114458711558115240027467E+06
        0.335000000000000000000000000000    8.390193544533137242876375773425E+06
        0.336000000000000000000000000000    8.350758102583576416892938540770E+06
        0.337000000000000000000000000000    8.311297927993324974669221562292E+06
        0.338000000000000000000000000000    8.271813160073033449925064738196E+06
        0.339000000000000000000000000000    8.232303938059147790710951365432E+06
        0.340000000000000000000000000000    8.192770401112350679997923348803E+06
        0.341000000000000000000000000000    8.153212688316003416475970142621E+06
        0.342000000000000000000000000000    8.113630938674588370258440673307E+06
        0.343000000000000000000000000000    8.074025291112152028153627091300E+06
        0.344000000000000000000000000000    8.034395884470748643127974950854E+06
        0.345000000000000000000000000000    7.994742857508884502548386878475E+06
        0.346000000000000000000000000000    7.955066348899962829753806529136E+06
        0.347000000000000000000000000000    7.915366497230729333468697212099E+06
        0.348000000000000000000000000000    7.875643440999718419533165567564E+06
        0.349000000000000000000000000000    7.835897318615700079386325667973E+06
        0.350000000000000000000000000000    7.796128268396127469701053483992E+06
        0.351000000000000000000000000000    7.756336428565585197529546379771E+06
        0.352000000000000000000000000000    7.716521937254238325280077773423E+06
        0.353000000000000000000000000000    7.676684932496282109806023909630E+06
        0.354000000000000000000000000000    7.636825552228392489848638438266E+06
        0.355000000000000000000000000000    7.596943934288177336035161776652E+06
        0.356000000000000000000000000000    7.557040216412628477593676657934E+06
        0.357000000000000000000000000000    7.517114536236574519905659442563E+06
        0.358000000000000000000000000000    7.477167031291134466976429306215E+06
        0.359000000000000000000000000000    7.437197839002172162862664931941E+06
        0.360000000000000000000000000000    7.397207096688751566054841446809E+06
        0.361000000000000000000000000000    7.357194941561592870770839677671E+06
        0.362000000000000000000000000000    7.317161510721529489075095984520E+06
        0.363000000000000000000000000000    7.277106941157965907695494594587E+06
        0.364000000000000000000000000000    7.237031369747336433367756140933E+06
        0.365000000000000000000000000000    7.196934933251564840494346644701E+06
        0.366000000000000000000000000000    7.156817768316524934861921112824E+06
        0.367000000000000000000000000000    7.116680011470502047118025899094E+06
        0.368000000000000000000000000000    7.076521799122655469664214645833E+06
        0.369000000000000000000000000000    7.036343267561481850578884639412E+06
        0.370000000000000000000000000000    6.996144552953279558139014432517E+06
        0.371000000000000000000000000000    6.955925791340614029465580269998E+06
        0.372000000000000000000000000000    6.915687118640784116772748867317E+06
        0.373000000000000000000000000000    6.875428670644289444655988098828E+06
        0.374000000000000000000000000000    6.835150583013298791809005828288E+06
        0.375000000000000000000000000000    6.794852991280119510513921130749E+06
        0.376000000000000000000000000000    6.754536030845667997203292191321E+06
        0.377000000000000000000000000000    6.714199836977941227346571903473E+06
        0.378000000000000000000000000000    6.673844544810489367867236312486E+06
        0.379000000000000000000000000000    6.633470289340889480250233246290E+06
        0.380000000000000000000000000000    6.593077205429220327452529437833E+06
        0.381000000000000000000000000000    6.552665427796538297682394864881E+06
        0.382000000000000000000000000000    6.512235091023354458065653612892E+06
        0.383000000000000000000000000000    6.471786329548112751169452005400E+06
        0.384000000000000000000000000000    6.431319277665669347306147748832E+06
        0.385000000000000000000000000000    6.390834069525773165491709112277E+06
        0.386000000000000000000000000000    6.350330839131547575884531418455E+06
        0.387000000000000000000000000000    6.309809720337973296481830073676E+06
        0.388000000000000000000000000000    6.269270846850372496801755729207E+06
        0.389000000000000000000000000000    6.228714352222894121230098664095E+06
        0.390000000000000000000000000000    6.188140369857000444660906833357E+06
        0.391000000000000000000000000000    6.147549032999954873010535961779E+06
        0.392000000000000000000000000000    6.106940474743311001134581311373E+06
        0.393000000000000000000000000000    6.066314828021402940626810042178E+06
        0.394000000000000000000000000000    6.025672225609836929928621156373E+06
        0.395000000000000000000000000000    5.985012800123984239126707602851E+06
        0.396000000000000000000000000000    5.944336684017475381765482964071E+06
        0.397000000000000000000000000000    5.903644009580695645949463993105E+06
        0.398000000000000000000000000000    5.862934908939281956959170862685E+06
        0.399000000000000000000000000000    5.822209514052621083552220079166E+06
        0.400000000000000000000000000000    5.781467956712349200069141354684E+06
        0.401000000000000000000000000000    5.740710368540852816411050075287E+06
        0.402000000000000000000000000000    5.699936880989771087903652108908E+06
        0.403000000000000000000000000000    5.659147625338499517009148325031E+06
        0.404000000000000000000000000000    5.618342732692695058794443110563E+06
        0.405000000000000000000000000000    5.577522333982782642010645129312E+06
        0.406000000000000000000000000000    5.536686559962463117585180353564E+06
        0.407000000000000000000000000000    5.495835541207222646273917766310E+06
        0.408000000000000000000000000000    5.454969408112843537166537864719E+06
        0.409000000000000000000000000000    5.414088290893916548683953965257E+06
        0.410000000000000000000000000000    5.373192319582354663651927096499E+06
        0.411000000000000000000000000000    5.332281624025908349980097747747E+06
        0.412000000000000000000000000000    5.291356333886682318420492703067E+06
        0.413000000000000000000000000000    5.250416578639653788824153416645E+06
        0.414000000000000000000000000000    5.209462487571192276258874664133E+06
        0.415000000000000000000000000000    5.168494189777580908295139326043E+06
        0.416000000000000000000000000000    5.127511814163539284711187915453E+06
        0.417000000000000000000000000000    5.086515489440747890811770648019E+06
        0.418000000000000000000000000000    5.045505344126374075498496264360E+06
        0.419000000000000000000000000000    5.004481506541599605172816252204E+06
        0.420000000000000000000000000000    4.963444104810149804495566379647E+06
        0.421000000000000000000000000000    4.922393266856824294969630344630E+06
        0.422000000000000000000000000000    4.881329120406029342254693674842E+06
        0.423000000000000000000000000000    4.840251792980311823065220584181E+06
        0.424000000000000000000000000000    4.799161411898894822444713116219E+06
        0.425000000000000000000000000000    4.758058104276214872151001393421E+06
        0.426000000000000000000000000000    4.716941997020460840828766956704E+06
        0.427000000000000000000000000000    4.675813216832114486586718838792E+06
        0.428000000000000000000000000000    4.634671890202492682537824984254E+06
        0.429000000000000000000000000000    4.593518143412291325801750728282E+06
        0.430000000000000000000000000000    4.552352102530130940409172096503E+06
        0.431000000000000000000000000000    4.511173893411103984487915512386E+06
        0.432000000000000000000000000000    4.469983641695323872050927921841E+06
        0.433000000000000000000000000000    4.428781472806475719645903193151E+06
        0.434000000000000000000000000000    4.387567511950368828065982752551E+06
        0.435000000000000000000000000000    4.346341884113490909260311601696E+06
        0.436000000000000000000000000000    4.305104714061564068522365964610E+06
        0.437000000000000000000000000000    4.263856126338102551972876661712E+06
        0.438000000000000000000000000000    4.222596245262972269292853742206E+06
        0.439000000000000000000000000000    4.181325194930952101600673759864E+06
        0.440000000000000000000000000000    4.140043099210297004305422189182E+06
        0.441000000000000000000000000000    4.098750081741302914706690688468E+06
        0.442000000000000000000000000000    4.057446265934873474048813064732E+06
        0.443000000000000000000000000000    4.016131774971088573675085724672E+06
        0.444000000000000000000000000000    3.974806731797774734864858950565E+06
        0.445000000000000000000000000000    3.933471259129077331873505364556E+06
        0.446000000000000000000000000000    3.892125479444034667632172286453E+06
        0.447000000000000000000000000000    3.850769514985153911500906196516E+06
        0.448000000000000000000000000000    3.809403487756988908405201034995E+06
        0.449000000000000000000000000000    3.768027519524719868622268454895E+06
        0.450000000000000000000000000000    3.726641731812734947419358245164E+06
        0.451000000000000000000000000000    3.685246245903213723682271811084E+06
        0.452000000000000000000000000000    3.643841182834712586607811691095E+06
        0.453000000000000000000000000000    3.602426663400752039469296459631E+06
        0.454000000000000000000000000000    3.561002808148405929399443870065E+06
        0.455000000000000000000000000000    3.519569737376892612069886587678E+06
        0.456000000000000000000000000000    3.478127571136168060081335208014E+06
        0.457000000000000000000000000000    3.436676429225520923812943310216E+06
        0.458000000000000000000000000000    3.395216431192169553413759918196E+06
        0.459000000000000000000000000000    3.353747696329860990553276795830E+06
        0.460000000000000000000000000000    3.312270343677471938481992347764E+06
        0.461000000000000000000000000000    3.270784492017611718886621397739E+06
        0.462000000000000000000000000000    3.229290259875227223958081635158E+06
        0.463000000000000000000000000000    3.187787765516209872023683922451E+06
        0.464000000000000000000000000000    3.146277126946004575028045805683E+06
        0.465000000000000000000000000000    3.104758461908220726080136334868E+06
        0.466000000000000000000000000000    3.063231887883245215216546544940E+06
        0.467000000000000000000000000000    3.021697522086857481463564540734E+06
        0.468000000000000000000000000000    2.980155481468846609212917937295E+06
        0.469000000000000000000000000000    2.938605882711630476858130298859E+06
        0.470000000000000000000000000000    2.897048842228876965570323064894E+06
        0.471000000000000000000000000000    2.855484476164127236023981119049E+06
        0.472000000000000000000000000000    2.813912900389421080814689516751E+06
        0.473000000000000000000000000000    2.772334230503924360242141809832E+06
        0.474000000000000000000000000000    2.730748581832558529062817762811E+06
        0.475000000000000000000000000000    2.689156069424632261747630916397E+06
        0.476000000000000000000000000000    2.647556808052475183710555291001E+06
        0.477000000000000000000000000000    2.605950912210073715904756408264E+06
        0.478000000000000000000000000000    2.564338496111709040113075614009E+06
        0.479000000000000000000000000000    2.522719673690597192189849283823E+06
        0.480000000000000000000000000000    2.481094558597531290440986755278E+06
        0.481000000000000000000000000000    2.439463264199525906258983631191E+06
        0.482000000000000000000000000000    2.397825903578463584059111309264E+06
        0.483000000000000000000000000000    2.356182589529743517492400087677E+06
        0.484000000000000000000000000000    2.314533434560932388840222846849E+06
        0.485000000000000000000000000000    2.272878550890417378424289987587E+06
        0.486000000000000000000000000000    2.231218050446061350794684888164E+06
        0.487000000000000000000000000000    2.189552044863860224387203500596E+06
        0.488000000000000000000000000000    2.147880645486602531269712712205E+06
        0.489000000000000000000000000000    2.106203963362531173525510625456E+06
        0.490000000000000000000000000000    2.064522109244007382749758829463E+06
        0.491000000000000000000000000000    2.022835193586176889062962923072E+06
        0.492000000000000000000000000000    1.981143326545638305973203874148E+06
        0.493000000000000000000000000000    1.939446617979113737346370134685E+06
        0.494000000000000000000000000000    1.897745177442121612671009648256E+06
        0.495000000000000000000000000000    1.856039114187651756731612856515E+06
        0.496000000000000000000000000000    1.814328537164842699731153405922E+06
        0.497000000000000000000000000000    1.772613555017661233830553345279E+06
        0.498000000000000000000000000000    1.730894276083584221999405059116E+06
        0.499000000000000000000000000000    1.689170808392282664998773871281E+06
        0.500000000000000000000000000000    1.647443259664308032243224046408E+06
        0.501000000000000000000000000000    1.605711737309780862215357683008E+06
        0.502000000000000000000000000000    1.563976348427081638032131598822E+06
        0.503000000000000000000000000000    1.522237199801543943688022624361E+06
        0.504000000000000000000000000000    1.480494397904149906425747611041E+06
        0.505000000000000000000000000000    1.438748048890227930610711792273E+06
        0.506000000000000000000000000000    1.396998258598152728410658774690E+06
        0.507000000000000000000000000000    1.355245132548047652507128247222E+06
        0.508000000000000000000000000000    1.313488775940489335990294341803E+06
        0.509000000000000000000000000000    1.271729293655214644513559324343E+06
        0.510000000000000000000000000000    1.229966790249829945708914800473E+06
        0.511000000000000000000000000000    1.188201369958522700788556748779E+06
        0.512000000000000000000000000000    1.146433136690775383182552305437E+06
        0.513000000000000000000000000000    1.104662194030081728986506177574E+06
        0.514000000000000000000000000000    1.062888645232665323917163717080E+06
        0.515000000000000000000000000000    1.021112593226200531397716899275E+06
        0.516000000000000000000000000000    9.793341406085357663182495781908E+05
        0.517000000000000000000000000000    9.375533896464191189402702877204E+05
        0.518000000000000000000000000000    8.957704422742263333376353794031E+05
        0.519000000000000000000000000000    8.539854000926911446893632863585E+05
        0.520000000000000000000000000000    8.121983643676379796628830304642E+05
        0.521000000000000000000000000000    7.704094360287170240491475968521E+05
        0.522000000000000000000000000000    7.286187156681416617337763353835E+05
        0.523000000000000000000000000000    6.868263035394282890109709608474E+05
        0.524000000000000000000000000000    6.450322995561385081693778587399E+05
        0.525000000000000000000000000000    6.032368032906237042013461067767E+05
        0.526000000000000000000000000000    5.614399139727720084091567374618E+05
        0.527000000000000000000000000000    5.196417304887576526037751363343E+05
        0.528000000000000000000000000000    4.778423513797927175135059346742E+05
        0.529000000000000000000000000000    4.360418748408812789416091536660E+05
        0.530000000000000000000000000000    3.942403987195759551334685269129E+05
        0.531000000000000000000000000000    3.524380205147368587352887057830E+05
        0.532000000000000000000000000000    3.106348373752929566475382716923E+05
        0.533000000000000000000000000000    2.688309460990058409974509737808E+05
        0.534000000000000000000000000000    2.270264431312359143758492104534E+05
        0.535000000000000000000000000000    1.852214245637109924043623081348E+05
        0.536000000000000000000000000000    1.434159861332973266197784477292E+05
        0.537000000000000000000000000000    1.016102232207730505827939742361E+05
        0.538000000000000000000000000000    5.980423084960405203880812146360E+04
        0.539000000000000000000000000000    1.799810368472227387865571358886E+04
        0.540000000000000000000000000000   -2.380806396869355343272401170978E+04
        0.541000000000000000000000000000   -6.561417816643474537171685979557E+04
        0.542000000000000000000000000000   -1.074201453264770603077656756047E+05
        0.543000000000000000000000000000   -1.492258722301926574639154988239E+05
        0.544000000000000000000000000000   -1.910312660235596135391245422729E+05
        0.545000000000000000000000000000   -2.328362342183689957258705819064E+05
        0.546000000000000000000000000000   -2.746406846934294889372933412205E+05
        0.547000000000000000000000000000   -3.164445256957695751389577124949E+05
        0.548000000000000000000000000000   -3.582476658418372627612993792081E+05
        0.549000000000000000000000000000   -4.000500141186973642499227873961E+05
        0.550000000000000000000000000000   -4.418514798852263198921606602545E+05
        0.551000000000000000000000000000   -4.836519728733045661396735638115E+05
        0.552000000000000000000000000000   -5.254514031890064467283666183360E+05
        0.553000000000000000000000000000   -5.672496813137876649785275189804E+05
        0.554000000000000000000000000000   -6.090467181056702757398447911738E+05
        0.555000000000000000000000000000   -6.508424248004252155278468751202E+05
        0.556000000000000000000000000000   -6.926367130127523694803104256075E+05
        0.557000000000000000000000000000   -7.344294947374581738443193469417E+05
        0.558000000000000000000000000000   -7.762206823506307527869137795317E+05
        0.559000000000000000000000000000   -8.180101886108125884046497384546E+05
        0.560000000000000000000000000000   -8.597979266601707228898946018866E+05
        0.561000000000000000000000000000   -9.015838100256644918943103879607E+05
        0.562000000000000000000000000000   -9.433677526202107882127249745368E+05
        0.563000000000000000000000000000   -9.851496687438468549934603424413E+05
        0.564000000000000000000000000000   -1.026929473084890607764175796684E+06
        0.565000000000000000000000000000   -1.068707080721098484645392182579E+06
        0.566000000000000000000000000000   -1.110482407120820824207089608051E+06
        0.567000000000000000000000000000   -1.152255368144154770507115356157E+06
        0.568000000000000000000000000000   -1.194025880044094704933599772307E+06
        0.569000000000000000000000000000   -1.235793859467680204557155191309E+06
        0.570000000000000000000000000000   -1.277559223457141526782325685548E+06
        0.571000000000000000000000000000   -1.319321889451042620171562825907E+06
        0.572000000000000000000000000000   -1.361081775285421661398924013059E+06
        0.573000000000000000000000000000   -1.402838799194929118374724523275E+06
        0.574000000000000000000000000000   -1.444592879813963339666521487955E+06
        0.575000000000000000000000000000   -1.486343936177803670426066860772E+06
        0.576000000000000000000000000000   -1.528091887723741095116236295260E+06
        0.577000000000000000000000000000   -1.569836654292206407416421036499E+06
        0.578000000000000000000000000000   -1.611578156127895907769459704473E+06
        0.579000000000000000000000000000   -1.653316313880894629117885498139E+06
        0.580000000000000000000000000000   -1.695051048607797091462071166135E+06
        0.581000000000000000000000000000   -1.736782281772825585957768363809E+06
        0.582000000000000000000000000000   -1.778509935248945989355559041582E+06
        0.583000000000000000000000000000   -1.820233931318981109669863585053E+06
        0.584000000000000000000000000000   -1.861954192676721564050382854529E+06
        0.585000000000000000000000000000   -1.903670642428034189914188356466E+06
        0.586000000000000000000000000000   -1.945383204091967990482115830627E+06
        0.587000000000000000000000000000   -1.987091801601857615948661867608E+06
        0.588000000000000000000000000000   -2.028796359306424381600230098177E+06
        0.589000000000000000000000000000   -2.070496801970874824282322338894E+06
        0.590000000000000000000000000000   -2.112193054777996798702120161903E+06
        0.591000000000000000000000000000   -2.153885043329253115138853008371E+06
        0.592000000000000000000000000000   -2.195572693645872720220399516609E+06
        0.593000000000000000000000000000   -2.237255932169939422510718523095E+06
        0.594000000000000000000000000000   -2.278934685765478164738954556935E+06
        0.595000000000000000000000000000   -2.320608881719538844587408929339E+06
        0.596000000000000000000000000000   -2.362278447743277686042011066998E+06
        0.597000000000000000000000000000   -2.403943311973036163395464903336E+06
        0.598000000000000000000000000000   -2.445603402971417480079881280253E+06
        0.599000000000000000000000000000   -2.487258649728360604592438784862E+06
        0.600000000000000000000000000000   -2.528908981662211865864441614811E+06
        0.601000000000000000000000000000   -2.570554328620794110511063300237E+06
        0.602000000000000000000000000000   -2.612194620882473424486078782476E+06
        0.603000000000000000000000000000   -2.653829789157223421752993836105E+06
        0.604000000000000000000000000000   -2.695459764587687102671179502467E+06
        0.605000000000000000000000000000   -2.737084478750236284882909464954E+06
        0.606000000000000000000000000000   -2.778703863656028609574579528463E+06
        0.607000000000000000000000000000   -2.820317851752062126072859961785E+06
        0.608000000000000000000000000000   -2.861926375922227457824092820609E+06
        0.609000000000000000000000000000   -2.903529369488357552892896893361E+06
        0.610000000000000000000000000000   -2.945126766211275022203682009764E+06
        0.611000000000000000000000000000   -2.986718500291837068836601534793E+06
        0.612000000000000000000000000000   -3.028304506371978011777386355336E+06
        0.613000000000000000000000000000   -3.069884719535749407608504974634E+06
        0.614000000000000000000000000000   -3.111459075310357773717181886382E+06
        0.615000000000000000000000000000   -3.153027509667199916683979636961E+06
        0.616000000000000000000000000000   -3.194589959022895869603908336011E+06
        0.617000000000000000000000000000   -3.236146360240319442180369282679E+06
        0.618000000000000000000000000000   -3.277696650629626387520666282387E+06
        0.619000000000000000000000000000   -3.319240767949280189650328586723E+06
        0.620000000000000000000000000000   -3.360778650407075475852082651882E+06
        0.621000000000000000000000000000   -3.402310236661159058023985538618E+06
        0.622000000000000000000000000000   -3.443835465821048607339990233626E+06
        0.623000000000000000000000000000   -3.485354277448648966585051928280E+06
        0.624000000000000000000000000000   -3.526866611559266104625803820482E+06
        0.625000000000000000000000000000   -3.568372408622618717566830788756E+06
        0.626000000000000000000000000000   -3.609871609563847481231648809613E+06
        0.627000000000000000000000000000   -3.651364155764521959696656739626E+06
        0.628000000000000000000000000000   -3.692849989063645174695564557884E+06
        0.629000000000000000000000000000   -3.734329051758655840801117863005E+06
        0.630000000000000000000000000000   -3.775801286606428271380331847362E+06
        0.631000000000000000000000000000   -3.817266636824269960408918640763E+06
        0.632000000000000000000000000000   -3.858725046090916845320139342785E+06
        0.633000000000000000000000000000   -3.900176458547526256152935769137E+06
        0.634000000000000000000000000000   -3.941620818798667556353896449898E+06
        0.635000000000000000000000000000   -3.983058071913310480677386268948E+06
        0.636000000000000000000000000000   -4.024488163425811175718018862367E+06
        0.637000000000000000000000000000   -4.065911039336895948699575042733E+06
        0.638000000000000000000000000000   -4.107326646114642730234468635229E+06
        0.639000000000000000000000000000   -4.148734930695460256857932755055E+06
        0.640000000000000000000000000000   -4.190135840485064979231244284219E+06
        0.641000000000000000000000000000   -4.231529323359455701998521685505E+06
        0.642000000000000000000000000000   -4.272915327665885961371920893915E+06
        0.643000000000000000000000000000   -4.314293802223834146610415428881E+06
        0.644000000000000000000000000000   -4.355664696325971371647779657136E+06
        0.645000000000000000000000000000   -4.397027959739127103215897895646E+06
        0.646000000000000000000000000000   -4.438383542705252551900096371232E+06
        0.647000000000000000000000000000   -4.479731395942381832653839549478E+06
        0.648000000000000000000000000000   -4.521071470645590901390846616920E+06
        0.649000000000000000000000000000   -4.562403718487954274363467560134E+06
        0.650000000000000000000000000000   -4.603728091621499537127010952002E+06
        0.651000000000000000000000000000   -4.645044542678159649980636853859E+06
        0.652000000000000000000000000000   -4.686353024770723056866417803335E+06
        0.653000000000000000000000000000   -4.727653491493781604799228318537E+06
        0.654000000000000000000000000000   -4.768945896924676280991248352802E+06
        0.655000000000000000000000000000   -4.810230195624440774926058330044E+06
        0.656000000000000000000000000000   -4.851506342638742872728562434191E+06
        0.657000000000000000000000000000   -4.892774293498823691268302379215E+06
        0.658000000000000000000000000000   -4.934034004222434759525115616874E+06
        0.659000000000000000000000000000   -4.975285431314772954837549522046E+06
        0.660000000000000000000000000000   -5.016528531769413301745966211094E+06
        0.661000000000000000000000000000   -5.057763263069239641233860984519E+06
        0.662000000000000000000000000000   -5.098989583187373178262570634644E+06
        0.663000000000000000000000000000   -5.140207450588098915586265722627E+06
        0.664000000000000000000000000000   -5.181416824227789981925903113216E+06
        0.665000000000000000000000000000   -5.222617663555829862672661273649E+06
        0.666000000000000000000000000000   -5.263809928515532541383290814811E+06
        0.667000000000000000000000000000   -5.304993579545060560421786204535E+06
        0.668000000000000000000000000000   -5.346168577578341009193821248042E+06
        0.669000000000000000000000000000   -5.387334884045979448512490548639E+06
        0.670000000000000000000000000000   -5.428492460876171779726061479597E+06
        0.671000000000000000000000000000   -5.469641270495614067330665968894E+06
        0.672000000000000000000000000000   -5.510781275830410323883148382443E+06
        0.673000000000000000000000000000   -5.551912440306978266121634755439E+06
        0.674000000000000000000000000000   -5.593034727852953051293799339618E+06
        0.675000000000000000000000000000   -5.634148102898089002785276687127E+06
        0.676000000000000000000000000000   -5.675252530375159334233201067350E+06
        0.677000000000000000000000000000   -5.716347975720853881402449706033E+06
        0.678000000000000000000000000000   -5.757434404876674851194821948362E+06
        0.679000000000000000000000000000   -5.798511784289830597254102788028E+06
        0.680000000000000000000000000000   -5.839580080914127431722736088866E+06
        0.681000000000000000000000000000   -5.880639262210859482798670077510E+06
        0.682000000000000000000000000000   -5.921689296149696607833835134891E+06
        0.683000000000000000000000000000   -5.962730151209570371808671399083E+06
        0.684000000000000000000000000000   -6.003761796379558101110141056525E+06
        0.685000000000000000000000000000   -6.044784201159765022633737295348E+06
        0.686000000000000000000000000000   -6.085797335562204498323138582710E+06
        0.687000000000000000000000000000   -6.126801170111676365354353074524E+06
        0.688000000000000000000000000000   -6.167795675846643392264453445031E+06
        0.689000000000000000000000000000   -6.208780824320105861418317116860E+06
        0.690000000000000000000000000000   -6.249756587600474288300160668760E+06
        0.691000000000000000000000000000   -6.290722938272440288210089994708E+06
        0.692000000000000000000000000000   -6.331679849437845601039379488735E+06
        0.693000000000000000000000000000   -6.372627294716549284891744046485E+06
        0.694000000000000000000000000000   -6.413565248247293089411476926518E+06
        0.695000000000000000000000000000   -6.454493684688565019772994428860E+06
        0.696000000000000000000000000000   -6.495412579219461102380054860072E+06
        0.697000000000000000000000000000   -6.536321907540545363416704305626E+06
        0.698000000000000000000000000000   -6.577221645874708031485845272005E+06
        0.699000000000000000000000000000   -6.618111770968021975665226250799E+06
        0.700000000000000000000000000000   -6.658992260090597390404610661024E+06
        0.701000000000000000000000000000   -6.699863091037434738781902417963E+06
        0.702000000000000000000000000000   -6.740724242129275965730082538630E+06
        0.703000000000000000000000000000   -6.781575692213453992940946715328E+06
        0.704000000000000000000000000000   -6.822417420664740507245827667433E+06
        0.705000000000000000000000000000   -6.863249407386192054367738323221E+06
        0.706000000000000000000000000000   -6.904071632809994450033682502167E+06
        0.707000000000000000000000000000   -6.944884077898305520530248785598E+06
        0.708000000000000000000000000000   -6.985686724144096184880030709998E+06
        0.709000000000000000000000000000   -7.026479553571989890910902330928E+06
        0.710000000000000000000000000000   -7.067262548739100417584722632959E+06
        0.711000000000000000000000000000   -7.108035692735868056046645256964E+06
        0.712000000000000000000000000000   -7.148798969186894181950871643670E+06
        0.713000000000000000000000000000   -7.189552362251774231713406022930E+06
        0.714000000000000000000000000000   -7.230295856625929095437149791465E+06
        0.715000000000000000000000000000   -7.271029437541434939349510806124E+06
        0.716000000000000000000000000000   -7.311753090767851470687600071505E+06
        0.717000000000000000000000000000   -7.352466802613048658061044325315E+06
        0.718000000000000000000000000000   -7.393170559924031920417458235644E+06
        0.719000000000000000000000000000   -7.433864350087765797830694443655E+06
        0.720000000000000000000000000000   -7.474548161031996117427123643742E+06
        0.721000000000000000000000000000   -7.515221981226070667860390430508E+06
        0.722000000000000000000000000000   -7.555885799681758395840343905923E+06
        0.723000000000000000000000000000   -7.596539605954067138317155187632E+06
        0.724000000000000000000000000000   -7.637183390142059904017007156071E+06
        0.725000000000000000000000000000   -7.677817142889669718121175198171E+06
        0.726000000000000000000000000000   -7.718440855386513043975811532084E+06
        0.727000000000000000000000000000   -7.759054519368701795815300122590E+06
        0.728000000000000000000000000000   -7.799658127119653956577664421536E+06
        0.729000000000000000000000000000   -7.840251671470902814986186401542E+06
        0.730000000000000000000000000000   -7.880835145802904836167132813290E+06
        0.731000000000000000000000000000   -7.921408544045846180169283514534E+06
        0.732000000000000000000000000000   -7.961971860680447882846817329610E+06
        0.733000000000000000000000000000   -8.002525090738769713663033447492E+06
        0.734000000000000000000000000000   -8.043068229805012725068371109417E+06
        0.735000000000000000000000000000   -8.083601274016320508202237538030E+06
        0.736000000000000000000000000000   -8.124124220063579169764263992276E+06
        0.737000000000000000000000000000   -8.164637065192216044996782778538E+06
        0.738000000000000000000000000000   -8.205139807202997161816554300702E+06
        0.739000000000000000000000000000   -8.245632444452823471230073091189E+06
        0.740000000000000000000000000000   -8.286114975855525859263145542100E+06
        0.741000000000000000000000000000   -8.326587400882658955731860070374E+06
        0.742000000000000000000000000000   -8.367049719564293755278563032837E+06
        0.743000000000000000000000000000   -8.407501932489809066193011194830E+06
        0.744000000000000000000000000000   -8.447944040808681802635494298356E+06
        0.745000000000000000000000000000   -8.488376046231276135975409630095E+06
        0.746000000000000000000000000000   -8.528797951029631521055524823798E+06
        0.747000000000000000000000000000   -8.569209758038249613288985822518E+06
        0.748000000000000000000000000000   -8.609611470654880092593014360625E+06
        0.749000000000000000000000000000   -8.650003092841305410260193900090E+06
        0.750000000000000000000000000000   -8.690384629124124474965265076168E+06
        0.751000000000000000000000000000   -8.730756084595535294202441790439E+06
        0.752000000000000000000000000000   -8.771117464914116587545417559800E+06
        0.753000000000000000000000000000   -8.811468776305608388219459024172E+06
        0.754000000000000000000000000000   -8.851810025563691649572280078769E+06
        0.755000000000000000000000000000   -8.892141220050766873127756384213E+06
        0.756000000000000000000000000000   -8.932462367698731775003976485022E+06
        0.757000000000000000000000000000   -8.972773477009758007574632909262E+06
        0.758000000000000000000000000000   -9.013074557057066953350334915002E+06
        0.759000000000000000000000000000   -9.053365617485704608154074488055E+06
        0.760000000000000000000000000000   -9.093646668513315570762799285964E+06
        0.761000000000000000000000000000   -9.133917720930916156284840981042E+06
        0.762000000000000000000000000000   -9.174178786103666650640815406524E+06
        0.763000000000000000000000000000   -9.214429875971642723613552590633E+06
        0.764000000000000000000000000000   -9.254671003050606018030630720190E+06
        0.765000000000000000000000000000   -9.294902180432773932741178865017E+06
        0.766000000000000000000000000000   -9.335123421787588617146779483909E+06
        0.767000000000000000000000000000   -9.375334741362485195144543900049E+06
        0.768000000000000000000000000000   -9.415536153983659236438752666169E+06
        0.769000000000000000000000000000   -9.455727675056833493275848636139E+06
        0.770000000000000000000000000000   -9.495909320568023920756044228813E+06
        0.771000000000000000000000000000   -9.536081107084304998973356431414E+06
        0.772000000000000000000000000000   -9.576243051754574375334514173577E+06
        0.773000000000000000000000000000   -9.616395172310316845505893450068E+06
        0.774000000000000000000000000000   -9.656537487066367691536426631581E+06
        0.775000000000000000000000000000   -9.696670014921675395803304440925E+06
        0.776000000000000000000000000000   -9.736792775360063749526242759184E+06
        0.777000000000000000000000000000   -9.776905788450993374695122446714E+06
        0.778000000000000000000000000000   -9.817009074850322678354929411556E+06
        0.779000000000000000000000000000   -9.857102655801068258291124938293E+06
        0.780000000000000000000000000000   -9.897186553134164779257863519830E+06
        0.781000000000000000000000000000   -9.937260789269224338990847840127E+06
        0.782000000000000000000000000000   -9.977325387215295343346068875846E+06
        0.783000000000000000000000000000   -1.001738037057162091000522406818E+07
        0.784000000000000000000000000000   -1.005742576352839682028823892336E+07
        0.785000000000000000000000000000   -1.009746159086752903871303800240E+07
        0.786000000000000000000000000000   -1.013748787796339082004252084073E+07
        0.787000000000000000000000000000   -1.017750465078357942365859768948E+07
        0.788000000000000000000000000000   -1.021751193588967245520312989752E+07
        0.789000000000000000000000000000   -1.025750976043798385552570107369E+07
        0.790000000000000000000000000000   -1.029749815218031955707831870843E+07
        0.791000000000000000000000000000   -1.033747713946473282799741253291E+07
        0.792000000000000000000000000000   -1.037744675123627932421385640211E+07
        0.793000000000000000000000000000   -1.041740701703777187003219576701E+07
        0.794000000000000000000000000000   -1.045735796701053498772081372440E+07
        0.795000000000000000000000000000   -1.049729963189515919675541608448E+07
        0.796000000000000000000000000000   -1.053723204303225510345896077358E+07
        0.797000000000000000000000000000   -1.057715523236320730188200009912E+07
        0.798000000000000000000000000000   -1.061706923243092810686834686640E+07
        0.799000000000000000000000000000   -1.065697407638061114035201798285E+07
        0.800000000000000000000000000000   -1.069686979796048479203255295798E+07
        0.801000000000000000000000000000   -1.073675643152256557567705056142E+07
        0.802000000000000000000000000000   -1.077663401202341140239861580317E+07
        0.803000000000000000000000000000   -1.081650257502487479236236232825E+07
        0.804000000000000000000000000000   -1.085636215669485604647167326234E+07
        0.805000000000000000000000000000   -1.089621279380805639968908750842E+07
        0.806000000000000000000000000000   -1.093605452374673117774794949025E+07
        0.807000000000000000000000000000   -1.097588738450144297911283939379E+07
        0.808000000000000000000000000000   -1.101571141467181490414878910996E+07
        0.809000000000000000000000000000   -1.105552665346728385356138738269E+07
        0.810000000000000000000000000000   -1.109533314070785391827208717622E+07
        0.811000000000000000000000000000   -1.113513091682484988299535007164E+07
        0.812000000000000000000000000000   -1.117492002286167086588669766970E+07
        0.813000000000000000000000000000   -1.121470050047454411673328961585E+07
        0.814000000000000000000000000000   -1.125447239193327899626131308513E+07
        0.815000000000000000000000000000   -1.129423574012202115923725049244E+07
        0.816000000000000000000000000000   -1.133399058854000696414299196562E+07
        0.817000000000000000000000000000   -1.137373698130231813230777788171E+07
        0.818000000000000000000000000000   -1.141347496314063667948309568367E+07
        0.819000000000000000000000000000   -1.145320457940400014294991543841E+07
        0.820000000000000000000000000000   -1.149292587605955712735103135434E+07
        0.821000000000000000000000000000   -1.153263889969332319254478294641E+07
        0.822000000000000000000000000000   -1.157234369751093710688006093121E+07
        0.823000000000000000000000000000   -1.161204031733841748939626047759E+07
        0.824000000000000000000000000000   -1.165172880762291986455572936761E+07
        0.825000000000000000000000000000   -1.169140921743349415322027218822E+07
        0.826000000000000000000000000000   -1.173108159646184262368741513845E+07
        0.827000000000000000000000000000   -1.177074599502307832670641067610E+07
        0.828000000000000000000000000000   -1.181040246405648403849836833141E+07
        0.829000000000000000000000000000   -1.185005105512627173590943888291E+07
        0.830000000000000000000000000000   -1.188969182042234262793065503983E+07
        0.831000000000000000000000000000   -1.192932481276104776792284413131E+07
        0.832000000000000000000000000000   -1.196895008558594927098997840885E+07
        0.833000000000000000000000000000   -1.200856769296858216104941777648E+07
        0.834000000000000000000000000000   -1.204817768960921687225272944286E+07
        0.835000000000000000000000000000   -1.208778013083762242951614051955E+07
        0.836000000000000000000000000000   -1.212737507261383033302519436555E+07
        0.837000000000000000000000000000   -1.216696257152889917168384090600E+07
        0.838000000000000000000000000000   -1.220654268480567999058399665424E+07
        0.839000000000000000000000000000   -1.224611547029958243767756317505E+07
        0.840000000000000000000000000000   -1.228568098649934171493899469047E+07
        0.841000000000000000000000000000   -1.232523929252778635941275790934E+07
        0.842000000000000000000000000000   -1.236479044814260687964643143306E+07
        0.843000000000000000000000000000   -1.240433451373712527311674974000E+07
        0.844000000000000000000000000000   -1.244387155034106545036260928370E+07
        0.845000000000000000000000000000   -1.248340161962132459164592316937E+07
        0.846000000000000000000000000000   -1.252292478388274546206823773037E+07
        0.847000000000000000000000000000   -1.256244110606888971117821065393E+07
        0.848000000000000000000000000000   -1.260195064976281218321239766111E+07
        0.849000000000000000000000000000   -1.264145347918783626421930470145E+07
        0.850000000000000000000000000000   -1.268094965920833029242433676244E+07
        0.851000000000000000000000000000   -1.272043925533048505830111431788E+07
        0.852000000000000000000000000000   -1.275992233370309242092263576077E+07
        0.853000000000000000000000000000   -1.279939896111832506727394051232E+07
        0.854000000000000000000000000000   -1.283886920501251744131627451194E+07
        0.855000000000000000000000000000   -1.287833313346694786970127912808E+07
        0.856000000000000000000000000000   -1.291779081520862191114241785839E+07
        0.857000000000000000000000000000   -1.295724231961105695655972419276E+07
        0.858000000000000000000000000000   -1.299668771669506810722300039445E+07
        0.859000000000000000000000000000   -1.303612707712955535822782242562E+07
        0.860000000000000000000000000000   -1.307556047223229211474811253174E+07
        0.861000000000000000000000000000   -1.311498797397071506861862984705E+07
        0.862000000000000000000000000000   -1.315440965496271546291050254776E+07
        0.863000000000000000000000000000   -1.319382558847743177227288433177E+07
        0.864000000000000000000000000000   -1.323323584843604382692396513008E+07
        0.865000000000000000000000000000   -1.327264050941256840828490275686E+07
        0.866000000000000000000000000000   -1.331203964663465634436077049726E+07
        0.867000000000000000000000000000   -1.335143333598439113308333724609E+07
        0.868000000000000000000000000000   -1.339082165399908912194141359095E+07
        0.869000000000000000000000000000   -1.343020467787210127233561104155E+07
        0.870000000000000000000000000000   -1.346958248545361653720567431699E+07
        0.871000000000000000000000000000   -1.350895515525146688059006010685E+07
        0.872000000000000000000000000000   -1.354832276643193396788915192344E+07
        0.873000000000000000000000000000   -1.358768539882055755571542148424E+07
        0.874000000000000000000000000000   -1.362704313290294561032597443987E+07
        0.875000000000000000000000000000   -1.366639604982558618374525414525E+07
        0.876000000000000000000000000000   -1.370574423139666107679822352765E+07
        0.877000000000000000000000000000   -1.374508776008686131838710391427E+07
        0.878000000000000000000000000000   -1.378442671903020449045772294465E+07
        0.879000000000000000000000000000   -1.382376119202485392821471341842E+07
        0.880000000000000000000000000000   -1.386309126353393982525821314863E+07
        0.881000000000000000000000000000   -1.390241701868638227342834464575E+07
        0.882000000000000000000000000000   -1.394173854327771626725760480952E+07
        0.883000000000000000000000000000   -1.398105592377091870304537082858E+07
        0.884000000000000000000000000000   -1.402036924729723740268303127274E+07
        0.885000000000000000000000000000   -1.405967860165702219247278301734E+07
        0.886000000000000000000000000000   -1.409898407532055806729789728436E+07
        0.887000000000000000000000000000   -1.413828575742890047061725386137E+07
        0.888000000000000000000000000000   -1.417758373779471272087217361949E+07
        0.889000000000000000000000000000   -1.421687810690310561500904796793E+07
        0.890000000000000000000000000000   -1.425616895591247923993697204013E+07
        0.891000000000000000000000000000   -1.429545637665536702285553840925E+07
        0.892000000000000000000000000000   -1.433474046163928205150414219716E+07
        0.893000000000000000000000000000   -1.437402130404756569550058880663E+07
        0.894000000000000000000000000000   -1.441329899774023856005348442253E+07
        0.895000000000000000000000000000   -1.445257363725485380344982916309E+07
        0.896000000000000000000000000000   -1.449184531780735284983642560054E+07
        0.897000000000000000000000000000   -1.453111413529292352893116361292E+07
        0.898000000000000000000000000000   -1.457038018628686067441794849326E+07
        0.899000000000000000000000000000   -1.460964356804542921289700526293E+07
        0.900000000000000000000000000000   -1.464890437850672977538052056273E+07
        0.901000000000000000000000000000   -1.468816271629156686344207669740E+07
        0.902000000000000000000000000000   -1.472741868070431960224709276964E+07
        0.903000000000000000000000000000   -1.476667237173381511281051776061E+07
        0.904000000000000000000000000000   -1.480592389005420453594732231310E+07
        0.905000000000000000000000000000   -1.484517333702584174050091228655E+07
        0.906000000000000000000000000000   -1.488442081469616474855444033212E+07
        0.907000000000000000000000000000   -1.492366642580057991045012424996E+07
        0.908000000000000000000000000000   -1.496291027376334886256209522759E+07
        0.909000000000000000000000000000   -1.500215246269847830088899771978E+07
        0.910000000000000000000000000000   -1.504139309741061260365354823987E+07
        0.911000000000000000000000000000   -1.508063228339592933621753522647E+07
        0.912000000000000000000000000000   -1.511987012684303767174230898563E+07
        0.913000000000000000000000000000   -1.515910673463387976114667205933E+07
        0.914000000000000000000000000000   -1.519834221434463508603623882753E+07
        0.915000000000000000000000000000   -1.523757667424662782840079132271E+07
        0.916000000000000000000000000000   -1.527681022330723729099891874740E+07
        0.917000000000000000000000000000   -1.531604297119081140247229368294E+07
        0.918000000000000000000000000000   -1.535527502825958334135531112137E+07
        0.919000000000000000000000000000   -1.539450650557459131326949992359E+07
        0.920000000000000000000000000000   -1.543373751489660151571611280242E+07
        0.921000000000000000000000000000   -1.547296816868703432500461316521E+07
        0.922000000000000000000000000000   -1.551219858010889373997940786113E+07
        0.923000000000000000000000000000   -1.555142886302770011733212681506E+07
        0.924000000000000000000000000000   -1.559065913201242623341202646386E+07
        0.925000000000000000000000000000   -1.562988950233643670757269662983E+07
        0.926000000000000000000000000000   -1.566912008997843082221918277790E+07
        0.927000000000000000000000000000   -1.570835101162338877484590033239E+07
        0.928000000000000000000000000000   -1.574758238466352139748231772086E+07
        0.929000000000000000000000000000   -1.578681432719922337909032292787E+07
        0.930000000000000000000000000000   -1.582604695804003002658446746323E+07
        0.931000000000000000000000000000   -1.586528039670557760027390467556E+07
        0.932000000000000000000000000000   -1.590451476342656725965280919351E+07
        0.933000000000000000000000000000   -1.594375017914573265559438388912E+07
        0.934000000000000000000000000000   -1.598298676551881120513223308910E+07
        0.935000000000000000000000000000   -1.602222464491551908514190878427E+07
        0.936000000000000000000000000000   -1.606146394042052998136482330063E+07
        0.937000000000000000000000000000   -1.610070477583445762934647031032E+07
        0.938000000000000000000000000000   -1.613994727567484218399100921133E+07
        0.939000000000000000000000000000   -1.617919156517714045456474884200E+07
        0.940000000000000000000000000000   -1.621843777029572004211191829313E+07
        0.941000000000000000000000000000   -1.625768601770485741637733832717E+07
        0.942000000000000000000000000000   -1.629693643479973996946220972126E+07
        0.943000000000000000000000000000   -1.633618914969747208357121784965E+07
        0.944000000000000000000000000000   -1.637544429123808525034151916003E+07
        0.945000000000000000000000000000   -1.641470198898555227937692804873E+07
        0.946000000000000000000000000000   -1.645396237322880563374376518938E+07
        0.947000000000000000000000000000   -1.649322557498275993031836382977E+07
        0.948000000000000000000000000000   -1.653249172598933864301016216997E+07
        0.949000000000000000000000000000   -1.657176095871850504701864092184E+07
        0.950000000000000000000000000000   -1.661103340636929744241709879532E+07
        0.951000000000000000000000000000   -1.665030920287086869549139824986E+07
        0.952000000000000000000000000000   -1.668958848288353013639736270033E+07
        0.953000000000000000000000000000   -1.672887138179979985183646780665E+07
        0.954000000000000000000000000000   -1.676815803574545541158584685560E+07
        0.955000000000000000000000000000   -1.680744858158059106785542693362E+07
        0.956000000000000000000000000000   -1.684674315690067946658223198358E+07
        0.957000000000000000000000000000   -1.688604190003763790990953434811E+07
        0.958000000000000000000000000000   -1.692534495006089920923661146253E+07
        0.959000000000000000000000000000   -1.696465244677848716836337242442E+07
        0.960000000000000000000000000000   -1.700396453073809673639306371178E+07
        0.961000000000000000000000000000   -1.704328134322817887019564784226E+07
        0.962000000000000000000000000000   -1.708260302627903014637427678177E+07
        0.963000000000000000000000000000   -1.712192972266388716281755695862E+07
        0.964000000000000000000000000000   -1.716126157590002577006102838152E+07
        0.965000000000000000000000000000   -1.720059873024986517282246017626E+07
        0.966000000000000000000000000000   -1.723994133072207694221720245075E+07
        0.967000000000000000000000000000   -1.727928952307269897930193339503E+07
        0.968000000000000000000000000000   -1.731864345380625447073770456958E+07
        0.969000000000000000000000000000   -1.735800327017687587750622009750E+07
        0.970000000000000000000000000000   -1.739736912018943399775679064659E+07
        0.971000000000000000000000000000   -1.743674115260067214500538437452E+07
        0.972000000000000000000000000000   -1.747611951692034548305165815113E+07
        0.973000000000000000000000000000   -1.751550436341236555912479711933E+07
        0.974000000000000000000000000000   -1.755489584309595007691442279032E+07
        0.975000000000000000000000000000   -1.759429410774677795128875318874E+07
        0.976000000000000000000000000000   -1.763369930989814968664861689212E+07
        0.977000000000000000000000000000   -1.767311160284215312101283999189E+07
        0.978000000000000000000000000000   -1.771253114063083457807794490719E+07
        0.979000000000000000000000000000   -1.775195807807737546964302649864E+07
        0.980000000000000000000000000000   -1.779139257075727439093910797016E+07
        0.981000000000000000000000000000   -1.783083477500953475155123054789E+07
        0.982000000000000000000000000000   -1.787028484793785798477100084617E+07
        0.983000000000000000000000000000   -1.790974294741184237836731215226E+07
        0.984000000000000000000000000000   -1.794920923206818756991347458929E+07
        0.985000000000000000000000000000   -1.798868386131190474996003827909E+07
        0.986000000000000000000000000000   -1.802816699531753261649417727400E+07
        0.987000000000000000000000000000   -1.806765879503035912427862423487E+07
        0.988000000000000000000000000000   -1.810715942216764907281581069928E+07
        0.989000000000000000000000000000   -1.814666903921987757683607943159E+07
        0.990000000000000000000000000000   -1.818618780945196946336259792001E+07
        0.991000000000000000000000000000   -1.822571589690454463955991975621E+07
        0.992000000000000000000000000000   -1.826525346639516947572801759130E+07
        0.993000000000000000000000000000   -1.830480068351961424795905182802E+07
        0.994000000000000000000000000000   -1.834435771465311668513014742250E+07
        0.995000000000000000000000000000   -1.838392472695165166506203139630E+07
        0.996000000000000000000000000000   -1.842350188835320710483054019090E+07
        0.997000000000000000000000000000   -1.846308936757906609037574314637E+07
        0.998000000000000000000000000000   -1.850268733413509529071175049272E+07
        0.999000000000000000000000000000   -1.854229595831303970219918567019E+07
        1.000000000000000000000000000000   -1.858191541119182376850180693199E+07
        1.001000000000000000000000000000   -1.862154586463885892200886644193E+07
        1.002000000000000000000000000000   -1.866118749131135759266550089995E+07
        1.003000000000000000000000000000   -1.870084046465765373031476057193E+07
        1.004000000000000000000000000000   -1.874050495891852988681680795653E+07
        1.005000000000000000000000000000   -1.878018114912855090437335770351E+07
        1.006000000000000000000000000000   -1.881986921111740425664859034468E+07
        1.007000000000000000000000000000   -1.885956932151124708944155847525E+07
        1.008000000000000000000000000000   -1.889928165773406000782951981885E+07
        1.009000000000000000000000000000   -1.893900639800900765686668174115E+07
        1.010000000000000000000000000000   -1.897874372135980614308853088567E+07
        1.011000000000000000000000000000   -1.901849380761209734423825435894E+07
        1.012000000000000000000000000000   -1.905825683739483015479873998451E+07
        1.013000000000000000000000000000   -1.909803299214164871508127729625E+07
        1.014000000000000000000000000000   -1.913782245409228767179037289719E+07
        1.015000000000000000000000000000   -1.917762540629397451815304834315E+07
        1.016000000000000000000000000000   -1.921744203260283906187061062068E+07
        1.017000000000000000000000000000   -1.925727251768533006932117940057E+07
        1.018000000000000000000000000000   -1.929711704701963913461222641612E+07
        1.019000000000000000000000000000   -1.933697580689713182225403541665E+07
        1.020000000000000000000000000000   -1.937684898442378613239733108978E+07
        1.021000000000000000000000000000   -1.941673676752163833775135706326E+07
        1.022000000000000000000000000000   -1.945663934493023624147241154966E+07
        1.023000000000000000000000000000   -1.949655690620809990548727937382E+07
        1.024000000000000000000000000000   -1.953648964173418989889113603836E+07
        1.025000000000000000000000000000   -1.957643774270938311623534818077E+07
        1.026000000000000000000000000000   -1.961640140115795621569716032788E+07
        1.027000000000000000000000000000   -1.965638080992907672730054535769E+07
        1.028000000000000000000000000000   -1.969637616269830188153551066316E+07
        1.029000000000000000000000000000   -1.973638765396908520890189883109E+07
        1.030000000000000000000000000000   -1.977641547907429096108320588623E+07
        1.031000000000000000000000000000   -1.981645983417771640463616701700E+07
        1.032000000000000000000000000000   -1.985652091627562203826283443554E+07
        1.033000000000000000000000000000   -1.989659892319826978491359989963E+07
        1.034000000000000000000000000000   -1.993669405361146921015210073521E+07
        1.035000000000000000000000000000   -1.997680650701813181839619827195E+07
        1.036000000000000000000000000000   -2.001693648375983347883323679674E+07
        1.037000000000000000000000000000   -2.005708418501838503299258482487E+07
        1.038000000000000000000000000000   -2.009724981281741113614403410098E+07
        1.039000000000000000000000000000   -2.013743357002393738487699071445E+07
        1.040000000000000000000000000000   -2.017763566034998578340254251993E+07
        1.041000000000000000000000000000   -2.021785628835417860130843319612E+07
        1.042000000000000000000000000000   -2.025809565944335067568572128691E+07
        1.043000000000000000000000000000   -2.029835397987417021073545801141E+07
        1.044000000000000000000000000000   -2.033863145675476812815408609625E+07
        1.045000000000000000000000000000   -2.037892829804637602178744899658E+07
        1.046000000000000000000000000000   -2.041924471256497277023531128698E+07
        1.047000000000000000000000000000   -2.045958090998293986128113240107E+07
        1.048000000000000000000000000000   -2.049993710083072548221551299687E+07
        1.049000000000000000000000000000   -2.054031349649851743031625176621E+07
        1.050000000000000000000000000000   -2.058071030923792489794331626990E+07
        1.051000000000000000000000000000   -2.062112775216366918690325017156E+07
        1.052000000000000000000000000000   -2.066156603925528340693461690202E+07
        1.053000000000000000000000000000   -2.070202538535882121336402218289E+07
        1.054000000000000000000000000000   -2.074250600618857463918107087428E+07
        1.055000000000000000000000000000   -2.078300811832880107698030322118E+07
        1.056000000000000000000000000000   -2.082353193923545946641872772140E+07
        1.057000000000000000000000000000   -2.086407768723795574303902852267E+07
        1.058000000000000000000000000000   -2.090464558154089760451088050717E+07
        1.059000000000000000000000000000   -2.094523584222585865054606110038E+07
        1.060000000000000000000000000000   -2.098584869025315195294721044245E+07
        1.061000000000000000000000000000   -2.102648434746361311245516701161E+07
        1.062000000000000000000000000000   -2.106714303658039285926580024945E+07
        1.063000000000000000000000000000   -2.110782498121075925429418140219E+07
        1.064000000000000000000000000000   -2.114853040584790954847178488370E+07
        1.065000000000000000000000000000   -2.118925953587279175757120124724E+07
        1.066000000000000000000000000000   -2.123001259755593601026257561388E+07
        1.067000000000000000000000000000   -2.127078981805929572731666847488E+07
        1.068000000000000000000000000000   -2.131159142543809869008107552152E+07
        1.069000000000000000000000000000   -2.135241764864270805656874595418E+07
        1.070000000000000000000000000000   -2.139326871752049338371151101022E+07
        1.071000000000000000000000000000   -2.143414486281771171454588269109E+07
        1.072000000000000000000000000000   -2.147504631618139878931391335800E+07
        1.073000000000000000000000000000   -2.151597331016127043967842653658E+07
        1.074000000000000000000000000000   -2.155692607821163422546944448770E+07
        1.075000000000000000000000000000   -2.159790485469331137359715546771E+07
        1.076000000000000000000000000000   -2.163890987487556907898628975112E+07
        1.077000000000000000000000000000   -2.167994137493806322760731509532E+07
        1.078000000000000000000000000000   -2.172099959197279160190142609620E+07
        1.079000000000000000000000000000   -2.176208476398605762911889455908E+07
        1.080000000000000000000000000000   -2.180319712990044473331397636894E+07
        1.081000000000000000000000000000   -2.184433692955680135196424120270E+07
        1.082000000000000000000000000000   -2.188550440371623667840791163456E+07
        1.083000000000000000000000000000   -2.192669979406212719151957462969E+07
        1.084000000000000000000000000000   -2.196792334320213403427246802686E+07
        1.085000000000000000000000000000   -2.200917529467023130306445433491E+07
        1.086000000000000000000000000000   -2.205045589292874530991478101080E+07
        1.087000000000000000000000000000   -2.209176538337040487986979738059E+07
        1.088000000000000000000000000000   -2.213310401232040274618796058152E+07
        1.089000000000000000000000000000   -2.217447202703846810610772345227E+07
        1.090000000000000000000000000000   -2.221586967572095040023626332539E+07
        1.091000000000000000000000000000   -2.225729720750291437883248936590E+07
        1.092000000000000000000000000000   -2.229875487246024651849436467506E+07
        1.093000000000000000000000000000   -2.234024292161177285299830509856E+07
        1.094000000000000000000000000000   -2.238176160692138828227727684417E+07
        1.095000000000000000000000000000   -2.242331118130019742376421696065E+07
        1.096000000000000000000000000000   -2.246489189860866707056855183600E+07
        1.097000000000000000000000000000   -2.250650401365879032119589655249E+07
        1.098000000000000000000000000000   -2.254814778221626244576448964403E+07
        1.099000000000000000000000000000   -2.258982346100266855391656103126E+07
        1.100000000000000000000000000000   -2.263153130769768312986865319568E+07
        1.101000000000000000000000000000   -2.267327158094128150029192456842E+07
        1.102000000000000000000000000000   -2.271504454033596330096166726600E+07
        1.103000000000000000000000000000   -2.275685044644898800836467635722E+07
        1.104000000000000000000000000000   -2.279868956081462260270372248671E+07
        1.105000000000000000000000000000   -2.284056214593640142899021164553E+07
        1.106000000000000000000000000000   -2.288246846528939832316917294288E+07
        1.107000000000000000000000000000   -2.292440878332251107047500521169E+07
        1.108000000000000000000000000000   -2.296638336546075826347194403239E+07
        1.109000000000000000000000000000   -2.300839247810758862748999018148E+07
        1.110000000000000000000000000000   -2.305043638864720288142507654643E+07
        1.111000000000000000000000000000   -2.309251536544688820213155117724E+07
        1.112000000000000000000000000000   -2.313462967785936536089562739291E+07
        1.113000000000000000000000000000   -2.317677959622514860074030579437E+07
        1.114000000000000000000000000000   -2.321896539187491832357541576422E+07
        1.115000000000000000000000000000   -2.326118733713190665647086370863E+07
        1.116000000000000000000000000000   -2.330344570531429596659692011487E+07
        1.117000000000000000000000000000   -2.334574077073763039464243569542E+07
        1.118000000000000000000000000000   -2.338807280871724047679025674961E+07
        1.119000000000000000000000000000   -2.343044209557068092559881972094E+07
        1.120000000000000000000000000000   -2.347284890862018164040995313134E+07
        1.121000000000000000000000000000   -2.351529352619511201817531004696E+07
        1.122000000000000000000000000000   -2.355777622763445863586760443014E+07
        1.123000000000000000000000000000   -2.360029729328931637591793866190E+07
        1.124000000000000000000000000000   -2.364285700452539306639699572478E+07
        1.125000000000000000000000000000   -2.368545564372552770793573661032E+07
        1.126000000000000000000000000000   -2.372809349429222235966050009430E+07
        1.127000000000000000000000000000   -2.377077084065018775669805679093E+07
        1.128000000000000000000000000000   -2.381348796824890273208823108101E+07
        1.129000000000000000000000000000   -2.385624516356518751622518188439E+07
        1.130000000000000000000000000000   -2.389904271410579098723333513428E+07
        1.131000000000000000000000000000   -2.394188090840999194597029607663E+07
        1.132000000000000000000000000000   -2.398476003605221448963684707660E+07
        1.133000000000000000000000000000   -2.402768038764465755826336542685E+07
        1.134000000000000000000000000000   -2.407064225483993872863268472593E+07
        1.135000000000000000000000000000   -2.411364593033375233049158178713E+07
        1.136000000000000000000000000000   -2.415669170786754196019670784933E+07
        1.137000000000000000000000000000   -2.419977988223118746723590724574E+07
        1.138000000000000000000000000000   -2.424291074926570648936248784052E+07
        1.139000000000000000000000000000   -2.428608460586597061237813471797E+07
        1.140000000000000000000000000000   -2.432930174998343623089980109821E+07
        1.141000000000000000000000000000   -2.437256248062889018674707760498E+07
        1.142000000000000000000000000000   -2.441586709787521026188924221900E+07
        1.143000000000000000000000000000   -2.445921590286014060319543795912E+07
        1.144000000000000000000000000000   -2.450260919778908215653722303796E+07
        1.145000000000000000000000000000   -2.454604728593789818810009848251E+07
        1.146000000000000000000000000000   -2.458953047165573497106955058859E+07
        1.147000000000000000000000000000   -2.463305906036785771616765973644E+07
        1.148000000000000000000000000000   -2.467663335857850182482843272847E+07
        1.149000000000000000000000000000   -2.472025367387373954411372266786E+07
        1.150000000000000000000000000000   -2.476392031492436210278691827636E+07
        1.151000000000000000000000000000   -2.480763359148877740827852330160E+07
        1.152000000000000000000000000000   -2.485139381441592338459631619165E+07
        1.153000000000000000000000000000   -2.489520129564819703155299047189E+07
        1.154000000000000000000000000000   -2.493905634822439928600603725362E+07
        1.155000000000000000000000000000   -2.498295928628269576612815309553E+07
        1.156000000000000000000000000000   -2.502691042506359348005164914220E+07
        1.157000000000000000000000000000   -2.507091008091293358055721124308E+07
        1.158000000000000000000000000000   -2.511495857128490024780592583380E+07
        1.159000000000000000000000000000   -2.515905621474504578244375301145E+07
        1.160000000000000000000000000000   -2.520320333097333199173960678649E+07
        1.161000000000000000000000000000   -2.524740024076718795175190332961E+07
        1.162000000000000000000000000000   -2.529164726604458422885387158941E+07
        1.163000000000000000000000000000   -2.533594472984712364428509743100E+07
        1.164000000000000000000000000000   -2.538029295634314866573570298390E+07
        1.165000000000000000000000000000   -2.542469227083086551031025779620E+07
        1.166000000000000000000000000000   -2.546914299974148504356098833015E+07
        1.167000000000000000000000000000   -2.551364547064238055962410802068E+07
        1.168000000000000000000000000000   -2.555820001224026252783914232582E+07
        1.169000000000000000000000000000   -2.560280695438437039157898275799E+07
        1.170000000000000000000000000000   -2.564746662806968150536808168624E+07
        1.171000000000000000000000000000   -2.569217936544013729671770668685E+07
        1.172000000000000000000000000000   -2.573694549979188673946052039855E+07
        1.173000000000000000000000000000   -2.578176536557654722572195026982E+07
        1.174000000000000000000000000000   -2.582663929840448292402287339149E+07
        1.175000000000000000000000000000   -2.587156763504810071136707596734E+07
        1.176000000000000000000000000000   -2.591655071344516376752776612764E+07
        1.177000000000000000000000000000   -2.596158887270212292011013403497E+07
        1.178000000000000000000000000000   -2.600668245309746582933157592653E+07
        1.179000000000000000000000000000   -2.605183179608508410182774030101E+07
        1.180000000000000000000000000000   -2.609703724429765842316102637170E+07
        1.181000000000000000000000000000   -2.614229914155006179907857871031E+07
        1.182000000000000000000000000000   -2.618761783284278099593918929994E+07
        1.183000000000000000000000000000   -2.623299366436535627110285066506E+07
        1.184000000000000000000000000000   -2.627842698349983948445301307547E+07
        1.185000000000000000000000000000   -2.632391813882427068259989681852E+07
        1.186000000000000000000000000000   -2.636946748011617324769350904946E+07
        1.187000000000000000000000000000   -2.641507535835606770315732567727E+07
        1.188000000000000000000000000000   -2.646074212573100426903793409915E+07
        1.189000000000000000000000000000   -2.650646813563811426005230440176E+07
        1.190000000000000000000000000000   -2.655225374268818041980277700597E+07
        1.191000000000000000000000000000   -2.659809930270922628502033581294E+07
        1.192000000000000000000000000000   -2.664400517275012467408928994698E+07
        1.193000000000000000000000000000   -2.668997171108422539450112648364E+07
        1.194000000000000000000000000000   -2.673599927721300226428203346449E+07
        1.195000000000000000000000000000   -2.678208823186971954283743946331E+07
        1.196000000000000000000000000000   -2.682823893702311786705788547887E+07
        1.197000000000000000000000000000   -2.687445175588111978893364955007E+07
        1.198000000000000000000000000000   -2.692072705289455501133079685083E+07
        1.199000000000000000000000000000   -2.696706519376090541898874082226E+07
        1.200000000000000000000000000000   -2.701346654542807000220898690329E+07
        1.201000000000000000000000000000   -2.705993147609814977111650246340E+07
        1.202000000000000000000000000000   -2.710646035523125275878912752237E+07
        1.203000000000000000000000000000   -2.715305355354931921196662373549E+07
        1.204000000000000000000000000000   -2.719971144303996706846936696747E+07
        1.205000000000000000000000000000   -2.724643439696035782087733468502E+07
        1.206000000000000000000000000000   -2.729322278984108286644293654778E+07
        1.207000000000000000000000000000   -2.734007699749007044363639821958E+07
        1.208000000000000000000000000000   -2.738699739699651325614984787994E+07
        1.209000000000000000000000000000   -2.743398436673481688561598558188E+07
        1.210000000000000000000000000000   -2.748103828636856909472925094107E+07
        1.211000000000000000000000000000   -2.752815953685453012289175819088E+07
        1.212000000000000000000000000000   -2.757534850044664407694295300689E+07
        1.213000000000000000000000000000   -2.762260556070007151997097637568E+07
        1.214000000000000000000000000000   -2.766993110247524336164511091219E+07
        1.215000000000000000000000000000   -2.771732551194193615395244824722E+07
        1.216000000000000000000000000000   -2.776478917658336889666806631553E+07
        1.217000000000000000000000000000   -2.781232248520032145733655655457E+07
        1.218000000000000000000000000000   -2.785992582791527471099370722696E+07
        1.219000000000000000000000000000   -2.790759959617657250531054443652E+07
        1.220000000000000000000000000000   -2.795534418276260555729777112213E+07
        1.221000000000000000000000000000   -2.800315998178601738816694066801E+07
        1.222000000000000000000000000000   -2.805104738869793240340547012155E+07
        1.223000000000000000000000000000   -2.809900680029220622558585279505E+07
        1.224000000000000000000000000000   -2.814703861470969838789518576051E+07
        1.225000000000000000000000000000   -2.819514323144256749683939901688E+07
        1.226000000000000000000000000000   -2.824332105133858897304737458736E+07
        1.227000000000000000000000000000   -2.829157247660549547957349024017E+07
        1.228000000000000000000000000000   -2.833989791081534014757302874655E+07
        1.229000000000000000000000000000   -2.838829775890888270970337450487E+07
        1.230000000000000000000000000000   -2.843677242719999865208498995740E+07
        1.231000000000000000000000000000   -2.848532232338011149613983957625E+07
        1.232000000000000000000000000000   -2.853394785652264832211122444924E+07
        1.233000000000000000000000000000   -2.858264943708751864655792088689E+07
        1.234000000000000000000000000000   -2.863142747692561676660709731450E+07
        1.235000000000000000000000000000   -2.868028238928334768424473040550E+07
        1.236000000000000000000000000000   -2.872921458880717672441916943625E+07
        1.237000000000000000000000000000   -2.877822449154820296123312276215E+07
        1.238000000000000000000000000000   -2.882731251496675656700167778041E+07
        1.239000000000000000000000000000   -2.887647907793702019945903148967E+07
        1.240000000000000000000000000000   -2.892572460075167454290441859970E+07
        1.241000000000000000000000000000   -2.897504950512656811958829399136E+07
        1.242000000000000000000000000000   -2.902445421420541148815317216780E+07
        1.243000000000000000000000000000   -2.907393915256449594645966425128E+07
        1.244000000000000000000000000000   -2.912350474621743685664719923017E+07
        1.245000000000000000000000000000   -2.917315142261994171080068680052E+07
        1.246000000000000000000000000000   -2.922287961067460305611899061747E+07
        1.247000000000000000000000000000   -2.927268974073571639900854950210E+07
        1.248000000000000000000000000000   -2.932258224461412320805582665918E+07
        1.249000000000000000000000000000   -2.937255755558207913636549985873E+07
        1.250000000000000000000000000000   -2.942261610837814758428744551812E+07
        1.251000000000000000000000000000   -2.947275833921211872409463348134E+07
        1.252000000000000000000000000000   -2.952298468576995410871605391022E+07
        1.253000000000000000000000000000   -2.957329558721875698717376004980E+07
        1.254000000000000000000000000000   -2.962369148421176844992104777395E+07
        1.255000000000000000000000000000   -2.967417281889338952782972191539E+07
        1.256000000000000000000000000000   -2.972474003490422936912833768805E+07
        1.257000000000000000000000000000   -2.977539357738617961915027036575E+07
        1.258000000000000000000000000000   -2.982613389298751512831047522984E+07
        1.259000000000000000000000000000   -2.987696142986802111429287017534E+07
        1.260000000000000000000000000000   -2.992787663770414690499642290183E+07
        1.261000000000000000000000000000   -2.997887996769418638935727103981E+07
        1.262000000000000000000000000000   -3.002997187256348530373656469944E+07
        1.263000000000000000000000000000   -3.008115280656967548213921469957E+07
        1.264000000000000000000000000000   -3.013242322550793619910737415973E+07
        1.265000000000000000000000000000   -3.018378358671628273471429433548E+07
        1.266000000000000000000000000000   -3.023523434908088229166919576618E+07
        1.267000000000000000000000000000   -3.028677597304139739513200130032E+07
        1.268000000000000000000000000000   -3.033840892059635690642820678640E+07
        1.269000000000000000000000000000   -3.039013365530855478244883668425E+07
        1.270000000000000000000000000000   -3.044195064231047671311836418380E+07
        1.271000000000000000000000000000   -3.049386034830975476991468733758E+07
        1.272000000000000000000000000000   -3.054586324159465019902976304538E+07
        1.273000000000000000000000000000   -3.059795979203956449336732840152E+07
        1.274000000000000000000000000000   -3.065015047111057887818530296154E+07
        1.275000000000000000000000000000   -3.070243575187102234580498504050E+07
        1.276000000000000000000000000000   -3.075481610898706837542704946314E+07
        1.277000000000000000000000000000   -3.080729201873336047471564259409E+07
        1.278000000000000000000000000000   -3.085986395899866668043657243826E+07
        1.279000000000000000000000000000   -3.091253240929156315606372667927E+07
        1.280000000000000000000000000000   -3.096529785074614702489943938583E+07
        1.281000000000000000000000000000   -3.101816076612777857788958753993E+07
        1.282000000000000000000000000000   -3.107112163983885299595275141284E+07
        1.283000000000000000000000000000   -3.112418095792460172728483813062E+07
        1.284000000000000000000000000000   -3.117733920807892366074616563744E+07
        1.285000000000000000000000000000   -3.123059687965024623708715489770E+07
        1.286000000000000000000000000000   -3.128395446364741664042150190740E+07
        1.287000000000000000000000000000   -3.133741245274562321301201835054E+07
        1.288000000000000000000000000000   -3.139097134129234723709426109267E+07
        1.289000000000000000000000000000   -3.144463162531334522812663681717E+07
        1.290000000000000000000000000000   -3.149839380251866188452288976323E+07
        1.291000000000000000000000000000   -3.155225837230867383959377861308E+07
        1.292000000000000000000000000000   -3.160622583578016436209934411325E+07
        1.293000000000000000000000000000   -3.166029669573242915249148312777E+07
        1.294000000000000000000000000000   -3.171447145667341338260859875630E+07
        1.295000000000000000000000000000   -3.176875062482588012726991127060E+07
        1.296000000000000000000000000000   -3.182313470813361033690661240919E+07
        1.297000000000000000000000000000   -3.187762421626763450106044762414E+07
        1.298000000000000000000000000000   -3.193221966063249615327753891519E+07
        1.299000000000000000000000000000   -3.198692155437254736862633675686E+07
        1.300000000000000000000000000000   -3.204173041237827640577353528499E+07
        1.301000000000000000000000000000   -3.209664675129266764626062244550E+07
        1.302000000000000000000000000000   -3.215167108951759398433648842609E+07
        1.303000000000000000000000000000   -3.220680394722024182141820372263E+07
        1.304000000000000000000000000000   -3.226204584633956881997272508921E+07
        1.305000000000000000000000000000   -3.231739731059279457233691596516E+07
        1.306000000000000000000000000000   -3.237285886548192434072190046800E+07
        1.307000000000000000000000000000   -3.242843103830030602538042952021E+07
        1.308000000000000000000000000000   -3.248411435813922051865264709873E+07
        1.309000000000000000000000000000   -3.253990935589450560334642704562E+07
        1.310000000000000000000000000000   -3.259581656427321355465332957234E+07
        1.311000000000000000000000000000   -3.265183651780030260555022487259E+07
        1.312000000000000000000000000000   -3.270796975282536243638977260625E+07
        1.313000000000000000000000000000   -3.276421680752937385014025403421E+07
        1.314000000000000000000000000000   -3.282057822193150279549675201011E+07
        1.315000000000000000000000000000   -3.287705453789592890085138674059E+07
        1.316000000000000000000000000000   -3.293364629913870868288026621424E+07
        1.317000000000000000000000000000   -3.299035405123467359427902361015E+07
        1.318000000000000000000000000000   -3.304717834162436307595731410234E+07
        1.319000000000000000000000000000   -3.310411971962099277978545468663E+07
        1.320000000000000000000000000000   -3.316117873641745812877353751651E+07
        1.321000000000000000000000000000   -3.321835594509337338235485442839E+07
        1.322000000000000000000000000000   -3.327565190062214637524136268594E+07
        1.323000000000000000000000000000   -3.333306715987808909911922443835E+07
        1.324000000000000000000000000000   -3.339060228164356429725719006998E+07
        1.325000000000000000000000000000   -3.344825782661616824290979375966E+07
        1.326000000000000000000000000000   -3.350603435741594987321101355133E+07
        1.327000000000000000000000000000   -3.356393243859266645107224358857E+07
        1.328000000000000000000000000000   -3.362195263663307592842115855419E+07
        1.329000000000000000000000000000   -3.368009551996826618494534559519E+07
        1.330000000000000000000000000000   -3.373836165898102131733646306218E+07
        1.331000000000000000000000000000   -3.379675162601322515486718435542E+07
        1.332000000000000000000000000000   -3.385526599537330217797432529865E+07
        1.333000000000000000000000000000   -3.391390534334369601736736115608E+07
        1.334000000000000000000000000000   -3.397267024818838571203204121537E+07
        1.335000000000000000000000000000   -3.403156129016043990535403147842E+07
        1.336000000000000000000000000000   -3.409057905150960915944748627926E+07
        1.337000000000000000000000000000   -3.414972411648995656863819458502E+07
        1.338000000000000000000000000000   -3.420899707136752685392049348317E+07
        1.339000000000000000000000000000   -3.426839850442805412108151722086E+07
        1.340000000000000000000000000000   -3.432792900598470846606558259997E+07
        1.341000000000000000000000000000   -3.438758916838588161203562815858E+07
        1.342000000000000000000000000000   -3.444737958602301176347765315602E+07
        1.343000000000000000000000000000   -3.450730085533844786358807085261E+07
        1.344000000000000000000000000000   -3.456735357483335344208282702124E+07
        1.345000000000000000000000000000   -3.462753834507565024147106729048E+07
        1.346000000000000000000000000000   -3.468785576870800181074509420254E+07
        1.347000000000000000000000000000   -3.474830645045583725635236533814E+07
        1.348000000000000000000000000000   -3.480889099713541534123437624170E+07
        1.349000000000000000000000000000   -3.486961001766192912364147506326E+07
        1.350000000000000000000000000000   -3.493046412305765132836199887189E+07
        1.351000000000000000000000000000   -3.499145392646012064393863370653E+07
        1.352000000000000000000000000000   -3.505258004313036914038461099882E+07
        1.353000000000000000000000000000   -3.511384309046119100285729157860E+07
        1.354000000000000000000000000000   -3.517524368798545277769688477515E+07
        1.355000000000000000000000000000   -3.523678245738444532819353404283E+07
        1.356000000000000000000000000000   -3.529846002249627769840680212647E+07
        1.357000000000000000000000000000   -3.536027700932431308432773826650E+07
        1.358000000000000000000000000000   -3.542223404604564711264523772769E+07
        1.359000000000000000000000000000   -3.548433176301962862835534059014E+07
        1.360000000000000000000000000000   -3.554657079279642319343449301491E+07
        1.361000000000000000000000000000   -3.560895177012561949978564101054E+07
        1.362000000000000000000000000000   -3.567147533196487890065937517983E+07
        1.363000000000000000000000000000   -3.573414211748862826575122629297E+07
        1.364000000000000000000000000000   -3.579695276809679636618065726830E+07
        1.365000000000000000000000000000   -3.585990792742359399656733887832E+07
        1.366000000000000000000000000000   -3.592300824134633804243596604953E+07
        1.367000000000000000000000000000   -3.598625435799431970220220098598E+07
        1.368000000000000000000000000000   -3.604964692775771707401935069591E+07
        1.369000000000000000000000000000   -3.611318660329655231879813220046E+07
        1.370000000000000000000000000000   -3.617687403954969361175038129945E+07
        1.371000000000000000000000000000   -3.624070989374390209585185299553E+07
        1.372000000000000000000000000000   -3.630469482540292405166937645366E+07
        1.373000000000000000000000000000   -3.636882949635662849905359780696E+07
        1.374000000000000000000000000000   -3.643311457075019044726040351041E+07
        1.375000000000000000000000000000   -3.649755071505332001113189877912E+07
        1.376000000000000000000000000000   -3.656213859806953761204155360875E+07
        1.377000000000000000000000000000   -3.662687889094549548338785683538E+07
        1.378000000000000000000000000000   -3.669177226718034570150657071897E+07
        1.379000000000000000000000000000   -3.675681940263515496396348889073E+07
        1.380000000000000000000000000000   -3.682202097554236633828750365149E+07
        1.381000000000000000000000000000   -3.688737766651530820530781920108E+07
        1.382000000000000000000000000000   -3.695289015855775062236934027647E+07
        1.383000000000000000000000000000   -3.701855913707350933281665593417E+07
        1.384000000000000000000000000000   -3.708438528987609764925966108881E+07
        1.385000000000000000000000000000   -3.715036930719842643926274937690E+07
        1.386000000000000000000000000000   -3.721651188170255244323470561538E+07
        1.387000000000000000000000000000   -3.728281370848947515543796044085E+07
        1.388000000000000000000000000000   -3.734927548510898250018377972253E+07
        1.389000000000000000000000000000   -3.741589791156954553643428332469E+07
        1.390000000000000000000000000000   -3.748268169034826242519295824606E+07
        1.391000000000000000000000000000   -3.754962752640085189523258678739E+07
        1.392000000000000000000000000000   -3.761673612717169644388328811002E+07
        1.393000000000000000000000000000   -3.768400820260393551078370847487E+07
        1.394000000000000000000000000000   -3.775144446514960886368532893574E+07
        1.395000000000000000000000000000   -3.781904562977985043659342686049E+07
        1.396000000000000000000000000000   -3.788681241399513286172846714311E+07
        1.397000000000000000000000000000   -3.795474553783556293799864834142E+07
        1.398000000000000000000000000000   -3.802284572389122827988802644159E+07
        1.399000000000000000000000000000   -3.809111369731259539188512294477E+07
        1.400000000000000000000000000000   -3.815955018582095941480423314772E+07
        1.401000000000000000000000000000   -3.822815591971894579158582372807E+07
        1.402000000000000000000000000000   -3.829693163190106410140348514829E+07
        1.403000000000000000000000000000   -3.836587805786431431215292329234E+07
        1.404000000000000000000000000000   -3.843499593571884570265347570135E+07
        1.405000000000000000000000000000   -3.850428600619866870715466056820E+07
        1.406000000000000000000000000000   -3.857374901267241993600935130188E+07
        1.407000000000000000000000000000   -3.864338570115418062765135623153E+07
        1.408000000000000000000000000000   -3.871319682031434878829851236902E+07
        1.409000000000000000000000000000   -3.878318312149056527709291480703E+07
        1.410000000000000000000000000000   -3.885334535869869409568764024933E+07
        1.411000000000000000000000000000   -3.892368428864385714259432554479E+07
        1.412000000000000000000000000000   -3.899420067073152369391827135635E+07
        1.413000000000000000000000000000   -3.906489526707865487342739891394E+07
        1.414000000000000000000000000000   -3.913576884252490337622843608852E+07
        1.415000000000000000000000000000   -3.920682216464386871165818994268E+07
        1.416000000000000000000000000000   -3.927805600375440823233971886257E+07
        1.417000000000000000000000000000   -3.934947113293200421770269100743E+07
        1.418000000000000000000000000000   -3.942106832802018728162425002401E+07
        1.419000000000000000000000000000   -3.949284836764201637521134691058E+07
        1.420000000000000000000000000000   -3.956481203321161565711778197982E+07
        1.421000000000000000000000000000   -3.963696010894576850516917671139E+07
        1.422000000000000000000000000000   -3.970929338187556894445680581109E+07
        1.423000000000000000000000000000   -3.978181264185813076845670916624E+07
        1.424000000000000000000000000000   -3.985451868158835463113381602556E+07
        1.425000000000000000000000000000   -3.992741229661075338940199431619E+07
        1.426000000000000000000000000000   -4.000049428533133597673003148004E+07
        1.427000000000000000000000000000   -4.007376544902955009011060476886E+07
        1.428000000000000000000000000000   -4.014722659187028397404435404826E+07
        1.429000000000000000000000000000   -4.022087852091592758663427455818E+07
        1.430000000000000000000000000000   -4.029472204613849343433684675914E+07
        1.431000000000000000000000000000   -4.036875798043179736337566162964E+07
        1.432000000000000000000000000000   -4.044298713962369959729082910829E+07
        1.433000000000000000000000000000   -4.051741034248840631157322160607E+07
        1.434000000000000000000000000000   -4.059202841075883203781665073557E+07
        1.435000000000000000000000000000   -4.066684216913902319131345097536E+07
        1.436000000000000000000000000000   -4.074185244531664301751969654722E+07
        1.437000000000000000000000000000   -4.081706006997551825432545525031E+07
        1.438000000000000000000000000000   -4.089246587680824780858313356711E+07
        1.439000000000000000000000000000   -4.096807070252887374687313951223E+07
        1.440000000000000000000000000000   -4.104387538688561490202083220327E+07
        1.441000000000000000000000000000   -4.111988077267366339842208904363E+07
        1.442000000000000000000000000000   -4.119608770574804440078685206033E+07
        1.443000000000000000000000000000   -4.127249703503653939247076396522E+07
        1.444000000000000000000000000000   -4.134910961255267329113452182567E+07
        1.445000000000000000000000000000   -4.142592629340876571104891205522E+07
        1.446000000000000000000000000000   -4.150294793582904668295069527588E+07
        1.447000000000000000000000000000   -4.158017540116283714395063426622E+07
        1.448000000000000000000000000000   -4.165760955389779451160005380067E+07
        1.449000000000000000000000000000   -4.173525126167322365783643910928E+07
        1.450000000000000000000000000000   -4.181310139529345360015177165306E+07
        1.451000000000000000000000000000   -4.189116082874128022895961893095E+07
        1.452000000000000000000000000000   -4.196943043919147539177849142871E+07
        1.453000000000000000000000000000   -4.204791110702436265649970721624E+07
        1.454000000000000000000000000000   -4.212660371583946007766801603492E+07
        1.455000000000000000000000000000   -4.220550915246919029137258324018E+07
        1.456000000000000000000000000000   -4.228462830699265826602467324161E+07
        1.457000000000000000000000000000   -4.236396207274949703798655599161E+07
        1.458000000000000000000000000000   -4.244351134635378176271384281334E+07
        1.459000000000000000000000000000   -4.252327702770801241378069394644E+07
        1.460000000000000000000000000000   -4.260326002001716546387418446441E+07
        1.461000000000000000000000000000   -4.268346122980281488357062284491E+07
        1.462000000000000000000000000000   -4.276388156691732279544284294307E+07
        1.463000000000000000000000000000   -4.284452194455810012279349124529E+07
        1.464000000000000000000000000000   -4.292538327928193757406516321614E+07
        1.465000000000000000000000000000   -4.300646649101940730574396177241E+07
        1.466000000000000000000000000000   -4.308777250308933560834871424118E+07
        1.467000000000000000000000000000   -4.316930224221334696188374873305E+07
        1.468000000000000000000000000000   -4.325105663853047980892885417629E+07
        1.469000000000000000000000000000   -4.333303662561187439534588814225E+07
        1.470000000000000000000000000000   -4.341524314047553303039751121836E+07
        1.471000000000000000000000000000   -4.349767712360115311989977457010E+07
        1.472000000000000000000000000000   -4.358033951894503332786682733987E+07
        1.473000000000000000000000000000   -4.366323127395505322395290187321E+07
        1.474000000000000000000000000000   -4.374635333958572677585403700381E+07
        1.475000000000000000000000000000   -4.382970667031333004769977268678E+07
        1.476000000000000000000000000000   -4.391329222415110346734335341765E+07
        1.477000000000000000000000000000   -4.399711096266452902734787374393E+07
        1.478000000000000000000000000000   -4.408116385098668278636534775785E+07
        1.479000000000000000000000000000   -4.416545185783366303951594710695E+07
        1.480000000000000000000000000000   -4.424997595552009452829569049250E+07
        1.481000000000000000000000000000   -4.433473711997470906247274392863E+07
        1.482000000000000000000000000000   -4.441973633075600292837526766341E+07
        1.483000000000000000000000000000   -4.450497457106797145992748544233E+07
        1.484000000000000000000000000000   -4.459045282777592115075541792522E+07
        1.485000000000000000000000000000   -4.467617209142235968765957812607E+07
        1.486000000000000000000000000000   -4.476213335624296428773893668631E+07
        1.487000000000000000000000000000   -4.484833762018262872344869295202E+07
        1.488000000000000000000000000000   -4.493478588491158942188389892333E+07
        1.489000000000000000000000000000   -4.502147915584163102660184228584E+07
        1.490000000000000000000000000000   -4.510841844214237181232836741146E+07
        1.491000000000000000000000000000   -4.519560475675762934493706531441E+07
        1.492000000000000000000000000000   -4.528303911642186678114556134428E+07
        1.493000000000000000000000000000   -4.537072254167672020444003956385E+07
        1.494000000000000000000000000000   -4.545865605688760739581773236635E+07
        1.495000000000000000000000000000   -4.554684069026041844002744040559E+07
        1.496000000000000000000000000000   -4.563527747385828857009029921689E+07
        1.497000000000000000000000000000   -4.572396744361845365499704327771E+07
        1.498000000000000000000000000000   -4.581291163936918873760400438056E+07
        1.499000000000000000000000000000   -4.590211110484683003188808816787E+07
        1.500000000000000000000000000000   -4.599156688771288079087107001827E+07
        1.501000000000000000000000000000   -4.608128003957120145868580910635E+07
        1.502000000000000000000000000000   -4.617125161598528452243146772777E+07
        1.503000000000000000000000000000   -4.626148267649561448165161265686E+07
        1.504000000000000000000000000000   -4.635197428463711335546823757465E+07
        1.505000000000000000000000000000   -4.644272750795667214961635209072E+07
        1.506000000000000000000000000000   -4.653374341803076870784790562642E+07
        1.507000000000000000000000000000   -4.662502309048317237441052591079E+07
        1.508000000000000000000000000000   -4.671656760500273589655592497480E+07
        1.509000000000000000000000000000   -4.680837804536127499829493366562E+07
        1.510000000000000000000000000000   -4.690045549943153605889104263005E+07
        1.511000000000000000000000000000   -4.699280105920525233187212766819E+07
        1.512000000000000000000000000000   -4.708541582081128914264079501304E+07
        1.513000000000000000000000000000   -4.717830088453387850507757257647E+07
        1.514000000000000000000000000000   -4.727145735483094359985807209408E+07
        1.515000000000000000000000000000   -4.736488634035251355954533043349E+07
        1.516000000000000000000000000000   -4.745858895395922900787188259171E+07
        1.517000000000000000000000000000   -4.755256631274093880299280104548E+07
        1.518000000000000000000000000000   -4.764681953803538843687103354617E+07
        1.519000000000000000000000000000   -4.774134975544700054534996204416E+07
        1.520000000000000000000000000000   -4.783615809486574798587526753288E+07
        1.521000000000000000000000000000   -4.793124569048611994224899803675E+07
        1.522000000000000000000000000000   -4.802661368082618151823327902095E+07
        1.523000000000000000000000000000   -4.812226320874672728426945694475E+07
        1.524000000000000000000000000000   -4.821819542147052924404070776176E+07
        1.525000000000000000000000000000   -4.831441147060167969008235362439E+07
        1.526000000000000000000000000000   -4.841091251214502942013439409456E+07
        1.527000000000000000000000000000   -4.850769970652572178843515450785E+07
        1.528000000000000000000000000000   -4.860477421860882306867356598578E+07
        1.529000000000000000000000000000   -4.870213721771904960785050163833E+07
        1.530000000000000000000000000000   -4.879978987766059225284688494251E+07
        1.531000000000000000000000000000   -4.889773337673703853405804282269E+07
        1.532000000000000000000000000000   -4.899596889777139309303008179677E+07
        1.533000000000000000000000000000   -4.909449762812619684362500540398E+07
        1.534000000000000000000000000000   -4.919332075972374535884695021714E+07
        1.535000000000000000000000000000   -4.929243948906640697808238180574E+07
        1.536000000000000000000000000000   -4.939185501725704113214244731233E+07
        1.537000000000000000000000000000   -4.949156855001951738614601461320E+07
        1.538000000000000000000000000000   -4.959158129771933570294732665838E+07
        1.539000000000000000000000000000   -4.969189447538434843249275135752E+07
        1.540000000000000000000000000000   -4.979250930272558453518690066065E+07
        1.541000000000000000000000000000   -4.989342700415817655005951617398E+07
        1.542000000000000000000000000000   -4.999464880882239082125106218687E+07
        1.543000000000000000000000000000   -5.009617595060476149907702034522E+07
        1.544000000000000000000000000000   -5.019800966815932883468853391116E+07
        1.545000000000000000000000000000   -5.030015120492898229012039467066E+07
        1.546000000000000000000000000000   -5.040260180916690898830649371249E+07
        1.547000000000000000000000000000   -5.050536273395814803044786068331E+07
        1.548000000000000000000000000000   -5.060843523724125121093938746156E+07
        1.549000000000000000000000000000   -5.071182058183005066289836478758E+07
        1.550000000000000000000000000000   -5.081552003543553397019114810606E+07
        1.551000000000000000000000000000   -5.091953487068782728472370615477E+07
        1.552000000000000000000000000000   -5.102386636515828699064758767981E+07
        1.553000000000000000000000000000   -5.112851580138170046003506365977E+07
        1.554000000000000000000000000000   -5.123348446687859644749596074410E+07
        1.555000000000000000000000000000   -5.133877365417766567414409300790E+07
        1.556000000000000000000000000000   -5.144438466083829215427332093361E+07
        1.557000000000000000000000000000   -5.155031878947319582107221668144E+07
        1.558000000000000000000000000000   -5.165657734777118701069219173113E+07
        1.559000000000000000000000000000   -5.176316164852003336698684599298E+07
        1.560000000000000000000000000000   -5.187007300962943973226032622451E+07
        1.561000000000000000000000000000   -5.197731275415414159239973638722E+07
        1.562000000000000000000000000000   -5.208488221031711264782122438020E+07
        1.563000000000000000000000000000   -5.219278271153288708473137995656E+07
        1.564000000000000000000000000000   -5.230101559643099712429511974288E+07
        1.565000000000000000000000000000   -5.240958220887952643040840994393E+07
        1.566000000000000000000000000000   -5.251848389800877995989908895243E+07
        1.567000000000000000000000000000   -5.262772201823507084212180475627E+07
        1.568000000000000000000000000000   -5.273729792928462487807378043554E+07
        1.569000000000000000000000000000   -5.284721299621760325233687050193E+07
        1.570000000000000000000000000000   -5.295746858945224405434827732618E+07
        1.571000000000000000000000000000   -5.306806608478912320871746704781E+07
        1.572000000000000000000000000000   -5.317900686343553541754036543565E+07
        1.573000000000000000000000000000   -5.329029231202999572091393409453E+07
        1.574000000000000000000000000000   -5.340192382266686228512483477929E+07
        1.575000000000000000000000000000   -5.351390279292108103127519362879E+07
        1.576000000000000000000000000000   -5.362623062587305272041658778853E+07
        1.577000000000000000000000000000   -5.373890873013362311459040473683E+07
        1.578000000000000000000000000000   -5.385193851986919683651878093123E+07
        1.579000000000000000000000000000   -5.396532141482697555405552309317E+07
        1.580000000000000000000000000000   -5.407905884036032111889086517827E+07
        1.581000000000000000000000000000   -5.419315222745424429240773015605E+07
        1.582000000000000000000000000000   -5.430760301275101969501046215641E+07
        1.583000000000000000000000000000   -5.442241263857592761868988604131E+07
        1.584000000000000000000000000000   -5.453758255296312334605115343985E+07
        1.585000000000000000000000000000   -5.465311420968163462251326286108E+07
        1.586000000000000000000000000000   -5.476900906826148793189151350249E+07
        1.587000000000000000000000000000   -5.488526859401996422909658534680E+07
        1.588000000000000000000000000000   -5.500189425808798478722655035293E+07
        1.589000000000000000000000000000   -5.511888753743662781989102998856E+07
        1.590000000000000000000000000000   -5.523624991490377654319004274249E+07
        1.591000000000000000000000000000   -5.535398287922089934537395204977E+07
        1.592000000000000000000000000000   -5.547208792503996273583545145502E+07
        1.593000000000000000000000000000   -5.559056655296047774872983176675E+07
        1.594000000000000000000000000000   -5.570942026955668048018598710423E+07
        1.595000000000000000000000000000   -5.582865058740484744175785654699E+07
        1.596000000000000000000000000000   -5.594825902511074641647438976364E+07
        1.597000000000000000000000000000   -5.606824710733722350757579347991E+07
        1.598000000000000000000000000000   -5.618861636483192707377488667556E+07
        1.599000000000000000000000000000   -5.630936833445516924865499247503E+07
        1.600000000000000000000000000000   -5.643050455920792574561005109616E+07
        1.601000000000000000000000000000   -5.655202658825997465354867900706E+07
        1.602000000000000000000000000000   -5.667393597697817493242185345946E+07
        1.603000000000000000000000000000   -5.679623428695488532149389846115E+07
        1.604000000000000000000000000000   -5.691892308603652437715861845827E+07
        1.605000000000000000000000000000   -5.704200394835227236100690076167E+07
        1.606000000000000000000000000000   -5.716547845434291570277901912148E+07
        1.607000000000000000000000000000   -5.728934819078983476678435169205E+07
        1.608000000000000000000000000000   -5.741361475084413565434341061806E+07
        1.609000000000000000000000000000   -5.753827973405592677880210211587E+07
        1.610000000000000000000000000000   -5.766334474640374095368613055741E+07
        1.611000000000000000000000000000   -5.778881140032410373860456385370E+07
        1.612000000000000000000000000000   -5.791468131474124879157592739063E+07
        1.613000000000000000000000000000   -5.804095611509698098053792774302E+07
        1.614000000000000000000000000000   -5.816763743338068801091316408738E+07
        1.615000000000000000000000000000   -5.829472690815950133023810420832E+07
        1.616000000000000000000000000000   -5.842222618460860707502132366900E+07
        1.617000000000000000000000000000   -5.855013691454170782917967237857E+07
        1.618000000000000000000000000000   -5.867846075644163596760778459983E+07
        1.619000000000000000000000000000   -5.880719937549111936266732943605E+07
        1.620000000000000000000000000000   -5.893635444360370023563775293724E+07
        1.621000000000000000000000000000   -5.906592763945480793945013498554E+07
        1.622000000000000000000000000000   -5.919592064851298646333031976150E+07
        1.623000000000000000000000000000   -5.932633516307127745430682446441E+07
        1.624000000000000000000000000000   -5.945717288227875955489333457487E+07
        1.625000000000000000000000000000   -5.958843551217224486063500373055E+07
        1.626000000000000000000000000000   -5.972012476570813330561244158198E+07
        1.627000000000000000000000000000   -5.985224236279442578842734407153E+07
        1.628000000000000000000000000000   -5.998479003032289685564934863415E+07
        1.629000000000000000000000000000   -6.011776950220142776418503398737E+07
        1.630000000000000000000000000000   -6.025118251938650074853718353738E+07
        1.631000000000000000000000000000   -6.038503082991585532345564700206E+07
        1.632000000000000000000000000000   -6.051931618894130745704052162038E+07
        1.633000000000000000000000000000   -6.065404035876173245394408822001E+07
        1.634000000000000000000000000000   -6.078920510885621239293013535760E+07
        1.635000000000000000000000000000   -6.092481221591734896768814460849E+07
        1.636000000000000000000000000000   -6.106086346388474258446545072248E+07
        1.637000000000000000000000000000   -6.119736064397863857477309162407E+07
        1.638000000000000000000000000000   -6.133430555473374138614078595476E+07
        1.639000000000000000000000000000   -6.147170000203319761864348186493E+07
        1.640000000000000000000000000000   -6.160954579914274877969637290300E+07
        1.641000000000000000000000000000   -6.174784476674505463441733896846E+07
        1.642000000000000000000000000000   -6.188659873297418803368560726105E+07
        1.643000000000000000000000000000   -6.202580953345030210688320586192E+07
        1.644000000000000000000000000000   -6.216547901131447071119166794611E+07
        1.645000000000000000000000000000   -6.230560901726370303423060560929E+07
        1.646000000000000000000000000000   -6.244620140958613325176737789884E+07
        1.647000000000000000000000000000   -6.258725805419638614719829792485E+07
        1.648000000000000000000000000000   -6.272878082467111960450183000325E+07
        1.649000000000000000000000000000   -6.287077160228474489139319182733E+07
        1.650000000000000000000000000000   -6.301323227604532565446787192412E+07
        1.651000000000000000000000000000   -6.315616474273065655320897345538E+07
        1.652000000000000000000000000000   -6.329957090692452246485017718007E+07
        1.653000000000000000000000000000   -6.344345268105313919723265561180E+07
        1.654000000000000000000000000000   -6.358781198542177665197064468289E+07
        1.655000000000000000000000000000   -6.373265074825156538544676727785E+07
        1.656000000000000000000000000000   -6.387797090571648752039478464483E+07
        1.657000000000000000000000000000   -6.402377440198055296609440788091E+07
        1.658000000000000000000000000000   -6.417006318923516191050031448548E+07
        1.659000000000000000000000000000   -6.431683922773665455295576759584E+07
        1.660000000000000000000000000000   -6.446410448584404905150041230895E+07
        1.661000000000000000000000000000   -6.461186094005696866417210995493E+07
        1.662000000000000000000000000000   -6.476011057505375906912425397869E+07
        1.663000000000000000000000000000   -6.490885538372979685383307802957E+07
        1.664000000000000000000000000000   -6.505809736723599016915420695063E+07
        1.665000000000000000000000000000   -6.520783853501747254950430477501E+07
        1.666000000000000000000000000000   -6.535808090485249090599233194056E+07
        1.667000000000000000000000000000   -6.550882650289148870490582928481E+07
        1.668000000000000000000000000000   -6.566007736369638534957099274240E+07
        1.669000000000000000000000000000   -6.581183553028005278925128501079E+07
        1.670000000000000000000000000000   -6.596410305414599038442814496842E+07
        1.671000000000000000000000000000   -6.611688199532819906351919974362E+07
        1.672000000000000000000000000000   -6.627017442243125581183445669426E+07
        1.673000000000000000000000000000   -6.642398241267058953934945306642E+07
        1.674000000000000000000000000000   -6.657830805191295937968647090096E+07
        1.675000000000000000000000000000   -6.673315343471713647854088625793E+07
        1.676000000000000000000000000000   -6.688852066437479033566971870269E+07
        1.677000000000000000000000000000   -6.704441185295158077047368419444E+07
        1.678000000000000000000000000000   -6.720082912132845658715273826977E+07
        1.679000000000000000000000000000   -6.735777459924316202139843424592E+07
        1.680000000000000000000000000000   -6.751525042533195205660462190479E+07
        1.681000000000000000000000000000   -6.767325874717151770363128589480E+07
        1.682000000000000000000000000000   -6.783180172132112234424488135296E+07
        1.683000000000000000000000000000   -6.799088151336495024448257978198E+07
        1.684000000000000000000000000000   -6.815050029795466835034760512806E+07
        1.685000000000000000000000000000   -6.831066025885220248443853374944E+07
        1.686000000000000000000000000000   -6.847136358897272906834726934894E+07
        1.687000000000000000000000000000   -6.863261249042788350192860313501E+07
        1.688000000000000000000000000000   -6.879440917456918633684905000999E+07
        1.689000000000000000000000000000   -6.895675586203168838816423437804E+07
        1.690000000000000000000000000000   -6.911965478277783593405270652055E+07
        1.691000000000000000000000000000   -6.928310817614155716024992610289E+07
        1.692000000000000000000000000000   -6.944711829087257101217947835845E+07
        1.693000000000000000000000000000   -6.961168738518091962426961736259E+07
        1.694000000000000000000000000000   -6.977681772678172550247218750398E+07
        1.695000000000000000000000000000   -6.994251159294017464256808816101E+07
        1.696000000000000000000000000000   -7.010877127051672677344894851397E+07
        1.697000000000000000000000000000   -7.027559905601255392120880164229E+07
        1.698000000000000000000000000000   -7.044299725561520849656252330096E+07
        1.699000000000000000000000000000   -7.061096818524452211482986624555E+07
        1.700000000000000000000000000000   -7.077951417059873636448531236457E+07
        1.701000000000000000000000000000   -7.094863754720086674707492035443E+07
        1.702000000000000000000000000000   -7.111834066044530101814210591083E+07
        1.703000000000000000000000000000   -7.128862586564463316568509559340E+07
        1.704000000000000000000000000000   -7.145949552807673426958988735125E+07
        1.705000000000000000000000000000   -7.163095202303206149244417440823E+07
        1.706000000000000000000000000000   -7.180299773586120645914009056891E+07
        1.707000000000000000000000000000   -7.197563506202268428971706134262E+07
        1.708000000000000000000000000000   -7.214886640713096455698074547146E+07
        1.709000000000000000000000000000   -7.232269418700474544756027594240E+07
        1.710000000000000000000000000000   -7.249712082771547241223401039144E+07
        1.711000000000000000000000000000   -7.267214876563610259856403159200E+07
        1.712000000000000000000000000000   -7.284778044749011636613195468045E+07
        1.713000000000000000000000000000   -7.302401833040077719196345574318E+07
        1.714000000000000000000000000000   -7.320086488194064128106659482463E+07
        1.715000000000000000000000000000   -7.337832258018131820438972540297E+07
        1.716000000000000000000000000000   -7.355639391374348389392882364774E+07
        1.717000000000000000000000000000   -7.373508138184714733218169770657E+07
        1.718000000000000000000000000000   -7.391438749436217228065801491374E+07
        1.719000000000000000000000000000   -7.409431477185905539970967989508E+07
        1.720000000000000000000000000000   -7.427486574565996211954607747262E+07
        1.721000000000000000000000000000   -7.445604295789002162994333115466E+07
        1.722000000000000000000000000000   -7.463784896152888236384629264980E+07
        1.723000000000000000000000000000   -7.482028632046252935779674380217E+07
        1.724000000000000000000000000000   -7.500335760953536487990153487643E+07
        1.725000000000000000000000000000   -7.518706541460255372388037923508E+07
        1.726000000000000000000000000000   -7.537141233258263457560505290901E+07
        1.727000000000000000000000000000   -7.555640097151039886646008889513E+07
        1.728000000000000000000000000000   -7.574203395059003853581999252543E+07
        1.729000000000000000000000000000   -7.592831390024856413294982003565E+07
        1.730000000000000000000000000000   -7.611524346218949469669494341136E+07
        1.731000000000000000000000000000   -7.630282528944682085943225841137E+07
        1.732000000000000000000000000000   -7.649106204643924262990926889284E+07
        1.733000000000000000000000000000   -7.667995640902468331779969055457E+07
        1.734000000000000000000000000000   -7.686951106455508107105475418906E+07
        1.735000000000000000000000000000   -7.705972871193145950542854756369E+07
        1.736000000000000000000000000000   -7.725061206165927891390381308238E+07
        1.737000000000000000000000000000   -7.744216383590406955214191424266E+07
        1.738000000000000000000000000000   -7.763438676854734850452749832680E+07
        1.739000000000000000000000000000   -7.782728360524282164387501838581E+07
        1.740000000000000000000000000000   -7.802085710347287220641103895179E+07
        1.741000000000000000000000000000   -7.821511003260533751224344353997E+07
        1.742000000000000000000000000000   -7.841004517395057537017659631860E+07
        1.743000000000000000000000000000   -7.860566532081882171443049573253E+07
        1.744000000000000000000000000000   -7.880197327857784102957230674017E+07
        1.745000000000000000000000000000   -7.899897186471087112877068502247E+07
        1.746000000000000000000000000000   -7.919666390887486385933732740608E+07
        1.747000000000000000000000000000   -7.939505225295902331842651618241E+07
        1.748000000000000000000000000000   -7.959413975114364317072239139574E+07
        1.749000000000000000000000000000   -7.979392926995924466895560695324E+07
        1.750000000000000000000000000000   -7.999442368834601698715622806458E+07
        1.751000000000000000000000000000   -8.019562589771356148566853560217E+07
        1.752000000000000000000000000000   -8.039753880200094153612614611809E+07
        1.753000000000000000000000000000   -8.060016531773703954381286518499E+07
        1.754000000000000000000000000000   -8.080350837410122281411629927906E+07
        1.755000000000000000000000000000   -8.100757091298431991911779254607E+07
        1.756000000000000000000000000000   -8.121235588904990922975406657391E+07
        1.757000000000000000000000000000   -8.141786626979592128843336297410E+07
        1.758000000000000000000000000000   -8.162410503561655670649226154900E+07
        1.759000000000000000000000000000   -8.183107517986452128043901466746E+07
        1.760000000000000000000000000000   -8.203877970891358003054554695782E+07
        1.761000000000000000000000000000   -8.224722164222143187502356652634E+07
        1.762000000000000000000000000000   -8.245640401239290666275086981701E+07
        1.763000000000000000000000000000   -8.266632986524348629730224937355E+07
        1.764000000000000000000000000000   -8.287700225986315169488578682649E+07
        1.765000000000000000000000000000   -8.308842426868055732869008935188E+07
        1.766000000000000000000000000000   -8.330059897752753512211156585667E+07
        1.767000000000000000000000000000   -8.351352948570392946335350075876E+07
        1.768000000000000000000000000000   -8.372721890604276512397083227526E+07
        1.769000000000000000000000000000   -8.394167036497574987407654476534E+07
        1.770000000000000000000000000000   -8.415688700259911359712780938758E+07
        1.771000000000000000000000000000   -8.437287197273978571747282497779E+07
        1.772000000000000000000000000000   -8.458962844302191276416309485360E+07
        1.773000000000000000000000000000   -8.480715959493371790492100081567E+07
        1.774000000000000000000000000000   -8.502546862389470429459938095626E+07
        1.775000000000000000000000000000   -8.524455873932320409297876343406E+07
        1.776000000000000000000000000000   -8.546443316470427501731933699794E+07
        1.777000000000000000000000000000   -8.568509513765794630571903605806E+07
        1.778000000000000000000000000000   -8.590654791000781597802667129674E+07
        1.779000000000000000000000000000   -8.612879474785000129182023645194E+07
        1.780000000000000000000000000000   -8.635183893162244430178576076217E+07
        1.781000000000000000000000000000   -8.657568375617457444172174991889E+07
        1.782000000000000000000000000000   -8.680033253083733005934876405018E+07
        1.783000000000000000000000000000   -8.702578857949354084512341962611E+07
        1.784000000000000000000000000000   -8.725205524064867310734147616893E+07
        1.785000000000000000000000000000   -8.747913586750193985696608378964E+07
        1.786000000000000000000000000000   -8.770703382801777767683513197816E+07
        1.787000000000000000000000000000   -8.793575250499769236118636448717E+07
        1.788000000000000000000000000000   -8.816529529615247532279092294590E+07
        1.789000000000000000000000000000   -8.839566561417479277640566904733E+07
        1.790000000000000000000000000000   -8.862686688681214971874243047262E+07
        1.791000000000000000000000000000   -8.885890255694023073670864053552E+07
        1.792000000000000000000000000000   -8.909177608263661968729911994545E+07
        1.793000000000000000000000000000   -8.932549093725490030421340791714E+07
        1.794000000000000000000000000000   -8.956005060949913979803751866136E+07
        1.795000000000000000000000000000   -8.979545860349875752866371039676E+07
        1.796000000000000000000000000000   -9.003171843888378084052724252942E+07
        1.797000000000000000000000000000   -9.026883365086049016321560045356E+07
        1.798000000000000000000000000000   -9.050680779028745549205372724940E+07
        1.799000000000000000000000000000   -9.074564442375196637538886094240E+07
        1.800000000000000000000000000000   -9.098534713364685754749108134669E+07
        1.801000000000000000000000000000   -9.122591951824773235825107111993E+07
        1.802000000000000000000000000000   -9.146736519179058616319534367675E+07
        1.803000000000000000000000000000   -9.170968778454983184975174112184E+07
        1.804000000000000000000000000000   -9.195289094291672968818481638164E+07
        1.805000000000000000000000000000   -9.219697832947822370818224619544E+07
        1.806000000000000000000000000000   -9.244195362309618681471013950153E+07
        1.807000000000000000000000000000   -9.268782051898707686946747593966E+07
        1.808000000000000000000000000000   -9.293458272880200597705840161661E+07
        1.809000000000000000000000000000   -9.318224398070722522786619690229E+07
        1.810000000000000000000000000000   -9.343080801946502716255488984683E+07
        1.811000000000000000000000000000   -9.368027860651506823614419791060E+07
        1.812000000000000000000000000000   -9.393065952005611357270122224434E+07
        1.813000000000000000000000000000   -9.418195455512820631486857802336E+07
        1.814000000000000000000000000000   -9.443416752369526388570390973645E+07
        1.815000000000000000000000000000   -9.468730225472810349364050341683E+07
        1.816000000000000000000000000000   -9.494136259428789922479346331443E+07
        1.817000000000000000000000000000   -9.519635240561007308033116637416E+07
        1.818000000000000000000000000000   -9.545227556918862233020794524848E+07
        1.819000000000000000000000000000   -9.570913598286088556821168381714E+07
        1.820000000000000000000000000000   -9.596693756189274986701974595222E+07
        1.821000000000000000000000000000   -9.622568423906430144577890947594E+07
        1.822000000000000000000000000000   -9.648537996475592227663025713537E+07
        1.823000000000000000000000000000   -9.674602870703483507058880251126E+07
        1.824000000000000000000000000000   -9.700763445174209909726052198481E+07
        1.825000000000000000000000000000   -9.727020120258005930703694846972E+07
        1.826000000000000000000000000000   -9.753373298120025123865008623613E+07
        1.827000000000000000000000000000   -9.779823382729176420929865987801E+07
        1.828000000000000000000000000000   -9.806370779867006529897114881589E+07
        1.829000000000000000000000000000   -9.833015897136628665509221965050E+07
        1.830000000000000000000000000000   -9.859759143971697865820759364343E+07
        1.831000000000000000000000000000   -9.886600931645433150409862055565E+07
        1.832000000000000000000000000000   -9.913541673279686777248242151454E+07
        1.833000000000000000000000000000   -9.940581783854060856730696454624E+07
        1.834000000000000000000000000000   -9.967721680215071582859340252432E+07
        1.835000000000000000000000000000   -9.994961781085361343081099376903E+07
        1.836000000000000000000000000000   -1.002230250707295896978935032316E+08
        1.837000000000000000000000000000   -1.004974428068058839802207136131E+08
        1.838000000000000000000000000000   -1.007728752631502599541951310676E+08
        1.839000000000000000000000000000   -1.010493267029650683204427231977E+08
        1.840000000000000000000000000000   -1.013268014086818015921581554591E+08
        1.841000000000000000000000000000   -1.016053036820561436807000771937E+08
        1.842000000000000000000000000000   -1.018848378442635170012211354283E+08
        1.843000000000000000000000000000   -1.021654082359951298368911522146E+08
        1.844000000000000000000000000000   -1.024470192175545267161408824011E+08
        1.845000000000000000000000000000   -1.027296751689546445733185698962E+08
        1.846000000000000000000000000000   -1.030133804900153774792127421786E+08
        1.847000000000000000000000000000   -1.032981396004616527440529294049E+08
        1.848000000000000000000000000000   -1.035839569400220212118558742509E+08
        1.849000000000000000000000000000   -1.038708369685277645813389238536E+08
        1.850000000000000000000000000000   -1.041587841660125226050752821323E+08
        1.851000000000000000000000000000   -1.044478030328124430351182696001E+08
        1.852000000000000000000000000000   -1.047378980896668571999743128010E+08
        1.853000000000000000000000000000   -1.050290738778194841145576950761E+08
        1.854000000000000000000000000000   -1.053213349591201660416147768820E+08
        1.855000000000000000000000000000   -1.056146859161271384400620739219E+08
        1.856000000000000000000000000000   -1.059091313522098372527419055723E+08
        1.857000000000000000000000000000   -1.062046758916522465032619393787E+08
        1.858000000000000000000000000000   -1.065013241797567891888515087893E+08
        1.859000000000000000000000000000   -1.067990808829487644735387241126E+08
        1.860000000000000000000000000000   -1.070979506888813342034287884458E+08
        1.861000000000000000000000000000   -1.073979383065410617834462328790E+08
        1.862000000000000000000000000000   -1.076990484663540064725926647662E+08
        1.863000000000000000000000000000   -1.080012859202923761725677497727E+08
        1.864000000000000000000000000000   -1.083046554419817418025051976156E+08
        1.865000000000000000000000000000   -1.086091618268088163705881721754E+08
        1.866000000000000000000000000000   -1.089148098920298018714304826767E+08
        1.867000000000000000000000000000   -1.092216044768793071563418220701E+08
        1.868000000000000000000000000000   -1.095295504426798399419378942435E+08
        1.869000000000000000000000000000   -1.098386526729518761410102104359E+08
        1.870000000000000000000000000000   -1.101489160735245097181363389319E+08
        1.871000000000000000000000000000   -1.104603455726466862911901671001E+08
        1.872000000000000000000000000000   -1.107729461210990237187039920274E+08
        1.873000000000000000000000000000   -1.110867226923062229319407109551E+08
        1.874000000000000000000000000000   -1.114016802824500722895557557022E+08
        1.875000000000000000000000000000   -1.117178239105830487518654312047E+08
        1.876000000000000000000000000000   -1.120351586187425191909917069155E+08
        1.877000000000000000000000000000   -1.123536894720655451725240055563E+08
        1.878000000000000000000000000000   -1.126734215589042945638268758637E+08
        1.879000000000000000000000000000   -1.129943599909420633437293686356E+08
        1.880000000000000000000000000000   -1.133165099033099110080582075364E+08
        1.881000000000000000000000000000   -1.136398764547039129853232116392E+08
        1.882000000000000000000000000000   -1.139644648275030334968306443897E+08
        1.883000000000000000000000000000   -1.142902802278876223155889973425E+08
        1.884000000000000000000000000000   -1.146173278859585388985829354483E+08
        1.885000000000000000000000000000   -1.149456130558569073873255076642E+08
        1.886000000000000000000000000000   -1.152751410158845059920570411253E+08
        1.887000000000000000000000000000   -1.156059170686247942955421730434E+08
        1.888000000000000000000000000000   -1.159379465410645820331250210258E+08
        1.889000000000000000000000000000   -1.162712347847163429265373439439E+08
        1.890000000000000000000000000000   -1.166057871757411771699165013466E+08
        1.891000000000000000000000000000   -1.169416091150724261875798844673E+08
        1.892000000000000000000000000000   -1.172787060285399433043210761630E+08
        1.893000000000000000000000000000   -1.176170833669950239903411160021E+08
        1.894000000000000000000000000000   -1.179567466064359993644067208971E+08
        1.895000000000000000000000000000   -1.182977012481344966604369672534E+08
        1.896000000000000000000000000000   -1.186399528187623703844616090985E+08
        1.897000000000000000000000000000   -1.189835068705193079107687250508E+08
        1.898000000000000000000000000000   -1.193283689812611132880675977567E+08
        1.899000000000000000000000000000   -1.196745447546286730486354805943E+08
        1.900000000000000000000000000000   -1.200220398201776078356950515894E+08
        1.901000000000000000000000000000   -1.203708598335086136866837528208E+08
        1.902000000000000000000000000000   -1.207210104763984968326277299479E+08
        1.903000000000000000000000000000   -1.210724974569319058965225914170E+08
        1.904000000000000000000000000000   -1.214253265096337653964515766371E+08
        1.905000000000000000000000000000   -1.217795033956024144821398390093E+08
        1.906000000000000000000000000000   -1.221350339026434548567523009477E+08
        1.907000000000000000000000000000   -1.224919238454043118589928176338E+08
        1.908000000000000000000000000000   -1.228501790655095127039550937462E+08
        1.909000000000000000000000000000   -1.232098054316966859047118382767E+08
        1.910000000000000000000000000000   -1.235708088399532859203089282285E+08
        1.911000000000000000000000000000   -1.239331952136540470996567999271E+08
        1.912000000000000000000000000000   -1.242969705036991710147828203490E+08
        1.913000000000000000000000000000   -1.246621406886532513010269398638E+08
        1.914000000000000000000000000000   -1.250287117748849401460294277781E+08
        1.915000000000000000000000000000   -1.253966897967073605937748849470E+08
        1.916000000000000000000000000000   -1.257660808165192688545219615443E+08
        1.917000000000000000000000000000   -1.261368909249469708361642371960E+08
        1.918000000000000000000000000000   -1.265091262409869971374355057005E+08
        1.919000000000000000000000000000   -1.268827929121495407683932144518E+08
        1.920000000000000000000000000000   -1.272578971146026618887880127908E+08
        1.921000000000000000000000000000   -1.276344450533172638802562436019E+08
        1.922000000000000000000000000000   -1.280124429622128450937567547877E+08
        1.923000000000000000000000000000   -1.283918971043040306393146045437E+08
        1.924000000000000000000000000000   -1.287728137718478886109330859188E+08
        1.925000000000000000000000000000   -1.291551992864920351654930079022E+08
        1.926000000000000000000000000000   -1.295390599994235329005753547708E+08
        1.927000000000000000000000000000   -1.299244022915185870024213219163E+08
        1.928000000000000000000000000000   -1.303112325734930436616833208246E+08
        1.929000000000000000000000000000   -1.306995572860536952812228910778E+08
        1.930000000000000000000000000000   -1.310893829000503970269775927821E+08
        1.931000000000000000000000000000   -1.314807159166289992998499251710E+08
        1.932000000000000000000000000000   -1.318735628673851007336681796846E+08
        1.933000000000000000000000000000   -1.322679303145186263515329489600E+08
        1.934000000000000000000000000000   -1.326638248509892355402948442564E+08
        1.935000000000000000000000000000   -1.330612531006725645305098973475E+08
        1.936000000000000000000000000000   -1.334602217185173080969902204008E+08
        1.937000000000000000000000000000   -1.338607373907031452230098575608E+08
        1.938000000000000000000000000000   -1.342628068347995134993404808000E+08
        1.939000000000000000000000000000   -1.346664367999252370575797633077E+08
        1.940000000000000000000000000000   -1.350716340669090128656980167518E+08
        1.941000000000000000000000000000   -1.354784054484507602423671220627E+08
        1.942000000000000000000000000000   -1.358867577892838384754510422261E+08
        1.943000000000000000000000000000   -1.362966979663381374590304126810E+08
        1.944000000000000000000000000000   -1.367082328889040462925060005694E+08
        1.945000000000000000000000000000   -1.371213694987973048146783560875E+08
        1.946000000000000000000000000000   -1.375361147705247430752349029942E+08
        1.947000000000000000000000000000   -1.379524757114509137757921940511E+08
        1.948000000000000000000000000000   -1.383704593619656227425412616169E+08
        1.949000000000000000000000000000   -1.387900727956523625226291024216E+08
        1.950000000000000000000000000000   -1.392113231194576542266805351139E+08
        1.951000000000000000000000000000   -1.396342174738613027703231538296E+08
        1.952000000000000000000000000000   -1.400587630330475706982250730150E+08
        1.953000000000000000000000000000   -1.404849670050772758049918282890E+08
        1.954000000000000000000000000000   -1.409128366320608177982963835196E+08
        1.955000000000000000000000000000   -1.413423791903321392808359219046E+08
        1.956000000000000000000000000000   -1.417736019906236263591222032113E+08
        1.957000000000000000000000000000   -1.422065123782419542187199931877E+08
        1.958000000000000000000000000000   -1.426411177332448830373516655240E+08
        1.959000000000000000000000000000   -1.430774254706190096392868009341E+08
        1.960000000000000000000000000000   -1.435154430404584803266347296772E+08
        1.961000000000000000000000000000   -1.439551779281446703555567592789E+08
        1.962000000000000000000000000000   -1.443966376545268355580145830020E+08
        1.963000000000000000000000000000   -1.448398297761037416424733699517E+08
        1.964000000000000000000000000000   -1.452847618852062767399835963963E+08
        1.965000000000000000000000000000   -1.457314416101810527952761004295E+08
        1.966000000000000000000000000000   -1.461798766155750014359214477123E+08
        1.967000000000000000000000000000   -1.466300746023209699862288127189E+08
        1.968000000000000000000000000000   -1.470820433079243233263925445434E+08
        1.969000000000000000000000000000   -1.475357905066505573314377446676E+08
        1.970000000000000000000000000000   -1.479913240097139296587708909074E+08
        1.971000000000000000000000000000   -1.484486516654671136876091608226E+08
        1.972000000000000000000000000000   -1.489077813595918814482440120869E+08
        1.973000000000000000000000000000   -1.493687210152908214139921487154E+08
        1.974000000000000000000000000000   -1.498314785934800970638016319039E+08
        1.975000000000000000000000000000   -1.502960620929832521588139831110E+08
        1.976000000000000000000000000000   -1.507624795507260687117360848226E+08
        1.977000000000000000000000000000   -1.512307390419324836636499304962E+08
        1.978000000000000000000000000000   -1.517008486803215703188852383086E+08
        1.979000000000000000000000000000   -1.521728166183055906248010618699E+08
        1.980000000000000000000000000000   -1.526466510471891244197692529911E+08
        1.981000000000000000000000000000   -1.531223601973692818093264145408E+08
        1.982000000000000000000000000000   -1.535999523385370048673632927931E+08
        1.983000000000000000000000000000   -1.540794357798794648963528756489E+08
        1.984000000000000000000000000000   -1.545608188702835615179822727968E+08
        1.985000000000000000000000000000   -1.550441099985405299031502532841E+08
        1.986000000000000000000000000000   -1.555293175935516624881236121526E+08
        1.987000000000000000000000000000   -1.560164501245351515617128478808E+08
        1.988000000000000000000000000000   -1.565055161012340591466324836542E+08
        1.989000000000000000000000000000   -1.569965240741254206367552954705E+08
        1.990000000000000000000000000000   -1.574894826346304886907542665892E+08
        1.991000000000000000000000000000   -1.579844004153261239216528290269E+08
        1.992000000000000000000000000000   -1.584812860901573389610744472961E+08
        1.993000000000000000000000000000   -1.589801483746510025164984265221E+08
        1.994000000000000000000000000000   -1.594809960261307100795915761430E+08
        1.995000000000000000000000000000   -1.599838378439328279836966319848E+08
        1.996000000000000000000000000000   -1.604886826696237175488197446994E+08
        1.997000000000000000000000000000   -1.609955393872181460929725032501E+08
        1.998000000000000000000000000000   -1.615044169233988916294905111292E+08
        1.999000000000000000000000000000   -1.620153242477375481109721140115E+08
        2.000000000000000000000000000000   -1.625282703729165381217591453669E+08
        2.001000000000000000000000000000   -1.630432643549523399624181770400E+08
        2.002000000000000000000000000000   -1.635603152934199361114774120202E+08
        2.003000000000000000000000000000   -1.640794323316784900917327248831E+08
        2.004000000000000000000000000000   -1.646006246570982588107581413474E+08
        2.005000000000000000000000000000   -1.651239015012887474878429631339E+08
        2.006000000000000000000000000000   -1.656492721403281143224315104074E+08
        2.007000000000000000000000000000   -1.661767458949938321022638056785E+08
        2.008000000000000000000000000000   -1.667063321309946139928082059454E+08
        2.009000000000000000000000000000   -1.672380402592036107932417616087E+08
        2.010000000000000000000000000000   -1.677718797358928869881727106623E+08
        2.011000000000000000000000000000   -1.683078600629691829685137861020E+08
        2.012000000000000000000000000000   -1.688459907882109708394067166637E+08
        2.013000000000000000000000000000   -1.693862815055068112778692412036E+08
        2.014000000000000000000000000000   -1.699287418550950189478879527346E+08
        2.015000000000000000000000000000   -1.704733815238046440260151690337E+08
        2.016000000000000000000000000000   -1.710202102452977774361476348503E+08
        2.017000000000000000000000000000   -1.715692378003131874380710504970E+08
        2.018000000000000000000000000000   -1.721204740169112952605490599141E+08
        2.019000000000000000000000000000   -1.726739287707204975162202976436E+08
        2.020000000000000000000000000000   -1.732296119851848431823442807059E+08
        2.021000000000000000000000000000   -1.737875336318130729785082430299E+08
        2.022000000000000000000000000000   -1.743477037304290290197743646229E+08
        2.023000000000000000000000000000   -1.749101323494234426714121757393E+08
        2.024000000000000000000000000000   -1.754748296060071085793261616438E+08
        2.025000000000000000000000000000   -1.760418056664654528985557129675E+08
        2.026000000000000000000000000000   -1.766110707464145037907955301531E+08
        2.027000000000000000000000000000   -1.771826351110582723107613813873E+08
        2.028000000000000000000000000000   -1.777565090754475518504107284304E+08
        2.029000000000000000000000000000   -1.783327030047401443595221840574E+08
        2.030000000000000000000000000000   -1.789112273144625216109440721766E+08
        2.031000000000000000000000000000   -1.794920924707729298289425645166E+08
        2.032000000000000000000000000000   -1.800753089907259460495160172679E+08
        2.033000000000000000000000000000   -1.806608874425384946322962922648E+08
        2.034000000000000000000000000000   -1.812488384458573323947320992272E+08
        2.035000000000000000000000000000   -1.818391726720280108906458312826E+08
        2.036000000000000000000000000000   -1.824319008443653244069760926941E+08
        2.037000000000000000000000000000   -1.830270337384252523045652568753E+08
        2.038000000000000000000000000000   -1.836245821822784043812270801925E+08
        2.039000000000000000000000000000   -1.842245570567849779880357830123E+08
        2.040000000000000000000000000000   -1.848269692958712356828172587408E+08
        2.041000000000000000000000000000   -1.854318298868075122581973637011E+08
        2.042000000000000000000000000000   -1.860391498704877600352737698194E+08
        2.043000000000000000000000000000   -1.866489403417106413680288373121E+08
        2.044000000000000000000000000000   -1.872612124494621773579936099260E+08
        2.045000000000000000000000000000   -1.878759773971999618334095898867E+08
        2.046000000000000000000000000000   -1.884932464431389497022176678210E+08
        2.047000000000000000000000000000   -1.891130309005388288436347340990E+08
        2.048000000000000000000000000000   -1.897353421379929847588603672109E+08
        2.049000000000000000000000000000   -1.903601915797190672575908823923E+08
        2.050000000000000000000000000000   -1.909875907058511685135082457459E+08
        2.051000000000000000000000000000   -1.916175510527336218787592473246E+08
        2.052000000000000000000000000000   -1.922500842132164309046482285780E+08
        2.053000000000000000000000000000   -1.928852018369523380733369387110E+08
        2.054000000000000000000000000000   -1.935229156306955428032801303666E+08
        2.055000000000000000000000000000   -1.941632373586020783494276933056E+08
        2.056000000000000000000000000000   -1.948061788425318572778958773450E+08
        2.057000000000000000000000000000   -1.954517519623523952538539010508E+08
        2.058000000000000000000000000000   -1.960999686562442229407904253664E+08
        2.059000000000000000000000000000   -1.967508409210079958691194529223E+08
        2.060000000000000000000000000000   -1.974043808123733121922596723475E+08
        2.061000000000000000000000000000   -1.980606004453092483088775974834E+08
        2.062000000000000000000000000000   -1.987195119943366223909255659389E+08
        2.063000000000000000000000000000   -1.993811276938419959184332889330E+08
        2.064000000000000000000000000000   -2.000454598383934233837287310950E+08
        2.065000000000000000000000000000   -2.007125207830579603898732083621E+08
        2.066000000000000000000000000000   -2.013823229437209404305993053330E+08
        2.067000000000000000000000000000   -2.020548787974070307019411289399E+08
        2.068000000000000000000000000000   -2.027302008826030773590471493489E+08
        2.069000000000000000000000000000   -2.034083017995827506953690656210E+08
        2.070000000000000000000000000000   -2.040891942107330007855284248601E+08
        2.071000000000000000000000000000   -2.047728908408823341976787893885E+08
        2.072000000000000000000000000000   -2.054594044776309224461077751558E+08
        2.073000000000000000000000000000   -2.061487479716825529201629826585E+08
        2.074000000000000000000000000000   -2.068409342371784330913414341284E+08
        2.075000000000000000000000000000   -2.075359762520328588665563612038E+08
        2.076000000000000000000000000000   -2.082338870582707580221908180099E+08
        2.077000000000000000000000000000   -2.089346797623671197205674066587E+08
        2.078000000000000000000000000000   -2.096383675355883211779101957155E+08
        2.079000000000000000000000000000   -2.103449636143353626207515063581E+08
        2.080000000000000000000000000000   -2.110544813004890217360454741907E+08
        2.081000000000000000000000000000   -2.117669339617569388889950247754E+08
        2.082000000000000000000000000000   -2.124823350320226444517820051933E+08
        2.083000000000000000000000000000   -2.132006980116965396560145893158E+08
        2.084000000000000000000000000000   -2.139220364680688424517746376608E+08
        2.085000000000000000000000000000   -2.146463640356645099266633804077E+08
        2.086000000000000000000000000000   -2.153736944166001489092095610458E+08
        2.087000000000000000000000000000   -2.161040413809429264524230051719E+08
        2.088000000000000000000000000000   -2.168374187670714919651514613910E+08
        2.089000000000000000000000000000   -2.175738404820389228312325168756E+08
        2.090000000000000000000000000000   -2.183133205019377054292284572969E+08
        2.091000000000000000000000000000   -2.190558728722667635387931787236E+08
        2.092000000000000000000000000000   -2.198015117083005461934497477965E+08
        2.093000000000000000000000000000   -2.205502511954601871137580472029E+08
        2.094000000000000000000000000000   -2.213021055896867479295272585813E+08
        2.095000000000000000000000000000   -2.220570892178165574748808682682E+08
        2.096000000000000000000000000000   -2.228152164779586595156155980268E+08
        2.097000000000000000000000000000   -2.235765018398743813444133500573E+08
        2.098000000000000000000000000000   -2.243409598453590357560701219525E+08
        2.099000000000000000000000000000   -2.251086051086257689920011236302E+08
        2.100000000000000000000000000000   -2.258794523166915673208702675318E+08
        2.101000000000000000000000000000   -2.266535162297654350002780807521E+08
        2.102000000000000000000000000000   -2.274308116816387564430282008971E+08
        2.103000000000000000000000000000   -2.282113535800778554905822866358E+08
        2.104000000000000000000000000000   -2.289951569072187647759097421354E+08
        2.105000000000000000000000000000   -2.297822367199642182380454878293E+08
        2.106000000000000000000000000000   -2.305726081503828799312894973034E+08
        2.107000000000000000000000000000   -2.313662864061108223531193738256E+08
        2.108000000000000000000000000000   -2.321632867707552675965452958993E+08
        2.109000000000000000000000000000   -2.329636246043006047148186785323E+08
        2.110000000000000000000000000000   -2.337673153435166967691153587216E+08
        2.111000000000000000000000000000   -2.345743745023694911130545269765E+08
        2.112000000000000000000000000000   -2.353848176724339465516895225920E+08
        2.113000000000000000000000000000   -2.361986605233092910969195441971E+08
        2.114000000000000000000000000000   -2.370159188030366241261258786013E+08
        2.115000000000000000000000000000   -2.378366083385188768362360245172E+08
        2.116000000000000000000000000000   -2.386607450359431449713677125149E+08
        2.117000000000000000000000000000   -2.394883448812054078887059526565E+08
        2.118000000000000000000000000000   -2.403194239403376481143235559200E+08
        2.119000000000000000000000000000   -2.411539983599373856282727792909E+08
        2.120000000000000000000000000000   -2.419920843675996412064565673187E+08
        2.121000000000000000000000000000   -2.428336982723513432355360607108E+08
        2.122000000000000000000000000000   -2.436788564650881925064503967259E+08
        2.123000000000000000000000000000   -2.445275754190139995820191443275E+08
        2.124000000000000000000000000000   -2.453798716900825094245708330766E+08
        2.125000000000000000000000000000   -2.462357619174417280605968088024E+08
        2.126000000000000000000000000000   -2.470952628238807661510719680017E+08
        2.127000000000000000000000000000   -2.479583912162792144283167002714E+08
        2.128000000000000000000000000000   -2.488251639860590660531015444453E+08
        2.129000000000000000000000000000   -2.496955981096392010391216072093E+08
        2.130000000000000000000000000000   -2.505697106488924479859956978971E+08
        2.131000000000000000000000000000   -2.514475187516052384565794225524E+08
        2.132000000000000000000000000000   -2.523290396519398694296262045688E+08
        2.133000000000000000000000000000   -2.532142906708993893546894366084E+08
        2.134000000000000000000000000000   -2.541032892167951234326368255253E+08
        2.135000000000000000000000000000   -2.549960527857168538422486034788E+08
        2.136000000000000000000000000000   -2.558925989620056707310988076866E+08
        2.137000000000000000000000000000   -2.567929454187295098872774704183E+08
        2.138000000000000000000000000000   -2.576971099181613931075055309317E+08
        2.139000000000000000000000000000   -2.586051103122603873768278323073E+08
        2.140000000000000000000000000000   -2.595169645431552990753469781221E+08
        2.141000000000000000000000000000   -2.604326906436311195283864057540E+08
        2.142000000000000000000000000000   -2.613523067376182383180491237758E+08
        2.143000000000000000000000000000   -2.622758310406844408763735292873E+08
        2.144000000000000000000000000000   -2.632032818605297069831839662978E+08
        2.145000000000000000000000000000   -2.641346775974838268952956379680E+08
        2.146000000000000000000000000000   -2.650700367450068519379656038496E+08
        2.147000000000000000000000000000   -2.660093778901923964943883692954E+08
        2.148000000000000000000000000000   -2.669527197142738084346205300884E+08
        2.149000000000000000000000000000   -2.679000809931332251315886245096E+08
        2.150000000000000000000000000000   -2.688514805978135323187923524977E+08
        2.151000000000000000000000000000   -2.698069374950332431519662639743E+08
        2.152000000000000000000000000000   -2.707664707477043149453115445083E+08
        2.153000000000000000000000000000   -2.717300995154529211619603171847E+08
        2.154000000000000000000000000000   -2.726978430551431963480926481482E+08
        2.155000000000000000000000000000   -2.736697207214039718105959358310E+08
        2.156000000000000000000000000000   -2.746457519671585199493423592312E+08
        2.157000000000000000000000000000   -2.756259563441573252670673708289E+08
        2.158000000000000000000000000000   -2.766103535035139001924656902171E+08
        2.159000000000000000000000000000   -2.775989631962436639654857642891E+08
        2.160000000000000000000000000000   -2.785918052738059029479041217433E+08
        2.161000000000000000000000000000   -2.795888996886488308371024106745E+08
        2.162000000000000000000000000000   -2.805902664947577673765571494275E+08
        2.163000000000000000000000000000   -2.815959258482064542728903585477E+08
        2.164000000000000000000000000000   -2.826058980077115271464233262792E+08
        2.165000000000000000000000000000   -2.836202033351901624600308774048E+08
        2.166000000000000000000000000000   -2.846388622963209184897147863955E+08
        2.167000000000000000000000000000   -2.856618954611077895197075575135E+08
        2.168000000000000000000000000000   -2.866893235044474925650868792223E+08
        2.169000000000000000000000000000   -2.877211672067000060458318765851E+08
        2.170000000000000000000000000000   -2.887574474542623799579900982571E+08
        2.171000000000000000000000000000   -2.897981852401458372101542857437E+08
        2.172000000000000000000000000000   -2.908434016645561859167757202573E+08
        2.173000000000000000000000000000   -2.918931179354775625639717023245E+08
        2.174000000000000000000000000000   -2.929473553692595260884239042560E+08
        2.175000000000000000000000000000   -2.940061353912075230357173963328E+08
        2.176000000000000000000000000000   -2.950694795361767440910425726750E+08
        2.177000000000000000000000000000   -2.961374094491693924025795190426E+08
        2.178000000000000000000000000000   -2.972099468859353842461121375507E+08
        2.179000000000000000000000000000   -2.982871137135765027084831765178E+08
        2.180000000000000000000000000000   -2.993689319111540251974068504882E+08
        2.181000000000000000000000000000   -3.004554235702998457159086582855E+08
        2.182000000000000000000000000000   -3.015466108958311129712680377785E+08
        2.183000000000000000000000000000   -3.026425162063684055208043967605E+08
        2.184000000000000000000000000000   -3.037431619349574652901766320425E+08
        2.185000000000000000000000000000   -3.048485706296945109340663360553E+08
        2.186000000000000000000000000000   -3.059587649543551526441913752401E+08
        2.187000000000000000000000000000   -3.070737676890269301455553316087E+08
        2.188000000000000000000000000000   -3.081936017307454957586853937341E+08
        2.189000000000000000000000000000   -3.093182900941344645433526734051E+08
        2.190000000000000000000000000000   -3.104478559120489536779106584784E+08
        2.191000000000000000000000000000   -3.115823224362228333679356825698E+08
        2.192000000000000000000000000000   -3.127217130379197117183140321646E+08
        2.193000000000000000000000000000   -3.138660512085876761442997983588E+08
        2.194000000000000000000000000000   -3.150153605605178140393720337957E+08
        2.195000000000000000000000000000   -3.161696648275065355609554589195E+08
        2.196000000000000000000000000000   -3.173289878655217215392421827018E+08
        2.197000000000000000000000000000   -3.184933536533727196594690128649E+08
        2.198000000000000000000000000000   -3.196627862933842122140723251032E+08
        2.199000000000000000000000000000   -3.208373100120739788681665803918E+08
        2.200000000000000000000000000000   -3.220169491608345780297799097284E+08
        2.201000000000000000000000000000   -3.232017282166189705652372575121E+08
        2.202000000000000000000000000000   -3.243916717826301097500149648640E+08
        2.203000000000000000000000000000   -3.255868045890145214963070052063E+08
        2.204000000000000000000000000000   -3.267871514935598990504490253833E+08
        2.205000000000000000000000000000   -3.279927374823967365062486122641E+08
        2.206000000000000000000000000000   -3.292035876707040256341755598895E+08
        2.207000000000000000000000000000   -3.304197273034190406812811659648E+08
        2.208000000000000000000000000000   -3.316411817559512359526475967258E+08
        2.209000000000000000000000000000   -3.328679765349002811421240318481E+08
        2.210000000000000000000000000000   -3.341001372787782595380925904666E+08
        2.211000000000000000000000000000   -3.353376897587360543890309486246E+08
        2.212000000000000000000000000000   -3.365806598792939488737071397834E+08
        2.213000000000000000000000000000   -3.378290736790764652819623850717E+08
        2.214000000000000000000000000000   -3.390829573315514691742170802249E+08
        2.215000000000000000000000000000   -3.403423371457735644510804733452E+08
        2.216000000000000000000000000000   -3.416072395671318054287633539149E+08
        2.217000000000000000000000000000   -3.428776911781017521813925420490E+08
        2.218000000000000000000000000000   -3.441537186990018955778134721981E+08
        2.219000000000000000000000000000   -3.454353489887544786080501134404E+08
        2.220000000000000000000000000000   -3.467226090456507407632773172403E+08
        2.221000000000000000000000000000   -3.480155260081206124029569435474E+08
        2.222000000000000000000000000000   -3.493141271555068862137033506370E+08
        2.223000000000000000000000000000   -3.506184399088438930364836595482E+08
        2.224000000000000000000000000000   -3.519284918316407095119312903216E+08
        2.225000000000000000000000000000   -3.532443106306689251678653383571E+08
        2.226000000000000000000000000000   -3.545659241567549967485711933066E+08
        2.227000000000000000000000000000   -3.558933604055772177620172329152E+08
        2.228000000000000000000000000000   -3.572266475184673313989663381502E+08
        2.229000000000000000000000000000   -3.585658137832168151568973173631E+08
        2.230000000000000000000000000000   -3.599108876348878656817880955534E+08
        2.231000000000000000000000000000   -3.612618976566291125221377758375E+08
        2.232000000000000000000000000000   -3.626188725804960896721265264450E+08
        2.233000000000000000000000000000   -3.639818412882764939645388576207E+08
        2.234000000000000000000000000000   -3.653508328123202595590154558760E+08
        2.235000000000000000000000000000   -3.667258763363744779573596232664E+08
        2.236000000000000000000000000000   -3.681070011964231931650148703127E+08
        2.237000000000000000000000000000   -3.694942368815321018064587351854E+08
        2.238000000000000000000000000000   -3.708876130346981881921329104298E+08
        2.239000000000000000000000000000   -3.722871594537043245256597730824E+08
        2.240000000000000000000000000000   -3.736929060919788666324890158830E+08
        2.241000000000000000000000000000   -3.751048830594602757847839083295E+08
        2.242000000000000000000000000000   -3.765231206234667973923034794203E+08
        2.243000000000000000000000000000   -3.779476492095712275252733734065E+08
        2.244000000000000000000000000000   -3.793784994024807984327731118789E+08
        2.245000000000000000000000000000   -3.808157019469222144190098885474E+08
        2.246000000000000000000000000000   -3.822592877485318696400077783826E+08
        2.247000000000000000000000000000   -3.837092878747512795847253748553E+08
        2.248000000000000000000000000000   -3.851657335557277582074334560182E+08
        2.249000000000000000000000000000   -3.866286561852203728823464644149E+08
        2.250000000000000000000000000000   -3.880980873215112095570165742320E+08
        2.251000000000000000000000000000   -3.895740586883219806878761837307E+08
        2.252000000000000000000000000000   -3.910566021757360087495631493916E+08
        2.253000000000000000000000000000   -3.925457498411256183192923739899E+08
        2.254000000000000000000000000000   -3.940415339100849699485569441175E+08
        2.255000000000000000000000000000   -3.955439867773683692468614206178E+08
        2.256000000000000000000000000000   -3.970531410078340848160187226157E+08
        2.257000000000000000000000000000   -3.985690293373937088887899849151E+08
        2.258000000000000000000000000000   -4.000916846739670947423235505665E+08
        2.259000000000000000000000000000   -4.016211400984429051749646954454E+08
        2.260000000000000000000000000000   -4.031574288656448065545716492436E+08
        2.261000000000000000000000000000   -4.047005844053033431674959268785E+08
        2.262000000000000000000000000000   -4.062506403230335268198759359835E+08
        2.263000000000000000000000000000   -4.078076304013181768668623708612E+08
        2.264000000000000000000000000000   -4.093715886004970460708522036130E+08
        2.265000000000000000000000000000   -4.109425490597617679167653736846E+08
        2.266000000000000000000000000000   -4.125205460981566612408648649598E+08
        2.267000000000000000000000000000   -4.141056142155854282596071250532E+08
        2.268000000000000000000000000000   -4.156977880938237823165261785100E+08
        2.269000000000000000000000000000   -4.172971025975380418982118422856E+08
        2.270000000000000000000000000000   -4.189035927753097277050507709527E+08
        2.271000000000000000000000000000   -4.205172938606661997985693186254E+08
        2.272000000000000000000000000000   -4.221382412731173720849601584575E+08
        2.273000000000000000000000000000   -4.237664706191985416337010790142E+08
        2.274000000000000000000000000000   -4.254020176935193705710952869778E+08
        2.275000000000000000000000000000   -4.270449184798190585310888721800E+08
        2.276000000000000000000000000000   -4.286952091520277438898638965500E+08
        2.277000000000000000000000000000   -4.303529260753341722564759945455E+08
        2.278000000000000000000000000000   -4.320181058072596709392146395181E+08
        2.279000000000000000000000000000   -4.336907850987384683564236385395E+08
        2.280000000000000000000000000000   -4.353710008952043976112403481484E+08
        2.281000000000000000000000000000   -4.370587903376840237021060168669E+08
        2.282000000000000000000000000000   -4.387541907638962340949781003351E+08
        2.283000000000000000000000000000   -4.404572397093583326389499867993E+08
        2.284000000000000000000000000000   -4.421679749084986770644660225075E+08
        2.285000000000000000000000000000   -4.438864342957759005625218296662E+08
        2.286000000000000000000000000000   -4.456126560068047582041735393476E+08
        2.287000000000000000000000000000   -4.473466783794886392223566779920E+08
        2.288000000000000000000000000000   -4.490885399551587864424480940291E+08
        2.289000000000000000000000000000   -4.508382794797202644142046215517E+08
        2.290000000000000000000000000000   -4.525959359048047180656923682732E+08
        2.291000000000000000000000000000   -4.543615483889299639695928896147E+08
        2.292000000000000000000000000000   -4.561351562986664565838494618646E+08
        2.293000000000000000000000000000   -4.579167992098106721020106754300E+08
        2.294000000000000000000000000000   -4.597065169085654528238522037935E+08
        2.295000000000000000000000000000   -4.615043493927273552339235240785E+08
        2.296000000000000000000000000000   -4.633103368728810452545873206207E+08
        2.297000000000000000000000000000   -4.651245197736007844209081341362E+08
        2.298000000000000000000000000000   -4.669469387346590510074164581070E+08
        2.299000000000000000000000000000   -4.687776346122423404213379553430E+08
        2.300000000000000000000000000000   -4.706166484801741894633478887997E+08
        2.301000000000000000000000000000   -4.724640216311454693453014427848E+08
        2.302000000000000000000000000000   -4.743197955779519926447146592153E+08
        2.303000000000000000000000000000   -4.761840120547394796680416291862E+08
        2.304000000000000000000000000000   -4.780567130182559299890248591543E+08
        2.305000000000000000000000000000   -4.799379406491114452246009663688E+08
        2.306000000000000000000000000000   -4.818277373530455494090367398111E+08
        2.307000000000000000000000000000   -4.837261457622020536271649187694E+08
        2.308000000000000000000000000000   -4.856332087364115118697986777892E+08
        2.309000000000000000000000000000   -4.875489693644813153786427500013E+08
        2.310000000000000000000000000000   -4.894734709654934730543014566720E+08
        2.311000000000000000000000000000   -4.914067570901101258093238260167E+08
        2.312000000000000000000000000000   -4.933488715218868430586377671682E+08
        2.313000000000000000000000000000   -4.952998582785937498522233063221E+08
        2.314000000000000000000000000000   -4.972597616135445334694736851432E+08
        2.315000000000000000000000000000   -4.992286260169333786114072640026E+08
        2.316000000000000000000000000000   -5.012064962171798806457373665688E+08
        2.317000000000000000000000000000   -5.031934171822819866807962551121E+08
        2.318000000000000000000000000000   -5.051894341211770145674582511221E+08
        2.319000000000000000000000000000   -5.071945924851108002535306339301E+08
        2.320000000000000000000000000000   -5.092089379690150242425944890907E+08
        2.321000000000000000000000000000   -5.112325165128927682389963749502E+08
        2.322000000000000000000000000000   -5.132653743032123533926308760179E+08
        2.323000000000000000000000000000   -5.153075577743095118913292714681E+08
        2.324000000000000000000000000000   -5.173591136097979439850962332735E+08
        2.325000000000000000000000000000   -5.194200887439883128651303597334E+08
        2.326000000000000000000000000000   -5.214905303633157301615412377321E+08
        2.327000000000000000000000000000   -5.235704859077757851669515155233E+08
        2.328000000000000000000000000000   -5.256600030723691712387631759992E+08
        2.329000000000000000000000000000   -5.277591298085549631807889621401E+08
        2.330000000000000000000000000000   -5.298679143257125997552189714466E+08
        2.331000000000000000000000000000   -5.319864050926126258285251711946E+08
        2.332000000000000000000000000000   -5.341146508388962490099194755225E+08
        2.333000000000000000000000000000   -5.362527005565637659983906713718E+08
        2.334000000000000000000000000000   -5.384006035014719142141686052350E+08
        2.335000000000000000000000000000   -5.405584091948402046527174888800E+08
        2.336000000000000000000000000000   -5.427261674247662922640609132238E+08
        2.337000000000000000000000000000   -5.449039282477504405274062608751E+08
        2.338000000000000000000000000000   -5.470917419902291372606828880718E+08
        2.339000000000000000000000000000   -5.492896592501179190767540381858E+08
        2.340000000000000000000000000000   -5.514977308983634622727244088056E+08
        2.341000000000000000000000000000   -5.537160080805049983159612055124E+08
        2.342000000000000000000000000000   -5.559445422182451124701940873271E+08
        2.343000000000000000000000000000   -5.581833850110299844873764785128E+08
        2.344000000000000000000000000000   -5.604325884376391306758952545570E+08
        2.345000000000000000000000000000   -5.626922047577847070432259018026E+08
        2.346000000000000000000000000000   -5.649622865137204336012641258489E+08
        2.347000000000000000000000000000   -5.672428865318602003153409003998E+08
        2.348000000000000000000000000000   -5.695340579244064155733645949749E+08
        2.349000000000000000000000000000   -5.718358540909881584496497194434E+08
        2.350000000000000000000000000000   -5.741483287203091964388057326709E+08
        2.351000000000000000000000000000   -5.764715357918059307385901739919E+08
        2.352000000000000000000000000000   -5.788055295773153315668971184086E+08
        2.353000000000000000000000000000   -5.811503646427529264070737953715E+08
        2.354000000000000000000000000000   -5.835060958498009044875544511325E+08
        2.355000000000000000000000000000   -5.858727783576064012163906197641E+08
        2.356000000000000000000000000000   -5.882504676244900267086604822582E+08
        2.357000000000000000000000000000   -5.906392194096647029649766623728E+08
        2.358000000000000000000000000000   -5.930390897749648746824015003531E+08
        2.359000000000000000000000000000   -5.954501350865861591050415731585E+08
        2.360000000000000000000000000000   -5.978724120168355007504491489000E+08
        2.361000000000000000000000000000   -6.003059775458918972797276760850E+08
        2.362000000000000000000000000000   -6.027508889635777632139417640443E+08
        2.363000000000000000000000000000   -6.052072038711409986370900065722E+08
        2.364000000000000000000000000000   -6.076749801830478304665321823323E+08
        2.365000000000000000000000000000   -6.101542761287864943153917290964E+08
        2.366000000000000000000000000000   -6.126451502546818254181009817345E+08
        2.367000000000000000000000000000   -6.151476614257208275399416857987E+08
        2.368000000000000000000000000000   -6.176618688273892892441781027419E+08
        2.369000000000000000000000000000   -6.201878319675195173462061171561E+08
        2.370000000000000000000000000000   -6.227256106781492578430708045507E+08
        2.371000000000000000000000000000   -6.252752651173918750687587407290E+08
        2.372000000000000000000000000000   -6.278368557713178602908719094798E+08
        2.373000000000000000000000000000   -6.304104434558477414326595321212E+08
        2.374000000000000000000000000000   -6.329960893186564660759447989234E+08
        2.375000000000000000000000000000   -6.355938548410893303752577888028E+08
        2.376000000000000000000000000000   -6.382038018400895269914964430068E+08
        2.377000000000000000000000000000   -6.408259924701373856347070980062E+08
        2.378000000000000000000000000000   -6.434604892252013802901277349862E+08
        2.379000000000000000000000000000   -6.461073549407009776894938872852E+08
        2.380000000000000000000000000000   -6.487666527954814020807923497497E+08
        2.381000000000000000000000000000   -6.514384463138003918441849112149E+08
        2.382000000000000000000000000000   -6.541227993673270239997369094446E+08
        2.383000000000000000000000000000   -6.568197761771526831538972847410E+08
        2.384000000000000000000000000000   -6.595294413158142519364119547900E+08
        2.385000000000000000000000000000   -6.622518597093296004875348940433E+08
        2.386000000000000000000000000000   -6.649870966392454530670555964143E+08
        2.387000000000000000000000000000   -6.677352177446977103718121274205E+08
        2.388000000000000000000000000000   -6.704962890244843066670304063766E+08
        2.389000000000000000000000000000   -6.732703768391506813590475554873E+08
        2.390000000000000000000000000000   -6.760575479130879451627651461538E+08
        2.391000000000000000000000000000   -6.788578693366438215465621810305E+08
        2.392000000000000000000000000000   -6.816714085682464446704030744073E+08
        2.393000000000000000000000000000   -6.844982334365410955695283192274E+08
        2.394000000000000000000000000000   -6.873384121425399588764407286235E+08
        2.395000000000000000000000000000   -6.901920132617849829179240730418E+08
        2.396000000000000000000000000000   -6.930591057465239265715797496122E+08
        2.397000000000000000000000000000   -6.959397589278996768178671576973E+08
        2.398000000000000000000000000000   -6.988340425181529214789112446305E+08
        2.399000000000000000000000000000   -7.017420266128382621944229530087E+08
        2.400000000000000000000000000000   -7.046637816930538532479919647430E+08
        2.401000000000000000000000000000   -7.075993786276846524237833128460E+08
        2.402000000000000000000000000000   -7.105488886756593706443274327848E+08
        2.403000000000000000000000000000   -7.135123834882212077146645634617E+08
        2.404000000000000000000000000000   -7.164899351112124620766167964958E+08
        2.405000000000000000000000000000   -7.194816159873731030594424266209E+08
        2.406000000000000000000000000000   -7.224874989586533946996056945325E+08
        2.407000000000000000000000000000   -7.255076572685406607928988604944E+08
        2.408000000000000000000000000000   -7.285421645644002814367113332557E+08
        2.409000000000000000000000000000   -7.315910948998310119188810434895E+08
        2.410000000000000000000000000000   -7.346545227370347154123153430375E+08
        2.411000000000000000000000000000   -7.377325229492006015414615912025E+08
        2.412000000000000000000000000000   -7.408251708229040634977706306503E+08
        2.413000000000000000000000000000   -7.439325420605202069965591463170E+08
        2.414000000000000000000000000000   -7.470547127826521649871692454208E+08
        2.415000000000000000000000000000   -7.501917595305742926520755175271E+08
        2.416000000000000000000000000000   -7.533437592686903378586315723567E+08
        2.417000000000000000000000000000   -7.565107893870066828595100725941E+08
        2.418000000000000000000000000000   -7.596929277036207536746032650899E+08
        2.419000000000000000000000000000   -7.628902524672246942282458768015E+08
        2.420000000000000000000000000000   -7.661028423596244029611301180218E+08
        2.421000000000000000000000000000   -7.693307764982740302862347892106E+08
        2.422000000000000000000000000000   -7.725741344388260359125187130106E+08
        2.423000000000000000000000000000   -7.758329961776969057190647350371E+08
        2.424000000000000000000000000000   -7.791074421546486285258364141116E+08
        2.425000000000000000000000000000   -7.823975532553860337752575479160E+08
        2.426000000000000000000000000000   -7.857034108141700918114773833114E+08
        2.427000000000000000000000000000   -7.890250966164472791214745099312E+08
        2.428000000000000000000000000000   -7.923626929014951115841130393963E+08
        2.429000000000000000000000000000   -7.957162823650839494599289808988E+08
        2.430000000000000000000000000000   -7.990859481621551785458262310225E+08
        2.431000000000000000000000000000   -8.024717739095158726150340412460E+08
        2.432000000000000000000000000000   -8.058738436885500429636551978057E+08
        2.433000000000000000000000000000   -8.092922420479465815909506820566E+08
        2.434000000000000000000000000000   -8.127270540064440052511967629729E+08
        2.435000000000000000000000000000   -8.161783650555921083305490479095E+08
        2.436000000000000000000000000000   -8.196462611625306332228899792017E+08
        2.437000000000000000000000000000   -8.231308287727850676041568655564E+08
        2.438000000000000000000000000000   -8.266321548130796787351822903599E+08
        2.439000000000000000000000000000   -8.301503266941678956586634167100E+08
        2.440000000000000000000000000000   -8.336854323136801508965473467400E+08
        2.441000000000000000000000000000   -8.372375600589892939999125910056E+08
        2.442000000000000000000000000000   -8.408067988100936900543784295487E+08
        2.443000000000000000000000000000   -8.443932379425181170002213357512E+08
        2.444000000000000000000000000000   -8.479969673302325763877577941338E+08
        2.445000000000000000000000000000   -8.516180773485891329552031536390E+08
        2.446000000000000000000000000000   -8.552566588772768991881742734191E+08
        2.447000000000000000000000000000   -8.589128033032952817973075705664E+08
        2.448000000000000000000000000000   -8.625866025239456078331518795200E+08
        2.449000000000000000000000000000   -8.662781489498412489456057733050E+08
        2.450000000000000000000000000000   -8.699875355079363630887404528954E+08
        2.451000000000000000000000000000   -8.737148556445733737709210439982E+08
        2.452000000000000000000000000000   -8.774602033285493077547504992495E+08
        2.453000000000000000000000000000   -8.812236730542011129215509268911E+08
        2.454000000000000000000000000000   -8.850053598445100788309069852290E+08
        2.455000000000000000000000000000   -8.888053592542254833272652205773E+08
        2.456000000000000000000000000000   -8.926237673730075893727524065112E+08
        2.457000000000000000000000000000   -8.964606808285901171182858843667E+08
        2.458000000000000000000000000000   -9.003161967899623170637407303313E+08
        2.459000000000000000000000000000   -9.041904129705707710024537077450E+08
        2.460000000000000000000000000000   -9.080834276315410482957241345723E+08
        2.461000000000000000000000000000   -9.119953395849193458792590434756E+08
        2.462000000000000000000000000000   -9.159262481969342412657466838679E+08
        2.463000000000000000000000000000   -9.198762533912786886759711726553E+08
        2.464000000000000000000000000000   -9.238454556524123893051449190014E+08
        2.465000000000000000000000000000   -9.278339560288846676114776215893E+08
        2.466000000000000000000000000000   -9.318418561366779864004647775408E+08
        2.467000000000000000000000000000   -9.358692581625722343710086855778E+08
        2.468000000000000000000000000000   -9.399162648675299206883251320043E+08
        2.469000000000000000000000000000   -9.439829795901024120536839036048E+08
        2.470000000000000000000000000000   -9.480695062498573486524258931016E+08
        2.471000000000000000000000000000   -9.521759493508273762794390990186E+08
        2.472000000000000000000000000000   -9.563024139849803328654058558756E+08
        2.473000000000000000000000000000   -9.604490058357110285577000829689E+08
        2.474000000000000000000000000000   -9.646158311813547594468624706768E+08
        2.475000000000000000000000000000   -9.688029968987226959731599346502E+08
        2.476000000000000000000000000000   -9.730106104666592879978903077130E+08
        2.477000000000000000000000000000   -9.772387799696218294808714016142E+08
        2.478000000000000000000000000000   -9.814876141012823266690029009353E+08
        2.479000000000000000000000000000   -9.857572221681518146709580472778E+08
        2.480000000000000000000000000000   -9.900477140932272682699980866692E+08
        2.481000000000000000000000000000   -9.943592004196612538106546984820E+08
        2.482000000000000000000000000000   -9.986917923144544699856431725686E+08
        2.483000000000000000000000000000   -1.003045601572171326346901388962E+09
        2.484000000000000000000000000000   -1.007420740618678709369146484046E+09
        2.485000000000000000000000000000   -1.011817322514908086905852630476E+09
        2.486000000000000000000000000000   -1.016235460960641102896130159325E+09
        2.487000000000000000000000000000   -1.020675270298318815206679230811E+09
        2.488000000000000000000000000000   -1.025136865516874730525851711217E+09
        2.489000000000000000000000000000   -1.029620362255591791266934515494E+09
        2.490000000000000000000000000000   -1.034125876807983470485118488405E+09
        2.491000000000000000000000000000   -1.038653526125699131867291369230E+09
        2.492000000000000000000000000000   -1.043203427822453812915844352663E+09
        2.493000000000000000000000000000   -1.047775700177982590517162450794E+09
        2.494000000000000000000000000000   -1.052370462142019689162432902334E+09
        2.495000000000000000000000000000   -1.056987833338302493172907288499E+09
        2.496000000000000000000000000000   -1.061627934068600625373846224425E+09
        2.497000000000000000000000000000   -1.066290885316770255761115329531E+09
        2.498000000000000000000000000000   -1.070976808752833804811842876197E+09
        2.499000000000000000000000000000   -1.075685826737085207205748720663E+09
        2.500000000000000000000000000000   -1.080418062324220902846766894009E+09
        2.501000000000000000000000000000   -1.085173639267496723205467052518E+09
        2.502000000000000000000000000000   -1.089952682022910842141589753619E+09
        2.503000000000000000000000000000   -1.094755315753412961512804557605E+09
        2.504000000000000000000000000000   -1.099581666333139903030636004525E+09
        2.505000000000000000000000000000   -1.104431860351677778987438758060E+09
        2.506000000000000000000000000000   -1.109306025118350915649398255140E+09
        2.507000000000000000000000000000   -1.114204288666537704289846099215E+09
        2.508000000000000000000000000000   -1.119126779758013556024769674002E+09
        2.509000000000000000000000000000   -1.124073627887321137808322964028E+09
        2.510000000000000000000000000000   -1.129044963286168068150470725684E+09
        2.511000000000000000000000000000   -1.134040916927852252331681785190E+09
        2.512000000000000000000000000000   -1.139061620531715038110890628661E+09
        2.513000000000000000000000000000   -1.144107206567622374152831332191E+09
        2.514000000000000000000000000000   -1.149177808260474154639376454560E+09
        2.515000000000000000000000000000   -1.154273559594741934776748444219E+09
        2.516000000000000000000000000000   -1.159394595319035203166475524988E+09
        2.517000000000000000000000000000   -1.164541050950696398272801522426E+09
        2.518000000000000000000000000000   -1.169713062780424857492993750383E+09
        2.519000000000000000000000000000   -1.174910767876929888619689448674E+09
        2.520000000000000000000000000000   -1.180134304091613154776144384009E+09
        2.521000000000000000000000000000   -1.185383810063280565206062618651E+09
        2.522000000000000000000000000000   -1.190659425222883865609660125855E+09
        2.523000000000000000000000000000   -1.195961289798292123036813392036E+09
        2.524000000000000000000000000000   -1.201289544819093301676634393945E+09
        2.525000000000000000000000000000   -1.206644332121426127220662876840E+09
        2.526000000000000000000000000000   -1.212025794352842438824143693271E+09
        2.527000000000000000000000000000   -1.217434074977200229046629606669E+09
        2.528000000000000000000000000000   -1.222869318279587573519487446923E+09
        2.529000000000000000000000000000   -1.228331669371277653463857370417E+09
        2.530000000000000000000000000000   -1.233821274194715075568291288592E+09
        2.531000000000000000000000000000   -1.239338279528533695130747875591E+09
        2.532000000000000000000000000000   -1.244882832992606149774919063587E+09
        2.533000000000000000000000000000   -1.250455083053125312466078233302E+09
        2.534000000000000000000000000000   -1.256055179027717873976845592626E+09
        2.535000000000000000000000000000   -1.261683271090590266388534234463E+09
        2.536000000000000000000000000000   -1.267339510277707140659144347127E+09
        2.537000000000000000000000000000   -1.273024048492002612744686836778E+09
        2.538000000000000000000000000000   -1.278737038508624494226415584925E+09
        2.539000000000000000000000000000   -1.284478633980211724872804635504E+09
        2.540000000000000000000000000000   -1.290248989442205226051798278128E+09
        2.541000000000000000000000000000   -1.296048260318192395406064325212E+09
        2.542000000000000000000000000000   -1.301876602925285464711770499869E+09
        2.543000000000000000000000000000   -1.307734174479533944359857962510E+09
        2.544000000000000000000000000000   -1.313621133101371379427982390124E+09
        2.545000000000000000000000000000   -1.319537637821096643851310049860E+09
        2.546000000000000000000000000000   -1.325483848584390000751272933036E+09
        2.547000000000000000000000000000   -1.331459926257864158543282784521E+09
        2.548000000000000000000000000000   -1.337466032634650554017358920908E+09
        2.549000000000000000000000000000   -1.343502330440021095169719825764E+09
        2.550000000000000000000000000000   -1.349568983337045598158704995270E+09
        2.551000000000000000000000000000   -1.355666155932285154365013347387E+09
        2.552000000000000000000000000000   -1.361794013781521665154250283178E+09
        2.553000000000000000000000000000   -1.367952723395523783569250401486E+09
        2.554000000000000000000000000000   -1.374142452245849503820670744836E+09
        2.555000000000000000000000000000   -1.380363368770685641097014752512E+09
        2.556000000000000000000000000000   -1.386615642380724445879634908732E+09
        2.557000000000000000000000000000   -1.392899443465077598624458132427E+09
        2.558000000000000000000000000000   -1.399214943397227832360268637888E+09
        2.559000000000000000000000000000   -1.405562314541018432453455330289E+09
        2.560000000000000000000000000000   -1.411941730256680864501272469546E+09
        2.561000000000000000000000000000   -1.418353364906900783039961683058E+09
        2.562000000000000000000000000000   -1.424797393862922675490629440677E+09
        2.563000000000000000000000000000   -1.431273993510693397514656502325E+09
        2.564000000000000000000000000000   -1.437783341257044857711724963959E+09
        2.565000000000000000000000000000   -1.444325615535916111367375396035E+09
        2.566000000000000000000000000000   -1.450900995814615124743442910942E+09
        2.567000000000000000000000000000   -1.457509662600120473203859224428E+09
        2.568000000000000000000000000000   -1.464151797445423238280240999639E+09
        2.569000000000000000000000000000   -1.470827582955909370606506792113E+09
        2.570000000000000000000000000000   -1.477537202795782787489570268426E+09
        2.571000000000000000000000000000   -1.484280841694529475734041281754E+09
        2.572000000000000000000000000000   -1.491058685453422872202924804469E+09
        2.573000000000000000000000000000   -1.497870920952070796473637315261E+09
        2.574000000000000000000000000000   -1.504717736155004211839358419982E+09
        2.575000000000000000000000000000   -1.511599320118308092809900390839E+09
        2.576000000000000000000000000000   -1.518515862996294679184008817914E+09
        2.577000000000000000000000000000   -1.525467556048219398696403307537E+09
        2.578000000000000000000000000000   -1.532454591645039742188028513394E+09
        2.579000000000000000000000000000   -1.539477163276217377207013886726E+09
        2.580000000000000000000000000000   -1.546535465556563787920837283967E+09
        2.581000000000000000000000000000   -1.553629694233129731207255646511E+09
        2.582000000000000000000000000000   -1.560760046192138800792808816910E+09
        2.583000000000000000000000000000   -1.567926719465965393323224410004E+09
        2.584000000000000000000000000000   -1.575129913240157372279957535745E+09
        2.585000000000000000000000000000   -1.582369827860503727701494886909E+09
        2.586000000000000000000000000000   -1.589646664840147531727044874030E+09
        2.587000000000000000000000000000   -1.596960626866744492053931533314E+09
        2.588000000000000000000000000000   -1.604311917809667407488518085438E+09
        2.589000000000000000000000000000   -1.611700742727256831873915338165E+09
        2.590000000000000000000000000000   -1.619127307874118254796190483243E+09
        2.591000000000000000000000000000   -1.626591820708466109604393950233E+09
        2.592000000000000000000000000000   -1.634094489899514921428577397312E+09
        2.593000000000000000000000000000   -1.641635525334917910044197037703E+09
        2.594000000000000000000000000000   -1.649215138128253364610996567735E+09
        2.595000000000000000000000000000   -1.656833540626559109509757084868E+09
        2.596000000000000000000000000000   -1.664490946417915382711302532299E+09
        2.597000000000000000000000000000   -1.672187570339076450338974224134E+09
        2.598000000000000000000000000000   -1.679923628483151283328553612999E+09
        2.599000000000000000000000000000   -1.687699338207333624348436267515E+09
        2.600000000000000000000000000000   -1.695514918140681775417860529488E+09
        2.601000000000000000000000000000   -1.703370588191948438952290918793E+09
        2.602000000000000000000000000000   -1.711266569557460947272769352456E+09
        2.603000000000000000000000000000   -1.719203084729052217940297861945E+09
        2.604000000000000000000000000000   -1.727180357502042774617226867612E+09
        2.605000000000000000000000000000   -1.735198612983274175515316268300E+09
        2.606000000000000000000000000000   -1.743258077599194193864736628405E+09
        2.607000000000000000000000000000   -1.751358979103994097229909537751E+09
        2.608000000000000000000000000000   -1.759501546587798374906875674427E+09
        2.609000000000000000000000000000   -1.767686010484907265062953067172E+09
        2.610000000000000000000000000000   -1.775912602582092435722934346240E+09
        2.611000000000000000000000000000   -1.784181556026946176167099176205E+09
        2.612000000000000000000000000000   -1.792493105336284457785016346502E+09
        2.613000000000000000000000000000   -1.800847486404604225925609908556E+09
        2.614000000000000000000000000000   -1.809244936512595286798397039882E+09
        2.615000000000000000000000000000   -1.817685694335707156013304735758E+09
        2.616000000000000000000000000000   -1.826169999952771237897171738931E+09
        2.617000000000000000000000000000   -1.834698094854678707294076096337E+09
        2.618000000000000000000000000000   -1.843270221953114468144133184553E+09
        2.619000000000000000000000000000   -1.851886625589347565741520812332E+09
        2.620000000000000000000000000000   -1.860547551543078432197344971459E+09
        2.621000000000000000000000000000   -1.869253247041343347276700898859E+09
        2.622000000000000000000000000000   -1.878003960767476499442049325187E+09
        2.623000000000000000000000000000   -1.886799942870130034616958176385E+09
        2.624000000000000000000000000000   -1.895641444972352482885497699145E+09
        2.625000000000000000000000000000   -1.904528720180725956063265216576E+09
        2.626000000000000000000000000000   -1.913462023094562511816298796792E+09
        2.627000000000000000000000000000   -1.922441609815160082764162445742E+09
        2.628000000000000000000000000000   -1.931467737955118371783395536661E+09
        2.629000000000000000000000000000   -1.940540666647715117527463700941E+09
        2.630000000000000000000000000000   -1.949660656556343136999476094259E+09
        2.631000000000000000000000000000   -1.958827969884008554854394719088E+09
        2.632000000000000000000000000000   -1.968042870382890631968406375907E+09
        2.633000000000000000000000000000   -1.977305623363963608694709030327E+09
        2.634000000000000000000000000000   -1.986616495706680981127335284055E+09
        2.635000000000000000000000000000   -1.995975755868722631617950758177E+09
        2.636000000000000000000000000000   -2.005383673895805237734980252596E+09
        2.637000000000000000000000000000   -2.014840521431556386820086440866E+09
        2.638000000000000000000000000000   -2.024346571727452826284112699727E+09
        2.639000000000000000000000000000   -2.033902099652823282793262771251E+09
        2.640000000000000000000000000000   -2.043507381704916286526685844687E+09
        2.641000000000000000000000000000   -2.053162696019033439738928085112E+09
        2.642000000000000000000000000000   -2.062868322378728571935063624699E+09
        2.643000000000000000000000000000   -2.072624542226073227062893814983E+09
        2.644000000000000000000000000000   -2.082431638671988931245568617405E+09
        2.645000000000000000000000000000   -2.092289896506646692719505154082E+09
        2.646000000000000000000000000000   -2.102199602209934188806723697549E+09
        2.647000000000000000000000000000   -2.112161043961991097937860080805E+09
        2.648000000000000000000000000000   -2.122174511653813037952316287824E+09
        2.649000000000000000000000000000   -2.132240296897924575135449777856E+09
        2.650000000000000000000000000000   -2.142358693039121771709550159977E+09
        2.651000000000000000000000000000   -2.152529995165284742775783750868E+09
        2.652000000000000000000000000000   -2.162754500118260697008478241024E+09
        2.653000000000000000000000000000   -2.173032506504817938731248433205E+09
        2.654000000000000000000000000000   -2.183364314707671312356708432697E+09
        2.655000000000000000000000000000   -2.193750226896579573548055762661E+09
        2.656000000000000000000000000000   -2.204190547039515174861830031256E+09
        2.657000000000000000000000000000   -2.214685580913906957056825764413E+09
        2.658000000000000000000000000000   -2.225235636117956240704660015534E+09
        2.659000000000000000000000000000   -2.235841022082026816213045961873E+09
        2.660000000000000000000000000000   -2.246502050080109333873590912560E+09
        2.661000000000000000000000000000   -2.257219033241360599072109437144E+09
        2.662000000000000000000000000000   -2.267992286561718281351209575968E+09
        2.663000000000000000000000000000   -2.278822126915591549592463673123E+09
        2.664000000000000000000000000000   -2.289708873067628149189008108650E+09
        2.665000000000000000000000000000   -2.300652845684558440709122410138E+09
        2.666000000000000000000000000000   -2.311654367347116923207413700333E+09
        2.667000000000000000000000000000   -2.322713762562041769022874497434E+09
        2.668000000000000000000000000000   -2.333831357774152900612489356722E+09
        2.669000000000000000000000000000   -2.345007481378509143705439083768E+09
        2.670000000000000000000000000000   -2.356242463732644994826492159852E+09
        2.671000000000000000000000000000   -2.367536637168887545028085052432E+09
        2.672000000000000000000000000000   -2.378890336006754105489081256257E+09
        2.673000000000000000000000000000   -2.390303896565431084484469821363E+09
        2.674000000000000000000000000000   -2.401777657176334669104525960628E+09
        2.675000000000000000000000000000   -2.413311958195753869004418883126E+09
        2.676000000000000000000000000000   -2.424907142017576483396126677680E+09
        2.677000000000000000000000000000   -2.436563553086098556454017909789E+09
        2.678000000000000000000000000000   -2.448281537908917890293799272481E+09
        2.679000000000000000000000000000   -2.460061445069912188701924479952E+09
        2.680000000000000000000000000000   -2.471903625242302408839229612459E+09
        2.681000000000000000000000000000   -2.483808431201801902218723992837E+09
        2.682000000000000000000000000000   -2.495776217839851930363344774682E+09
        2.683000000000000000000000000000   -2.507807342176944144685300832553E+09
        2.684000000000000000000000000000   -2.519902163376030624294612069728E+09
        2.685000000000000000000000000000   -2.532061042756022069640820437806E+09
        2.686000000000000000000000000000   -2.544284343805374754118837082380E+09
        2.687000000000000000000000000000   -2.556572432195766840027726139511E+09
        2.688000000000000000000000000000   -2.568925675795864669560141635092E+09
        2.689000000000000000000000000000   -2.581344444685179645820363299538E+09
        2.690000000000000000000000000000   -2.593829111168016323220655324545E+09
        2.691000000000000000000000000000   -2.606380049787512330989236396732E+09
        2.692000000000000000000000000000   -2.618997637339770757938738817614E+09
        2.693000000000000000000000000000   -2.631682252888085631091890081606E+09
        2.694000000000000000000000000000   -2.644434277777261125241514716585E+09
        2.695000000000000000000000000000   -2.657254095648025145035072155560E+09
        2.696000000000000000000000000000   -2.670142092451537925720064455684E+09
        2.697000000000000000000000000000   -2.683098656463996303266014271813E+09
        2.698000000000000000000000000000   -2.696124178301334309191579007974E+09
        2.699000000000000000000000000000   -2.709219050934020750071983830843E+09
        2.700000000000000000000000000000   -2.722383669701954436382578506865E+09
        2.701000000000000000000000000000   -2.735618432329457730049207059596E+09
        2.702000000000000000000000000000   -2.748923738940369084825483260921E+09
        2.703000000000000000000000000000   -2.762299992073235258401249193232E+09
        2.704000000000000000000000000000   -2.775747596696603879965720789707E+09
        2.705000000000000000000000000000   -2.789266960224417061803357647993E+09
        2.706000000000000000000000000000   -2.802858492531506748390600838534E+09
        2.707000000000000000000000000000   -2.816522605969192501387570276045E+09
        2.708000000000000000000000000000   -2.830259715380982423880872955293E+09
        2.709000000000000000000000000000   -2.844070238118377932232117531514E+09
        2.710000000000000000000000000000   -2.857954594056783088921834026398E+09
        2.711000000000000000000000000000   -2.871913205611519214850536667844E+09
        2.712000000000000000000000000000   -2.885946497753945504667921978519E+09
        2.713000000000000000000000000000   -2.900054898027686373847944332085E+09
        2.714000000000000000000000000000   -2.914238836564966271412040595845E+09
        2.715000000000000000000000000000   -2.928498746103052697425369672950E+09
        2.716000000000000000000000000000   -2.942835062000808169651879461144E+09
        2.717000000000000000000000000000   -2.957248222255351889053602907610E+09
        2.718000000000000000000000000000   -2.971738667518831859158108662283E+09
        2.719000000000000000000000000000   -2.986306841115308219695784786418E+09
        2.720000000000000000000000000000   -3.000953189057748560325912818929E+09
        2.721000000000000000000000000000   -3.015678160065135985727593305988E+09
        2.722000000000000000000000000000   -3.030482205579690708828814050331E+09
        2.723000000000000000000000000000   -3.045365779784205954484612569699E+09
        2.724000000000000000000000000000   -3.060329339619498961493680664888E+09
        2.725000000000000000000000000000   -3.075373344801977876462200063715E+09
        2.726000000000000000000000000000   -3.090498257841325338684494704545E+09
        2.727000000000000000000000000000   -3.105704544058299560912550647408E+09
        2.728000000000000000000000000000   -3.120992671602653716630904585908E+09
        2.729000000000000000000000000000   -3.136363111471174450240154670760E+09
        2.730000000000000000000000000000   -3.151816337525840332381723514638E+09
        2.731000000000000000000000000000   -3.167352826512101088508825994085E+09
        2.732000000000000000000000000000   -3.182973058077278434724189480580E+09
        2.733000000000000000000000000000   -3.198677514789089360864269639670E+09
        2.734000000000000000000000000000   -3.214466682154292706812831711874E+09
        2.735000000000000000000000000000   -3.230341048637459884074158587501E+09
        2.736000000000000000000000000000   -3.246301105679870600728138963373E+09
        2.737000000000000000000000000000   -3.262347347718534454026419995970E+09
        2.738000000000000000000000000000   -3.278480272205339261071020356066E+09
        2.739000000000000000000000000000   -3.294700379626327004244635319094E+09
        2.740000000000000000000000000000   -3.311008173521098274335672050543E+09
        2.741000000000000000000000000000   -3.327404160502346100621179827839E+09
        2.742000000000000000000000000000   -3.343888850275520063537638566305E+09
        2.743000000000000000000000000000   -3.360462755658621591983394421421E+09
        2.744000000000000000000000000000   -3.377126392602131353757740926381E+09
        2.745000000000000000000000000000   -3.393880280209069654150598388585E+09
        2.746000000000000000000000000000   -3.410724940755190764253806220559E+09
        2.747000000000000000000000000000   -3.427660899709312107170578465932E+09
        2.748000000000000000000000000000   -3.444688685753779236954050804816E+09
        2.749000000000000000000000000000   -3.461808830805067551809439472658E+09
        2.750000000000000000000000000000   -3.479021870034521689847513394999E+09
        2.751000000000000000000000000000   -3.496328341889233562480227948919E+09
        2.752000000000000000000000000000   -3.513728788113059987402862583406E+09
        2.753000000000000000000000000000   -3.531223753767780890011228514442E+09
        2.754000000000000000000000000000   -3.548813787254399049057853304734E+09
        2.755000000000000000000000000000   -3.566499440334582369357895814730E+09
        2.756000000000000000000000000000   -3.584281268152249671414290290933E+09
        2.757000000000000000000000000000   -3.602159829255300994942657831599E+09
        2.758000000000000000000000000000   -3.620135685617493420440255828159E+09
        2.759000000000000000000000000000   -3.638209402660463420160063033937E+09
        2.760000000000000000000000000000   -3.656381549275896757121424618124E+09
        2.761000000000000000000000000000   -3.674652697847846958112916052451E+09
        2.762000000000000000000000000000   -3.693023424275203394021638278450E+09
        2.763000000000000000000000000000   -3.711494307994310008256443865638E+09
        2.764000000000000000000000000000   -3.730065932001735741521032595698E+09
        2.765000000000000000000000000000   -3.748738882877197708736866170457E+09
        2.766000000000000000000000000000   -3.767513750806638191515859919406E+09
        2.767000000000000000000000000000   -3.786391129605456517239242181264E+09
        2.768000000000000000000000000000   -3.805371616741896903512260514028E+09
        2.769000000000000000000000000000   -3.824455813360593354534992491588E+09
        2.770000000000000000000000000000   -3.843644324306272703757825423789E+09
        2.771000000000000000000000000000   -3.862937758147616905076645179022E+09
        2.772000000000000000000000000000   -3.882336727201285682767864146276E+09
        2.773000000000000000000000000000   -3.901841847556100658367570491672E+09
        2.774000000000000000000000000000   -3.921453739097392080762747007412E+09
        2.775000000000000000000000000000   -3.941173025531509293886143332122E+09
        2.776000000000000000000000000000   -3.961000334410496084590449031144E+09
        2.777000000000000000000000000000   -3.980936297156932061522369459668E+09
        2.778000000000000000000000000000   -4.000981549088941224123517622168E+09
        2.779000000000000000000000000000   -4.021136729445368889253173183896E+09
        2.780000000000000000000000000000   -4.041402481411128151358397873679E+09
        2.781000000000000000000000000000   -4.061779452142717060610211954959E+09
        2.782000000000000000000000000000   -4.082268292793907711981010200515E+09
        2.783000000000000000000000000000   -4.102869658541608446858612636102E+09
        2.784000000000000000000000000000   -4.123584208611900377476793784217E+09
        2.785000000000000000000000000000   -4.144412606306249453191306651384E+09
        2.786000000000000000000000000000   -4.165355519027895296444810546932E+09
        2.787000000000000000000000000000   -4.186413618308418045144225191933E+09
        2.788000000000000000000000000000   -4.207587579834484447120371606399E+09
        2.789000000000000000000000000000   -4.228878083474774461352831054476E+09
        2.790000000000000000000000000000   -4.250285813307089629723268987571E+09
        2.791000000000000000000000000000   -4.271811457645644492208547595513E+09
        2.792000000000000000000000000000   -4.293455709068542327641308465344E+09
        2.793000000000000000000000000000   -4.315219264445436511450870265958E+09
        2.794000000000000000000000000000   -4.337102824965378791151783768343E+09
        2.795000000000000000000000000000   -4.359107096164855789771750486290E+09
        2.796000000000000000000000000000   -4.381232787956015056905378593028E+09
        2.797000000000000000000000000000   -4.403480614655081996645961581673E+09
        2.798000000000000000000000000000   -4.425851295010969011284666707275E+09
        2.799000000000000000000000000000   -4.448345552234078209375761194873E+09
        2.800000000000000000000000000000   -4.470964114025299036548338478742E+09
        2.801000000000000000000000000000   -4.493707712605202197299992684210E+09
        2.802000000000000000000000000000   -4.516577084743431245936589914870E+09
        2.803000000000000000000000000000   -4.539572971788293234825266849391E+09
        2.804000000000000000000000000000   -4.562696119696549818205622348541E+09
        2.805000000000000000000000000000   -4.585947279063410219957332406453E+09
        2.806000000000000000000000000000   -4.609327205152727483951693586001E+09
        2.807000000000000000000000000000   -4.632836657927399435920470382155E+09
        2.808000000000000000000000000000   -4.656476402079975796158477712477E+09
        2.809000000000000000000000000000   -4.680247207063472892837165558804E+09
        2.810000000000000000000000000000   -4.704149847122397436245687999546E+09
        2.811000000000000000000000000000   -4.728185101323980824894137539874E+09
        2.812000000000000000000000000000   -4.752353753589625465111416608664E+09
        2.813000000000000000000000000000   -4.776656592726564596548215005740E+09
        2.814000000000000000000000000000   -4.801094412459737126854383467351E+09
        2.815000000000000000000000000000   -4.825668011463878989740262785094E+09
        2.816000000000000000000000000000   -4.850378193395832551653873413145E+09
        2.817000000000000000000000000000   -4.875225766927075603410925556541E+09
        2.818000000000000000000000000000   -4.900211545776471484303012692147E+09
        2.819000000000000000000000000000   -4.925336348743241897481745733836E+09
        2.820000000000000000000000000000   -4.950600999740163986773619113220E+09
        2.821000000000000000000000000000   -4.976006327826993256522727545596E+09
        2.822000000000000000000000000000   -5.001553167244113927586732008098E+09
        2.823000000000000000000000000000   -5.027242357446418334226369517697E+09
        2.824000000000000000000000000000   -5.053074743137416978330982971120E+09
        2.825000000000000000000000000000   -5.079051174303580869212689216710E+09
        2.826000000000000000000000000000   -5.105172506248917789080585641507E+09
        2.827000000000000000000000000000   -5.131439599629784136274503243088E+09
        2.828000000000000000000000000000   -5.157853320489934010395938222112E+09
        2.829000000000000000000000000000   -5.184414540295807215622630869407E+09
        2.830000000000000000000000000000   -5.211124135972057870733511750149E+09
        2.831000000000000000000000000000   -5.237982989937325326703108300593E+09
        2.832000000000000000000000000000   -5.264991990140249105149712961659E+09
        2.833000000000000000000000000000   -5.292152030095729583440375555005E+09
        2.834000000000000000000000000000   -5.319464008921436164868822148223E+09
        2.835000000000000000000000000000   -5.346928831374564685030450300821E+09
        2.836000000000000000000000000000   -5.374547407888845818322342280076E+09
        2.837000000000000000000000000000   -5.402320654611806261396515385553E+09
        2.838000000000000000000000000000   -5.430249493442284483392139621797E+09
        2.839000000000000000000000000000   -5.458334852068202845867951256321E+09
        2.840000000000000000000000000000   -5.486577664004597908550335936114E+09
        2.841000000000000000000000000000   -5.514978868631910750306312696216E+09
        2.842000000000000000000000000000   -5.543539411234539148144692158260E+09
        2.843000000000000000000000000000   -5.572260243039653470543786408227E+09
        2.844000000000000000000000000000   -5.601142321256278155000998577609E+09
        2.845000000000000000000000000000   -5.630186609114640653399207391409E+09
        2.846000000000000000000000000000   -5.659394075905789742587882545575E+09
        2.847000000000000000000000000000   -5.688765697021485111484123737560E+09
        2.848000000000000000000000000000   -5.718302453994360150011118897067E+09
        2.849000000000000000000000000000   -5.748005334538359879309681500191E+09
        2.850000000000000000000000000000   -5.777875332589455976883375152994E+09
        2.851000000000000000000000000000   -5.807913448346640864670094809896E+09
        2.852000000000000000000000000000   -5.838120688313202842473683567925E+09
        2.853000000000000000000000000000   -5.868498065338284263739064133359E+09
        2.854000000000000000000000000000   -5.899046598658724765314303694225E+09
        2.855000000000000000000000000000   -5.929767313941191577613865725519E+09
        2.856000000000000000000000000000   -5.960661243324598956479894707099E+09
        2.857000000000000000000000000000   -5.991729425462818793033599234798E+09
        2.858000000000000000000000000000   -6.022972905567684472917521881707E+09
        2.859000000000000000000000000000   -6.054392735452290071552593744548E+09
        2.860000000000000000000000000000   -6.085989973574586987372258270112E+09
        2.861000000000000000000000000000   -6.117765685081280130450510191563E+09
        2.862000000000000000000000000000   -6.149720941852025799512335877546E+09
        2.863000000000000000000000000000   -6.181856822543933396004673001110E+09
        2.864000000000000000000000000000   -6.214174412636373139714549351696E+09
        2.865000000000000000000000000000   -6.246674804476091966349439371208E+09
        2.866000000000000000000000000000   -6.279359097322639803544026532138E+09
        2.867000000000000000000000000000   -6.312228397394108437928421398657E+09
        2.868000000000000000000000000000   -6.345283817913185202186408057479E+09
        2.869000000000000000000000000000   -6.378526479153523727449432103039E+09
        2.870000000000000000000000000000   -6.411957508486434022913765694247E+09
        2.871000000000000000000000000000   -6.445578040427894161235561267810E+09
        2.872000000000000000000000000000   -6.479389216685885865052314975991E+09
        2.873000000000000000000000000000   -6.513392186208056306900591339062E+09
        2.874000000000000000000000000000   -6.547588105229708451849707397028E+09
        2.875000000000000000000000000000   -6.581978137322122289350441217345E+09
        2.876000000000000000000000000000   -6.616563453441209318107727409734E+09
        2.877000000000000000000000000000   -6.651345231976502665227750864910E+09
        2.878000000000000000000000000000   -6.686324658800485238463876991265E+09
        2.879000000000000000000000000000   -6.721502927318258328093498230887E+09
        2.880000000000000000000000000000   -6.756881238517553092800176857966E+09
        2.881000000000000000000000000000   -6.792460801019087381913475637276E+09
        2.882000000000000000000000000000   -6.828242831127270364473651929366E+09
        2.883000000000000000000000000000   -6.864228552881257453841016866035E+09
        2.884000000000000000000000000000   -6.900419198106358034961307460546E+09
        2.885000000000000000000000000000   -6.936816006465798519929972790543E+09
        2.886000000000000000000000000000   -6.973420225512843276170931250408E+09
        2.887000000000000000000000000000   -7.010233110743275990360218662038E+09
        2.888000000000000000000000000000   -7.047255925648244050183129975080E+09
        2.889000000000000000000000000000   -7.084489941767468545116082536595E+09
        2.890000000000000000000000000000   -7.121936438742822506672627637705E+09
        2.891000000000000000000000000000   -7.159596704372280027947949511229E+09
        2.892000000000000000000000000000   -7.197472034664238921838966583595E+09
        2.893000000000000000000000000000   -7.235563733892219597008947238919E+09
        2.894000000000000000000000000000   -7.273873114649942850507539610988E+09
        2.895000000000000000000000000000   -7.312401497906789295950469349111E+09
        2.896000000000000000000000000000   -7.351150213063643166309067744956E+09
        2.897000000000000000000000000000   -7.390120598009123250659451444941E+09
        2.898000000000000000000000000000   -7.429313999176203744695790217599E+09
        2.899000000000000000000000000000   -7.468731771599227815422886613856E+09
        2.900000000000000000000000000000   -7.508375278971316701211476351439E+09
        2.901000000000000000000000000000   -7.548245893702177189326476239594E+09
        2.902000000000000000000000000000   -7.588344996976310334125102750944E+09
        2.903000000000000000000000000000   -7.628673978811624300369614286536E+09
        2.904000000000000000000000000000   -7.669234238118454237509659222873E+09
        2.905000000000000000000000000000   -7.710027182758992112363115626023E+09
        2.906000000000000000000000000000   -7.751054229607129449363172997105E+09
        2.907000000000000000000000000000   -7.792316804608715949444527869382E+09
        2.908000000000000000000000000000   -7.833816342842236980714250253032E+09
        2.909000000000000000000000000000   -7.875554288579912956294444099068E+09
        2.910000000000000000000000000000   -7.917532095349223637135600031212E+09
        2.911000000000000000000000000000   -7.959751225994860420182861187109E+09
        2.912000000000000000000000000000   -8.002213152741109695033642530737E+09
        2.913000000000000000000000000000   -8.044919357254670375155520747167E+09
        2.914000000000000000000000000000   -8.087871330707908732839417088690E+09
        2.915000000000000000000000000000   -8.131070573842553690346211656428E+09
        2.916000000000000000000000000000   -8.174518597033835743166448083496E+09
        2.917000000000000000000000000000   -8.218216920355072714954117197237E+09
        2.918000000000000000000000000000   -8.262167073642705567518063087637E+09
        2.919000000000000000000000000000   -8.306370596561787513259762645434E+09
        2.920000000000000000000000000000   -8.350829038671929701635529140043E+09
        2.921000000000000000000000000000   -8.395543959493706775596032497399E+09
        2.922000000000000000000000000000   -8.440516928575525618517876051011E+09
        2.923000000000000000000000000000   -8.485749525560960636892295938830E+09
        2.924000000000000000000000000000   -8.531243340256558948976341188432E+09
        2.925000000000000000000000000000   -8.576999972700118874743648077690E+09
        2.926000000000000000000000000000   -8.623021033229445147796651901641E+09
        2.927000000000000000000000000000   -8.669308142551584295421305362398E+09
        2.928000000000000000000000000000   -8.715862931812543658680630292810E+09
        2.929000000000000000000000000000   -8.762687042667497550356265614721E+09
        2.930000000000000000000000000000   -8.809782127351484074659149133647E+09
        2.931000000000000000000000000000   -8.857149848750596158943156428546E+09
        2.932000000000000000000000000000   -8.904791880473670374170501887836E+09
        2.933000000000000000000000000000   -8.952709906924477147596582891198E+09
        2.934000000000000000000000000000   -9.000905623374415998066329208353E+09
        2.935000000000000000000000000000   -9.049380736035719451445629902625E+09
        2.936000000000000000000000000000   -9.098136962135169321051686573301E+09
        2.937000000000000000000000000000   -9.147176029988329065496835102998E+09
        2.938000000000000000000000000000   -9.196499679074295964123152033358E+09
        2.939000000000000000000000000000   -9.246109660110976878181693606219E+09
        2.940000000000000000000000000000   -9.296007735130891394102196315562E+09
        2.941000000000000000000000000000   -9.346195677557506173608202173639E+09
        2.942000000000000000000000000000   -9.396675272282104364060578290830E+09
        2.943000000000000000000000000000   -9.447448315741193951261011238364E+09
        2.944000000000000000000000000000   -9.498516615994458966018018504507E+09
        2.945000000000000000000000000000   -9.549881992803257485073092846799E+09
        2.946000000000000000000000000000   -9.601546277709670396505555461913E+09
        2.947000000000000000000000000000   -9.653511314116104929483330034115E+09
        2.948000000000000000000000000000   -9.705778957365456978204965813239E+09
        2.949000000000000000000000000000   -9.758351074821836280087652501336E+09
        2.950000000000000000000000000000   -9.811229545951858538698516261195E+09
        2.951000000000000000000000000000   -9.864416262406508612604012869713E+09
        2.952000000000000000000000000000   -9.917913128103578922226604221323E+09
        2.953000000000000000000000000000   -9.971722059310687257950996489789E+09
        2.954000000000000000000000000000   -1.002584498472887820411592600692E+10
        2.955000000000000000000000000000   -1.008028384557681242516371144553E+10
        2.956000000000000000000000000000   -1.013504059567554809210047286609E+10
        2.957000000000000000000000000000   -1.019011720153391875954698992996E+10
        2.958000000000000000000000000000   -1.024551564243451203603558921693E+10
        2.959000000000000000000000000000   -1.030123791052025342283418615884E+10
        2.960000000000000000000000000000   -1.035728601088159972945664871518E+10
        2.961000000000000000000000000000   -1.041366196164434650715100186956E+10
        2.962000000000000000000000000000   -1.047036779405805397504567493577E+10
        2.963000000000000000000000000000   -1.052740555258509594728104461705E+10
        2.964000000000000000000000000000   -1.058477729499033630336099944376E+10
        2.965000000000000000000000000000   -1.064248509243143757812921604851E+10
        2.966000000000000000000000000000   -1.070053102954980628220938202347E+10
        2.967000000000000000000000000000   -1.075891720456217959844982816440E+10
        2.968000000000000000000000000000   -1.081764572935285813488306622032E+10
        2.969000000000000000000000000000   -1.087671872956658944995170562355E+10
        2.970000000000000000000000000000   -1.093613834470210710126630030776E+10
        2.971000000000000000000000000000   -1.099590672820633000495002846041E+10
        2.972000000000000000000000000000   -1.105602604756922692869192547390E+10
        2.973000000000000000000000000000   -1.111649848441935097797688291678E+10
        2.974000000000000000000000000000   -1.117732623462004897158902154529E+10
        2.975000000000000000000000000000   -1.123851150836635063939758990604E+10
        2.976000000000000000000000000000   -1.130005653028254261263349597802E+10
        2.977000000000000000000000000000   -1.136196353952043221435223009447E+10
        2.978000000000000000000000000000   -1.142423478985830609555758425300E+10
        2.979000000000000000000000000000   -1.148687254980058880053253585139E+10
        2.980000000000000000000000000000   -1.154987910267820638329128182716E+10
        2.981000000000000000000000000000   -1.161325674674966023573204020272E+10
        2.982000000000000000000000000000   -1.167700779530281632703625750033E+10
        2.983000000000000000000000000000   -1.174113457675741509312866919062E+10
        2.984000000000000000000000000000   -1.180563943476830725458667267943E+10
        2.985000000000000000000000000000   -1.187052472832942088126912449830E+10
        2.986000000000000000000000000000   -1.193579283187846506212642145481E+10
        2.987000000000000000000000000000   -1.200144613540237557915804573720E+10
        2.988000000000000000000000000000   -1.206748704454350802530314284142E+10
        2.989000000000000000000000000000   -1.213391798070658384718667562747E+10
        2.990000000000000000000000000000   -1.220074138116639483510079535823E+10
        2.991000000000000000000000000000   -1.226795969917627162438084955811E+10
        2.992000000000000000000000000000   -1.233557540407732181444048623830E+10
        2.993000000000000000000000000000   -1.240359098140844335416321489693E+10
        2.994000000000000000000000000000   -1.247200893301711888511116845325E+10
        2.995000000000000000000000000000   -1.254083177717099677710832014706E+10
        2.996000000000000000000000000000   -1.261006204867026463418771032970E+10
        2.997000000000000000000000000000   -1.267970229896082109266301675001E+10
        2.998000000000000000000000000000   -1.274975509624825177719676719172E+10
        2.999000000000000000000000000000   -1.282022302561261532519337616727E+10
        3.000000000000000000000000000000   -1.289110868912404543464774124380E+10
        3.001000000000000000000000000000   -1.296241470595917493573213549561E+10
        3.002000000000000000000000000000   -1.303414371251838793190837935744E+10
        3.003000000000000000000000000000   -1.310629836254390610221158958485E+10
        3.004000000000000000000000000000   -1.317888132723871530256903007755E+10
        3.005000000000000000000000000000   -1.325189529538633865059559731807E+10
        3.006000000000000000000000000000   -1.332534297347146232524915401698E+10
        3.007000000000000000000000000000   -1.339922708580142036003719389194E+10
        3.008000000000000000000000000000   -1.347355037462854475614411795813E+10
        3.009000000000000000000000000000   -1.354831560027338728989869205238E+10
        3.010000000000000000000000000000   -1.362352554124881943742702469726E+10
        3.011000000000000000000000000000   -1.369918299438501688814066655276E+10
        3.012000000000000000000000000000   -1.377529077495533516789522509582E+10
        3.013000000000000000000000000000   -1.385185171680308294222527329370E+10
        3.014000000000000000000000000000   -1.392886867246919962001939657428E+10
        3.015000000000000000000000000000   -1.400634451332084392834808143188E+10
        3.016000000000000000000000000000   -1.408428212968090017989994025166E+10
        3.017000000000000000000000000000   -1.416268443095840900562165493823E+10
        3.018000000000000000000000000000   -1.424155434577992937669719730065E+10
        3.019000000000000000000000000000   -1.432089482212183879194556375842E+10
        3.020000000000000000000000000000   -1.440070882744357855906668917142E+10
        3.021000000000000000000000000000   -1.448099934882185115092564956122E+10
        3.022000000000000000000000000000   -1.456176939308577667123902322932E+10
        3.023000000000000000000000000000   -1.464302198695301551761767851004E+10
        3.024000000000000000000000000000   -1.472476017716686438393064574557E+10
        3.025000000000000000000000000000   -1.480698703063433279838849029548E+10
        3.026000000000000000000000000000   -1.488970563456520744860513961721E+10
        3.027000000000000000000000000000   -1.497291909661211160018786590508E+10
        3.028000000000000000000000000000   -1.505663054501156697112955001880E+10
        3.029000000000000000000000000000   -1.514084312872606548043894461483E+10
        3.030000000000000000000000000000   -1.522556001758715834604693547905E+10
        3.031000000000000000000000000000   -1.531078440243957006407332007774E+10
        3.032000000000000000000000000000   -1.539651949528634485903296063225E+10
        3.033000000000000000000000000000   -1.548276852943503325250593447679E+10
        3.034000000000000000000000000000   -1.556953475964492645619713577914E+10
        3.035000000000000000000000000000   -1.565682146227534635417034864992E+10
        3.036000000000000000000000000000   -1.574463193543499889836381131054E+10
        3.037000000000000000000000000000   -1.583296949913239880128245397209E+10
        3.038000000000000000000000000000   -1.592183749542737347002007986693E+10
        3.039000000000000000000000000000   -1.601123928858365418649656102644E+10
        3.040000000000000000000000000000   -1.610117826522256260000446082018E+10
        3.041000000000000000000000000000   -1.619165783447780065985022848609E+10
        3.042000000000000000000000000000   -1.628268142815135217805112329678E+10
        3.043000000000000000000000000000   -1.637425250087050427471423618289E+10
        3.044000000000000000000000000000   -1.646637453024599702188233555930E+10
        3.045000000000000000000000000000   -1.655905101703130966528675545989E+10
        3.046000000000000000000000000000   -1.665228548528309186760418454770E+10
        3.047000000000000000000000000000   -1.674608148252274848147605404992E+10
        3.048000000000000000000000000000   -1.684044257989918642572034463358E+10
        3.049000000000000000000000000000   -1.693537237235273230385015396870E+10
        3.050000000000000000000000000000   -1.703087447878022947021543961592E+10
        3.051000000000000000000000000000   -1.712695254220132331580816171485E+10
        3.052000000000000000000000000000   -1.722361022992594361302081721928E+10
        3.053000000000000000000000000000   -1.732085123372299282642833759240E+10
        3.054000000000000000000000000000   -1.741867926999024936497780568507E+10
        3.055000000000000000000000000000   -1.751709807992549481982376130148E+10
        3.056000000000000000000000000000   -1.761611142969887430144337091834E+10
        3.057000000000000000000000000000   -1.771572311062649905960983356209E+10
        3.058000000000000000000000000000   -1.781593693934530064029851685565E+10
        3.059000000000000000000000000000   -1.791675675798914590465293641430E+10
        3.060000000000000000000000000000   -1.801818643436622230675131691146E+10
        3.061000000000000000000000000000   -1.812022986213770289909365049115E+10
        3.062000000000000000000000000000   -1.822289096099770060747848176616E+10
        3.063000000000000000000000000000   -1.832617367685452139026272047181E+10
        3.064000000000000000000000000000   -1.843008198201322597090127339955E+10
        3.065000000000000000000000000000   -1.853461987535950990715089568860E+10
        3.066000000000000000000000000000   -1.863979138254491183539912613165E+10
        3.067000000000000000000000000000   -1.874560055617335980424926945805E+10
        3.068000000000000000000000000000   -1.885205147598906568776093791685E+10
        3.069000000000000000000000000000   -1.895914824906577774561752226788E+10
        3.070000000000000000000000000000   -1.906689500999740147497202627180E+10
        3.071000000000000000000000000000   -1.917529592108999897681590745789E+10
        3.072000000000000000000000000000   -1.928435517255517713842689993465E+10
        3.073000000000000000000000000000   -1.939407698270487501278627332015E+10
        3.074000000000000000000000000000   -1.950446559814756085581866832208E+10
        3.075000000000000000000000000000   -1.961552529398584936290364904902E+10
        3.076000000000000000000000000000   -1.972726037401554972734257224524E+10
        3.077000000000000000000000000000   -1.983967517092615522534248463457E+10
        3.078000000000000000000000000000   -1.995277404650278511460575498848E+10
        3.079000000000000000000000000000   -2.006656139182958971679530454984E+10
        3.080000000000000000000000000000   -2.018104162749462963798593916634E+10
        3.081000000000000000000000000000   -2.029621920379624016571777438066E+10
        3.082000000000000000000000000000   -2.041209860095089196644349097267E+10
        3.083000000000000000000000000000   -2.052868432930255929301261834213E+10
        3.084000000000000000000000000000   -2.064598092953360699836871743418E+10
        3.085000000000000000000000000000   -2.076399297287720773885477029756E+10
        3.086000000000000000000000000000   -2.088272506133130083843387274729E+10
        3.087000000000000000000000000000   -2.100218182787410437374210956069E+10
        3.088000000000000000000000000000   -2.112236793668119212920395481136E+10
        3.089000000000000000000000000000   -2.124328808334414716146341744503E+10
        3.090000000000000000000000000000   -2.136494699509080380312222599510E+10
        3.091000000000000000000000000000   -2.148734943100709002723544667334E+10
        3.092000000000000000000000000000   -2.161050018226048218620093488932E+10
        3.093000000000000000000000000000   -2.173440407232508423159785959086E+10
        3.094000000000000000000000000000   -2.185906595720834361518719024342E+10
        3.095000000000000000000000000000   -2.198449072567941616568952529044E+10
        3.096000000000000000000000000000   -2.211068329949919233110904644560E+10
        3.097000000000000000000000000000   -2.223764863365199727228283385341E+10
        3.098000000000000000000000000000   -2.236539171657897739000845294632E+10
        3.099000000000000000000000000000   -2.249391757041318596554585633263E+10
        3.100000000000000000000000000000   -2.262323125121638069250851699702E+10
        3.101000000000000000000000000000   -2.275333784921754597715965877669E+10
        3.102000000000000000000000000000   -2.288424248905315298391886579900E+10
        3.103000000000000000000000000000   -2.301595033000917050346867710665E+10
        3.104000000000000000000000000000   -2.314846656626483982223650275756E+10
        3.105000000000000000000000000000   -2.328179642713822687422088435930E+10
        3.106000000000000000000000000000   -2.341594517733356505913937222724E+10
        3.107000000000000000000000000000   -2.355091811719040221470476441074E+10
        3.108000000000000000000000000000   -2.368672058293456533549386677831E+10
        3.109000000000000000000000000000   -2.382335794693095673636506153399E+10
        3.110000000000000000000000000000   -2.396083561793819546471464405267E+10
        3.111000000000000000000000000000   -2.409915904136511787304399211612E+10
        3.112000000000000000000000000000   -2.423833369952915137134711258511E+10
        3.113000000000000000000000000000   -2.437836511191657548772797156472E+10
        3.114000000000000000000000000000   -2.451925883544468447542631725033E+10
        3.115000000000000000000000000000   -2.466102046472586581507657115375E+10
        3.116000000000000000000000000000   -2.480365563233360907255397431602E+10
        3.117000000000000000000000000000   -2.494717000907045968518277168532E+10
        3.118000000000000000000000000000   -2.509156930423793236240010211360E+10
        3.119000000000000000000000000000   -2.523685926590839890119379673729E+10
        3.120000000000000000000000000000   -2.538304568119896533176990000654E+10
        3.121000000000000000000000000000   -2.553013437654735342496390281578E+10
        3.122000000000000000000000000000   -2.567813121798980170989596645179E+10
        3.123000000000000000000000000000   -2.582704211144100126829243322693E+10
        3.124000000000000000000000000000   -2.597687300297608169076134248605E+10
        3.125000000000000000000000000000   -2.612762987911466270012624146937E+10
        3.126000000000000000000000000000   -2.627931876710698706769810665671E+10
        3.127000000000000000000000000000   -2.643194573522215057010754572259E+10
        3.128000000000000000000000000000   -2.658551689303844485703657230570E+10
        3.129000000000000000000000000000   -2.674003839173582922388914141749E+10
        3.130000000000000000000000000000   -2.689551642439054740813037580208E+10
        3.131000000000000000000000000000   -2.705195722627190565371414415245E+10
        3.132000000000000000000000000000   -2.720936707514122841471558053216E+10
        3.133000000000000000000000000000   -2.736775229155300819699753948809E+10
        3.134000000000000000000000000000   -2.752711923915826616547621169709E+10
        3.135000000000000000000000000000   -2.768747432501014027431959938911E+10
        3.136000000000000000000000000000   -2.784882399987171780822175894540E+10
        3.137000000000000000000000000000   -2.801117475852612935475422120267E+10
        3.138000000000000000000000000000   -2.817453314008892136071243144523E+10
        3.139000000000000000000000000000   -2.833890572832272455935811691963E+10
        3.140000000000000000000000000000   -2.850429915195423569051696941585E+10
        3.141000000000000000000000000000   -2.867072008499353007163377747911E+10
        3.142000000000000000000000000000   -2.883817524705572271512308524297E+10
        3.143000000000000000000000000000   -2.900667140368499582569159608608E+10
        3.144000000000000000000000000000   -2.917621536668101065075795862048E+10
        3.145000000000000000000000000000   -2.934681399442772179766542581865E+10
        3.146000000000000000000000000000   -2.951847419222461227308239852284E+10
        3.147000000000000000000000000000   -2.969120291262036764282436321476E+10
        3.148000000000000000000000000000   -2.986500715574900785431760040157E+10
        3.149000000000000000000000000000   -3.003989396966849540906974320763E+10
        3.150000000000000000000000000000   -3.021587045070183871882435460956E+10
        3.151000000000000000000000000000   -3.039294374378070962656579571537E+10
        3.152000000000000000000000000000   -3.057112104279159422221648740180E+10
        3.153000000000000000000000000000   -3.075040959092449623274101636066E+10
        3.154000000000000000000000000000   -3.093081668102421241745027978633E+10
        3.155000000000000000000000000000   -3.111234965594419955159395964394E+10
        3.156000000000000000000000000000   -3.129501590890305273485111095727E+10
        3.157000000000000000000000000000   -3.147882288384361491608666702357E+10
        3.158000000000000000000000000000   -3.166377807579473768174642171922E+10
        3.159000000000000000000000000000   -3.184988903123571351252484531354E+10
        3.160000000000000000000000000000   -3.203716334846339987146931279538E+10
        3.161000000000000000000000000000   -3.222560867796205564649144786415E+10
        3.162000000000000000000000000000   -3.241523272277591063135187531509E+10
        3.163000000000000000000000000000   -3.260604323888448889157938284163E+10
        3.164000000000000000000000000000   -3.279804803558070702549006375890E+10
        3.165000000000000000000000000000   -3.299125497585176849549727926094E+10
        3.166000000000000000000000000000   -3.318567197676287537126016875517E+10
        3.167000000000000000000000000000   -3.338130700984377899391796831780E+10
        3.168000000000000000000000000000   -3.357816810147819123971068247812E+10
        3.169000000000000000000000000000   -3.377626333329607823170489962735E+10
        3.170000000000000000000000000000   -3.397560084256885852013804759011E+10
        3.171000000000000000000000000000   -3.417618882260752792507655032698E+10
        3.172000000000000000000000000000   -3.437803552316373340966466301603E+10
        3.173000000000000000000000000000   -3.458114925083381852823282201756E+10
        3.174000000000000000000000000000   -3.478553836946586317094883790073E+10
        3.175000000000000000000000000000   -3.499121130056974050554397240718E+10
        3.176000000000000000000000000000   -3.519817652373021419694076257509E+10
        3.177000000000000000000000000000   -3.540644257702309916736237676900E+10
        3.178000000000000000000000000000   -3.561601805743450934272639934550E+10
        3.179000000000000000000000000000   -3.582691162128321601583143707280E+10
        3.180000000000000000000000000000   -3.603913198464614064304511869521E+10
        3.181000000000000000000000000000   -3.625268792378700607890932111496E+10
        3.182000000000000000000000000000   -3.646758827558817044230530882312E+10
        3.183000000000000000000000000000   -3.668384193798566799858053098183E+10
        3.184000000000000000000000000000   -3.690145787040748163434280365995E+10
        3.185000000000000000000000000000   -3.712044509421507169548934198756E+10
        3.186000000000000000000000000000   -3.734081269314818615447053631292E+10
        3.187000000000000000000000000000   -3.756256981377297726980453571272E+10
        3.188000000000000000000000000000   -3.778572566593345009947177027746E+10
        3.189000000000000000000000000000   -3.801028952320626843004178124723E+10
        3.190000000000000000000000000000   -3.823627072335894388523151898697E+10
        3.191000000000000000000000000000   -3.846367866881143418107811052032E+10
        3.192000000000000000000000000000   -3.869252282710117670004360331581E+10
        3.193000000000000000000000000000   -3.892281273135158376316808853375E+10
        3.194000000000000000000000000000   -3.915455798074402618786474017367E+10
        3.195000000000000000000000000000   -3.938776824099333192911963957951E+10
        3.196000000000000000000000000000   -3.962245324482682681373486955470E+10
        3.197000000000000000000000000000   -3.985862279246694459084946086229E+10
        3.198000000000000000000000000000   -4.009628675211743373730367908400E+10
        3.199000000000000000000000000000   -4.033545506045318867349229669501E+10
        3.200000000000000000000000000000   -4.057613772311373326419647190081E+10
        3.201000000000000000000000000000   -4.081834481520038469950634459544E+10
        3.202000000000000000000000000000   -4.106208648177712607336227832619E+10
        3.203000000000000000000000000000   -4.130737293837521620146676934318E+10
        3.204000000000000000000000000000   -4.155421447150156544636648109564E+10
        3.205000000000000000000000000000   -4.180262143915090654538984491082E+10
        3.206000000000000000000000000000   -4.205260427132178966686552475676E+10
        3.207000000000000000000000000000   -4.230417347053643115165623647896E+10
        3.208000000000000000000000000000   -4.255733961236444563053653221693E+10
        3.209000000000000000000000000000   -4.281211334595049144333793447837E+10
        3.210000000000000000000000000000   -4.306850539454585952309609149107E+10
        3.211000000000000000000000000000   -4.332652655604403614767842133647E+10
        3.212000000000000000000000000000   -4.358618770352027020256314900839E+10
        3.213000000000000000000000000000   -4.384749978577517584159798778113E+10
        3.214000000000000000000000000000   -4.411047382788240167770538299725E+10
        3.215000000000000000000000000000   -4.437512093174039788263777173308E+10
        3.216000000000000000000000000000   -4.464145227662831282403740638165E+10
        3.217000000000000000000000000000   -4.490947911976605111923777733628E+10
        3.218000000000000000000000000000   -4.517921279687852523847452694932E+10
        3.219000000000000000000000000000   -4.545066472276413304547009628837E+10
        3.220000000000000000000000000000   -4.572384639186749392073545691016E+10
        3.221000000000000000000000000000   -4.599876937885647637241156868750E+10
        3.222000000000000000000000000000   -4.627544533920355030107023748395E+10
        3.223000000000000000000000000000   -4.655388600977149734862653936863E+10
        3.224000000000000000000000000000   -4.683410320940351302740079897548E+10
        3.225000000000000000000000000000   -4.711610883951773459342527942294E+10
        3.226000000000000000000000000000   -4.739991488470622889833743515358E+10
        3.227000000000000000000000000000   -4.768553341333847472665612806327E+10
        3.228000000000000000000000000000   -4.797297657816937439991809936054E+10
        3.229000000000000000000000000000   -4.826225661695182970607787116345E+10
        3.230000000000000000000000000000   -4.855338585305391749176392916364E+10
        3.231000000000000000000000000000   -4.884637669608070053645647825099E+10
        3.232000000000000000000000000000   -4.914124164250070961142639692282E+10
        3.233000000000000000000000000000   -4.943799327627713291237053778770E+10
        3.234000000000000000000000000000   -4.973664426950374934311469020616E+10
        3.235000000000000000000000000000   -5.003720738304564241855196373458E+10
        3.236000000000000000000000000000   -5.033969546718473184816086261319E+10
        3.237000000000000000000000000000   -5.064412146227016015702386702172E+10
        3.238000000000000000000000000000   -5.095049839937357199926405255410E+10
        3.239000000000000000000000000000   -5.125883940094932411925447456483E+10
        3.240000000000000000000000000000   -5.156915768149966421885320234535E+10
        3.241000000000000000000000000000   -5.188146654824491729429666906640E+10
        3.242000000000000000000000000000   -5.219577940179871831426624411793E+10
        3.243000000000000000000000000000   -5.251210973684833042104865097792E+10
        3.244000000000000000000000000000   -5.283047114284008814966124273826E+10
        3.245000000000000000000000000000   -5.315087730467000547532958780231E+10
        3.246000000000000000000000000000   -5.347334200337958881780887273171E+10
        3.247000000000000000000000000000   -5.379787911685689545175404585923E+10
        3.248000000000000000000000000000   -5.412450262054287809568833923938E+10
        3.249000000000000000000000000000   -5.445322658814305677811794160499E+10
        3.250000000000000000000000000000   -5.478406519234455940801446540274E+10
        3.251000000000000000000000000000   -5.511703270553857280825896288024E+10
        3.252000000000000000000000000000   -5.545214350054824630473429948071E+10
        3.253000000000000000000000000000   -5.578941205136209030058958276921E+10
        3.254000000000000000000000000000   -5.612885293387291260480416419412E+10
        3.255000000000000000000000000000   -5.647048082662233562657277046897E+10
        3.256000000000000000000000000000   -5.681431051155093789224107314636E+10
        3.257000000000000000000000000000   -5.716035687475406368956616332835E+10
        3.258000000000000000000000000000   -5.750863490724334499498286185701E+10
        3.259000000000000000000000000000   -5.785915970571398019334866815449E+10
        3.260000000000000000000000000000   -5.821194647331781445634174530214E+10
        3.261000000000000000000000000000   -5.856701052044226700532217673574E+10
        3.262000000000000000000000000000   -5.892436726549515084706154430634E+10
        3.263000000000000000000000000000   -5.928403223569543093632461494436E+10
        3.264000000000000000000000000000   -5.964602106786996708787474548872E+10
        3.265000000000000000000000000000   -6.001034950925628833209690121118E+10
        3.266000000000000000000000000000   -6.037703341831144578311453098908E+10
        3.267000000000000000000000000000   -6.074608876552699146604476969859E+10
        3.268000000000000000000000000000   -6.111753163425013093091658783962E+10
        3.269000000000000000000000000000   -6.149137822151109786479484613247E+10
        3.270000000000000000000000000000   -6.186764483885679930083623214536E+10
        3.271000000000000000000000000000   -6.224634791319078041337747905574E+10
        3.272000000000000000000000000000   -6.262750398761955828174904639937E+10
        3.273000000000000000000000000000   -6.301112972230537440234576499558E+10
        3.274000000000000000000000000000   -6.339724189532541612859723397398E+10
        3.275000000000000000000000000000   -6.378585740353755762189266480706E+10
        3.276000000000000000000000000000   -6.417699326345267130325529242893E+10
        3.277000000000000000000000000000   -6.457066661211356120565855507233E+10
        3.278000000000000000000000000000   -6.496689470798057004035836392044E+10
        3.279000000000000000000000000000   -6.536569493182391220751156809122E+10
        3.280000000000000000000000000000   -6.576708478762278540168904457230E+10
        3.281000000000000000000000000000   -6.617108190347131388670183109120E+10
        3.282000000000000000000000000000   -6.657770403249137694146974920486E+10
        3.283000000000000000000000000000   -6.698696905375237640950366609285E+10
        3.284000000000000000000000000000   -6.739889497319799771897480416499E+10
        3.285000000000000000000000000000   -6.781349992458001917833747399473E+10
        3.286000000000000000000000000000   -6.823080217039922479408568572631E+10
        3.287000000000000000000000000000   -6.865082010285347630248995786425E+10
        3.288000000000000000000000000000   -6.907357224479300055610922688048E+10
        3.289000000000000000000000000000   -6.949907725068294885853527112055E+10
        3.290000000000000000000000000000   -6.992735390757328529723497329064E+10
        3.291000000000000000000000000000   -7.035842113607606158454080547478E+10
        3.292000000000000000000000000000   -7.079229799135013638083415257563E+10
        3.293000000000000000000000000000   -7.122900366409339754180179543520E+10
        3.294000000000000000000000000000   -7.166855748154254620335563501066E+10
        3.295000000000000000000000000000   -7.211097890848050209342241787213E+10
        3.296000000000000000000000000000   -7.255628754825148993936697015170E+10
        3.297000000000000000000000000000   -7.300450314378386732334269881889E+10
        3.298000000000000000000000000000   -7.345564557862075482540060296005E+10
        3.299000000000000000000000000000   -7.390973487795852978576677361174E+10
        3.300000000000000000000000000000   -7.436679120969324551335266408479E+10
        3.301000000000000000000000000000   -7.482683488547503826732689712175E+10
        3.302000000000000000000000000000   -7.528988636177058484248695485681E+10
        3.303000000000000000000000000000   -7.575596624093367409725898996748E+10
        3.304000000000000000000000000000   -7.622509527228395627545972525582E+10
        3.305000000000000000000000000000   -7.669729435319393448951180658760E+10
        3.306000000000000000000000000000   -7.717258453018426325364918458650E+10
        3.307000000000000000000000000000   -7.765098700002741948081858195035E+10
        3.308000000000000000000000000000   -7.813252311085981188651363103133E+10
        3.309000000000000000000000000000   -7.861721436330239527670693560239E+10
        3.310000000000000000000000000000   -7.910508241158985673540953945798E+10
        3.311000000000000000000000000000   -7.959614906470844127022481621699E+10
        3.312000000000000000000000000000   -8.009043628754248502161270145989E+10
        3.313000000000000000000000000000   -8.058796620202972469347887361517E+10
        3.314000000000000000000000000000   -8.108876108832545241919069165584E+10
        3.315000000000000000000000000000   -8.159284338597558583823649086441E+10
        3.316000000000000000000000000000   -8.210023569509872372452663820812E+10
        3.317000000000000000000000000000   -8.261096077757725807782331514230E+10
        3.318000000000000000000000000000   -8.312504155825761416502143326615E+10
        3.319000000000000000000000000000   -8.364250112615969057802585203945E+10
        3.320000000000000000000000000000   -8.416336273569557195982096520505E+10
        3.321000000000000000000000000000   -8.468764980789758764004891688534E+10
        3.322000000000000000000000000000   -8.521538593165579001604372170090E+10
        3.323000000000000000000000000000   -8.574659486496492711485227999132E+10
        3.324000000000000000000000000000   -8.628130053618098437635194895469E+10
        3.325000000000000000000000000000   -8.681952704528737130719057152387E+10
        3.326000000000000000000000000000   -8.736129866517082926997166722160E+10
        3.327000000000000000000000000000   -8.790663984290713729192821844898E+10
        3.328000000000000000000000000000   -8.845557520105669340231688558359E+10
        3.329000000000000000000000000000   -8.900812953897004963796468074645E+10
        3.330000000000000000000000000000   -8.956432783410347949185663432816E+10
        3.331000000000000000000000000000   -9.012419524334465722041070030477E+10
        3.332000000000000000000000000000   -9.068775710434852907119035822629E+10
        3.333000000000000000000000000000   -9.125503893688345714430176946869E+10
        3.334000000000000000000000000000   -9.182606644418771725765702012185E+10
        3.335000000000000000000000000000   -9.240086551433643284870442279603E+10
        3.336000000000000000000000000000   -9.297946222161902761317795115693E+10
        3.337000000000000000000000000000   -9.356188282792728025494795069548E+10
        3.338000000000000000000000000000   -9.414815378415406540021202738093E+10
        3.339000000000000000000000000000   -9.473830173160286541409660013120E+10
        3.340000000000000000000000000000   -9.533235350340813854829457231161E+10
        3.341000000000000000000000000000   -9.593033612596662954469191550211E+10
        3.342000000000000000000000000000   -9.653227682037970952208507802661E+10
        3.343000000000000000000000000000   -9.713820300390683268111187623080E+10
        3.344000000000000000000000000000   -9.774814229143019807646117965224E+10
        3.345000000000000000000000000000   -9.836212249693070542534198378649E+10
        3.346000000000000000000000000000   -9.898017163497529464713154210474E+10
        3.347000000000000000000000000000   -9.960231792221575956113671653449E+10
        3.348000000000000000000000000000   -1.002285897788991269075446692245E+11
        3.349000000000000000000000000000   -1.008590158303896926009609808075E+11
        3.350000000000000000000000000000   -1.014936249087028078764882246462E+11
        3.351000000000000000000000000000   -1.021324460540505087451394002790E+11
        3.352000000000000000000000000000   -1.027755085163990829385623487026E+11
        3.353000000000000000000000000000   -1.034228417570386692926277263073E+11
        3.354000000000000000000000000000   -1.040744754501649852954591693588E+11
        3.355000000000000000000000000000   -1.047304394844732793080152844049E+11
        3.356000000000000000000000000000   -1.053907639647646047544248850261E+11
        3.357000000000000000000000000000   -1.060554792135645143749857851269E+11
        3.358000000000000000000000000000   -1.067246157727542734371202710652E+11
        3.359000000000000000000000000000   -1.073982044052146916086944257567E+11
        3.360000000000000000000000000000   -1.080762760964826740140115872143E+11
        3.361000000000000000000000000000   -1.087588620564205928155407193419E+11
        3.362000000000000000000000000000   -1.094459937208985814940971941449E+11
        3.363000000000000000000000000000   -1.101377027534898548368157887685E+11
        3.364000000000000000000000000000   -1.108340210471791584859034664554E+11
        3.365000000000000000000000000000   -1.115349807260844527518931424731E+11
        3.366000000000000000000000000000   -1.122406141471919362530000701368E+11
        3.367000000000000000000000000000   -1.129509539021045158072711899007E+11
        3.368000000000000000000000000000   -1.136660328188038298765767783438E+11
        3.369000000000000000000000000000   -1.143858839634259337411855714269E+11
        3.370000000000000000000000000000   -1.151105406420507554707523257017E+11
        3.371000000000000000000000000000   -1.158400364025054326520941855483E+11
        3.372000000000000000000000000000   -1.165744050361816407362034676383E+11
        3.373000000000000000000000000000   -1.173136805798670247766043446245E+11
        3.374000000000000000000000000000   -1.180578973175908472484747678966E+11
        3.375000000000000000000000000000   -1.188070897824839655629887490105E+11
        3.376000000000000000000000000000   -1.195612927586532538241543366926E+11
        3.377000000000000000000000000000   -1.203205412830705843160963826610E+11
        3.378000000000000000000000000000   -1.210848706474764851573281776247E+11
        3.379000000000000000000000000000   -1.218543164002985915151405479621E+11
        3.380000000000000000000000000000   -1.226289143485850087378799248660E+11
        3.381000000000000000000000000000   -1.234087005599527067356577296209E+11
        3.382000000000000000000000000000   -1.241937113645510659210022723339E+11
        3.383000000000000000000000000000   -1.249839833570406960102019663814E+11
        3.384000000000000000000000000000   -1.257795533985876499836663703925E+11
        3.385000000000000000000000000000   -1.265804586188731565096213665816E+11
        3.386000000000000000000000000000   -1.273867364181189951499292866359E+11
        3.387000000000000000000000000000   -1.281984244691286396898572629683E+11
        3.388000000000000000000000000000   -1.290155607193442959652814194401E+11
        3.389000000000000000000000000000   -1.298381833929199616011852795583E+11
        3.390000000000000000000000000000   -1.306663309928106361244631779531E+11
        3.391000000000000000000000000000   -1.315000423028778109720493931947E+11
        3.392000000000000000000000000000   -1.323393563900113699823377275705E+11
        3.393000000000000000000000000000   -1.331843126062680320338115694565E+11
        3.394000000000000000000000000000   -1.340349505910264685798489959840E+11
        3.395000000000000000000000000000   -1.348913102731592299228798059634E+11
        3.396000000000000000000000000000   -1.357534318732216151745308084534E+11
        3.397000000000000000000000000000   -1.366213559056576219611822249553E+11
        3.398000000000000000000000000000   -1.374951231810231130565523943878E+11
        3.399000000000000000000000000000   -1.383747748082263382546115149341E+11
        3.400000000000000000000000000000   -1.392603521967859509373800509639E+11
        3.401000000000000000000000000000   -1.401518970591066599430765386575E+11
        3.402000000000000000000000000000   -1.410494514127726585007264361232E+11
        3.403000000000000000000000000000   -1.419530575828589731678127180632E+11
        3.404000000000000000000000000000   -1.428627582042608768879251933557E+11
        3.405000000000000000000000000000   -1.437785962240415114757348616034E+11
        3.406000000000000000000000000000   -1.447006149037978660370686172132E+11
        3.407000000000000000000000000000   -1.456288578220452590424756194506E+11
        3.408000000000000000000000000000   -1.465633688766204729935478106214E+11
        3.409000000000000000000000000000   -1.475041922871036918524722995542E+11
        3.410000000000000000000000000000   -1.484513725972593926469423393741E+11
        3.411000000000000000000000000000   -1.494049546774963439147269178591E+11
        3.412000000000000000000000000000   -1.503649837273468649149878484713E+11
        3.413000000000000000000000000000   -1.513315052779655008069298131454E+11
        3.414000000000000000000000000000   -1.523045651946472702806659936933E+11
        3.415000000000000000000000000000   -1.532842096793656434203734912461E+11
        3.416000000000000000000000000000   -1.542704852733304088859932582822E+11
        3.417000000000000000000000000000   -1.552634388595655908169941806492E+11
        3.418000000000000000000000000000   -1.562631176655075771901665196741E+11
        3.419000000000000000000000000000   -1.572695692656236227031332837307E+11
        3.420000000000000000000000000000   -1.582828415840508906063672335965E+11
        3.421000000000000000000000000000   -1.593029828972561992690749959194E+11
        3.422000000000000000000000000000   -1.603300418367166406384579015093E+11
        3.423000000000000000000000000000   -1.613640673916212391376823034306E+11
        3.424000000000000000000000000000   -1.624051089115938209454917815111E+11
        3.425000000000000000000000000000   -1.634532161094372650098722246298E+11
        3.426000000000000000000000000000   -1.645084390638993085696416300850E+11
        3.427000000000000000000000000000   -1.655708282224600813913838192072E+11
        3.428000000000000000000000000000   -1.666404344041415443748843158714E+11
        3.429000000000000000000000000000   -1.677173088023390096382634807674E+11
        3.430000000000000000000000000000   -1.688015029876749206644436941795E+11
        3.431000000000000000000000000000   -1.698930689108750725735419410213E+11
        3.432000000000000000000000000000   -1.709920589056674540813555424954E+11
        3.433000000000000000000000000000   -1.720985256917038942124169373423E+11
        3.434000000000000000000000000000   -1.732125223775046983572442592136E+11
        3.435000000000000000000000000000   -1.743341024634264597975198897601E+11
        3.436000000000000000000000000000   -1.754633198446532343701020906201E+11
        3.437000000000000000000000000000   -1.766002288142112675011291382135E+11
        3.438000000000000000000000000000   -1.777448840660074644151260244147E+11
        3.439000000000000000000000000000   -1.788973406978917959110866890401E+11
        3.440000000000000000000000000000   -1.800576542147438336980968951351E+11
        3.441000000000000000000000000000   -1.812258805315836108973022664352E+11
        3.442000000000000000000000000000   -1.824020759767070049450317513771E+11
        3.443000000000000000000000000000   -1.835862972948458417737789946412E+11
        3.444000000000000000000000000000   -1.847786016503529218036439917719E+11
        3.445000000000000000000000000000   -1.859790466304121699468672624227E+11
        3.446000000000000000000000000000   -1.871876902482741135123719816677E+11
        3.447000000000000000000000000000   -1.884045909465168935958905359421E+11
        3.448000000000000000000000000000   -1.896298076003330172544164108072E+11
        3.449000000000000000000000000000   -1.908633995208420594915168831983E+11
        3.450000000000000000000000000000   -1.921054264584295258225945236865E+11
        3.451000000000000000000000000000   -1.933559486061120879466249987241E+11
        3.452000000000000000000000000000   -1.946150266029294068233552349676E+11
        3.453000000000000000000000000000   -1.958827215373627592425509661919E+11
        3.454000000000000000000000000000   -1.971590949507806857747684996827E+11
        3.455000000000000000000000000000   -1.984442088409118798114258687881E+11
        3.456000000000000000000000000000   -1.997381256653455392357982315134E+11
        3.457000000000000000000000000000   -2.010409083450594041160974871521E+11
        3.458000000000000000000000000000   -2.023526202679757056771538858912E+11
        3.459000000000000000000000000000   -2.036733252925452536885363996136E+11
        3.460000000000000000000000000000   -2.050030877513598913043685440250E+11
        3.461000000000000000000000000000   -2.063419724547935483037581810975E+11
        3.462000000000000000000000000000   -2.076900446946721256108058364868E+11
        3.463000000000000000000000000000   -2.090473702479724459197297618992E+11
        3.464000000000000000000000000000   -2.104140153805505072138921648333E+11
        3.465000000000000000000000000000   -2.117900468508992779475758215617E+11
        3.466000000000000000000000000000   -2.131755319139362746563910957237E+11
        3.467000000000000000000000000000   -2.145705383248211647763389367153E+11
        3.468000000000000000000000000000   -2.159751343428036394829657936652E+11
        3.469000000000000000000000000000   -2.173893887351018034108729610860E+11
        3.470000000000000000000000000000   -2.188133707808113301802384368857E+11
        3.471000000000000000000000000000   -2.202471502748456347411280570471E+11
        3.472000000000000000000000000000   -2.216907975319073156483699902936E+11
        3.473000000000000000000000000000   -2.231443833904911224997995411006E+11
        3.474000000000000000000000000000   -2.246079792169187059089079381554E+11
        3.475000000000000000000000000000   -2.260816569094054095395091154063E+11
        3.476000000000000000000000000000   -2.275654889021593659051335946696E+11
        3.477000000000000000000000000000   -2.290595481695131598296310688919E+11
        3.478000000000000000000000000000   -2.305639082300883256780772393943E+11
        3.479000000000000000000000000000   -2.320786431509929466987014271563E+11
        3.480000000000000000000000000000   -2.336038275520526270673464919693E+11
        3.481000000000000000000000000000   -2.351395366100751094961101883617E+11
        3.482000000000000000000000000000   -2.366858460631488135574673113083E+11
        3.483000000000000000000000000000   -2.382428322149755721845064129628E+11
        3.484000000000000000000000000000   -2.398105719392378461371066204158E+11
        3.485000000000000000000000000000   -2.413891426840006985731038256755E+11
        3.486000000000000000000000000000   -2.429786224761488142329274943246E+11
        3.487000000000000000000000000000   -2.445790899258588501360073743765E+11
        3.488000000000000000000000000000   -2.461906242311074070976329061684E+11
        3.489000000000000000000000000000   -2.478133051822149138060781754230E+11
        3.490000000000000000000000000000   -2.494472131664257176518644807657E+11
        3.491000000000000000000000000000   -2.510924291725246789742053129483E+11
        3.492000000000000000000000000000   -2.527490347954905678841507329012E+11
        3.493000000000000000000000000000   -2.544171122411865653399074299929E+11
        3.494000000000000000000000000000   -2.560967443310881726874464697294E+11
        3.495000000000000000000000000000   -2.577880145070488364390139350520E+11
        3.496000000000000000000000000000   -2.594910068361035976437230807483E+11
        3.497000000000000000000000000000   -2.612058060153110778082247453600E+11
        3.498000000000000000000000000000   -2.629324973766341159517218400729E+11
        3.499000000000000000000000000000   -2.646711668918593740285117678897E+11
        3.500000000000000000000000000000   -2.664219011775562306230074113869E+11
        3.501000000000000000000000000000   -2.681847875000752855170044564206E+11
        3.502000000000000000000000000000   -2.699599137805868004470337021061E+11
        3.503000000000000000000000000000   -2.717473686001594041111668877427E+11
        3.504000000000000000000000000000   -2.735472412048793922498405391245E+11
        3.505000000000000000000000000000   -2.753596215110109564143333614402E+11
        3.506000000000000000000000000000   -2.771846001101976778496896300594E+11
        3.507000000000000000000000000000   -2.790222682747056257563366023285E+11
        3.508000000000000000000000000000   -2.808727179627084020566128610582E+11
        3.509000000000000000000000000000   -2.827360418236144776791233089614E+11
        3.510000000000000000000000000000   -2.846123332034371682854838232477E+11
        3.511000000000000000000000000000   -2.865016861502076003008348844078E+11
        3.512000000000000000000000000000   -2.884041954194310210717113376791E+11
        3.513000000000000000000000000000   -2.903199564795868099626793641873E+11
        3.514000000000000000000000000000   -2.922490655176725502168182938528E+11
        3.515000000000000000000000000000   -2.941916194447925244448626932222E+11
        3.516000000000000000000000000000   -2.961477159017909996738598835426E+11
        3.517000000000000000000000000000   -2.981174532649306709787724474723E+11
        3.518000000000000000000000000000   -3.001009306516166358397992306550E+11
        3.519000000000000000000000000000   -3.020982479261662745145388241716E+11
        3.520000000000000000000000000000   -3.041095057056254148877156557911E+11
        3.521000000000000000000000000000   -3.061348053656311634622719148797E+11
        3.522000000000000000000000000000   -3.081742490463217873844420633938E+11
        3.523000000000000000000000000000   -3.102279396582940356522163220010E+11
        3.524000000000000000000000000000   -3.122959808886082909416131676692E+11
        3.525000000000000000000000000000   -3.143784772068419467986686823152E+11
        3.526000000000000000000000000000   -3.164755338711914082872649610489E+11
        3.527000000000000000000000000000   -3.185872569346231175541154182065E+11
        3.528000000000000000000000000000   -3.207137532510740091726587212375E+11
        3.529000000000000000000000000000   -3.228551304817018035575445657994E+11
        3.530000000000000000000000000000   -3.250114971011855502010852586173E+11
        3.531000000000000000000000000000   -3.271829624040768359727611472207E+11
        3.532000000000000000000000000000   -3.293696365112020772428717699066E+11
        3.533000000000000000000000000000   -3.315716303761163181419870525427E+11
        3.534000000000000000000000000000   -3.337890557916089608492452457769E+11
        3.535000000000000000000000000000   -3.360220253962618574150403314280E+11
        3.536000000000000000000000000000   -3.382706526810601962675175674778E+11
        3.537000000000000000000000000000   -3.405350519960566202278304299575E+11
        3.538000000000000000000000000000   -3.428153385570890165665867187070E+11
        3.539000000000000000000000000000   -3.451116284525524233736098462494E+11
        3.540000000000000000000000000000   -3.474240386502255002853497244571E+11
        3.541000000000000000000000000000   -3.497526870041520154192852015468E+11
        3.542000000000000000000000000000   -3.520976922615778042027583052111E+11
        3.543000000000000000000000000000   -3.544591740699436596551638874145E+11
        3.544000000000000000000000000000   -3.568372529839346175875835861400E+11
        3.545000000000000000000000000000   -3.592320504725861041230999600905E+11
        3.546000000000000000000000000000   -3.616436889264474169144575772802E+11
        3.547000000000000000000000000000   -3.640722916648030154437578583865E+11
        3.548000000000000000000000000000   -3.665179829429520998317914744912E+11
        3.549000000000000000000000000000   -3.689808879595469616627367589809E+11
        3.550000000000000000000000000000   -3.714611328639905944435984221219E+11
        3.551000000000000000000000000000   -3.739588447638940554672442123031E+11
        3.552000000000000000000000000000   -3.764741517325940750335372855857E+11
        3.553000000000000000000000000000   -3.790071828167314132051810644781E+11
        3.554000000000000000000000000000   -3.815580680438904685338163582032E+11
        3.555000000000000000000000000000   -3.841269384303006474879655087495E+11
        3.556000000000000000000000000000   -3.867139259886000076479363339345E+11
        3.557000000000000000000000000000   -3.893191637356616921041136881484E+11
        3.558000000000000000000000000000   -3.919427857004836769045156223141E+11
        3.559000000000000000000000000000   -3.945849269321423578454145353983E+11
        3.560000000000000000000000000000   -3.972457235078105073855646071291E+11
        3.561000000000000000000000000000   -3.999253125408401369904815489080E+11
        3.562000000000000000000000000000   -4.026238321889108047786388266394E+11
        3.563000000000000000000000000000   -4.053414216622439129467287000277E+11
        3.564000000000000000000000000000   -4.080782212318835440966426073541E+11
        3.565000000000000000000000000000   -4.108343722380443902729127671599E+11
        3.566000000000000000000000000000   -4.136100170985273332463878078792E+11
        3.567000000000000000000000000000   -4.164052993172032393482555179361E+11
        3.568000000000000000000000000000   -4.192203634925655369685445129364E+11
        3.569000000000000000000000000000   -4.220553553263521496853061913267E+11
        3.570000000000000000000000000000   -4.249104216322373628851746417466E+11
        3.571000000000000000000000000000   -4.277857103445942066733044509112E+11
        3.572000000000000000000000000000   -4.306813705273279428511773789452E+11
        3.573000000000000000000000000000   -4.335975523827812487648348526712E+11
        3.574000000000000000000000000000   -4.365344072607116958941239363119E+11
        3.575000000000000000000000000000   -4.394920876673421261659331929761E+11
        3.576000000000000000000000000000   -4.424707472744845341315385615826E+11
        3.577000000000000000000000000000   -4.454705409287380683504785813036E+11
        3.578000000000000000000000000000   -4.484916246607617705712371980626E+11
        3.579000000000000000000000000000   -4.515341556946226765928388782152E+11
        3.580000000000000000000000000000   -4.545982924572199080316664550710E+11
        3.581000000000000000000000000000   -4.576841945877853896048124296130E+11
        3.582000000000000000000000000000   -4.607920229474618319754885213851E+11
        3.583000000000000000000000000000   -4.639219396289586256878691367780E+11
        3.584000000000000000000000000000   -4.670741079662862972486589772802E+11
        3.585000000000000000000000000000   -4.702486925445701839910840429478E+11
        3.586000000000000000000000000000   -4.734458592099439899843435319130E+11
        3.587000000000000000000000000000   -4.766657750795238909282663098206E+11
        3.588000000000000000000000000000   -4.799086085514638616994324544619E+11
        3.589000000000000000000000000000   -4.831745293150929059917946551026E+11
        3.590000000000000000000000000000   -4.864637083611348733223168391676E+11
        3.591000000000000000000000000000   -4.897763179920115545507933169151E+11
        3.592000000000000000000000000000   -4.931125318322297529932801517404E+11
        3.593000000000000000000000000000   -4.964725248388530341909247613052E+11
        3.594000000000000000000000000000   -4.998564733120588634308875609423E+11
        3.595000000000000000000000000000   -5.032645549057818462039826901740E+11
        3.596000000000000000000000000000   -5.066969486384437929250997565217E+11
        3.597000000000000000000000000000   -5.101538349037713354378856957166E+11
        3.598000000000000000000000000000   -5.136353954817018290750502992333E+11
        3.599000000000000000000000000000   -5.171418135493782803505001629406E+11
        3.600000000000000000000000000000   -5.206732736922340467197977192677E+11
        3.601000000000000000000000000000   -5.242299619151680612616831167967E+11
        3.602000000000000000000000000000   -5.278120656538113416060900677220E+11
        3.603000000000000000000000000000   -5.314197737858855489637400750168E+11
        3.604000000000000000000000000000   -5.350532766426543696995250182175E+11
        3.605000000000000000000000000000   -5.387127660204684985370029649192E+11
        3.606000000000000000000000000000   -5.423984351924050091849580784359E+11
        3.607000000000000000000000000000   -5.461104789200019049396391978505E+11
        3.608000000000000000000000000000   -5.498490934650886486385245001110E+11
        3.609000000000000000000000000000   -5.536144766017134782237979235463E+11
        3.610000000000000000000000000000   -5.574068276281683211167079759155E+11
        3.611000000000000000000000000000   -5.612263473791121276081573809454E+11
        3.612000000000000000000000000000   -5.650732382377934505367939702698E+11
        3.613000000000000000000000000000   -5.689477041483731056540956068439E+11
        3.614000000000000000000000000000   -5.728499506283477542670261519078E+11
        3.615000000000000000000000000000   -5.767801847810752570033521456418E+11
        3.616000000000000000000000000000   -5.807386153084026548632227600162E+11
        3.617000000000000000000000000000   -5.847254525233976411037057611452E+11
        3.618000000000000000000000000000   -5.887409083631843949512220591535E+11
        3.619000000000000000000000000000   -5.927851964018846556508186587570E+11
        3.620000000000000000000000000000   -5.968585318636649229415575975162E+11
        3.621000000000000000000000000000   -6.009611316358906776945753773833E+11
        3.622000000000000000000000000000   -6.050932142823885241651875786683E+11
        3.623000000000000000000000000000   -6.092550000568171630933864791503E+11
        3.624000000000000000000000000000   -6.134467109161481127388208876951E+11
        3.625000000000000000000000000000   -6.176685705342571028574780147006E+11
        3.626000000000000000000000000000   -6.219208043156270746184337380277E+11
        3.627000000000000000000000000000   -6.262036394091637275208325572715E+11
        3.628000000000000000000000000000   -6.305173047221245625043401676158E+11
        3.629000000000000000000000000000   -6.348620309341623786513241200179E+11
        3.630000000000000000000000000000   -6.392380505114841891566116020279E+11
        3.631000000000000000000000000000   -6.436455977211265305915041059391E+11
        3.632000000000000000000000000000   -6.480849086453481479134588352780E+11
        3.633000000000000000000000000000   -6.525562211961410461721444352099E+11
        3.634000000000000000000000000000   -6.570597751298609084371184843278E+11
        3.635000000000000000000000000000   -6.615958120619778881228368484284E+11
        3.636000000000000000000000000000   -6.661645754819487926137774505667E+11
        3.637000000000000000000000000000   -6.707663107682116838968365798584E+11
        3.638000000000000000000000000000   -6.754012652033039307905342724509E+11
        3.639000000000000000000000000000   -6.800696879891047563216527447326E+11
        3.640000000000000000000000000000   -6.847718302622033328404410597294E+11
        3.641000000000000000000000000000   -6.895079451093934865861694682560E+11
        3.642000000000000000000000000000   -6.942782875832960826163341414355E+11
        3.643000000000000000000000000000   -6.990831147181101702959299670781E+11
        3.644000000000000000000000000000   -7.039226855454939789086651606075E+11
        3.645000000000000000000000000000   -7.087972611105768624005329221289E+11
        3.646000000000000000000000000000   -7.137071044881033017985354386407E+11
        3.647000000000000000000000000000   -7.186524807987100834643343366220E+11
        3.648000000000000000000000000000   -7.236336572253377810449464218323E+11
        3.649000000000000000000000000000   -7.286509030297776787710884873122E+11
        3.650000000000000000000000000000   -7.337044895693552836291815820593E+11
        3.651000000000000000000000000000   -7.387946903137515838961421017152E+11
        3.652000000000000000000000000000   -7.439217808619632215777103824394E+11
        3.653000000000000000000000000000   -7.490860389594027564320005160753E+11
        3.654000000000000000000000000000   -7.542877445151402094910086669744E+11
        3.655000000000000000000000000000   -7.595271796192870843148095790761E+11
        3.656000000000000000000000000000   -7.648046285605240746269281200866E+11
        3.657000000000000000000000000000   -7.701203778437736774857281768813E+11
        3.658000000000000000000000000000   -7.754747162080189417464562789854E+11
        3.659000000000000000000000000000   -7.808679346442695922626610719446E+11
        3.660000000000000000000000000000   -7.863003264136767810649391504642E+11
        3.661000000000000000000000000000   -7.917721870657977276401977018529E+11
        3.662000000000000000000000000000   -7.972838144570115214167478367078E+11
        3.663000000000000000000000000000   -8.028355087690873706404304287195E+11
        3.664000000000000000000000000000   -8.084275725279065930055179579484E+11
        3.665000000000000000000000000000   -8.140603106223396546822287145018E+11
        3.666000000000000000000000000000   -8.197340303232795757612395664620E+11
        3.667000000000000000000000000000   -8.254490413028330316155045319436E+11
        3.668000000000000000000000000000   -8.312056556536704912619013151812E+11
        3.669000000000000000000000000000   -8.370041879085367454906680359699E+11
        3.670000000000000000000000000000   -8.428449550599231893201975176715E+11
        3.671000000000000000000000000000   -8.487282765799032352294753520100E+11
        3.672000000000000000000000000000   -8.546544744401322456212379960215E+11
        3.673000000000000000000000000000   -8.606238731320133850767547446147E+11
        3.674000000000000000000000000000   -8.666367996870308051789779122807E+11
        3.675000000000000000000000000000   -8.726935836972515870056433698924E+11
        3.676000000000000000000000000000   -8.787945573359978788287322929092E+11
        3.677000000000000000000000000000   -8.849400553786906791025274033575E+11
        3.678000000000000000000000000000   -8.911304152238667274803252771495E+11
        3.679000000000000000000000000000   -8.973659769143699793707220062675E+11
        3.680000000000000000000000000000   -9.036470831587191524293037252621E+11
        3.681000000000000000000000000000   -9.099740793526528463815869042945E+11
        3.682000000000000000000000000000   -9.163473136008537506892162363261E+11
        3.683000000000000000000000000000   -9.227671367388534678048005444591E+11
        3.684000000000000000000000000000   -9.292339023551194931124194209500E+11
        3.685000000000000000000000000000   -9.357479668133259061218452633905E+11
        3.686000000000000000000000000000   -9.423096892748093410759870393610E+11
        3.687000000000000000000000000000   -9.489194317212118188440736893377E+11
        3.688000000000000000000000000000   -9.555775589773120358087670236731E+11
        3.689000000000000000000000000000   -9.622844387340467194148470893395E+11
        3.690000000000000000000000000000   -9.690404415717236741314785318860E+11
        3.691000000000000000000000000000   -9.758459409834281557904862628590E+11
        3.692000000000000000000000000000   -9.827013133986242266006952172538E+11
        3.693000000000000000000000000000   -9.896069382069527576043853544936E+11
        3.694000000000000000000000000000   -9.965631977822277599374533778513E+11
        3.695000000000000000000000000000   -1.003570477506632740981141935066E+12
        3.696000000000000000000000000000   -1.010629165795118796351391391287E+12
        3.697000000000000000000000000000   -1.017739654120006163663195874014E+12
        3.698000000000000000000000000000   -1.024902337035790979133022689626E+12
        3.699000000000000000000000000000   -1.032117612204158993343612292735E+12
        3.700000000000000000000000000000   -1.039385880419208017893556130273E+12
        3.701000000000000000000000000000   -1.046707545632880890190204856278E+12
        3.702000000000000000000000000000   -1.054083014980610759319954301665E+12
        3.703000000000000000000000000000   -1.061512698807180511746067685732E+12
        3.704000000000000000000000000000   -1.068997010692798171542208303385E+12
        3.705000000000000000000000000000   -1.076536367479390125971077789582E+12
        3.706000000000000000000000000000   -1.084131189297114043463293685401E+12
        3.707000000000000000000000000000   -1.091781899591093367443221318683E+12
        3.708000000000000000000000000000   -1.099488925148375285987236269341E+12
        3.709000000000000000000000000000   -1.107252696125114093987184728318E+12
        3.710000000000000000000000000000   -1.115073646073981881328992323109E+12
        3.711000000000000000000000000000   -1.122952211971808497584822664965E+12
        3.712000000000000000000000000000   -1.130888834247452760858293038694E+12
        3.713000000000000000000000000000   -1.138883956809906895717417365232E+12
        3.714000000000000000000000000000   -1.146938027076636202600579998388E+12
        3.715000000000000000000000000000   -1.155051496002155978688375492721E+12
        3.716000000000000000000000000000   -1.163224818106847728000019991996E+12
        3.717000000000000000000000000000   -1.171458451506016716398703627477E+12
        3.718000000000000000000000000000   -1.179752857939192945277178199678E+12
        3.719000000000000000000000000000   -1.188108502799677635944542120182E+12
        3.720000000000000000000000000000   -1.196525855164337335149090673937E+12
        3.721000000000000000000000000000   -1.205005387823647770751753710481E+12
        3.722000000000000000000000000000   -1.213547577311989605311568622786E+12
        3.723000000000000000000000000000   -1.222152903938198254260371953224E+12
        3.724000000000000000000000000000   -1.230821851816369954429990632585E+12
        3.725000000000000000000000000000   -1.239554908896926287953240729652E+12
        3.726000000000000000000000000000   -1.248352566997939385991579389351E+12
        3.727000000000000000000000000000   -1.257215321836720056348900934724E+12
        3.728000000000000000000000000000   -1.266143673061671098814332456746E+12
        3.729000000000000000000000000000   -1.275138124284408092038594300488E+12
        3.730000000000000000000000000000   -1.284199183112149955890188635427E+12
        3.731000000000000000000000000000   -1.293327361180381613561022151489E+12
        3.732000000000000000000000000000   -1.302523174185791098197729798819E+12
        3.733000000000000000000000000000   -1.311787141919483469526634053680E+12
        3.734000000000000000000000000000   -1.321119788300473926818652978735E+12
        3.735000000000000000000000000000   -1.330521641409462525607280906245E+12
        3.736000000000000000000000000000   -1.339993233522892926829744633852E+12
        3.737000000000000000000000000000   -1.349535101147297628510338639124E+12
        3.738000000000000000000000000000   -1.359147785053932151747534529927E+12
        3.739000000000000000000000000000   -1.368831830313700674604528934729E+12
        3.740000000000000000000000000000   -1.378587786332375629538243283696E+12
        3.741000000000000000000000000000   -1.388416206886113802236238384853E+12
        3.742000000000000000000000000000   -1.398317650157271492166393432105E+12
        3.743000000000000000000000000000   -1.408292678770521317782377456109E+12
        3.744000000000000000000000000000   -1.418341859829273272170783063176E+12
        3.745000000000000000000000000000   -1.428465764952402657975187042995E+12
        3.746000000000000000000000000000   -1.438664970311287553690257296935E+12
        3.747000000000000000000000000000   -1.448940056667158486887265741738E+12
        3.748000000000000000000000000000   -1.459291609408763013612935710893E+12
        3.749000000000000000000000000000   -1.469720218590347927098411549561E+12
        3.750000000000000000000000000000   -1.480226478969961843026267705704E+12
        3.751000000000000000000000000000   -1.490810990048080932932873449835E+12
        3.752000000000000000000000000000   -1.501474356106560601873115040302E+12
        3.753000000000000000000000000000   -1.512217186247915931246486345176E+12
        3.754000000000000000000000000000   -1.523040094434933732679947496088E+12
        3.755000000000000000000000000000   -1.533943699530619084085794334606E+12
        3.756000000000000000000000000000   -1.544928625338479244464174045533E+12
        3.757000000000000000000000000000   -1.555995500643147869701939046023E+12
        3.758000000000000000000000000000   -1.567144959251352477534386461870E+12
        3.759000000000000000000000000000   -1.578377640033228135986239066497E+12
        3.760000000000000000000000000000   -1.589694186963980375995160418345E+12
        3.761000000000000000000000000000   -1.601095249165900355547357678883E+12
        3.762000000000000000000000000000   -1.612581480950735329522626530360E+12
        3.763000000000000000000000000000   -1.624153541862417506557770976870E+12
        3.764000000000000000000000000000   -1.635812096720154401594944976056E+12
        3.765000000000000000000000000000   -1.647557815661883820387392521726E+12
        3.766000000000000000000000000000   -1.659391374188096640091609232917E+12
        3.767000000000000000000000000000   -1.671313453206030578184434706857E+12
        3.768000000000000000000000000000   -1.683324739074238170308355826143E+12
        3.769000000000000000000000000000   -1.695425923647532206270724010788E+12
        3.770000000000000000000000000000   -1.707617704322311902305053595333E+12
        3.771000000000000000000000000000   -1.719900784082273116847486212929E+12
        3.772000000000000000000000000000   -1.732275871544505946491312224170E+12
        3.773000000000000000000000000000   -1.744743681005983068459592819182E+12
        3.774000000000000000000000000000   -1.757304932490442225882906688959E+12
        3.775000000000000000000000000000   -1.769960351795666282388557833115E+12
        3.776000000000000000000000000000   -1.782710670541164303001754584989E+12
        3.777000000000000000000000000000   -1.795556626216257149130856670539E+12
        3.778000000000000000000000000000   -1.808498962228571106460363625365E+12
        3.779000000000000000000000000000   -1.821538427952943095909485129691E+12
        3.780000000000000000000000000000   -1.834675778780741049433517379566E+12
        3.781000000000000000000000000000   -1.847911776169603064352499967091E+12
        3.782000000000000000000000000000   -1.861247187693598982089420484587E+12
        3.783000000000000000000000000000   -1.874682787093818069691270149034E+12
        3.784000000000000000000000000000   -1.888219354329386515293259721395E+12
        3.785000000000000000000000000000   -1.901857675628918481772233280700E+12
        3.786000000000000000000000000000   -1.915598543542404496222546517697E+12
        3.787000000000000000000000000000   -1.929442756993540986579211005058E+12
        3.788000000000000000000000000000   -1.943391121332504810711777857236E+12
        3.789000000000000000000000000000   -1.957444448389176657621101656635E+12
        3.790000000000000000000000000000   -1.971603556526817234992673963417E+12
        3.791000000000000000000000000000   -1.985869270696200192297558002214E+12
        3.792000000000000000000000000000   -2.000242422490205763888032741966E+12
        3.793000000000000000000000000000   -2.014723850198879152112833987317E+12
        3.794000000000000000000000000000   -2.029314398864957706379358905042E+12
        3.795000000000000000000000000000   -2.044014920339870990320403703623E+12
        3.796000000000000000000000000000   -2.058826273340217865783985794642E+12
        3.797000000000000000000000000000   -2.073749323504724759259644534254E+12
        3.798000000000000000000000000000   -2.088784943451689313586430713150E+12
        3.799000000000000000000000000000   -2.103934012836913665359726057263E+12
        3.800000000000000000000000000000   -2.119197418412131626369251710330E+12
        3.801000000000000000000000000000   -2.134576054083934085662330742142E+12
        3.802000000000000000000000000000   -2.150070820973196987437896361296E+12
        3.803000000000000000000000000000   -2.165682627475016278941147651375E+12
        3.804000000000000000000000000000   -2.181412389319154261849442280276E+12
        3.805000000000000000000000000000   -2.197261029631001820320306082570E+12
        3.806000000000000000000000000000   -2.213229478993061038915689660127E+12
        3.807000000000000000000000000000   -2.229318675506952764026201116809E+12
        3.808000000000000000000000000000   -2.245529564855953703198412932127E+12
        3.809000000000000000000000000000   -2.261863100368067697920933556920E+12
        3.810000000000000000000000000000   -2.278320243079635846954237244058E+12
        3.811000000000000000000000000000   -2.294901961799490199198778783688E+12
        3.812000000000000000000000000000   -2.311609233173655777389236604205E+12
        3.813000000000000000000000000000   -2.328443041750605736583415395138E+12
        3.814000000000000000000000000000   -2.345404380047074504486019462580E+12
        3.815000000000000000000000000000   -2.362494248614433794113836417925E+12
        3.816000000000000000000000000000   -2.379713656105636423173538357740E+12
        3.817000000000000000000000000000   -2.397063619342732918790040441596E+12
        3.818000000000000000000000000000   -2.414545163384965930895916276072E+12
        3.819000000000000000000000000000   -2.432159321597447522674553207918E+12
        3.820000000000000000000000000000   -2.449907135720424451945372188090E+12
        3.821000000000000000000000000000   -2.467789655939136603292406542726E+12
        3.822000000000000000000000000000   -2.485807940954273777071738965838E+12
        3.823000000000000000000000000000   -2.503963058053036088192680816377E+12
        3.824000000000000000000000000000   -2.522256083180803274756124502538E+12
        3.825000000000000000000000000000   -2.540688101013418264255228537073E+12
        3.826000000000000000000000000000   -2.559260205030090393102564311627E+12
        3.827000000000000000000000000000   -2.577973497586923723748161096808E+12
        3.828000000000000000000000000000   -2.596829089991075952598667704165E+12
        3.829000000000000000000000000000   -2.615828102575553451343281649046E+12
        3.830000000000000000000000000000   -2.634971664774648034141395443134E+12
        3.831000000000000000000000000000   -2.654260915200021093434331035307E+12
        3.832000000000000000000000000000   -2.673697001717440797913374314390E+12
        3.833000000000000000000000000000   -2.693281081524178097412919980294E+12
        3.834000000000000000000000000000   -2.713014321227067331205272462353E+12
        3.835000000000000000000000000000   -2.732897896921237288356942289055E+12
        3.836000000000000000000000000000   -2.752932994269518621469593066108E+12
        3.837000000000000000000000000000   -2.773120808582533568276638386892E+12
        3.838000000000000000000000000000   -2.793462544899473989203410096852E+12
        3.839000000000000000000000000000   -2.813959418069573783129412426807E+12
        3.840000000000000000000000000000   -2.834612652834281798220077638944E+12
        3.841000000000000000000000000000   -2.855423483910141409827329435717E+12
        3.842000000000000000000000000000   -2.876393156072382993097866744157E+12
        3.843000000000000000000000000000   -2.897522924239235574080174157550E+12
        3.844000000000000000000000000000   -2.918814053556963999790663559245E+12
        3.845000000000000000000000000000   -2.940267819485638024890917696694E+12
        3.846000000000000000000000000000   -2.961885507885639770346650756309E+12
        3.847000000000000000000000000000   -2.983668415104916067689680416391E+12
        3.848000000000000000000000000000   -3.005617848066982261291925057075E+12
        3.849000000000000000000000000000   -3.027735124359684100390251404033E+12
        3.850000000000000000000000000000   -3.050021572324724412478002955899E+12
        3.851000000000000000000000000000   -3.072478531147961310108388105674E+12
        3.852000000000000000000000000000   -3.095107350950484744141798335165E+12
        3.853000000000000000000000000000   -3.117909392880478278018810552987E+12
        3.854000000000000000000000000000   -3.140886029205873019758403255540E+12
        3.855000000000000000000000000000   -3.164038643407800711072134283887E+12
        3.856000000000000000000000000000   -3.187368630274853036255090465190E+12
        3.857000000000000000000000000000   -3.210877395998154277368780175121E+12
        3.858000000000000000000000000000   -3.234566358267254506675305026949E+12
        3.859000000000000000000000000000   -3.258436946366850572321675565327E+12
        3.860000000000000000000000000000   -3.282490601274342198913640509011E+12
        3.861000000000000000000000000000   -3.306728775758230590865546169661E+12
        3.862000000000000000000000000000   -3.331152934477366993272253056081E+12
        3.863000000000000000000000000000   -3.355764554081058732526786230031E+12
        3.864000000000000000000000000000   -3.380565123310040327009016117486E+12
        3.865000000000000000000000000000   -3.405556143098317326902144679181E+12
        3.866000000000000000000000000000   -3.430739126675890611561052211432E+12
        3.867000000000000000000000000000   -3.456115599672368942865643866247E+12
        3.868000000000000000000000000000   -3.481687100221477643649281270713E+12
        3.869000000000000000000000000000   -3.507455179066471341603310716110E+12
        3.870000000000000000000000000000   -3.533421399666458791029781479095E+12
        3.871000000000000000000000000000   -3.559587338303647857451921585530E+12
        3.872000000000000000000000000000   -3.585954584191518823402099422080E+12
        3.873000000000000000000000000000   -3.612524739583934247696204355899E+12
        3.874000000000000000000000000000   -3.639299419885193685178045471167E+12
        3.875000000000000000000000000000   -3.666280253761041649283974024587E+12
        3.876000000000000000000000000000   -3.693468883250637275843024037043E+12
        3.877000000000000000000000000000   -3.720866963879494223298041390040E+12
        3.878000000000000000000000000000   -3.748476164773399422015203354296E+12
        3.879000000000000000000000000000   -3.776298168773319363549750395662E+12
        3.880000000000000000000000000000   -3.804334672551302699661458044531E+12
        3.881000000000000000000000000000   -3.832587386727388000531231791966E+12
        3.882000000000000000000000000000   -3.861058035987525602027141795203E+12
        3.883000000000000000000000000000   -3.889748359202522553011222885778E+12
        3.884000000000000000000000000000   -3.918660109548019755574512723898E+12
        3.885000000000000000000000000000   -3.947795054625510473744218843981E+12
        3.886000000000000000000000000000   -3.977154976584409469630794532027E+12
        3.887000000000000000000000000000   -4.006741672245182110181334218039E+12
        3.888000000000000000000000000000   -4.036556953223542872686411800560E+12
        3.889000000000000000000000000000   -4.066602646055732762957691371996E+12
        3.890000000000000000000000000000   -4.096880592324885246660822088285E+12
        3.891000000000000000000000000000   -4.127392648788490381659842613181E+12
        3.892000000000000000000000000000   -4.158140687506966927413193848287E+12
        3.893000000000000000000000000000   -4.189126595973352296465173429368E+12
        3.894000000000000000000000000000   -4.220352277244120302908038058978E+12
        3.895000000000000000000000000000   -4.251819650071136753356821656403E+12
        3.896000000000000000000000000000   -4.283530649034763017489215949238E+12
        3.897000000000000000000000000000   -4.315487224678117807564559574449E+12
        3.898000000000000000000000000000   -4.347691343642507489557183479821E+12
        3.899000000000000000000000000000   -4.380144988804035342628224072672E+12
        3.900000000000000000000000000000   -4.412850159411400278624779748662E+12
        3.901000000000000000000000000000   -4.445808871224895629144269468211E+12
        3.902000000000000000000000000000   -4.479023156656618704443452756960E+12
        3.903000000000000000000000000000   -4.512495064911901926114269015806E+12
        3.904000000000000000000000000000   -4.546226662131976434001012562769E+12
        3.905000000000000000000000000000   -4.580220031537879167304023531435E+12
        3.906000000000000000000000000000   -4.614477273575614520212772485753E+12
        3.907000000000000000000000000000   -4.649000506062581773744761798750E+12
        3.908000000000000000000000000000   -4.683791864335279607744958291719E+12
        3.909000000000000000000000000000   -4.718853501398299100232494378868E+12
        3.910000000000000000000000000000   -4.754187588074616725476201129404E+12
        3.911000000000000000000000000000   -4.789796313157198967347326303877E+12
        3.912000000000000000000000000000   -4.825681883561930270645792411247E+12
        3.913000000000000000000000000000   -4.861846524481876160234902719490E+12
        3.914000000000000000000000000000   -4.898292479542893465957936057016E+12
        3.915000000000000000000000000000   -4.935022010960599700458104750739E+12
        3.916000000000000000000000000000   -4.972037399698713747190497112624E+12
        3.917000000000000000000000000000   -5.009340945628780127110592743207E+12
        3.918000000000000000000000000000   -5.046934967691289224758526002512E+12
        3.919000000000000000000000000000   -5.084821804058205967741375872820E+12
        3.920000000000000000000000000000   -5.123003812296919567957370742900E+12
        3.921000000000000000000000000000   -5.161483369535627048316103040584E+12
        3.922000000000000000000000000000   -5.200262872630163395197837771883E+12
        3.923000000000000000000000000000   -5.239344738332291294473056482024E+12
        3.924000000000000000000000000000   -5.278731403459463527580889456852E+12
        3.925000000000000000000000000000   -5.318425325066071223952540568722E+12
        3.926000000000000000000000000000   -5.358428980616191286973789391150E+12
        3.927000000000000000000000000000   -5.398744868157846432719855335995E+12
        3.928000000000000000000000000000   -5.439375506498791403877123822889E+12
        3.929000000000000000000000000000   -5.480323435383839045600365060405E+12
        3.930000000000000000000000000000   -5.521591215673740055552128099388E+12
        3.931000000000000000000000000000   -5.563181429525630347044079667335E+12
        3.932000000000000000000000000000   -5.605096680575060092059400284814E+12
        3.933000000000000000000000000000   -5.647339594119618639992279866665E+12
        3.934000000000000000000000000000   -5.689912817304169638206512260330E+12
        3.935000000000000000000000000000   -5.732819019307710812001725173478E+12
        3.936000000000000000000000000000   -5.776060891531872994294563363447E+12
        3.937000000000000000000000000000   -5.819641147791073129284947054824E+12
        3.938000000000000000000000000000   -5.863562524504336109596247279983E+12
        3.939000000000000000000000000000   -5.907827780888800442864864007544E+12
        3.940000000000000000000000000000   -5.952439699154922881521387336740E+12
        3.941000000000000000000000000000   -5.997401084703397288564510647592E+12
        3.942000000000000000000000000000   -6.042714766323803152492510689949E+12
        3.943000000000000000000000000000   -6.088383596394999306237896962027E+12
        3.944000000000000000000000000000   -6.134410451087278547961366869991E+12
        3.945000000000000000000000000000   -6.180798230566299005914212487732E+12
        3.946000000000000000000000000000   -6.227549859198808235286661797347E+12
        3.947000000000000000000000000000   -6.274668285760176182036279999583E+12
        3.948000000000000000000000000000   -6.322156483643753297148609364341E+12
        3.949000000000000000000000000000   -6.370017451072070234634921537452E+12
        3.950000000000000000000000000000   -6.418254211309895717832655763124E+12
        3.951000000000000000000000000000   -6.466869812879169311256312074874E+12
        3.952000000000000000000000000000   -6.515867329775825989363883821878E+12
        3.953000000000000000000000000000   -6.565249861688529549170105629156E+12
        3.954000000000000000000000000000   -6.615020534219332070666752083895E+12
        3.955000000000000000000000000000   -6.665182499106276787515975825419E+12
        3.956000000000000000000000000000   -6.715738934447961890479385054853E+12
        3.957000000000000000000000000000   -6.766693044930082947547531929702E+12
        3.958000000000000000000000000000   -6.818048062053971787756156798239E+12
        3.959000000000000000000000000000   -6.869807244367149860231491850573E+12
        3.960000000000000000000000000000   -6.921973877695914246111897176782E+12
        3.961000000000000000000000000000   -6.974551275379974668661952071866E+12
        3.962000000000000000000000000000   -7.027542778509160016142869775913E+12
        3.963000000000000000000000000000   -7.080951756162213062844906614822E+12
        3.964000000000000000000000000000   -7.134781605647692246138606970010E+12
        3.965000000000000000000000000000   -7.189035752746999531477723717401E+12
        3.966000000000000000000000000000   -7.243717651959553573003091096996E+12
        3.967000000000000000000000000000   -7.298830786750127554769367568599E+12
        3.968000000000000000000000000000   -7.354378669798371276661328568070E+12
        3.969000000000000000000000000000   -7.410364843250537229799347556919E+12
        3.970000000000000000000000000000   -7.466792878973430588671090129344E+12
        3.971000000000000000000000000000   -7.523666378810603231384650964612E+12
        3.972000000000000000000000000000   -7.580988974840812085333938420548E+12
        3.973000000000000000000000000000   -7.638764329638762283216770060121E+12
        3.974000000000000000000000000000   -7.696996136538155803766761681957E+12
        3.975000000000000000000000000000   -7.755688119897066462768715205290E+12
        3.976000000000000000000000000000   -7.814844035365662312941046832311E+12
        3.977000000000000000000000000000   -7.874467670156296706105224809285E+12
        3.978000000000000000000000000000   -7.934562843315989467738754790142E+12
        3.979000000000000000000000000000   -7.995133406001319832542681356366E+12
        3.980000000000000000000000000000   -8.056183241755752990064761593150E+12
        3.981000000000000000000000000000   -8.117716266789422291723481271728E+12
        3.982000000000000000000000000000   -8.179736430261389374794173983045E+12
        3.983000000000000000000000000000   -8.242247714564404665065095453829E+12
        3.984000000000000000000000000000   -8.305254135612190927967007092055E+12
        3.985000000000000000000000000000   -8.368759743129272748043425094444E+12
        3.986000000000000000000000000000   -8.432768620943375028679169270712E+12
        3.987000000000000000000000000000   -8.497284887280413818061360534623E+12
        3.988000000000000000000000000000   -8.562312695062102983428917451641E+12
        3.989000000000000000000000000000   -8.627856232206200473793430103196E+12
        3.990000000000000000000000000000   -8.693919721929418131505775631539E+12
        3.991000000000000000000000000000   -8.760507423053019235318909906738E+12
        3.992000000000000000000000000000   -8.827623630311128181978045425375E+12
        3.993000000000000000000000000000   -8.895272674661776939875226262501E+12
        3.994000000000000000000000000000   -8.963458923600713136956655923635E+12
        3.995000000000000000000000000000   -9.032186781477994875888744367441E+12
        3.996000000000000000000000000000   -9.101460689817397602493641213234E+12
        3.997000000000000000000000000000   -9.171285127638658588678144008086E+12
        3.998000000000000000000000000000   -9.241664611782584828522652141632E+12
        3.999000000000000000000000000000   -9.312603697239050385890827318125E+12
        4.000000000000000000000000000000   -9.384106977477909473887581304501E+12
        4.001000000000000000000000000000   -9.456179084782851790754916098400E+12
        4.002000000000000000000000000000   -9.528824690588226883374182225103E+12
        4.003000000000000000000000000000   -9.602048505818864558461907664984E+12
        4.004000000000000000000000000000   -9.675855281232918612827113775946E+12
        4.005000000000000000000000000000   -9.750249807767761407723829318389E+12
        4.006000000000000000000000000000   -9.825236916888957068406418326995E+12
        4.007000000000000000000000000000   -9.900821480942341348500658578495E+12
        4.008000000000000000000000000000   -9.977008413509236459763780995278E+12
        4.009000000000000000000000000000   -1.005380266976482943124567476590E+13
        4.010000000000000000000000000000   -1.013120924683974282780518089560E+13
        4.011000000000000000000000000000   -1.020923318418482692640407769046E+13
        4.012000000000000000000000000000   -1.028787956393920271962148379873E+13
        4.013000000000000000000000000000   -1.036715351130158538942768785599E+13
        4.014000000000000000000000000000   -1.044706019490491817045382240920E+13
        4.015000000000000000000000000000   -1.052760482719434680081754390802E+13
        4.016000000000000000000000000000   -1.060879266480856504004041927955E+13
        4.017000000000000000000000000000   -1.069062900896456201774576342812E+13
        4.018000000000000000000000000000   -1.077311920584580246368218528257E+13
        4.019000000000000000000000000000   -1.085626864699387115920430353486E+13
        4.020000000000000000000000000000   -1.094008276970361324268446676616E+13
        4.021000000000000000000000000000   -1.102456705742180229645459763726E+13
        4.022000000000000000000000000000   -1.110972704014936844081248286366E+13
        4.023000000000000000000000000000   -1.119556829484721896139922233228E+13
        4.024000000000000000000000000000   -1.128209644584568429989167405305E+13
        4.025000000000000000000000000000   -1.136931716525762254448340107407E+13
        4.026000000000000000000000000000   -1.145723617339521586607793144793E+13
        4.027000000000000000000000000000   -1.154585923919049265851745004400E+13
        4.028000000000000000000000000000   -1.163519218061960945654699927002E+13
        4.029000000000000000000000000000   -1.172524086513092702359780582688E+13
        4.030000000000000000000000000000   -1.181601121007691532289268997205E+13
        4.031000000000000000000000000000   -1.190750918314992240986115905870E+13
        4.032000000000000000000000000000   -1.199974080282184261143153706243E+13
        4.033000000000000000000000000000   -1.209271213878771968847243012150E+13
        4.034000000000000000000000000000   -1.218642931241332101151636649177E+13
        4.035000000000000000000000000000   -1.228089849718671911694527042436E+13
        4.036000000000000000000000000000   -1.237612591917391735108152999240E+13
        4.037000000000000000000000000000   -1.247211785747855665314110257891E+13
        4.038000000000000000000000000000   -1.256888064470574087479798251410E+13
        4.039000000000000000000000000000   -1.266642066743001838421436044042E+13
        4.040000000000000000000000000000   -1.276474436666755805584017706290E+13
        4.041000000000000000000000000000   -1.286385823835255810411207833646E+13
        4.042000000000000000000000000000   -1.296376883381792657941790104541E+13
        4.043000000000000000000000000000   -1.306448276028027270837196946889E+13
        4.044000000000000000000000000000   -1.316600668132924862760220714113E+13
        4.045000000000000000000000000000   -1.326834731742128143091623709625E+13
        4.046000000000000000000000000000   -1.337151144637773582392447002065E+13
        4.047000000000000000000000000000   -1.347550590388754805798821250774E+13
        4.048000000000000000000000000000   -1.358033758401437219676496012501E+13
        4.049000000000000000000000000000   -1.368601343970828015367651165582E+13
        4.050000000000000000000000000000   -1.379254048332205732736394094359E+13
        4.051000000000000000000000000000   -1.389992578713213605465273394020E+13
        4.052000000000000000000000000000   -1.400817648386420949676784052732E+13
        4.053000000000000000000000000000   -1.411729976722356897454866372124E+13
        4.054000000000000000000000000000   -1.422730289243020817225513751062E+13
        4.055000000000000000000000000000   -1.433819317675873803726542125858E+13
        4.056000000000000000000000000000   -1.444997800008315661458112741392E+13
        4.057000000000000000000000000000   -1.456266480542651847061553971135E+13
        4.058000000000000000000000000000   -1.467626109951554878028248978368E+13
        4.059000000000000000000000000000   -1.479077445334024757496734288037E+13
        4.060000000000000000000000000000   -1.490621250271853007658618681539E+13
        4.061000000000000000000000000000   -1.502258294886594947466450180410E+13
        4.062000000000000000000000000000   -1.513989355897054893923238672379E+13
        4.063000000000000000000000000000   -1.525815216677289010238030255015E+13
        4.064000000000000000000000000000   -1.537736667315130568558814209702E+13
        4.065000000000000000000000000000   -1.549754504671242439847252942566E+13
        4.066000000000000000000000000000   -1.561869532438701668743428610699E+13
        4.067000000000000000000000000000   -1.574082561203121036987208380579E+13
        4.068000000000000000000000000000   -1.586394408503312565120196167773E+13
        4.069000000000000000000000000000   -1.598805898892497948792857472473E+13
        4.070000000000000000000000000000   -1.611317864000070973049613535991E+13
        4.071000000000000000000000000000   -1.623931142593916995464882706590E+13
        4.072000000000000000000000000000   -1.636646580643294636959625490693E+13
        4.073000000000000000000000000000   -1.649465031382284867545394255863E+13
        4.074000000000000000000000000000   -1.662387355373812723125712477406E+13
        4.075000000000000000000000000000   -1.675414420574246938837370319152E+13
        4.076000000000000000000000000000   -1.688547102398582834241527211525E+13
        4.077000000000000000000000000000   -1.701786283786213835981007860578E+13
        4.078000000000000000000000000000   -1.715132855267297074310562104041E+13
        4.079000000000000000000000000000   -1.728587715029718541185874398787E+13
        4.080000000000000000000000000000   -1.742151768986663349369545988746E+13
        4.081000000000000000000000000000   -1.755825930844796684282970289996E+13
        4.082000000000000000000000000000   -1.769611122173061093106866369706E+13
        4.083000000000000000000000000000   -1.783508272472095808915162009299E+13
        4.084000000000000000000000000000   -1.797518319244283861421911439844E+13
        4.085000000000000000000000000000   -1.811642208064432780234027918164E+13
        4.086000000000000000000000000000   -1.825880892651094751338892669320E+13
        4.087000000000000000000000000000   -1.840235334938532142920504954963E+13
        4.088000000000000000000000000000   -1.854706505149334372495950059725E+13
        4.089000000000000000000000000000   -1.869295381867692143800821585754E+13
        4.090000000000000000000000000000   -1.884002952113335138833132746270E+13
        4.091000000000000000000000000000   -1.898830211416139307995532394091E+13
        4.092000000000000000000000000000   -1.913778163891409959360702793592E+13
        4.093000000000000000000000000000   -1.928847822315846906730109113404E+13
        4.094000000000000000000000000000   -1.944040208204197995367301285785E+13
        4.095000000000000000000000000000   -1.959356351886607384069298340102E+13
        4.096000000000000000000000000000   -1.974797292586665022598830316005E+13
        4.097000000000000000000000000000   -1.990364078500163824442046356742E+13
        4.098000000000000000000000000000   -2.006057766874571096386449324439E+13
        4.099000000000000000000000000000   -2.021879424089220848538074383788E+13
        4.100000000000000000000000000000   -2.037830125736233671121136537196E+13
        4.101000000000000000000000000000   -2.053910956702170927733433673480E+13
        4.102000000000000000000000000000   -2.070123011250430078672670062593E+13
        4.103000000000000000000000000000   -2.086467393104388012508582880422E+13
        4.104000000000000000000000000000   -2.102945215531299329259394119971E+13
        4.105000000000000000000000000000   -2.119557601426956584344815942557E+13
        4.106000000000000000000000000000   -2.136305683401119568937814535882E+13
        4.107000000000000000000000000000   -2.153190603863720769429853479915E+13
        4.108000000000000000000000000000   -2.170213515111854216465722930285E+13
        4.109000000000000000000000000000   -2.187375579417555002400709555771E+13
        4.110000000000000000000000000000   -2.204677969116376815091232192537E+13
        4.111000000000000000000000000000   -2.222121866696774905656682475527E+13
        4.112000000000000000000000000000   -2.239708464890301978251656602748E+13
        4.113000000000000000000000000000   -2.257438966762624560970698327504E+13
        4.114000000000000000000000000000   -2.275314585805367488778815499657E+13
        4.115000000000000000000000000000   -2.293336546028794201827171710007E+13
        4.116000000000000000000000000000   -2.311506082055330635681347719336E+13
        4.117000000000000000000000000000   -2.329824439213940553866340125769E+13
        4.118000000000000000000000000000   -2.348292873635360247725012457991E+13
        4.119000000000000000000000000000   -2.366912652348200603902102171352E+13
        4.120000000000000000000000000000   -2.385685053375924615811252458504E+13
        4.121000000000000000000000000000   -2.404611365834708492225088676115E+13
        4.122000000000000000000000000000   -2.423692890032194593655376298357E+13
        4.123000000000000000000000000000   -2.442930937567144505469134595126E+13
        4.124000000000000000000000000000   -2.462326831430000635724665599846E+13
        4.125000000000000000000000000000   -2.481881906104364805516293979160E+13
        4.126000000000000000000000000000   -2.501597507669402380195778208833E+13
        4.127000000000000000000000000000   -2.521474993903180571199501295887E+13
        4.128000000000000000000000000000   -2.541515734386949620361411480814E+13
        4.129000000000000000000000000000   -2.561721110610375661540069023139E+13
        4.130000000000000000000000000000   -2.582092516077734138141952035801E+13
        4.131000000000000000000000000000   -2.602631356415072739690349510164E+13
        4.132000000000000000000000000000   -2.623339049478352905977770502156E+13
        4.133000000000000000000000000000   -2.644217025462579033557953308152E+13
        4.134000000000000000000000000000   -2.665266727011924606389477591960E+13
        4.135000000000000000000000000000   -2.686489609330864560344958784216E+13
        4.136000000000000000000000000000   -2.707887140296323280056214169276E+13
        4.137000000000000000000000000000   -2.729460800570847716185094819959E+13
        4.138000000000000000000000000000   -2.751212083716815201700423129921E+13
        4.139000000000000000000000000000   -2.773142496311685637112294470015E+13
        4.140000000000000000000000000000   -2.795253558064307806874612834041E+13
        4.141000000000000000000000000000   -2.817546801932289682323941541760E+13
        4.142000000000000000000000000000   -2.840023774240442660586457260664E+13
        4.143000000000000000000000000000   -2.862686034800309783863984658453E+13
        4.144000000000000000000000000000   -2.885535157030788079413836429944E+13
        4.145000000000000000000000000000   -2.908572728079855257374657368206E+13
        4.146000000000000000000000000000   -2.931800348947411101370932211902E+13
        4.147000000000000000000000000000   -2.955219634609243985561619319118E+13
        4.148000000000000000000000000000   -2.978832214142133051492964350275E+13
        4.149000000000000000000000000000   -3.002639730850096678781474054420E+13
        4.150000000000000000000000000000   -3.026643842391797985299930296796E+13
        4.151000000000000000000000000000   -3.050846220909118195176936370708E+13
        4.152000000000000000000000000000   -3.075248553156908816558647510223E+13
        4.153000000000000000000000000000   -3.099852540633933675729980857263E+13
        4.154000000000000000000000000000   -3.124659899715011959861762841257E+13
        4.155000000000000000000000000000   -3.149672361784373527350091347351E+13
        4.156000000000000000000000000000   -3.174891673370237852454906009402E+13
        4.157000000000000000000000000000   -3.200319596280628079736715833570E+13
        4.158000000000000000000000000000   -3.225957907740431773644077105955E+13
        4.159000000000000000000000000000   -3.251808400529720059530299810156E+13
        4.160000000000000000000000000000   -3.277872883123336964386647989078E+13
        4.161000000000000000000000000000   -3.304153179831770878681756904157E+13
        4.162000000000000000000000000000   -3.330651130943320174903994721521E+13
        4.163000000000000000000000000000   -3.357368592867565133726036129834E+13
        4.164000000000000000000000000000   -3.384307438280158445160088337339E+13
        4.165000000000000000000000000000   -3.411469556268946669659227246837E+13
        4.166000000000000000000000000000   -3.438856852481435162856487737291E+13
        4.167000000000000000000000000000   -3.466471249273609087530146057888E+13
        4.168000000000000000000000000000   -3.494314685860123257452589412722E+13
        4.169000000000000000000000000000   -3.522389118465873680032960003250E+13
        4.170000000000000000000000000000   -3.550696520478963788112178501740E+13
        4.171000000000000000000000000000   -3.579238882605078475924905051045E+13
        4.172000000000000000000000000000   -3.608018213023279180118515052525E+13
        4.173000000000000000000000000000   -3.637036537543233373826404817289E+13
        4.174000000000000000000000000000   -3.666295899763891970144174450257E+13
        4.175000000000000000000000000000   -3.695798361233628260964862447928E+13
        4.176000000000000000000000000000   -3.725546001611852148005954541521E+13
        4.177000000000000000000000000000   -3.755540918832113555019011513105E+13
        4.178000000000000000000000000000   -3.785785229266709043625238653662E+13
        4.179000000000000000000000000000   -3.816281067892805789980064538229E+13
        4.180000000000000000000000000000   -3.847030588460097215549851241614E+13
        4.181000000000000000000000000000   -3.878035963660004702697396796440E+13
        4.182000000000000000000000000000   -3.909299385296439964533222168587E+13
        4.183000000000000000000000000000   -3.940823064458142778610203017027E+13
        4.184000000000000000000000000000   -3.972609231692608935533491293390E+13
        4.185000000000000000000000000000   -4.004660137181623396439591563593E+13
        4.186000000000000000000000000000   -4.036978050918413797581769431356E+13
        4.187000000000000000000000000000   -4.069565262886439585957673072895E+13
        4.188000000000000000000000000000   -4.102424083239832217043284399812E+13
        4.189000000000000000000000000000   -4.135556842485501994269368254868E+13
        4.190000000000000000000000000000   -4.168965891666927279906886055587E+13
        4.191000000000000000000000000000   -4.202653602549641958530960919110E+13
        4.192000000000000000000000000000   -4.236622367808437187223649273734E+13
        4.193000000000000000000000000000   -4.270874601216293621168863826759E+13
        4.194000000000000000000000000000   -4.305412737835060459303330395783E+13
        4.195000000000000000000000000000   -4.340239234207897812230625310593E+13
        4.196000000000000000000000000000   -4.375356568553499053696464134695E+13
        4.197000000000000000000000000000   -4.410767240962109977577985707515E+13
        4.198000000000000000000000000000   -4.446473773593361744573445043008E+13
        4.199000000000000000000000000000   -4.482478710875934766607300847206E+13
        4.200000000000000000000000000000   -4.518784619709070842405125732011E+13
        4.201000000000000000000000000000   -4.555394089665951024759209654761E+13
        4.202000000000000000000000000000   -4.592309733198956868715464090098E+13
        4.203000000000000000000000000000   -4.629534185846832880281726370350E+13
        4.204000000000000000000000000000   -4.667070106443768157303438701038E+13
        4.205000000000000000000000000000   -4.704920177330415387891732256523E+13
        4.206000000000000000000000000000   -4.743087104566865547238152429308E+13
        4.207000000000000000000000000000   -4.781573618147596810826758718271E+13
        4.208000000000000000000000000000   -4.820382472218416380975438692927E+13
        4.209000000000000000000000000000   -4.859516445295414104321483396847E+13
        4.210000000000000000000000000000   -4.898978340485946940329453356195E+13
        4.211000000000000000000000000000   -4.938770985711673525159972261245E+13
        4.212000000000000000000000000000   -4.978897233933658261314353802465E+13
        4.213000000000000000000000000000   -5.019359963379564551380114561415E+13
        4.214000000000000000000000000000   -5.060162077772956983964856764265E+13
        4.215000000000000000000000000000   -5.101306506564732471539311507314E+13
        4.216000000000000000000000000000   -5.142796205166700533433298036285E+13
        4.217000000000000000000000000000   -5.184634155187333112659951924368E+13
        4.218000000000000000000000000000   -5.226823364669704512602972503009E+13
        4.219000000000000000000000000000   -5.269366868331642238908201457572E+13
        4.220000000000000000000000000000   -5.312267727808109733194131792978E+13
        4.221000000000000000000000000000   -5.355529031895842188455721026304E+13
        4.222000000000000000000000000000   -5.399153896800256841302108113881E+13
        4.223000000000000000000000000000   -5.443145466384659343461678024670E+13
        4.224000000000000000000000000000   -5.487506912421768024327755021201E+13
        4.225000000000000000000000000000   -5.532241434847578067725617976648E+13
        4.226000000000000000000000000000   -5.577352262017587839577311361219E+13
        4.227000000000000000000000000000   -5.622842650965409818745879529529E+13
        4.228000000000000000000000000000   -5.668715887663788801076400238884E+13
        4.229000000000000000000000000000   -5.714975287288050266538973717722E+13
        4.230000000000000000000000000000   -5.761624194482002021440293320237E+13
        4.231000000000000000000000000000   -5.808665983626312451927461812433E+13
        4.232000000000000000000000000000   -5.856104059109388951482426637627E+13
        4.233000000000000000000000000000   -5.903941855600780313820117475247E+13
        4.234000000000000000000000000000   -5.952182838327127113580638130041E+13
        4.235000000000000000000000000000   -6.000830503350684330468481470577E+13
        4.236000000000000000000000000000   -6.049888377850440708062723490657E+13
        4.237000000000000000000000000000   -6.099360020405859576424769255172E+13
        4.238000000000000000000000000000   -6.149249021283266107887966576969E+13
        4.239000000000000000000000000000   -6.199559002724906218050010705176E+13
        4.240000000000000000000000000000   -6.250293619240702569028516438036E+13
        4.241000000000000000000000000000   -6.301456557902733379506660189436E+13
        4.242000000000000000000000000000   -6.353051538642459996013869421625E+13
        4.243000000000000000000000000000   -6.405082314550729432280887380420E+13
        4.244000000000000000000000000000   -6.457552672180578338404147814764E+13
        4.245000000000000000000000000000   -6.510466431852865118976494265354E+13
        4.246000000000000000000000000000   -6.563827447964757179315367530762E+13
        4.247000000000000000000000000000   -6.617639609301100541471420758466E+13
        4.248000000000000000000000000000   -6.671906839348699336856126418553E+13
        4.249000000000000000000000000000   -6.726633096613532950112602577486E+13
        4.250000000000000000000000000000   -6.781822374940938859296166787305E+13
        4.251000000000000000000000000000   -6.837478703838789490556856760974E+13
        4.252000000000000000000000000000   -6.893606148803691681352445715038E+13
        4.253000000000000000000000000000   -6.950208811650237624794713281828E+13
        4.254000000000000000000000000000   -7.007290830843336449071578147979E+13
        4.255000000000000000000000000000   -7.064856381833655870021108394217E+13
        4.256000000000000000000000000000   -7.122909677396203641888639603019E+13
        4.257000000000000000000000000000   -7.181454967972078821103779257745E+13
        4.258000000000000000000000000000   -7.240496542013423150598782288444E+13
        4.259000000000000000000000000000   -7.300038726331603167782766819744E+13
        4.260000000000000000000000000000   -7.360085886448653937816920823269E+13
        4.261000000000000000000000000000   -7.420642426952015615333951766154E+13
        4.262000000000000000000000000000   -7.481712791852594342240580656959E+13
        4.263000000000000000000000000000   -7.543301464946179296765216381585E+13
        4.264000000000000000000000000000   -7.605412970178248019494715472022E+13
        4.265000000000000000000000000000   -7.668051872012192455815301621554E+13
        4.266000000000000000000000000000   -7.731222775800998470964572399837E+13
        4.267000000000000000000000000000   -7.794930328162411913845664003454E+13
        4.268000000000000000000000000000   -7.859179217357624628883010373397E+13
        4.269000000000000000000000000000   -7.923974173673514141543981499008E+13
        4.270000000000000000000000000000   -7.989319969808471072744610539420E+13
        4.271000000000000000000000000000   -8.055221421261848670233549794327E+13
        4.272000000000000000000000000000   -8.121683386727069181239600265668E+13
        4.273000000000000000000000000000   -8.188710768488422130208250300524E+13
        4.274000000000000000000000000000   -8.256308512821589908375593928013E+13
        4.275000000000000000000000000000   -8.324481610397936428268087571328E+13
        4.276000000000000000000000000000   -8.393235096692594946008507311210E+13
        4.277000000000000000000000000000   -8.462574052396391507587207899054E+13
        4.278000000000000000000000000000   -8.532503603831640832058740735583E+13
        4.279000000000000000000000000000   -8.603028923371851804982807672435E+13
        4.280000000000000000000000000000   -8.674155229865380119381526376272E+13
        4.281000000000000000000000000000   -8.745887789063065969068549595127E+13
        4.282000000000000000000000000000   -8.818231914049895070456580234412E+13
        4.283000000000000000000000000000   -8.891192965680721663905502661133E+13
        4.284000000000000000000000000000   -8.964776353020092524371338807884E+13
        4.285000000000000000000000000000   -9.038987533786211393594554902683E+13
        4.286000000000000000000000000000   -9.113832014799083632363303309204E+13
        4.287000000000000000000000000000   -9.189315352432881281541793295201E+13
        4.288000000000000000000000000000   -9.265443153072569114605354963181E+13
        4.289000000000000000000000000000   -9.342221073574832662411507836124E+13
        4.290000000000000000000000000000   -9.419654821733349592900495061882E+13
        4.291000000000000000000000000000   -9.497750156748446234399735166269E+13
        4.292000000000000000000000000000   -9.576512889701181441245333294774E+13
        4.293000000000000000000000000000   -9.655948884031900414571463144678E+13
        4.294000000000000000000000000000   -9.736064056023301509396786616027E+13
        4.295000000000000000000000000000   -9.816864375288059481598259508983E+13
        4.296000000000000000000000000000   -9.898355865261049055049253408460E+13
        4.297000000000000000000000000000   -9.980544603696213120153921987368E+13
        4.298000000000000000000000000000   -1.006343672316812031027661544788E+14
        4.299000000000000000000000000000   -1.014703841157825714218781086968E+14
        4.300000000000000000000000000000   -1.023135591266610035067084478841E+14
        4.301000000000000000000000000000   -1.031639552652501549590153289569E+14
        4.302000000000000000000000000000   -1.040216361012302837517083024667E+14
        4.303000000000000000000000000000   -1.048866657782851622801478298784E+14
        4.304000000000000000000000000000   -1.057591090194086618589238281728E+14
        4.305000000000000000000000000000   -1.066390311322614888425727083106E+14
        4.306000000000000000000000000000   -1.075264980145785562625074503978E+14
        4.307000000000000000000000000000   -1.084215761596274796334889198498E+14
        4.308000000000000000000000000000   -1.093243326617186903917406840666E+14
        4.309000000000000000000000000000   -1.102348352217676652837908442080E+14
        4.310000000000000000000000000000   -1.111531521529097749308047078282E+14
        4.311000000000000000000000000000   -1.120793523861682597480484550188E+14
        4.312000000000000000000000000000   -1.130135054761758464036984101489E+14
        4.313000000000000000000000000000   -1.139556816069505230559904516825E+14
        4.314000000000000000000000000000   -1.149059515977259967132020688474E+14
        4.315000000000000000000000000000   -1.158643869088373612176935231931E+14
        4.316000000000000000000000000000   -1.168310596476625095637277906162E+14
        4.317000000000000000000000000000   -1.178060425746198295195701755763E+14
        4.318000000000000000000000000000   -1.187894091092227268379719266700E+14
        4.319000000000000000000000000000   -1.197812333361915257061076145078E+14
        4.320000000000000000000000000000   -1.207815900116233015069088409330E+14
        4.321000000000000000000000000000   -1.217905545692202064390680831846E+14
        4.322000000000000000000000000000   -1.228082031265768540733329158078E+14
        4.323000000000000000000000000000   -1.238346124915273345086350636684E+14
        4.324000000000000000000000000000   -1.248698601685524374336691377180E+14
        4.325000000000000000000000000000   -1.259140243652476660983268190628E+14
        4.326000000000000000000000000000   -1.269671839988526309554839882481E+14
        4.327000000000000000000000000000   -1.280294187028424175476171844156E+14
        4.328000000000000000000000000000   -1.291008088335815290851842629840E+14
        4.329000000000000000000000000000   -1.301814354770410100952408060134E+14
        4.330000000000000000000000000000   -1.312713804555793635099835623415E+14
        4.331000000000000000000000000000   -1.323707263347878796164260873290E+14
        4.332000000000000000000000000000   -1.334795564304010014008373101491E+14
        4.333000000000000000000000000000   -1.345979548152723569955349059689E+14
        4.334000000000000000000000000000   -1.357260063264170961717525155282E+14
        4.335000000000000000000000000000   -1.368637965721211741212300272285E+14
        4.336000000000000000000000000000   -1.380114119391182321315529453556E+14
        4.337000000000000000000000000000   -1.391689395998347311867406479466E+14
        4.338000000000000000000000000000   -1.403364675197040010158112026119E+14
        4.339000000000000000000000000000   -1.415140844645498736686963216551E+14
        4.340000000000000000000000000000   -1.427018800080405773216148848175E+14
        4.341000000000000000000000000000   -1.438999445392135727035151202965E+14
        4.342000000000000000000000000000   -1.451083692700720212921489635808E+14
        4.343000000000000000000000000000   -1.463272462432535812534394050450E+14
        4.344000000000000000000000000000   -1.475566683397722339917421075712E+14
        4.345000000000000000000000000000   -1.487967292868338511420928381024E+14
        4.346000000000000000000000000000   -1.500475236657262188692862997453E+14
        4.347000000000000000000000000000   -1.513091469197842434433712141119E+14
        4.348000000000000000000000000000   -1.525816953624310692375999589262E+14
        4.349000000000000000000000000000   -1.538652661852958475437752968483E+14
        4.350000000000000000000000000000   -1.551599574664089019220360135863E+14
        4.351000000000000000000000000000   -1.564658681784750431981696660496E+14
        4.352000000000000000000000000000   -1.577830981972257946922940303112E+14
        4.353000000000000000000000000000   -1.591117483098512958089770799159E+14
        4.354000000000000000000000000000   -1.604519202235126597413442870715E+14
        4.355000000000000000000000000000   -1.618037165739355687412357011122E+14
        4.356000000000000000000000000000   -1.631672409340858981848157942906E+14
        4.357000000000000000000000000000   -1.645425978229281685190069307111E+14
        4.358000000000000000000000000000   -1.659298927142676321095213366710E+14
        4.359000000000000000000000000000   -1.673292320456768100269239156814E+14
        4.360000000000000000000000000000   -1.687407232275073019038949939713E+14
        4.361000000000000000000000000000   -1.701644746519877001755125773004E+14
        4.362000000000000000000000000000   -1.716005957024084482757811542207E+14
        4.363000000000000000000000000000   -1.730491967623944907086505259460E+14
        4.364000000000000000000000000000   -1.745103892252665713412545286495E+14
        4.365000000000000000000000000000   -1.759842855034920447819258035248E+14
        4.366000000000000000000000000000   -1.774709990382260743065880357386E+14
        4.367000000000000000000000000000   -1.789706443089440984852796039719E+14
        4.368000000000000000000000000000   -1.804833368431664574367199401195E+14
        4.369000000000000000000000000000   -1.820091932262760785038990794618E+14
        4.370000000000000000000000000000   -1.835483311114301300985683739262E+14
        4.371000000000000000000000000000   -1.851008692295665615081622378489E+14
        4.372000000000000000000000000000   -1.866669273995064555960228964180E+14
        4.373000000000000000000000000000   -1.882466265381531305557780210439E+14
        4.374000000000000000000000000000   -1.898400886707889362042903869567E+14
        4.375000000000000000000000000000   -1.914474369414706997157248199963E+14
        4.376000000000000000000000000000   -1.930687956235247852129363821507E+14
        4.377000000000000000000000000000   -1.947042901301427412425608838252E+14
        4.378000000000000000000000000000   -1.963540470250785198678806536329E+14
        4.379000000000000000000000000000   -1.980181940334482609197517461477E+14
        4.380000000000000000000000000000   -1.996968600526336448516306923322E+14
        4.381000000000000000000000000000   -2.013901751632898276510574420221E+14
        4.382000000000000000000000000000   -2.030982706404589813678750505140E+14
        4.383000000000000000000000000000   -2.048212789647904740300455665134E+14
        4.384000000000000000000000000000   -2.065593338338687330322161542909E+14
        4.385000000000000000000000000000   -2.083125701736498465012715375559E+14
        4.386000000000000000000000000000   -2.100811241500079676680614547755E+14
        4.387000000000000000000000000000   -2.118651331803925979064094138150E+14
        4.388000000000000000000000000000   -2.136647359455978348404975776317E+14
        4.389000000000000000000000000000   -2.154800724016446827708996762632E+14
        4.390000000000000000000000000000   -2.173112837917775336290287457240E+14
        4.391000000000000000000000000000   -2.191585126585759377407204376282E+14
        4.392000000000000000000000000000   -2.210219028561827948632388208968E+14
        4.393000000000000000000000000000   -2.229015995626501072573353340471E+14
        4.394000000000000000000000000000   -2.247977492924034479682904268839E+14
        4.395000000000000000000000000000   -2.267104999088263090183114268291E+14
        4.396000000000000000000000000000   -2.286400006369655058584517722582E+14
        4.397000000000000000000000000000   -2.305864020763588261925711232796E+14
        4.398000000000000000000000000000   -2.325498562139861231700009304480E+14
        4.399000000000000000000000000000   -2.345305164373450649487566826740E+14
        4.400000000000000000000000000000   -2.365285375476527647586002016646E+14
        4.401000000000000000000000000000   -2.385440757731745278442701418382E+14
        4.402000000000000000000000000000   -2.405772887826809640450467789470E+14
        4.403000000000000000000000000000   -2.426283356990347272687922044611E+14
        4.404000000000000000000000000000   -2.446973771129081557480167970405E+14
        4.405000000000000000000000000000   -2.467845750966330997236887080411E+14
        4.406000000000000000000000000000   -2.488900932181842360907603933778E+14
        4.407000000000000000000000000000   -2.510140965552971825590843441991E+14
        4.408000000000000000000000000000   -2.531567517097227370358927360531E+14
        4.409000000000000000000000000000   -2.553182268216185812227007326014E+14
        4.410000000000000000000000000000   -2.574986915840798008417531812286E+14
        4.411000000000000000000000000000   -2.596983172578095884663766493274E+14
        4.412000000000000000000000000000   -2.619172766859315086272452436455E+14
        4.413000000000000000000000000000   -2.641557443089447187040565088249E+14
        4.414000000000000000000000000000   -2.664138961798235530908951599064E+14
        4.415000000000000000000000000000   -2.686919099792628922451050411856E+14
        4.416000000000000000000000000000   -2.709899650310707524952765882226E+14
        4.417000000000000000000000000000   -2.733082423177095468954869286718E+14
        4.418000000000000000000000000000   -2.756469244959874819717171464024E+14
        4.419000000000000000000000000000   -2.780061959129015699139467051747E+14
        4.420000000000000000000000000000   -2.803862426216337506253353052186E+14
        4.421000000000000000000000000000   -2.827872523977016330497105934342E+14
        4.422000000000000000000000000000   -2.852094147552653803618657487069E+14
        4.423000000000000000000000000000   -2.876529209635922789235302965419E+14
        4.424000000000000000000000000000   -2.901179640636805463829237250218E+14
        4.425000000000000000000000000000   -2.926047388850439499291647859778E+14
        4.426000000000000000000000000000   -2.951134420626588215061372192079E+14
        4.427000000000000000000000000000   -2.976442720540750727453699056843E+14
        4.428000000000000000000000000000   -3.001974291566928284957586213886E+14
        4.429000000000000000000000000000   -3.027731155252063141112379106592E+14
        4.430000000000000000000000000000   -3.053715351892166481075234024726E+14
        4.431000000000000000000000000000   -3.079928940710152084175236158532E+14
        4.432000000000000000000000000000   -3.106374000035392572637207831788E+14
        4.433000000000000000000000000000   -3.133052627485015266265158823504E+14
        4.434000000000000000000000000000   -3.159966940146954834220161084689E+14
        4.435000000000000000000000000000   -3.187119074764780108128246105996E+14
        4.436000000000000000000000000000   -3.214511187924312595629028313242E+14
        4.437000000000000000000000000000   -3.242145456242054410143649684592E+14
        4.438000000000000000000000000000   -3.270024076555443511120012810601E+14
        4.439000000000000000000000000000   -3.298149266114954329323013471646E+14
        4.440000000000000000000000000000   -3.326523262778062033896691333911E+14
        4.441000000000000000000000000000   -3.355148325205088881953182800482E+14
        4.442000000000000000000000000000   -3.384026733056951277359582200103E+14
        4.443000000000000000000000000000   -3.413160787194826353218001924252E+14
        4.444000000000000000000000000000   -3.442552809881757082286183401137E+14
        4.445000000000000000000000000000   -3.472205144986215111286074738294E+14
        4.446000000000000000000000000000   -3.502120158187640708716196812186E+14
        4.447000000000000000000000000000   -3.532300237183979411440922696123E+14
        4.448000000000000000000000000000   -3.562747791901235152996768909344E+14
        4.449000000000000000000000000000   -3.593465254705059856253434853595E+14
        4.450000000000000000000000000000   -3.624455080614399674816845670687E+14
        4.451000000000000000000000000000   -3.655719747517218271384295577958E+14
        4.452000000000000000000000000000   -3.687261756388317727179623201433E+14
        4.453000000000000000000000000000   -3.719083631509277884631077378231E+14
        4.454000000000000000000000000000   -3.751187920690535135628283838990E+14
        4.455000000000000000000000000000   -3.783577195495621880029867765291E+14
        4.456000000000000000000000000000   -3.816254051467588093612429800493E+14
        4.457000000000000000000000000000   -3.849221108357626661377559290766E+14
        4.458000000000000000000000000000   -3.882481010355924351089486817409E+14
        4.459000000000000000000000000000   -3.916036426324760523125162399440E+14
        4.460000000000000000000000000000   -3.949890050033875896204578171838E+14
        4.461000000000000000000000000000   -3.984044600398133914355867761510E+14
        4.462000000000000000000000000000   -4.018502821717497488581195387319E+14
        4.463000000000000000000000000000   -4.053267483919344117150038553909E+14
        4.464000000000000000000000000000   -4.088341382803142621280770765946E+14
        4.465000000000000000000000000000   -4.123727340287514968204328455807E+14
        4.466000000000000000000000000000   -4.159428204659706891260327441165E+14
        4.467000000000000000000000000000   -4.195446850827491256781674368829E+14
        4.468000000000000000000000000000   -4.231786180573528370104163821205E+14
        4.469000000000000000000000000000   -4.268449122812207658118701453461E+14
        4.470000000000000000000000000000   -4.305438633848995413391863368081E+14
        4.471000000000000000000000000000   -4.342757697642313535041986866573E+14
        4.472000000000000000000000000000   -4.380409326067974454299664986143E+14
        4.473000000000000000000000000000   -4.418396559186197688030449420384E+14
        4.474000000000000000000000000000   -4.456722465511233721481104560947E+14
        4.475000000000000000000000000000   -4.495390142283621182156542062236E+14
        4.476000000000000000000000000000   -4.534402715745103530070537817119E+14
        4.477000000000000000000000000000   -4.573763341416231755667726735833E+14
        4.478000000000000000000000000000   -4.613475204376679845515721569591E+14
        4.479000000000000000000000000000   -4.653541519548300047443350932695E+14
        4.480000000000000000000000000000   -4.693965531980945241183107057435E+14
        4.481000000000000000000000000000   -4.734750517141085997792395091376E+14
        4.482000000000000000000000000000   -4.775899781203250191208856734165E+14
        4.483000000000000000000000000000   -4.817416661344313308269993326111E+14
        4.484000000000000000000000000000   -4.859304526040667889426950001372E+14
        4.485000000000000000000000000000   -4.901566775368300821237380787054E+14
        4.486000000000000000000000000000   -4.944206841305807493563860393896E+14
        4.487000000000000000000000000000   -4.987228188040372129263739537046E+14
        4.488000000000000000000000000000   -5.030634312276743892065389982685E+14
        4.489000000000000000000000000000   -5.074428743549238679316525215405E+14
        4.490000000000000000000000000000   -5.118615044536796810395127459195E+14
        4.491000000000000000000000000000   -5.163196811381127128825222997100E+14
        4.492000000000000000000000000000   -5.208177674007968346571436754422E+14
        4.493000000000000000000000000000   -5.253561296451498772631389370018E+14
        4.494000000000000000000000000000   -5.299351377181925884937398754207E+14
        4.495000000000000000000000000000   -5.345551649436287524752798421302E+14
        4.496000000000000000000000000000   -5.392165881552496816238037346691E+14
        4.497000000000000000000000000000   -5.439197877306663240702501015646E+14
        4.498000000000000000000000000000   -5.486651476253722625284984628711E+14
        4.499000000000000000000000000000   -5.534530554071409139454628732265E+14
        4.500000000000000000000000000000   -5.582839022907602729830948283735E+14
        4.501000000000000000000000000000   -5.631580831731085764422787724330E+14
        4.502000000000000000000000000000   -5.680759966685743001518446553160E+14
        4.503000000000000000000000000000   -5.730380451448239346160066101193E+14
        4.504000000000000000000000000000   -5.780446347589210208442271296999E+14
        4.505000000000000000000000000000   -5.830961754937999632826046818434E+14
        4.506000000000000000000000000000   -5.881930811950981726292328153438E+14
        4.507000000000000000000000000000   -5.933357696083501275514649596450E+14
        4.508000000000000000000000000000   -5.985246624165469809345674242787E+14
        4.509000000000000000000000000000   -6.037601852780653732828217610141E+14
        4.510000000000000000000000000000   -6.090427678649691532697574033220E+14
        4.511000000000000000000000000000   -6.143728439016877431979100914947E+14
        4.512000000000000000000000000000   -6.197508512040749252844082479031E+14
        4.513000000000000000000000000000   -6.251772317188518632409293524364E+14
        4.514000000000000000000000000000   -6.306524315634382125693270754418E+14
        4.515000000000000000000000000000   -6.361769010661752123517379558681E+14
        4.516000000000000000000000000000   -6.417510948069446910805096655811E+14
        4.517000000000000000000000000000   -6.473754716581879592531731697171E+14
        4.518000000000000000000000000000   -6.530504948263286020552765632885E+14
        4.519000000000000000000000000000   -6.587766318936032264736241206139E+14
        4.520000000000000000000000000000   -6.645543548603042586287826309602E+14
        4.521000000000000000000000000000   -6.703841401874389289931388323589E+14
        4.522000000000000000000000000000   -6.762664688398086254738755665375E+14
        4.523000000000000000000000000000   -6.822018263295128370935880097498E+14
        4.524000000000000000000000000000   -6.881907027598819541995423474178E+14
        4.525000000000000000000000000000   -6.942335928698432347804949674664E+14
        4.526000000000000000000000000000   -7.003309960787242905722986588262E+14
        4.527000000000000000000000000000   -7.064834165314984911950325789883E+14
        4.528000000000000000000000000000   -7.126913631444767295899657675384E+14
        4.529000000000000000000000000000   -7.189553496514500375192128742576E+14
        4.530000000000000000000000000000   -7.252758946502875858594315274075E+14
        4.531000000000000000000000000000   -7.316535216499946508683627978622E+14
        4.532000000000000000000000000000   -7.380887591182351745345029296870E+14
        4.533000000000000000000000000000   -7.445821405293235945408439136489E+14
        4.534000000000000000000000000000   -7.511342044126906672886157735948E+14
        4.535000000000000000000000000000   -7.577454944018280558415436068769E+14
        4.536000000000000000000000000000   -7.644165592837165035705928626014E+14
        4.537000000000000000000000000000   -7.711479530487424637088694687847E+14
        4.538000000000000000000000000000   -7.779402349411081049716772880128E+14
        4.539000000000000000000000000000   -7.847939695097396638631823207342E+14
        4.540000000000000000000000000000   -7.917097266596991652842183262996E+14
        4.541000000000000000000000000000   -7.986880817041045845810788895371E+14
        4.542000000000000000000000000000   -8.057296154165635762383234265944E+14
        4.543000000000000000000000000000   -8.128349140841259470253870645198E+14
        4.544000000000000000000000000000   -8.200045695607601045628961420529E+14
        4.545000000000000000000000000000   -8.272391793213587659858838661715E+14
        4.546000000000000000000000000000   -8.345393465162792656534689070322E+14
        4.547000000000000000000000000000   -8.419056800264238556939614836080E+14
        4.548000000000000000000000000000   -8.493387945188654485868191137326E+14
        4.549000000000000000000000000000   -8.568393105030243069744749790080E+14
        4.550000000000000000000000000000   -8.644078543874012424739587757499E+14
        4.551000000000000000000000000000   -8.720450585368729424266423809968E+14
        4.552000000000000000000000000000   -8.797515613305551012906571828273E+14
        4.553000000000000000000000000000   -8.875280072202390917509008996804E+14
        4.554000000000000000000000000000   -8.953750467894079696025021483628E+14
        4.555000000000000000000000000000   -9.032933368128376660616332827163E+14
        4.556000000000000000000000000000   -9.112835403167892813792186061564E+14
        4.557000000000000000000000000000   -9.193463266397984544850093458536E+14
        4.558000000000000000000000000000   -9.274823714940678448783938187657E+14
        4.559000000000000000000000000000   -9.356923570274688251149585307791E+14
        4.560000000000000000000000000000   -9.439769718861585450210642917010E+14
        4.561000000000000000000000000000   -9.523369112778185922094756172256E+14
        4.562000000000000000000000000000   -9.607728770355215375743814080690E+14
        4.563000000000000000000000000000   -9.692855776822317192210455189474E+14
        4.564000000000000000000000000000   -9.778757284959466837409792484279E+14
        4.565000000000000000000000000000   -9.865440515754857698851632471563E+14
        4.566000000000000000000000000000   -9.952912759069323865227713180171E+14
        4.567000000000000000000000000000   -1.004118137430736604308449596895E+15
        4.568000000000000000000000000000   -1.013025379109484748724948122900E+15
        4.569000000000000000000000000000   -1.022013750996342751127335112770E+15
        4.570000000000000000000000000000   -1.031084010304180084097776328787E+15
        4.571000000000000000000000000000   -1.040236921475381177833644356347E+15
        4.572000000000000000000000000000   -1.049473256252351285444330477735E+15
        4.573000000000000000000000000000   -1.058793793748723836931444660290E+15
        4.574000000000000000000000000000   -1.068199320521276394281071841563E+15
        4.575000000000000000000000000000   -1.077690630642562393513456355732E+15
        4.576000000000000000000000000000   -1.087268525774265933723049410451E+15
        4.577000000000000000000000000000   -1.096933815241286948108503598703E+15
        4.578000000000000000000000000000   -1.106687316106564167746249294946E+15
        4.579000000000000000000000000000   -1.116529853246643365411146370144E+15
        4.580000000000000000000000000000   -1.126462259427998444101868042349E+15
        4.581000000000000000000000000000   -1.136485375384113013095731081941E+15
        4.582000000000000000000000000000   -1.146600049893330173346320399554E+15
        4.583000000000000000000000000000   -1.156807139857478313856242833625E+15
        4.584000000000000000000000000000   -1.167107510381280801315556521998E+15
        4.585000000000000000000000000000   -1.177502034852557526802826660130E+15
        4.586000000000000000000000000000   -1.187991595023226355709421123252E+15
        4.587000000000000000000000000000   -1.198577081091112610277744173467E+15
        4.588000000000000000000000000000   -1.209259391782574798249876588044E+15
        4.589000000000000000000000000000   -1.220039434435954886113909921400E+15
        4.590000000000000000000000000000   -1.230918125085861501320596835501E+15
        4.591000000000000000000000000000   -1.241896388548294534632356902806E+15
        4.592000000000000000000000000000   -1.252975158506619701469850353769E+15
        4.593000000000000000000000000000   -1.264155377598401709748038354711E+15
        4.594000000000000000000000000000   -1.275437997503104771253771264157E+15
        4.595000000000000000000000000000   -1.286823979030669284120477056352E+15
        4.596000000000000000000000000000   -1.298314292210973605412560461825E+15
        4.597000000000000000000000000000   -1.309909916384189925252878909357E+15
        4.598000000000000000000000000000   -1.321611840292043347321454636917E+15
        4.599000000000000000000000000000   -1.333421062169983374932846194269E+15
        4.600000000000000000000000000000   -1.345338589840277097273883297120E+15
        4.601000000000000000000000000000   -1.357365440806033466763427661936E+15
        4.602000000000000000000000000000   -1.369502642346168155892236108657E+15
        4.603000000000000000000000000000   -1.381751231611318580324765210479E+15
        4.604000000000000000000000000000   -1.394112255720718774506882023976E+15
        4.605000000000000000000000000000   -1.406586771860043906535065771176E+15
        4.606000000000000000000000000000   -1.419175847380234320615054808042E+15
        4.607000000000000000000000000000   -1.431880559897309098082388399397E+15
        4.608000000000000000000000000000   -1.444701997393179231685414239233E+15
        4.609000000000000000000000000000   -1.457641258317470612654706100430E+15
        4.610000000000000000000000000000   -1.470699451690367136013213929469E+15
        4.611000000000000000000000000000   -1.483877697206484336630731647776E+15
        4.612000000000000000000000000000   -1.497177125339784076706425894660E+15
        4.613000000000000000000000000000   -1.510598877449540914686362876489E+15
        4.614000000000000000000000000000   -1.524144105887370896101473666984E+15
        4.615000000000000000000000000000   -1.537813974105333618457617858082E+15
        4.616000000000000000000000000000   -1.551609656765118535135883823878E+15
        4.617000000000000000000000000000   -1.565532339848326577280680274328E+15
        4.618000000000000000000000000000   -1.579583220767858287878345805631E+15
        4.619000000000000000000000000000   -1.593763508480419778672888219929E+15
        4.620000000000000000000000000000   -1.608074423600157938241162310023E+15
        4.621000000000000000000000000000   -1.622517198513436438470545376112E+15
        4.622000000000000000000000000000   -1.637093077494764206861360304410E+15
        4.623000000000000000000000000000   -1.651803316823888153527459089013E+15
        4.624000000000000000000000000000   -1.666649184904062064505195489131E+15
        4.625000000000000000000000000000   -1.681631962381503697017313765290E+15
        4.626000000000000000000000000000   -1.696752942266052237688041878644E+15
        4.627000000000000000000000000000   -1.712013430053038411383035657448E+15
        4.628000000000000000000000000000   -1.727414743846379656367063159117E+15
        4.629000000000000000000000000000   -1.742958214482912910847889858073E+15
        4.630000000000000000000000000000   -1.758645185657977686721327321157E+15
        4.631000000000000000000000000000   -1.774477014052262238464602276779E+15
        4.632000000000000000000000000000   -1.790455069459925768658012425923E+15
        4.633000000000000000000000000000   -1.806580734918009746563346160032E+15
        4.634000000000000000000000000000   -1.822855406837151552567006723538E+15
        4.635000000000000000000000000000   -1.839280495133613799121615303481E+15
        4.636000000000000000000000000000   -1.855857423362642818107658748467E+15
        4.637000000000000000000000000000   -1.872587628853169945302253377274E+15
        4.638000000000000000000000000000   -1.889472562843869374901246351046E+15
        4.639000000000000000000000000000   -1.906513690620586500809774438819E+15
        4.640000000000000000000000000000   -1.923712491655150806711327096882E+15
        4.641000000000000000000000000000   -1.941070459745587513762775266154E+15
        4.642000000000000000000000000000   -1.958589103157742343159368071940E+15
        4.643000000000000000000000000000   -1.976269944768333900786187839630E+15
        4.644000000000000000000000000000   -1.994114522209448342737994945323E+15
        4.645000000000000000000000000000   -2.012124388014491133664979752216E+15
        4.646000000000000000000000000000   -2.030301109765610864705049386842E+15
        4.647000000000000000000000000000   -2.048646270242610254211483018787E+15
        4.648000000000000000000000000000   -2.067161467573359612595853866205E+15
        4.649000000000000000000000000000   -2.085848315385728212397997351472E+15
        4.650000000000000000000000000000   -2.104708442961049166185657587971E+15
        4.651000000000000000000000000000   -2.123743495389133578094622710559E+15
        4.652000000000000000000000000000   -2.142955133724849899764218813324E+15
        4.653000000000000000000000000000   -2.162345035146284588121731338881E+15
        4.654000000000000000000000000000   -2.181914893114500330941626415301E+15
        4.655000000000000000000000000000   -2.201666417534908276370525724630E+15
        4.656000000000000000000000000000   -2.221601334920270874686130316712E+15
        4.657000000000000000000000000000   -2.241721388555352114467287444090E+15
        4.658000000000000000000000000000   -2.262028338663232111112961233674E+15
        4.659000000000000000000000000000   -2.282523962573303183280031626020E+15
        4.660000000000000000000000000000   -2.303210054890964732333855277197E+15
        4.661000000000000000000000000000   -2.324088427669034421341848232530E+15
        4.662000000000000000000000000000   -2.345160910580893333509689254257E+15
        4.663000000000000000000000000000   -2.366429351095382975283018238648E+15
        4.664000000000000000000000000000   -2.387895614653472176635869664514E+15
        4.665000000000000000000000000000   -2.409561584846712130361922460403E+15
        4.666000000000000000000000000000   -2.431429163597498003497586155546E+15
        4.667000000000000000000000000000   -2.453500271341155747358837513078E+15
        4.668000000000000000000000000000   -2.475776847209872928088671238732E+15
        4.669000000000000000000000000000   -2.498260849218492597111375083894E+15
        4.670000000000000000000000000000   -2.520954254452189420496171765670E+15
        4.671000000000000000000000000000   -2.543859059256047487968924175785E+15
        4.672000000000000000000000000000   -2.566977279426559426199664206782E+15
        4.673000000000000000000000000000   -2.590310950405066647059021150954E+15
        4.674000000000000000000000000000   -2.613862127473160769801791925367E+15
        4.675000000000000000000000000000   -2.637632885950066466624771054014E+15
        4.676000000000000000000000000000   -2.661625321392026193782664814123E+15
        4.677000000000000000000000000000   -2.685841549793707485454838291708E+15
        4.678000000000000000000000000000   -2.710283707791653704861441968675E+15
        4.679000000000000000000000000000   -2.734953952869799366755063172750E+15
        4.680000000000000000000000000000   -2.759854463567071367388649205911E+15
        4.681000000000000000000000000000   -2.784987439687097682407532892549E+15
        4.682000000000000000000000000000   -2.810355102510045319858718147643E+15
        4.683000000000000000000000000000   -2.835959695006609544680197417755E+15
        4.684000000000000000000000000000   -2.861803482054176622653306096702E+15
        4.685000000000000000000000000000   -2.887888750655182565898593222005E+15
        4.686000000000000000000000000000   -2.914217810157690598597318480057E+15
        4.687000000000000000000000000000   -2.940792992478210300753685239012E+15
        4.688000000000000000000000000000   -2.967616652326781629504800652177E+15
        4.689000000000000000000000000000   -2.994691167434347261763933066623E+15
        4.690000000000000000000000000000   -3.022018938782436948876037238067E+15
        4.691000000000000000000000000000   -3.049602390835187823501172807402E+15
        4.692000000000000000000000000000   -3.077443971773724851150098634024E+15
        4.693000000000000000000000000000   -3.105546153732925873706049802744E+15
        4.694000000000000000000000000000   -3.133911433040595949906881275888E+15
        4.695000000000000000000000000000   -3.162542330459075958162102651651E+15
        4.696000000000000000000000000000   -3.191441391429310690269870902804E+15
        4.697000000000000000000000000000   -3.220611186317401930610122760279E+15
        4.698000000000000000000000000000   -3.250054310663672284252421613031E+15
        4.699000000000000000000000000000   -3.279773385434265789161810804730E+15
        4.700000000000000000000000000000   -3.309771057275311622344394557286E+15
        4.701000000000000000000000000000   -3.340049998769677487378244978732E+15
        4.702000000000000000000000000000   -3.370612908696339551356645148461E+15
        4.703000000000000000000000000000   -3.401462512292396082862065373935E+15
        4.704000000000000000000000000000   -3.432601561517752229223432446447E+15
        4.705000000000000000000000000000   -3.464032835322503661019352991133E+15
        4.706000000000000000000000000000   -3.495759139917047104609521616892E+15
        4.707000000000000000000000000000   -3.527783309044946079439483359584E+15
        4.708000000000000000000000000000   -3.560108204258580456004503901485E+15
        4.709000000000000000000000000000   -3.592736715197608752711185669634E+15
        4.710000000000000000000000000000   -3.625671759870272395475692257229E+15
        4.711000000000000000000000000000   -3.658916284937571472780434740184E+15
        4.712000000000000000000000000000   -3.692473266000341831112650771241E+15
        4.713000000000000000000000000000   -3.726345707889263671264686961001E+15
        4.714000000000000000000000000000   -3.760536644957832124923594330333E+15
        4.715000000000000000000000000000   -3.795049141378320613353888578800E+15
        4.716000000000000000000000000000   -3.829886291440768115819444861753E+15
        4.717000000000000000000000000000   -3.865051219855021804736338885306E+15
        4.718000000000000000000000000000   -3.900547082055866837436280136922E+15
        4.719000000000000000000000000000   -3.936377064511275430888800953654E+15
        4.720000000000000000000000000000   -3.972544385033807685818687906495E+15
        4.721000000000000000000000000000   -4.009052293095196970402824522182E+15
        4.722000000000000000000000000000   -4.045904070144153021177650287311E+15
        4.723000000000000000000000000000   -4.083103029927416269975267474010E+15
        4.724000000000000000000000000000   -4.120652518814097260673730551534E+15
        4.725000000000000000000000000000   -4.158555916123335378336572483416E+15
        4.726000000000000000000000000000   -4.196816634455311475969956561967E+15
        4.727000000000000000000000000000   -4.235438120025649350685254101137E+15
        4.728000000000000000000000000000   -4.274423853003241391563069013716E+15
        4.729000000000000000000000000000   -4.313777347851534096014966261217E+15
        4.730000000000000000000000000000   -4.353502153673309529975098454548E+15
        4.731000000000000000000000000000   -4.393601854558999189869734824842E+15
        4.732000000000000000000000000000   -4.434080069938567111053041422861E+15
        4.733000000000000000000000000000   -4.474940454936999458307499040793E+15
        4.734000000000000000000000000000   -4.516186700733438229132736126443E+15
        4.735000000000000000000000000000   -4.557822534923997099933465524662E+15
        4.736000000000000000000000000000   -4.599851721888297848912327107171E+15
        4.737000000000000000000000000000   -4.642278063159766197523953125867E+15
        4.738000000000000000000000000000   -4.685105397799726324800214198359E+15
        4.739000000000000000000000000000   -4.728337602775333725761626747366E+15
        4.740000000000000000000000000000   -4.771978593341386506535099782355E+15
        4.741000000000000000000000000000   -4.816032323426055634752905279313E+15
        4.742000000000000000000000000000   -4.860502786020575094361856187661E+15
        4.743000000000000000000000000000   -4.905394013572933329175608531670E+15
        4.744000000000000000000000000000   -4.950710078385607799407769857833E+15
        4.745000000000000000000000000000   -4.996455093017384920080663850749E+15
        4.746000000000000000000000000000   -5.042633210689308099666312910653E+15
        4.747000000000000000000000000000   -5.089248625694797051635180124801E+15
        4.748000000000000000000000000000   -5.136305573813982010817769856733E+15
        4.749000000000000000000000000000   -5.183808332732296950678226455860E+15
        4.750000000000000000000000000000   -5.231761222463376366812098248104E+15
        4.751000000000000000000000000000   -5.280168605776300666267561246413E+15
        4.752000000000000000000000000000   -5.329034888627235681706350369131E+15
        4.753000000000000000000000000000   -5.378364520595512314023772980142E+15
        4.754000000000000000000000000000   -5.428161995324192796893456051167E+15
        4.755000000000000000000000000000   -5.478431850965170571849515258001E+15
        4.756000000000000000000000000000   -5.529178670628851263024885389679E+15
        4.757000000000000000000000000000   -5.580407082838462746588519836427E+15
        4.758000000000000000000000000000   -5.632121761989042821325612976743E+15
        4.759000000000000000000000000000   -5.684327428811153503744147872805E+15
        4.760000000000000000000000000000   -5.737028850839371493628819712478E+15
        4.761000000000000000000000000000   -5.790230842885604884161309456845E+15
        4.762000000000000000000000000000   -5.843938267517286724646246055191E+15
        4.763000000000000000000000000000   -5.898156035540496583587958386773E+15
        4.764000000000000000000000000000   -5.952889106488061805417941785461E+15
        4.765000000000000000000000000000   -6.008142489112690705641221558809E+15
        4.766000000000000000000000000000   -6.063921241885190506616579294428E+15
        4.767000000000000000000000000000   -6.120230473497823379676736074054E+15
        4.768000000000000000000000000000   -6.177075343372854528896614502328E+15
        4.769000000000000000000000000000   -6.234461062176346827598026942308E+15
        4.770000000000000000000000000000   -6.292392892337257100705610928017E+15
        4.771000000000000000000000000000   -6.350876148571889734410365473468E+15
        4.772000000000000000000000000000   -6.409916198413763889323314301478E+15
        4.773000000000000000000000000000   -6.469518462748951194482992288547E+15
        4.774000000000000000000000000000   -6.529688416356941407287764932346E+15
        4.775000000000000000000000000000   -6.590431588457094138729388443521E+15
        4.776000000000000000000000000000   -6.651753563260735364280445998173E+15
        4.777000000000000000000000000000   -6.713659980528958068508913555051E+15
        4.778000000000000000000000000000   -6.776156536136187006032499411258E+15
        4.779000000000000000000000000000   -6.839248982639568202858780829625E+15
        4.780000000000000000000000000000   -6.902943129854244470560586076670E+15
        4.781000000000000000000000000000   -6.967244845434578861186450046850E+15
        4.782000000000000000000000000000   -7.032160055461388653381076499378E+15
        4.783000000000000000000000000000   -7.097694745035253129969210958299E+15
        4.784000000000000000000000000000   -7.163854958875959084317687556884E+15
        4.785000000000000000000000000000   -7.230646801928148677215073453231E+15
        4.786000000000000000000000000000   -7.298076439973234957877609816169E+15
        4.787000000000000000000000000000   -7.366150100247651062086263928736E+15
        4.788000000000000000000000000000   -7.434874072067499807465809427119E+15
        4.789000000000000000000000000000   -7.504254707459671120617019904550E+15
        4.790000000000000000000000000000   -7.574298421799495453292316550107E+15
        4.791000000000000000000000000000   -7.645011694455002075149528038046E+15
        4.792000000000000000000000000000   -7.716401069437851868914739641004E+15
        4.793000000000000000000000000000   -7.788473156061015000121442815642E+15
        4.794000000000000000000000000000   -7.861234629603264588058246899639E+15
        4.795000000000000000000000000000   -7.934692231980558267241179176321E+15
        4.796000000000000000000000000000   -8.008852772424380299719985385066E+15
        4.797000000000000000000000000000   -8.083723128167117677922777107241E+15
        4.798000000000000000000000000000   -8.159310245134544445632814626726E+15
        4.799000000000000000000000000000   -8.235621138645489261169166850194E+15
        4.800000000000000000000000000000   -8.312662894118762032004512270205E+15
        4.801000000000000000000000000000   -8.390442667787416263994562975755E+15
        4.802000000000000000000000000000   -8.468967687420424591211713349807E+15
        4.803000000000000000000000000000   -8.548245253051845784168834409022E+15
        4.804000000000000000000000000000   -8.628282737717562375087056325798E+15
        4.805000000000000000000000000000   -8.709087588199668888904425222524E+15
        4.806000000000000000000000000000   -8.790667325778591528042135377143E+15
        4.807000000000000000000000000000   -8.873029546993021027644416780247E+15
        4.808000000000000000000000000000   -8.956181924407741276191048534915E+15
        4.809000000000000000000000000000   -9.040132207389437184152987813106E+15
        4.810000000000000000000000000000   -9.124888222890566180828051152457E+15
        4.811000000000000000000000000000   -9.210457876241378626762454709669E+15
        4.812000000000000000000000000000   -9.296849151950173346344016975316E+15
        4.813000000000000000000000000000   -9.384070114511875412353878871467E+15
        4.814000000000000000000000000000   -9.472128909225024251596866704975E+15
        4.815000000000000000000000000000   -9.561033763017261088308528997054E+15
        4.816000000000000000000000000000   -9.650792985279405699973100152420E+15
        4.817000000000000000000000000000   -9.741414968708213428596143652193E+15
        4.818000000000000000000000000000   -9.832908190157904369474660937254E+15
        4.819000000000000000000000000000   -9.925281211500557649213584759860E+15
        4.820000000000000000000000000000   -1.001854268049546470526969722761E+16
        4.821000000000000000000000000000   -1.011270133166753649078235221894E+16
        4.822000000000000000000000000000   -1.020776598719486055099652325843E+16
        4.823000000000000000000000000000   -1.030374555780550495132059549941E+16
        4.824000000000000000000000000000   -1.040064904368366708211331428023E+16
        4.825000000000000000000000000000   -1.049848553538526642178713465907E+16
        4.826000000000000000000000000000   -1.059726421476308140787604603218E+16
        4.827000000000000000000000000000   -1.069699435590153164547336702837E+16
        4.828000000000000000000000000000   -1.079768532606120777402906236621E+16
        4.829000000000000000000000000000   -1.089934658663325241703833624976E+16
        4.830000000000000000000000000000   -1.100198769410369675478660091293E+16
        4.831000000000000000000000000000   -1.110561830102785838817489958157E+16
        4.832000000000000000000000000000   -1.121024815701490730187049379079E+16
        4.833000000000000000000000000000   -1.131588710972270788774715433234E+16
        4.834000000000000000000000000000   -1.142254510586304615493782462298E+16
        4.835000000000000000000000000000   -1.153023219221735243095942711157E+16
        4.836000000000000000000000000000   -1.163895851666303104942791822396E+16
        4.837000000000000000000000000000   -1.174873432921050972400513282137E+16
        4.838000000000000000000000000000   -1.185956998305112252555298796444E+16
        4.839000000000000000000000000000   -1.197147593561594161016237449549E+16
        4.840000000000000000000000000000   -1.208446274964567408992235279075E+16
        4.841000000000000000000000000000   -1.219854109427174169615056690968E+16
        4.842000000000000000000000000000   -1.231372174610866215647028117419E+16
        4.843000000000000000000000000000   -1.243001559035785249274702731031E+16
        4.844000000000000000000000000000   -1.254743362192297574664417123784E+16
        4.845000000000000000000000000000   -1.266598694653695395357916910464E+16
        4.846000000000000000000000000000   -1.278568678190077151432006526657E+16
        4.847000000000000000000000000000   -1.290654445883419445651587439375E+16
        4.848000000000000000000000000000   -1.302857142243853243626769092700E+16
        4.849000000000000000000000000000   -1.315177923327157170258432919941E+16
        4.850000000000000000000000000000   -1.327617956853480863539352760330E+16
        4.851000000000000000000000000000   -1.340178422327311487086564596771E+16
        4.852000000000000000000000000000   -1.352860511158696644632164902081E+16
        4.853000000000000000000000000000   -1.365665426785737083111323098703E+16
        4.854000000000000000000000000000   -1.378594384798362715975437803632E+16
        4.855000000000000000000000000000   -1.391648613063405644942664036240E+16
        4.856000000000000000000000000000   -1.404829351850984006595304355491E+16
        4.857000000000000000000000000000   -1.418137853962210620061807753947E+16
        4.858000000000000000000000000000   -1.431575384858240563498577022680E+16
        4.859000000000000000000000000000   -1.445143222790671960231875677663E+16
        4.860000000000000000000000000000   -1.458842658933314410251485751801E+16
        4.861000000000000000000000000000   -1.472674997515339659284245439054E+16
        4.862000000000000000000000000000   -1.486641555955829255936252072471E+16
        4.863000000000000000000000000000   -1.500743664999734107396628740866E+16
        4.864000000000000000000000000000   -1.514982668855261005962818169224E+16
        4.865000000000000000000000000000   -1.529359925332701362197102645883E+16
        4.866000000000000000000000000000   -1.543876805984717545876394829478E+16
        4.867000000000000000000000000000   -1.558534696248102403072468552401E+16
        4.868000000000000000000000000000   -1.573334995587027686718097488532E+16
        4.869000000000000000000000000000   -1.588279117637797308896670529637E+16
        4.870000000000000000000000000000   -1.603368490355121495859617865497E+16
        4.871000000000000000000000000000   -1.618604556159928101448509921459E+16
        4.872000000000000000000000000000   -1.633988772088727511198320920463E+16
        4.873000000000000000000000000000   -1.649522609944547747946660723095E+16
        4.874000000000000000000000000000   -1.665207556449456570292598740442E+16
        4.875000000000000000000000000000   -1.681045113398687537760106078438E+16
        4.876000000000000000000000000000   -1.697036797816387201047451470792E+16
        4.877000000000000000000000000000   -1.713184142113000762307681535324E+16
        4.878000000000000000000000000000   -1.729488694244313739029431648235E+16
        4.879000000000000000000000000000   -1.745952017872167355794845089842E+16
        4.880000000000000000000000000000   -1.762575692526865581005682499294E+16
        4.881000000000000000000000000000   -1.779361313771291920613404145022E+16
        4.882000000000000000000000000000   -1.796310493366754277987995830992E+16
        4.883000000000000000000000000000   -1.813424859440576388337748971241E+16
        4.884000000000000000000000000000   -1.830706056655454537572534963374E+16
        4.885000000000000000000000000000   -1.848155746380598479211050065149E+16
        4.886000000000000000000000000000   -1.865775606864675668893047427903E+16
        4.887000000000000000000000000000   -1.883567333410578144296000224556E+16
        4.888000000000000000000000000000   -1.901532638552031588797524228210E+16
        4.889000000000000000000000000000   -1.919673252232066330096091213234E+16
        4.890000000000000000000000000000   -1.937990921983370240229242152981E+16
        4.891000000000000000000000000000   -1.956487413110543721037115291011E+16
        4.892000000000000000000000000000   -1.975164508874277179136394046154E+16
        4.893000000000000000000000000000   -1.994024010677471616922813502743E+16
        4.894000000000000000000000000000   -2.013067738253323191036510430601E+16
        4.895000000000000000000000000000   -2.032297529855392817131440800149E+16
        4.896000000000000000000000000000   -2.051715242449682129715816566356E+16
        4.897000000000000000000000000000   -2.071322751908737338303345232446E+16
        4.898000000000000000000000000000   -2.091121953207802756163629382016E+16
        4.899000000000000000000000000000   -2.111114760623046015613363601004E+16
        4.900000000000000000000000000000   -2.131303107931877224077247992183E+16
        4.901000000000000000000000000000   -2.151688948615384558098450007103E+16
        4.902000000000000000000000000000   -2.172274256062909038122956840705E+16
        4.903000000000000000000000000000   -2.193061023778781475250578383694E+16
        4.904000000000000000000000000000   -2.214051265591244832268340869962E+16
        4.905000000000000000000000000000   -2.235247015863585495190558986856E+16
        4.906000000000000000000000000000   -2.256650329707497208255348414213E+16
        4.907000000000000000000000000000   -2.278263283198701684901458683047E+16
        4.908000000000000000000000000000   -2.300087973594850169704147281022E+16
        4.909000000000000000000000000000   -2.322126519555730491616825882542E+16
        4.910000000000000000000000000000   -2.344381061365804417179204911385E+16
        4.911000000000000000000000000000   -2.366853761159100383645834772492E+16
        4.912000000000000000000000000000   -2.389546803146486966294861733379E+16
        4.913000000000000000000000000000   -2.412462393845352711529438002617E+16
        4.914000000000000000000000000000   -2.435602762311718247817891587714E+16
        4.915000000000000000000000000000   -2.458970160374806870068207197159E+16
        4.916000000000000000000000000000   -2.482566862874100079732727145956E+16
        4.917000000000000000000000000000   -2.506395167898904852825785084933E+16
        4.918000000000000000000000000000   -2.530457397030459701146176002564E+16
        4.919000000000000000000000000000   -2.554755895586606888364295105727E+16
        4.920000000000000000000000000000   -2.579293032869058462297213562351E+16
        4.921000000000000000000000000000   -2.604071202413284067691089126643E+16
        4.922000000000000000000000000000   -2.629092822241048810196748442218E+16
        4.923000000000000000000000000000   -2.654360335115629751999069977187E+16
        4.924000000000000000000000000000   -2.679876208799739932782422303343E+16
        4.925000000000000000000000000000   -2.705642936316189126421792627313E+16
        4.926000000000000000000000000000   -2.731663036211310864021741690339E+16
        4.927000000000000000000000000000   -2.757939052821185577722760863266E+16
        4.928000000000000000000000000000   -2.784473556540690047097259109437E+16
        4.929000000000000000000000000000   -2.811269144095403661006006550734E+16
        4.930000000000000000000000000000   -2.838328438816402342521609535067E+16
        4.931000000000000000000000000000   -2.865654090917971322990163477875E+16
        4.932000000000000000000000000000   -2.893248777778268293537776159414E+16
        4.933000000000000000000000000000   -2.921115204222968808377810691049E+16
        4.934000000000000000000000000000   -2.949256102811926164180587984907E+16
        4.935000000000000000000000000000   -2.977674234128878333573531801798E+16
        4.936000000000000000000000000000   -3.006372387074234888590454153712E+16
        4.937000000000000000000000000000   -3.035353379160977211628489969368E+16
        4.938000000000000000000000000000   -3.064620056813705657245234478443E+16
        4.939000000000000000000000000000   -3.094175295670867697982569685311E+16
        4.940000000000000000000000000000   -3.124022000890201461383666533471E+16
        4.941000000000000000000000000000   -3.154163107457429443522425944533E+16
        4.942000000000000000000000000000   -3.184601580498237566737420145592E+16
        4.943000000000000000000000000000   -3.215340415593575135903003369640E+16
        4.944000000000000000000000000000   -3.246382639098311638527014731405E+16
        4.945000000000000000000000000000   -3.277731308463286729286287653105E+16
        4.946000000000000000000000000000   -3.309389512560790139347463113626E+16
        4.947000000000000000000000000000   -3.341360372013508655021399898611E+16
        4.948000000000000000000000000000   -3.373647039526977719015380438683E+16
        4.949000000000000000000000000000   -3.406252700225575620829503757519E+16
        4.950000000000000000000000000000   -3.439180571992098660743903822434E+16
        4.951000000000000000000000000000   -3.472433905810956094414093656288E+16
        4.952000000000000000000000000000   -3.506015986115024092385776472025E+16
        4.953000000000000000000000000000   -3.539930131136198380911457470657E+16
        4.954000000000000000000000000000   -3.574179693259685667353322640451E+16
        4.955000000000000000000000000000   -3.608768059382074395244936133140E+16
        4.956000000000000000000000000000   -3.643698651273225820813788448429E+16
        4.957000000000000000000000000000   -3.678974925942026854493684613684E+16
        4.958000000000000000000000000000   -3.714600376006046567737121132892E+16
        4.959000000000000000000000000000   -3.750578530065138727330542006792E+16
        4.960000000000000000000000000000   -3.786912953079033186477727499811E+16
        4.961000000000000000000000000000   -3.823607246748959434207262758937E+16
        4.962000000000000000000000000000   -3.860665049903346082238441189272E+16
        4.963000000000000000000000000000   -3.898090038887640551366147970655E+16
        4.964000000000000000000000000000   -3.935885927958293707760002551103E+16
        4.965000000000000000000000000000   -3.974056469680954693377775727657E+16
        4.966000000000000000000000000000   -4.012605455332921694030005611707E+16
        4.967000000000000000000000000000   -4.051536715309894893564702469406E+16
        4.968000000000000000000000000000   -4.090854119537078373231665101549E+16
        4.969000000000000000000000000000   -4.130561577884678231599574400273E+16
        4.970000000000000000000000000000   -4.170663040587844722500768226560E+16
        4.971000000000000000000000000000   -4.211162498671106736434271612647E+16
        4.972000000000000000000000000000   -4.252063984377347484733852685497E+16
        4.973000000000000000000000000000   -4.293371571601370785671961045697E+16
        4.974000000000000000000000000000   -4.335089376328107897590522252201E+16
        4.975000000000000000000000000000   -4.377221557075515396194636495160E+16
        4.976000000000000000000000000000   -4.419772315342215151384983926872E+16
        4.977000000000000000000000000000   -4.462745896059928023509700712016E+16
        4.978000000000000000000000000000   -4.506146588050753469758000123073E+16
        4.979000000000000000000000000000   -4.549978724489347828668037164746E+16
        4.980000000000000000000000000000   -4.594246683370054634453451871560E+16
        4.981000000000000000000000000000   -4.638954887979040903140517338097E+16
        4.982000000000000000000000000000   -4.684107807371493929425558477658E+16
        4.983000000000000000000000000000   -4.729709956853933736785854228395E+16
        4.984000000000000000000000000000   -4.775765898471696933783020307599E+16
        4.985000000000000000000000000000   -4.822280241501648346763205856629E+16
        4.986000000000000000000000000000   -4.869257642950177423361533299601E+16
        4.987000000000000000000000000000   -4.916702808056537032438178483100E+16
        4.988000000000000000000000000000   -4.964620490801582924390354435988E+16
        4.989000000000000000000000000000   -5.013015494421972761279179110518E+16
        4.990000000000000000000000000000   -5.061892671929884278964863766123E+16
        4.991000000000000000000000000000   -5.111256926638312803540690043164E+16
        4.992000000000000000000000000000   -5.161113212692009011879644438897E+16
        4.993000000000000000000000000000   -5.211466535604118501142112658237E+16
        4.994000000000000000000000000000   -5.262321952798585414724447977444E+16
        4.995000000000000000000000000000   -5.313684574158383062443254639317E+16
        4.996000000000000000000000000000   -5.365559562579635170836610845571E+16
        4.997000000000000000000000000000   -5.417952134531692105409953500804E+16
        4.998000000000000000000000000000   -5.470867560623227120550743711877E+16
        4.999000000000000000000000000000   -5.524311166174418414773153282432E+16
        5.000000000000000000000000000000   -5.578288331795283499023735303224E+16
        5.001000000000000000000000000000   -5.632804493970233124074308127412E+16
        5.002000000000000000000000000000   -5.687865145648912759643110200507E+16
        5.003000000000000000000000000000   -5.743475836843400372914781660277E+16
        5.004000000000000000000000000000   -5.799642175231830017670108011550E+16
        5.005000000000000000000000000000   -5.856369826768511517385047548325E+16
        5.006000000000000000000000000000   -5.913664516300617306513812033447E+16
        5.007000000000000000000000000000   -5.971532028191508283832275664534E+16
        5.008000000000000000000000000000   -6.029978206950771330286501899123E+16
        5.009000000000000000000000000000   -6.089008957871041951368621339365E+16
        5.010000000000000000000000000000   -6.148630247671686320731769094527E+16
        5.011000000000000000000000000000   -6.208848105149417827661595708087E+16
        5.012000000000000000000000000000   -6.269668621835924066249511135507E+16
        5.013000000000000000000000000000   -6.331097952662581048769040324240E+16
        5.014000000000000000000000000000   -6.393142316632332279949434674862E+16
        5.015000000000000000000000000000   -6.455807997498811192679222683297E+16
        5.016000000000000000000000000000   -6.519101344452786319267190397782E+16
        5.017000000000000000000000000000   -6.583028772816009455851136301347E+16
        5.018000000000000000000000000000   -6.647596764742547970988722598662E+16
        5.019000000000000000000000000000   -6.712811869927683313004236092296E+16
        5.020000000000000000000000000000   -6.778680706324458684415796491266E+16
        5.021000000000000000000000000000   -6.845209960867959775846572534102E+16
        5.022000000000000000000000000000   -6.912406390207413386349311813323E+16
        5.023000000000000000000000000000   -6.980276821446189702165760421357E+16
        5.024000000000000000000000000000   -7.048828152889794961722538160117E+16
        5.025000000000000000000000000000   -7.118067354801942201255348035346E+16
        5.026000000000000000000000000000   -7.188001470168788752978064974866E+16
        5.027000000000000000000000000000   -7.258637615471430156297740767809E+16
        5.028000000000000000000000000000   -7.329982981466741142347812445364E+16
        5.029000000000000000000000000000   -7.402044833976655363198218970358E+16
        5.030000000000000000000000000000   -7.474830514685976559632619777509E+16
        5.031000000000000000000000000000   -7.548347441948814895490883981285E+16
        5.032000000000000000000000000000   -7.622603111603743232392426316861E+16
        5.033000000000000000000000000000   -7.697605097797769176317298320845E+16
        5.034000000000000000000000000000   -7.773361053819219797163260217587E+16
        5.035000000000000000000000000000   -7.849878712939637004156004365318E+16
        5.036000000000000000000000000000   -7.927165889264782654005522130766E+16
        5.037000000000000000000000000000   -8.005230478594853575115172107070E+16
        5.038000000000000000000000000000   -8.084080459294007810103829432084E+16
        5.039000000000000000000000000000   -8.163723893169304510539745104005E+16
        5.040000000000000000000000000000   -8.244168926359161062253272477714E+16
        5.041000000000000000000000000000   -8.325423790231432177041977599450E+16
        5.042000000000000000000000000000   -8.407496802291216857155113015281E+16
        5.043000000000000000000000000000   -8.490396367098500322796014082861E+16
        5.044000000000000000000000000000   -8.574130977195739190163446701382E+16
        5.045000000000000000000000000000   -8.658709214045499398420851800768E+16
        5.046000000000000000000000000000   -8.744139748978257608592153982305E+16
        5.047000000000000000000000000000   -8.830431344150478035892512811212E+16
        5.048000000000000000000000000000   -8.917592853513077929572124774986E+16
        5.049000000000000000000000000000   -9.005633223790396181142828929835E+16
        5.050000000000000000000000000000   -9.094561495469780823034616680760E+16
        5.051000000000000000000000000000   -9.184386803801912475457895080572E+16
        5.052000000000000000000000000000   -9.275118379811982109695137392697E+16
        5.053000000000000000000000000000   -9.366765551321842821381966038197E+16
        5.054000000000000000000000000000   -9.459337743983256647734323893152E+16
        5.055000000000000000000000000000   -9.552844482322358818308776973143E+16
        5.056000000000000000000000000000   -9.647295390795463199922759616575E+16
        5.057000000000000000000000000000   -9.742700194856334082988379169910E+16
        5.058000000000000000000000000000   -9.839068722035050858906974026590E+16
        5.059000000000000000000000000000   -9.936410903028593556513800734329E+16
        5.060000000000000000000000000000   -1.003473677280327864003697261792E+17
        5.061000000000000000000000000000   -1.013405647170917592182819480100E+17
        5.062000000000000000000000000000   -1.023438024660663891042322594639E+17
        5.063000000000000000000000000000   -1.033571845200508239848783501705E+17
        5.064000000000000000000000000000   -1.043808155121414259609302978245E+17
        5.065000000000000000000000000000   -1.054148011750735663273648531289E+17
        5.066000000000000000000000000000   -1.064592483529849978678264945715E+17
        5.067000000000000000000000000000   -1.075142650133072035373151096579E+17
        5.068000000000000000000000000000   -1.085799602587861363514738309101E+17
        5.069000000000000000000000000000   -1.096564443396337811838854336561E+17
        5.070000000000000000000000000000   -1.107438286658119852368283268762E+17
        5.071000000000000000000000000000   -1.118422258194500201980242768312E+17
        5.072000000000000000000000000000   -1.129517495673973555281448218991E+17
        5.073000000000000000000000000000   -1.140725148739131389433718699274E+17
        5.074000000000000000000000000000   -1.152046379134938969662952923807E+17
        5.075000000000000000000000000000   -1.163482360838409854190668881260E+17
        5.076000000000000000000000000000   -1.175034280189693369272320001131E+17
        5.077000000000000000000000000000   -1.186703336024590698932694223165E+17
        5.078000000000000000000000000000   -1.198490739808515409878554079769E+17
        5.079000000000000000000000000000   -1.210397715771914409965235555081E+17
        5.080000000000000000000000000000   -1.222425501047165518520409896566E+17
        5.081000000000000000000000000000   -1.234575345806968008808116887499E+17
        5.082000000000000000000000000000   -1.246848513404242666973267057120E+17
        5.083000000000000000000000000000   -1.259246280513558097965129455129E+17
        5.084000000000000000000000000000   -1.271769937274100197222198637003E+17
        5.085000000000000000000000000000   -1.284420787434201897334882582908E+17
        5.086000000000000000000000000000   -1.297200148497450491511574483863E+17
        5.087000000000000000000000000000   -1.310109351870390030483060080012E+17
        5.088000000000000000000000000000   -1.323149743011836486515358736650E+17
        5.089000000000000000000000000000   -1.336322681583823577487790226126E+17
        5.090000000000000000000000000000   -1.349629541604197345557392662983E+17
        5.091000000000000000000000000000   -1.363071711600877788799189118205E+17
        5.092000000000000000000000000000   -1.376650594767806050410920152910E+17
        5.093000000000000000000000000000   -1.390367609122595878627749724566E+17
        5.094000000000000000000000000000   -1.404224187665908281434453053360E+17
        5.095000000000000000000000000000   -1.418221778542568513517368858072E+17
        5.096000000000000000000000000000   -1.432361845204444748693931813340E+17
        5.097000000000000000000000000000   -1.446645866575108009322210117618E+17
        5.098000000000000000000000000000   -1.461075337216293144955206627423E+17
        5.099000000000000000000000000000   -1.475651767496180875793725968348E+17
        5.100000000000000000000000000000   -1.490376683759521142336691177154E+17
        5.101000000000000000000000000000   -1.505251628499618231058583565080E+17
        5.102000000000000000000000000000   -1.520278160532198376990199537996E+17
        5.103000000000000000000000000000   -1.535457855171180777771542257922E+17
        5.104000000000000000000000000000   -1.550792304406373190115125963610E+17
        5.105000000000000000000000000000   -1.566283117083113518695359916229E+17
        5.106000000000000000000000000000   -1.581931919083879049296456794061E+17
        5.107000000000000000000000000000   -1.597740353511885222639306851292E+17
        5.108000000000000000000000000000   -1.613710080876696092699179052601E+17
        5.109000000000000000000000000000   -1.629842779281868863553537789275E+17
        5.110000000000000000000000000000   -1.646140144614655151895666612401E+17
        5.111000000000000000000000000000   -1.662603890737781878348525049377E+17
        5.112000000000000000000000000000   -1.679235749683334949648080429705E+17
        5.113000000000000000000000000000   -1.696037471848769155670400917781E+17
        5.114000000000000000000000000000   -1.713010826195067970186618321258E+17
        5.115000000000000000000000000000   -1.730157600447077212179426710395E+17
        5.116000000000000000000000000000   -1.747479601296036795579444618167E+17
        5.117000000000000000000000000000   -1.764978654604335069415320861567E+17
        5.118000000000000000000000000000   -1.782656605612510527654115180787E+17
        5.119000000000000000000000000000   -1.800515319148525948474870407096E+17
        5.120000000000000000000000000000   -1.818556679839340306405480441818E+17
        5.121000000000000000000000000000   -1.836782592324804087698453050320E+17
        5.122000000000000000000000000000   -1.855194981473903929562916059876E+17
        5.123000000000000000000000000000   -1.873795792603382797446615625095E+17
        5.124000000000000000000000000000   -1.892586991698762211511554683606E+17
        5.125000000000000000000000000000   -1.911570565637793333809626151361E+17
        5.126000000000000000000000000000   -1.930748522416364031479880558811E+17
        5.127000000000000000000000000000   -1.950122891376889338597173191793E+17
        5.128000000000000000000000000000   -1.969695723439213050143578205982E+17
        5.129000000000000000000000000000   -1.989469091334048495990334498149E+17
        5.130000000000000000000000000000   -2.009445089838986860810884999470E+17
        5.131000000000000000000000000000   -2.029625836017101737536964781847E+17
        5.132000000000000000000000000000   -2.050013469458178927362359728981E+17
        5.133000000000000000000000000000   -2.070610152522600828436076794471E+17
        5.134000000000000000000000000000   -2.091418070587915088311929848968E+17
        5.135000000000000000000000000000   -2.112439432298117531979159245257E+17
        5.136000000000000000000000000000   -2.133676469815679717933398769236E+17
        5.137000000000000000000000000000   -2.155131439076351819304339951195E+17
        5.138000000000000000000000000000   -2.176806620046771875581615570807E+17
        5.139000000000000000000000000000   -2.198704316984912813020068231410E+17
        5.140000000000000000000000000000   -2.220826858703398988406571075438E+17
        5.141000000000000000000000000000   -2.243176598835724371580365946832E+17
        5.142000000000000000000000000000   -2.265755916105404846965481026955E+17
        5.143000000000000000000000000000   -2.288567214598097483445754926038E+17
        5.144000000000000000000000000000   -2.311612924036719995239472264387E+17
        5.145000000000000000000000000000   -2.334895500059603994061333800505E+17
        5.146000000000000000000000000000   -2.358417424501716014844758024321E+17
        5.147000000000000000000000000000   -2.382181205678980683688252760545E+17
        5.148000000000000000000000000000   -2.406189378675740787537319859459E+17
        5.149000000000000000000000000000   -2.430444505635389400470189081766E+17
        5.150000000000000000000000000000   -2.454949176054209621374362180266E+17
        5.151000000000000000000000000000   -2.479706007078457882334853509139E+17
        5.152000000000000000000000000000   -2.504717643804727196258140517269E+17
        5.153000000000000000000000000000   -2.529986759583627126182827770291E+17
        5.154000000000000000000000000000   -2.555516056326817677434171249976E+17
        5.155000000000000000000000000000   -2.581308264817434737320850924944E+17
        5.156000000000000000000000000000   -2.607366145023945115505327948848E+17
        5.157000000000000000000000000000   -2.633692486417469671561058921169E+17
        5.158000000000000000000000000000   -2.660290108292613454618723736098E+17
        5.159000000000000000000000000000   -2.687161860091842223458103805788E+17
        5.160000000000000000000000000000   -2.714310621733445163981668166950E+17
        5.161000000000000000000000000000   -2.741739303943124074770334957768E+17
        5.162000000000000000000000000000   -2.769450848589249750432036751479E+17
        5.163000000000000000000000000000   -2.797448229021826756771113566823E+17
        5.164000000000000000000000000000   -2.825734450415208261493400582367E+17
        5.165000000000000000000000000000   -2.854312550114603059281121209589E+17
        5.166000000000000000000000000000   -2.883185597986417410687040677469E+17
        5.167000000000000000000000000000   -2.912356696772474800473237998521E+17
        5.168000000000000000000000000000   -2.941828982448157212821538481177E+17
        5.169000000000000000000000000000   -2.971605624584512018336113414490E+17
        5.170000000000000000000000000000   -3.001689826714369071010781328208E+17
        5.171000000000000000000000000000   -3.032084826702513122411713482678E+17
        5.172000000000000000000000000000   -3.062793897119957175298935696385E+17
        5.173000000000000000000000000000   -3.093820345622362919846423249219E+17
        5.174000000000000000000000000000   -3.125167515332654922590722425184E+17
        5.175000000000000000000000000000   -3.156838785227875771312751255903E+17
        5.176000000000000000000000000000   -3.188837570530329918308426167894E+17
        5.177000000000000000000000000000   -3.221167323103064510003576647314E+17
        5.178000000000000000000000000000   -3.253831531849736042690656277460E+17
        5.179000000000000000000000000000   -3.286833723118912242383318982456E+17
        5.180000000000000000000000000000   -3.320177461112859131475171810708E+17
        5.181000000000000000000000000000   -3.353866348300863816127002942229E+17
        5.182000000000000000000000000000   -3.387904025837144106169484470348E+17
        5.183000000000000000000000000000   -3.422294173983396663873649318621E+17
        5.184000000000000000000000000000   -3.457040512536035969288153657924E+17
        5.185000000000000000000000000000   -3.492146801258176988050212652145E+17
        5.186000000000000000000000000000   -3.527616840316415032726840896027E+17
        5.187000000000000000000000000000   -3.563454470722456920916303943580E+17
        5.188000000000000000000000000000   -3.599663574779658152619131713502E+17
        5.189000000000000000000000000000   -3.636248076534521455857281329109E+17
        5.190000000000000000000000000000   -3.673211942233212683263686205506E+17
        5.191000000000000000000000000000   -3.710559180783150683468119148904E+17
        5.192000000000000000000000000000   -3.748293844219728419655680393752E+17
        5.193000000000000000000000000000   -3.786420028178223263758981019705E+17
        5.194000000000000000000000000000   -3.824941872370955058452958332106E+17
        5.195000000000000000000000000000   -3.863863561069751210542021588805E+17
        5.196000000000000000000000000000   -3.903189323593778758553744502295E+17
        5.197000000000000000000000000000   -3.942923434802804044473540337000E+17
        5.198000000000000000000000000000   -3.983070215595941314663718872727E+17
        5.199000000000000000000000000000   -4.023634033415952278202185620271E+17
        5.200000000000000000000000000000   -4.064619302759159362246080377546E+17
        5.201000000000000000000000000000   -4.106030485691036123670280345150E+17
        5.202000000000000000000000000000   -4.147872092367539004247480099945E+17
        5.203000000000000000000000000000   -4.190148681562245353124239887033E+17
        5.204000000000000000000000000000   -4.232864861199363385405877781978E+17
        5.205000000000000000000000000000   -4.276025288892680499393477133148E+17
        5.206000000000000000000000000000   -4.319634672490517137520903595212E+17
        5.207000000000000000000000000000   -4.363697770626754147422114351843E+17
        5.208000000000000000000000000000   -4.408219393278002379923972014240E+17
        5.209000000000000000000000000000   -4.453204402326984050213276247792E+17
        5.210000000000000000000000000000   -4.498657712132196187076094529559E+17
        5.211000000000000000000000000000   -4.544584290103927303061290070337E+17
        5.212000000000000000000000000000   -4.590989157286699235788289277642E+17
        5.213000000000000000000000000000   -4.637877388948206937512797291218E+17
        5.214000000000000000000000000000   -4.685254115174829826595882791698E+17
        5.215000000000000000000000000000   -4.733124521473789160805483891091E+17
        5.216000000000000000000000000000   -4.781493849382026748530169932884E+17
        5.217000000000000000000000000000   -4.830367397081881180119543500634E+17
        5.218000000000000000000000000000   -4.879750520023638637801993192797E+17
        5.219000000000000000000000000000   -4.929648631555036229088034328617E+17
        5.220000000000000000000000000000   -4.980067203557796685367055629289E+17
        5.221000000000000000000000000000   -5.031011767091274174669226706484E+17
        5.222000000000000000000000000000   -5.082487913043291895416380796597E+17
        5.223000000000000000000000000000   -5.134501292788253046551119565194E+17
        5.224000000000000000000000000000   -5.187057618852607708838942980151E+17
        5.225000000000000000000000000000   -5.240162665587759122512157485949E+17
        5.226000000000000000000000000000   -5.293822269850493807896467981593E+17
        5.227000000000000000000000000000   -5.348042331691020948362877758019E+17
        5.228000000000000000000000000000   -5.402828815048707439011745202858E+17
        5.229000000000000000000000000000   -5.458187748455596000057110742542E+17
        5.230000000000000000000000000000   -5.514125225747794761073859935713E+17
        5.231000000000000000000000000000   -5.570647406784827741235709991687E+17
        5.232000000000000000000000000000   -5.627760518177036681547831601947E+17
        5.233000000000000000000000000000   -5.685470854021125728005253471966E+17
        5.234000000000000000000000000000   -5.743784776643941519729844581181E+17
        5.235000000000000000000000000000   -5.802708717354582303599144446567E+17
        5.236000000000000000000000000000   -5.862249177204930776825865032676E+17
        5.237000000000000000000000000000   -5.922412727758706451525526091462E+17
        5.238000000000000000000000000000   -5.983206011869134440671192775515E+17
        5.239000000000000000000000000000   -6.044635744465328683130243604972E+17
        5.240000000000000000000000000000   -6.106708713347488756861912529423E+17
        5.241000000000000000000000000000   -6.169431779991010573981268302858E+17
        5.242000000000000000000000000000   -6.232811880359612409422430640344E+17
        5.243000000000000000000000000000   -6.296856025727578886520176875837E+17
        5.244000000000000000000000000000   -6.361571303511226728135577564481E+17
        5.245000000000000000000000000000   -6.426964878109697281140761653760E+17
        5.246000000000000000000000000000   -6.493043991755182035315156529515E+17
        5.247000000000000000000000000000   -6.559815965372688585157362368265E+17
        5.248000000000000000000000000000   -6.627288199449455724951996772809E+17
        5.249000000000000000000000000000   -6.695468174914127623820208073893E+17
        5.250000000000000000000000000000   -6.764363454025798298598982583087E+17
        5.251000000000000000000000000000   -6.833981681273038888412821350337E+17
        5.252000000000000000000000000000   -6.904330584283021535898900061835E+17
        5.253000000000000000000000000000   -6.975417974740854996402647294976E+17
        5.254000000000000000000000000000   -7.047251749319248428256134323952E+17
        5.255000000000000000000000000000   -7.119839890618621164670300445397E+17
        5.256000000000000000000000000000   -7.193190468117777630999587898348E+17
        5.257000000000000000000000000000   -7.267311639135267950362013490827E+17
        5.258000000000000000000000000000   -7.342211649801556176009307975585E+17
        5.259000000000000000000000000000   -7.417898836042119500633048971296E+17
        5.260000000000000000000000000000   -7.494381624571603221158558664295E+17
        5.261000000000000000000000000000   -7.571668533899157682715941745045E+17
        5.262000000000000000000000000000   -7.649768175345084887586587014794E+17
        5.263000000000000000000000000000   -7.728689254068923934205738716266E+17
        5.264000000000000000000000000000   -7.808440570109105947961787031019E+17
        5.265000000000000000000000000000   -7.889031019434310679777622464419E+17
        5.266000000000000000000000000000   -7.970469595006658480498132206993E+17
        5.267000000000000000000000000000   -8.052765387856872909152599766145E+17
        5.268000000000000000000000000000   -8.135927588171550801425870343767E+17
        5.269000000000000000000000000000   -8.219965486392678211374719347925E+17
        5.270000000000000000000000000000   -8.304888474329532244785585051814E+17
        5.271000000000000000000000000000   -8.390706046283110426809024959584E+17
        5.272000000000000000000000000000   -8.477427800183230889849938740568E+17
        5.273000000000000000000000000000   -8.565063438738448330368494907871E+17
        5.274000000000000000000000000000   -8.653622770598932365485279627570E+17
        5.275000000000000000000000000000   -8.743115711532456622318713274890E+17
        5.276000000000000000000000000000   -8.833552285613648615049329998409E+17
        5.277000000000000000000000000000   -8.924942626426652207043015729473E+17
        5.278000000000000000000000000000   -9.017296978281356218215565497952E+17
        5.279000000000000000000000000000   -9.110625697443344521428688212792E+17
        5.280000000000000000000000000000   -9.204939253377724776320550517399E+17
        5.281000000000000000000000000000   -9.300248230006994774842799061233E+17
        5.282000000000000000000000000000   -9.396563326983107220154451147140E+17
        5.283000000000000000000000000000   -9.493895360973895629667883398743E+17
        5.284000000000000000000000000000   -9.592255266964025944213268146322E+17
        5.285000000000000000000000000000   -9.691654099570640338748242094340E+17
        5.286000000000000000000000000000   -9.792103034373861666055557575467E+17
        5.287000000000000000000000000000   -9.893613369262328923712399969689E+17
        5.288000000000000000000000000000   -9.996196525793936116553652362802E+17
        5.289000000000000000000000000000   -1.009986405057194889216364689681E+18
        5.290000000000000000000000000000   -1.020462761663667535589619858664E+18
        5.291000000000000000000000000000   -1.031049902487286952482369003725E+18
        5.292000000000000000000000000000   -1.041749020543304795713880565811E+18
        5.293000000000000000000000000000   -1.052561321917690219516680752981E+18
        5.294000000000000000000000000000   -1.063488025912699178658511511986E+18
        5.295000000000000000000000000000   -1.074530365194090479998706086131E+18
        5.296000000000000000000000000000   -1.085689585940007492786830022250E+18
        5.297000000000000000000000000000   -1.096966947991544647276135314036E+18
        5.298000000000000000000000000000   -1.108363725005018074090372082447E+18
        5.299000000000000000000000000000   -1.119881204605959962280926283219E+18
        5.300000000000000000000000000000   -1.131520688544856442173611217224E+18
        5.301000000000000000000000000000   -1.143283492854649029962624887059E+18
        5.302000000000000000000000000000   -1.155170948010019904595470930410E+18
        5.303000000000000000000000000000   -1.167184399088481523839695803855E+18
        5.304000000000000000000000000000   -1.179325205933291325563183129858E+18
        5.305000000000000000000000000000   -1.191594743318212502227932763235E+18
        5.306000000000000000000000000000   -1.203994401114142081426608283626E+18
        5.307000000000000000000000000000   -1.216525584457627793015944359807E+18
        5.308000000000000000000000000000   -1.229189713921295454056062871050E+18
        5.309000000000000000000000000000   -1.241988225686208856384973060915E+18
        5.310000000000000000000000000000   -1.254922571716184398278571905067E+18
        5.311000000000000000000000000000   -1.267994219934082961304293415850E+18
        5.312000000000000000000000000000   -1.281204654400101796207593758910E+18
        5.313000000000000000000000000000   -1.294555375492089447511559025927E+18
        5.314000000000000000000000000000   -1.308047900087907015498388161941E+18
        5.315000000000000000000000000000   -1.321683761749859326415091925278E+18
        5.316000000000000000000000000000   -1.335464510911219857142675644638E+18
        5.317000000000000000000000000000   -1.349391715064873539227019098950E+18
        5.318000000000000000000000000000   -1.363466958954101849129781346530E+18
        5.319000000000000000000000000000   -1.377691844765534876858567918105E+18
        5.320000000000000000000000000000   -1.392067992324295353817410348542E+18
        5.321000000000000000000000000000   -1.406597039291359912821919106088E+18
        5.322000000000000000000000000000   -1.421280641363163148789369806299E+18
        5.323000000000000000000000000000   -1.436120472473470347684058137845E+18
        5.324000000000000000000000000000   -1.451118224997545053914606045783E+18
        5.325000000000000000000000000000   -1.466275609958637952585127410831E+18
        5.326000000000000000000000000000   -1.481594357236823852839391163635E+18
        5.327000000000000000000000000000   -1.497076215780213872050003736484E+18
        5.328000000000000000000000000000   -1.512722953818570237837352525453E+18
        5.329000000000000000000000000000   -1.528536359079351445900326991849E+18
        5.330000000000000000000000000000   -1.544518239006215836447928013926E+18
        5.331000000000000000000000000000   -1.560670420980011980683604121535E+18
        5.332000000000000000000000000000   -1.576994752542284601358888288106E+18
        5.333000000000000000000000000000   -1.593493101621325087926588842278E+18
        5.334000000000000000000000000000   -1.610167356760796007333922432288E+18
        5.335000000000000000000000000000   -1.627019427350959356050654328620E+18
        5.336000000000000000000000000000   -1.644051243862538647575206184923E+18
        5.337000000000000000000000000000   -1.661264758083245282452071424594E+18
        5.338000000000000000000000000000   -1.678661943357000004816611960955E+18
        5.339000000000000000000000000000   -1.696244794825880610708873232343E+18
        5.340000000000000000000000000000   -1.714015329674827438917539242003E+18
        5.341000000000000000000000000000   -1.731975587379138544980270197589E+18
        5.342000000000000000000000000000   -1.750127629954786833229767957978E+18
        5.343000000000000000000000000000   -1.768473542211591800488982865287E+18
        5.344000000000000000000000000000   -1.787015432009278928237540139579E+18
        5.345000000000000000000000000000   -1.805755430516460147849009720394E+18
        5.346000000000000000000000000000   -1.824695692472569195890017619827E+18
        5.347000000000000000000000000000   -1.843838396452786073533017545851E+18
        5.348000000000000000000000000000   -1.863185745135985225921105761016E+18
        5.349000000000000000000000000000   -1.882739965575742463892554208563E+18
        5.350000000000000000000000000000   -1.902503309474436061882437057676E+18
        5.351000000000000000000000000000   -1.922478053460477882127218629418E+18
        5.352000000000000000000000000000   -1.942666499368710796564553956046E+18
        5.353000000000000000000000000000   -1.963070974524009104104646761506E+18
        5.354000000000000000000000000000   -1.983693832028119072311864091878E+18
        5.355000000000000000000000000000   -2.004537451049777169037212772212E+18
        5.356000000000000000000000000000   -2.025604237118143991245780013016E+18
        5.357000000000000000000000000000   -2.046896622419592345251126887108E+18
        5.358000000000000000000000000000   -2.068417066097888384864464839239E+18
        5.359000000000000000000000000000   -2.090168054557805171654584913425E+18
        5.360000000000000000000000000000   -2.112152101772208484660076885800E+18
        5.361000000000000000000000000000   -2.134371749592655175564297476094E+18
        5.362000000000000000000000000000   -2.156829568063544839602556246115E+18
        5.363000000000000000000000000000   -2.179528155739866052387634096901E+18
        5.364000000000000000000000000000   -2.202470140008578908482408427500E+18
        5.365000000000000000000000000000   -2.225658177413676088986243796473E+18
        5.366000000000000000000000000000   -2.249094953984965182704977276390E+18
        5.367000000000000000000000000000   -2.272783185570615488713701216303E+18
        5.368000000000000000000000000000   -2.296725618173513037368908720272E+18
        5.369000000000000000000000000000   -2.320925028291468082154583752766E+18
        5.370000000000000000000000000000   -2.345384223261319836229043279267E+18
        5.371000000000000000000000000000   -2.370106041606983755250229104293E+18
        5.372000000000000000000000000000   -2.395093353391487202072070087047E+18
        5.373000000000000000000000000000   -2.420349060573039869299782662244E+18
        5.374000000000000000000000000000   -2.445876097365185882544775445103E+18
        5.375000000000000000000000000000   -2.471677430601085060608345035623E+18
        5.376000000000000000000000000000   -2.497756060101971368826726086310E+18
        5.377000000000000000000000000000   -2.524115019049837168508390524433E+18
        5.378000000000000000000000000000   -2.550757374364392438868861964424E+18
        5.379000000000000000000000000000   -2.577686227084348728200799612774E+18
        5.380000000000000000000000000000   -2.604904712753078178290795868091E+18
        5.381000000000000000000000000000   -2.632416001808698560393327068845E+18
        5.382000000000000000000000000000   -2.660223299978635862481733016082E+18
        5.383000000000000000000000000000   -2.688329848678716576102158245502E+18
        5.384000000000000000000000000000   -2.716738925416842447046304437804E+18
        5.385000000000000000000000000000   -2.745453844201301077320927517217E+18
        5.386000000000000000000000000000   -2.774477955953766396615657662249E+18
        5.387000000000000000000000000000   -2.803814648927043659746415963263E+18
        5.388000000000000000000000000000   -2.833467349127614272471049327950E+18
        5.389000000000000000000000000000   -2.863439520743036401729531984359E+18
        5.390000000000000000000000000000   -2.893734666574257987847053078832E+18
        5.391000000000000000000000000000   -2.924356328472899445649544081171E+18
        5.392000000000000000000000000000   -2.955308087783564018873883149093E+18
        5.393000000000000000000000000000   -2.986593565791234437806514433797E+18
        5.394000000000000000000000000000   -3.018216424173815223853103402888E+18
        5.395000000000000000000000000000   -3.050180365459880686827891085873E+18
        5.396000000000000000000000000000   -3.082489133491689371255613850095E+18
        5.397000000000000000000000000000   -3.115146513893526427003465962578E+18
        5.398000000000000000000000000000   -3.148156334545436107209102245224E+18
        5.399000000000000000000000000000   -3.181522466062407332847883084258E+18
        5.400000000000000000000000000000   -3.215248822279076008494518292006E+18
        5.401000000000000000000000000000   -3.249339360740008527988339154090E+18
        5.402000000000000000000000000000   -3.283798083195631671916309922528E+18
        5.403000000000000000000000000000   -3.318629036103874871193609163782E+18
        5.404000000000000000000000000000   -3.353836311137591592659550164253E+18
        5.405000000000000000000000000000   -3.389424045697827393629521623360E+18
        5.406000000000000000000000000000   -3.425396423433002992865656964878E+18
        5.407000000000000000000000000000   -3.461757674764081515565630156717E+18
        5.408000000000000000000000000000   -3.498512077415789889837298398931E+18
        5.409000000000000000000000000000   -3.535663956953965201845278672468E+18
        5.410000000000000000000000000000   -3.573217687329097656503825953736E+18
        5.411000000000000000000000000000   -3.611177691426142640369922860559E+18
        5.412000000000000000000000000000   -3.649548441620675243384135940150E+18
        5.413000000000000000000000000000   -3.688334460341461466438899094207E+18
        5.414000000000000000000000000000   -3.727540320639521222550339018109E+18
        5.415000000000000000000000000000   -3.767170646763759130798002294511E+18
        5.416000000000000000000000000000   -3.807230114743240004305891601441E+18
        5.417000000000000000000000000000   -3.847723452976186846498673045866E+18
        5.418000000000000000000000000000   -3.888655442825780093810992446479E+18
        5.419000000000000000000000000000   -3.930030919222837778089380958426E+18
        5.420000000000000000000000000000   -3.971854771275457228240736576611E+18
        5.421000000000000000000000000000   -4.014131942885699888386006534566E+18
        5.422000000000000000000000000000   -4.056867433373401799011328015702E+18
        5.423000000000000000000000000000   -4.100066298107193268512086459805E+18
        5.424000000000000000000000000000   -4.143733649142812255240433000367E+18
        5.425000000000000000000000000000   -4.187874655868796984837833181485E+18
        5.426000000000000000000000000000   -4.232494545659644344407045058282E+18
        5.427000000000000000000000000000   -4.277598604536521624100194303018E+18
        5.428000000000000000000000000000   -4.323192177835620218120798992926E+18
        5.429000000000000000000000000000   -4.369280670884240951109015867675E+18
        5.430000000000000000000000000000   -4.415869549684701762554221170914E+18
        5.431000000000000000000000000000   -4.462964341606159561412383901162E+18
        5.432000000000000000000000000000   -4.510570636084439155654535247189E+18
        5.433000000000000000000000000000   -4.558694085329963267195923685452E+18
        5.434000000000000000000000000000   -4.607340405043878761714074119864E+18
        5.435000000000000000000000000000   -4.656515375142475355420834512684E+18
        5.436000000000000000000000000000   -4.706224840489994207073502067055E+18
        5.437000000000000000000000000000   -4.756474711639924963560220175843E+18
        5.438000000000000000000000000000   -4.807270965584891001444039196982E+18
        5.439000000000000000000000000000   -4.858619646515223795069441803718E+18
        5.440000000000000000000000000000   -4.910526866586328544397967521372E+18
        5.441000000000000000000000000000   -4.962998806694944412821195124713E+18
        5.442000000000000000000000000000   -5.016041717264403956977290394694E+18
        5.443000000000000000000000000000   -5.069661919038997577251332608221E+18
        5.444000000000000000000000000000   -5.123865803887550079351653604198E+18
        5.445000000000000000000000000000   -5.178659835616317714308669014167E+18
        5.446000000000000000000000000000   -5.234050550791315356625644316971E+18
        5.447000000000000000000000000000   -5.290044559570184788311320785580E+18
        5.448000000000000000000000000000   -5.346648546543716380333469066605E+18
        5.449000000000000000000000000000   -5.403869271587137802843750230942E+18
        5.450000000000000000000000000000   -5.461713570721284751533652746993E+18
        5.451000000000000000000000000000   -5.520188356983770049887074043243E+18
        5.452000000000000000000000000000   -5.579300621310268876098120679466E+18
        5.453000000000000000000000000000   -5.639057433426039269226194455400E+18
        5.454000000000000000000000000000   -5.699465942747798491970216385096E+18
        5.455000000000000000000000000000   -5.760533379296077267468271824646E+18
        5.456000000000000000000000000000   -5.822267054618175364978977794169E+18
        5.457000000000000000000000000000   -5.884674362721843484390033910977E+18
        5.458000000000000000000000000000   -5.947762781019817882443927018605E+18
        5.459000000000000000000000000000   -6.011539871285335694589504925657E+18
        5.460000000000000000000000000000   -6.076013280618760435682721412899E+18
        5.461000000000000000000000000000   -6.141190742425448710594638076401E+18
        5.462000000000000000000000000000   -6.207080077404990732366888937985E+18
        5.463000000000000000000000000000   -6.273689194551958831114231384984E+18
        5.464000000000000000000000000000   -6.341026092168299741643337663320E+18
        5.465000000000000000000000000000   -6.409098858887508081972331935185E+18
        5.466000000000000000000000000000   -6.477915674710720078835383582159E+18
        5.467000000000000000000000000000   -6.547484812054868260082527203306E+18
        5.468000000000000000000000000000   -6.617814636813039517881394565431E+18
        5.469000000000000000000000000000   -6.688913609427180651042354009969E+18
        5.470000000000000000000000000000   -6.760790285973297219872376586506E+18
        5.471000000000000000000000000000   -6.833453319259293292969619927070E+18
        5.472000000000000000000000000000   -6.906911459935601432557230635604E+18
        5.473000000000000000000000000000   -6.981173557618754053581399052892E+18
        5.474000000000000000000000000000   -7.056248562028049102128677449170E+18
        5.475000000000000000000000000000   -7.132145524135464831017690957634E+18
        5.476000000000000000000000000000   -7.208873597328980304960644266254E+18
        5.477000000000000000000000000000   -7.286442038589460144743829772395E+18
        5.478000000000000000000000000000   -7.364860209681263919720449565212E+18
        5.479000000000000000000000000000   -7.444137578356742520823693500063E+18
        5.480000000000000000000000000000   -7.524283719574785792576875676557E+18
        5.481000000000000000000000000000   -7.605308316733587672487760302614E+18
        5.482000000000000000000000000000   -7.687221162917797080056819742717E+18
        5.483000000000000000000000000000   -7.770032162160224815698498125956E+18
        5.484000000000000000000000000000   -7.853751330718278772468705560932E+18
        5.485000000000000000000000000000   -7.938388798365301830912556022059E+18
        5.486000000000000000000000000000   -8.023954809696988899899361298474E+18
        5.487000000000000000000000000000   -8.110459725453061684306486095285E+18
        5.488000000000000000000000000000   -8.197914023854381904163092602293E+18
        5.489000000000000000000000000000   -8.286328301955685859686197449060E+18
        5.490000000000000000000000000000   -8.375713277014125432855923719615E+18
        5.491000000000000000000000000000   -8.466079787873802839109452150404E+18
        5.492000000000000000000000000000   -8.557438796366488692713108587300E+18
        5.493000000000000000000000000000   -8.649801388728715226732523430490E+18
        5.494000000000000000000000000000   -8.743178777035438813599273525979E+18
        5.495000000000000000000000000000   -8.837582300650468265410486767966E+18
        5.496000000000000000000000000000   -8.933023427693857754641435293369E+18
        5.497000000000000000000000000000   -9.029513756526465586250360843798E+18
        5.498000000000000000000000000000   -9.127065017251882471564231916004E+18
        5.499000000000000000000000000000   -9.225689073235935403212818177916E+18
        5.500000000000000000000000000000   -9.325397922643975709089855815840E+18
        5.501000000000000000000000000000   -9.426203699996162372232178178161E+18
