       -5.500000000000000000000000000000    0.000000000000000000000000000000E+00
       -5.499000072479248046875000000000    1.000000011686097423080354928970E-07
       -5.498000144958496093750000000000    2.000117547140689566731452941895E-07
       -5.497000217437744140625000000000    3.000470201186544727534055709839E-07
       -5.496000289916992187500000000000    4.001174715995148289948701858521E-07
       -5.495000362396240234375000000000    5.002348757443542126566171646118E-07
       -5.494000434875488281250000000000    6.004109422974579501897096633911E-07
       -5.493000507354736328125000000000    7.006574946899490896612405776978E-07
       -5.492000579833984375000000000000    8.009862426661129575222730636597E-07
       -5.491000652313232421875000000000    9.014088959702348802238702774048E-07
       -5.490000724792480468750000000000    1.001937107503181323409080505371E-06
       -5.489000797271728515625000000000    1.102582700696075335144996643066E-06
       -5.488000869750976562500000000000    1.203357442136621102690696716309E-06
       -5.487000942230224609375000000000    1.304273155255941674113273620605E-06
       -5.486001014709472656250000000000    1.405341663485160097479820251465E-06
       -5.485001087188720703125000000000    1.506574335508048534393310546875E-06
       -5.484001159667968750000000000000    1.607982994755730032920837402344E-06
       -5.483001232147216796875000000000    1.709579464659327641129493713379E-06
       -5.482001304626464843750000000000    1.811375568649964407086372375488E-06
       -5.481001377105712890625000000000    1.913383357532438822090625762939E-06
       -5.480001449584960937500000000000    2.015614427364198490977287292480E-06
       -5.479001522064208984375000000000    2.118080601576366461813449859619E-06
       -5.478001594543457031250000000000    2.220793703600065782666206359863E-06
       -5.477001667022705078125000000000    2.323765556866419501602649688721E-06
       -5.476001739501953125000000000000    2.427008439553901553153991699219E-06
       -5.475001811981201171875000000000    2.530534175093634985387325286865E-06
       -5.474001884460449218750000000000    2.634354132169391959905624389648E-06
       -5.473001956939697265625000000000    2.738480588959646411240100860596E-06
       -5.472002029418945312500000000000    2.842925823642872273921966552734E-06
       -5.471002101898193359375000000000    2.947701659650192596018314361572E-06
       -5.470002174377441406250000000000    3.052820375160081312060356140137E-06
       -5.469002246856689453125000000000    3.158293338856310583651065826416E-06
       -5.468002319335937500000000000000    3.264132828917354345321655273438E-06
       -5.467002391815185546875000000000    3.370351123521686531603336334229E-06
       -5.466002464294433593750000000000    3.476960955595131963491439819336E-06
       -5.465002536773681640625000000000    3.583974603316164575517177581787E-06
       -5.464002609252929687500000000000    3.691404344863258302211761474609E-06
       -5.463002681732177734375000000000    3.799262003667536191642284393311E-06
       -5.462002754211425781250000000000    3.907559857907472178339958190918E-06
       -5.461002826690673828125000000000    4.016310413135215640068054199219E-06
       -5.460002899169921875000000000000    4.125526629650266841053962707520E-06
       -5.459002971649169921875000000000    4.235221240378450602293014526367E-06
       -5.458003044128417968750000000000    4.345405159256188198924064636230E-06
       -5.457003116607666015625000000000    4.456091119209304451942443847656E-06
       -5.456003189086914062500000000000    4.567292762658325955271720886230E-06
       -5.455003261566162109375000000000    4.679022822529077529907226562500E-06
       -5.454003334045410156250000000000    4.791294031747383996844291687012E-06
       -5.453003406524658203125000000000    4.904119123239070177078247070312E-06
       -5.452003479003906250000000000000    5.017509920435259118676185607910E-06
       -5.451003551483154296875000000000    5.131480065756477415561676025391E-06
       -5.450003623962402343750000000000    5.246042292128549888730049133301E-06
       -5.449003696441650390625000000000    5.361210241972003132104873657227E-06
       -5.448003768920898437500000000000    5.476996648212661966681480407715E-06
       -5.447003841400146484375000000000    5.593413334281649440526962280273E-06
       -5.446003913879394531250000000000    5.710473942599492147564888000488E-06
       -5.445003986358642578125000000000    5.828192115586716681718826293945E-06
       -5.444004058837890625000000000000    5.946581495663849636912345886230E-06
       -5.443004131317138671875000000000    6.065655725251417607069015502930E-06
       -5.442004203796386718750000000000    6.185428446769947186112403869629E-06
       -5.441004276275634765625000000000    6.305912393145263195037841796875E-06
       -5.440004348754882812500000000000    6.427121206797892227768898010254E-06
       -5.439004421234130859375000000000    6.549068530148360878229141235352E-06
       -5.438004493713378906250000000000    6.671768005617195740342140197754E-06
       -5.437004566192626953125000000000    6.795234185119625180959701538086E-06
       -5.436004638671875000000000000000    6.919479801581474021077156066895E-06
       -5.435004711151123046875000000000    7.044518497423268854618072509766E-06
       -5.434004783630371093750000000000    7.170364824560238048434257507324E-06
       -5.433004856109619140625000000000    7.297033334907609969377517700195E-06
       -5.432004928588867187500000000000    7.424538580380612984299659729004E-06
       -5.431005001068115234375000000000    7.552895112894475460052490234375E-06
       -5.430005073547363281250000000000    7.682116120122373104095458984375E-06
       -5.429005146026611328125000000000    7.812215699232183396816253662109E-06
       -5.428005218505859375000000000000    7.943210221128538250923156738281E-06
       -5.427005290985107421875000000000    8.075114237726666033267974853516E-06
       -5.426005363464355468750000000000    8.207942300941795110702514648438E-06
       -5.425005435943603515625000000000    8.341707143699750304222106933594E-06
       -5.424005508422851562500000000000    8.476425136905163526535034179688E-06
       -5.423005580902099609375000000000    8.612110832473263144493103027344E-06
       -5.422005653381347656250000000000    8.748780601308681070804595947266E-06
       -5.421005725860595703125000000000    8.886448995326645672321319580078E-06
       -5.420005798339843750000000000000    9.025132385431788861751556396484E-06
       -5.419005870819091796875000000000    9.164843504549935460090637207031E-06
       -5.418005943298339843750000000000    9.305598723585717380046844482422E-06
       -5.417006015777587890625000000000    9.447414413443766534328460693359E-06
       -5.416006088256835937500000000000    9.590306945028714835643768310547E-06
       -5.415006160736083984375000000000    9.734292689245194196701049804688E-06
       -5.414006233215332031250000000000    9.879386198008432984352111816406E-06
       -5.413006305694580078125000000000    1.002560384222306311130523681641E-05
       -5.412006378173828125000000000000    1.017296199279371649026870727539E-05
       -5.411006450653076171875000000000    1.032147702062502503395080566406E-05
       -5.410006523132324218750000000000    1.047116529662162065505981445312E-05
       -5.409006595611572265625000000000    1.062204501067753881216049194336E-05
       -5.408006668090820312500000000000    1.077413071470800787210464477539E-05
       -5.407006740570068359375000000000    1.092743877961765974760055541992E-05
       -5.406006813049316406250000000000    1.108198739530052989721298217773E-05
       -5.405006885528564453125000000000    1.123779293266125023365020751953E-05
       -5.404006958007812500000000000000    1.139487358159385621547698974609E-05
       -5.403007030487060546875000000000    1.155324389401357620954513549805E-05
       -5.402007102966308593750000000000    1.171292205981444567441940307617E-05
       -5.401007175445556640625000000000    1.187392626889050006866455078125E-05
       -5.400007247924804687500000000000    1.203627471113577485084533691406E-05
       -5.399007320404052734375000000000    1.219998557644430547952651977539E-05
       -5.398007392883300781250000000000    1.236507887369953095912933349609E-05
       -5.397007465362548828125000000000    1.253156915481667965650558471680E-05
       -5.396007537841796875000000000000    1.269947642867919057607650756836E-05
       -5.395007610321044921875000000000    1.286881888518109917640686035156E-05
       -5.394007682800292968750000000000    1.303961653320584446191787719727E-05
       -5.393007755279541015625000000000    1.321188756264746189117431640625E-05
       -5.392007827758789062500000000000    1.338564834441058337688446044922E-05
       -5.391007900238037109375000000000    1.356091888737864792346954345703E-05
       -5.390007972717285156250000000000    1.373771920043509453535079956055E-05
       -5.389008045196533203125000000000    1.391606929246336221694946289062E-05
       -5.388008117675781250000000000000    1.409598917234688997268676757812E-05
       -5.387008190155029296875000000000    1.427749884896911680698394775391E-05
       -5.386008262634277343750000000000    1.446061469323467463254928588867E-05
       -5.385008335113525390625000000000    1.464535853301640599966049194336E-05
       -5.384008407592773437500000000000    1.483175037719774991273880004883E-05
       -5.383008480072021484375000000000    1.501981205365154892206192016602E-05
       -5.382008552551269531250000000000    1.520956357126124203205108642578E-05
       -5.381008625030517578125000000000    1.540102311992086470127105712891E-05
       -5.380008697509765625000000000000    1.559421070851385593414306640625E-05
       -5.379008769989013671875000000000    1.578914816491305828094482421875E-05
       -5.378008842468261718750000000000    1.598585731699131429195404052734E-05
       -5.377008914947509765625000000000    1.618435999262146651744842529297E-05
       -5.376008987426757812500000000000    1.638468165765516459941864013672E-05
       -5.375009059906005859375000000000    1.658684050198644399642944335938E-05
       -5.374009132385253906250000000000    1.679085835348814725875854492188E-05
       -5.373009204864501953125000000000    1.699675704003311693668365478516E-05
       -5.372009277343750000000000000000    1.720456202747300267219543457031E-05
       -5.371009349822998046875000000000    1.741429514368064701557159423828E-05
       -5.370009422302246093750000000000    1.762597457855008542537689208984E-05
       -5.369009494781494140625000000000    1.783962579793296754360198974609E-05
       -5.368009567260742187500000000000    1.805527062970213592052459716797E-05
       -5.367009639739990234375000000000    1.827293453970924019813537597656E-05
       -5.366009712219238281250000000000    1.849264299380593001842498779297E-05
       -5.365009784698486328125000000000    1.871441781986504793167114257812E-05
       -5.364009857177734375000000000000    1.893828084575943648815155029297E-05
       -5.363009929656982421875000000000    1.916425753734074532985687255859E-05
       -5.362010002136230468750000000000    1.939237336046062409877777099609E-05
       -5.361010074615478515625000000000    1.962265378097072243690490722656E-05
       -5.360010147094726562500000000000    1.985512426472268998622894287109E-05
       -5.359010219573974609375000000000    2.008980663958936929702758789062E-05
       -5.358010292053222656250000000000    2.032672637142241001129150390625E-05
       -5.357010364532470703125000000000    2.056590892607346177101135253906E-05
       -5.356010437011718750000000000000    2.080737976939417421817779541016E-05
       -5.355010509490966796875000000000    2.105116800521500408649444580078E-05
       -5.354010581970214843750000000000    2.129729909938760101795196533203E-05
       -5.353010654449462890625000000000    2.154579487978480756282806396484E-05
       -5.352010726928710937500000000000    2.179668445023708045482635498047E-05
       -5.351010799407958984375000000000    2.204999691457487642765045166016E-05
       -5.350010871887207031250000000000    2.230575773864984512329101562500E-05
       -5.349010944366455078125000000000    2.256399602629244327545166015625E-05
       -5.348011016845703125000000000000    2.282474088133312761783599853516E-05
       -5.347011089324951171875000000000    2.308801776962354779243469238281E-05
       -5.346011161804199218750000000000    2.335385579499416053295135498047E-05
       -5.345011234283447265625000000000    2.362228406127542257308959960938E-05
       -5.344011306762695312500000000000    2.389333167229779064655303955078E-05
       -5.343011379241943359375000000000    2.416702773189172148704528808594E-05
       -5.342011451721191406250000000000    2.444339770590886473655700683594E-05
       -5.341011524200439453125000000000    2.472247069817967712879180908203E-05
       -5.340011596679687500000000000000    2.500427945051342248916625976562E-05
       -5.339011669158935546875000000000    2.528885306674055755138397216797E-05
       -5.338011741638183593750000000000    2.557622428867034614086151123047E-05
       -5.337011814117431640625000000000    2.586642585811205208301544189453E-05
       -5.336011886596679687500000000000    2.615948324091732501983642578125E-05
       -5.335011959075927734375000000000    2.645542917889542877674102783203E-05
       -5.334012031555175781250000000000    2.675429641385562717914581298828E-05
       -5.333012104034423828125000000000    2.705611768760718405246734619141E-05
       -5.332012176513671875000000000000    2.736092574195936322212219238281E-05
       -5.331012248992919921875000000000    2.766874604276381433010101318359E-05
       -5.330012321472167968750000000000    2.797961496980860829353332519531E-05
       -5.329012393951416015625000000000    2.829356526490300893783569335938E-05
       -5.328012466430664062500000000000    2.861063330783508718013763427734E-05
       -5.327012538909912109375000000000    2.893085184041410684585571289062E-05
       -5.326012611389160156250000000000    2.925425724242813885211944580078E-05
       -5.325012683868408203125000000000    2.958087861770763993263244628906E-05
       -5.324012756347656250000000000000    2.991075234604068100452423095703E-05
       -5.323012828826904296875000000000    3.024391480721533298492431640625E-05
       -5.322012901306152343750000000000    3.058040238101966679096221923828E-05
       -5.321012973785400390625000000000    3.092025144724175333976745605469E-05
       -5.320013046264648437500000000000    3.126349838566966354846954345703E-05
       -5.319013118743896484375000000000    3.161017230013385415077209472656E-05
       -5.318013191223144531250000000000    3.196030957042239606380462646484E-05
       -5.317013263702392578125000000000    3.231395385228097438812255859375E-05
       -5.316013336181640625000000000000    3.267114152549766004085540771484E-05
       -5.315013408660888671875000000000    3.303190896986052393913269042969E-05
       -5.314013481140136718750000000000    3.339629256515763700008392333984E-05
       -5.313013553619384765625000000000    3.376432869117707014083862304688E-05
       -5.312013626098632812500000000000    3.413606100366450846195220947266E-05
       -5.311013698577880859375000000000    3.451152588240802288055419921875E-05
       -5.310013771057128906250000000000    3.489076698315329849720001220703E-05
       -5.309013843536376953125000000000    3.527382796164602041244506835938E-05
       -5.308013916015625000000000000000    3.566073792171664535999298095703E-05
       -5.307013988494873046875000000000    3.605154051911085844039916992188E-05
       -5.306014060974121093750000000000    3.644627940957434475421905517578E-05
       -5.305014133453369140625000000000    3.684499824885278940200805664062E-05
       -5.304014205932617187500000000000    3.724774069269187748432159423828E-05
       -5.303014278411865234375000000000    3.765454312087967991828918457031E-05
       -5.302014350891113281250000000000    3.806544918916188180446624755859E-05
       -5.301014423370361328125000000000    3.848050255328416824340820312500E-05
       -5.300014495849609375000000000000    3.889974686899222433567047119141E-05
       -5.299014568328857421875000000000    3.932323306798934936523437500000E-05
       -5.298014640808105468750000000000    3.975100480602122843265533447266E-05
       -5.297014713287353515625000000000    4.018309846287593245506286621094E-05
       -5.296014785766601562500000000000    4.061955769429914653301239013672E-05
       -5.295014858245849609375000000000    4.106043343199416995048522949219E-05
       -5.294014930725097656250000000000    4.150577660766430199146270751953E-05
       -5.293015003204345703125000000000    4.195563087705522775650024414062E-05
       -5.292015075683593750000000000000    4.241004717187024652957916259766E-05
       -5.291015148162841796875000000000    4.286906187189742922782897949219E-05
       -5.290015220642089843750000000000    4.333272590884007513523101806641E-05
       -5.289015293121337890625000000000    4.380109021440148353576660156250E-05
       -5.288015365600585937500000000000    4.427420572028495371341705322266E-05
       -5.287015438079833984375000000000    4.475212335819378495216369628906E-05
       -5.286015510559082031250000000000    4.523488678387366235256195068359E-05
       -5.285015583038330078125000000000    4.572254692902788519859313964844E-05
       -5.284015655517578125000000000000    4.621515472535975277423858642578E-05
       -5.283015727996826171875000000000    4.671276838053017854690551757812E-05
       -5.282015800476074218750000000000    4.721543882624246180057525634766E-05
       -5.281015872955322265625000000000    4.772321699419990181922912597656E-05
       -5.280015945434570312500000000000    4.823614654014818370342254638672E-05
       -5.279016017913818359375000000000    4.875428567174822092056274414062E-05
       -5.278016090393066406250000000000    4.927769259666092693805694580078E-05
       -5.277016162872314453125000000000    4.980641824658960103988647460938E-05
       -5.276016235351562500000000000000    5.034052082919515669345855712891E-05
       -5.275016307830810546875000000000    5.088005855213850736618041992188E-05
       -5.274016380310058593750000000000    5.142508234712295234203338623047E-05
       -5.273016452789306640625000000000    5.197565042180940508842468261719E-05
       -5.272016525268554687500000000000    5.253182098385877907276153564453E-05
       -5.271016597747802734375000000000    5.309365224093198776245117187500E-05
       -5.270016670227050781250000000000    5.366120240068994462490081787109E-05
       -5.269016742706298828125000000000    5.423452239483594894409179687500E-05
       -5.268016815185546875000000000000    5.481367043103091418743133544922E-05
       -5.267016887664794921875000000000    5.539871199289336800575256347656E-05
       -5.266016960144042968750000000000    5.598971256404183804988861083984E-05
       -5.265017032623291015625000000000    5.658673035213723778724670410156E-05
       -5.264017105102539062500000000000    5.718983084079809486865997314453E-05
       -5.263017177581787109375000000000    5.779906496172770857810974121094E-05
       -5.262017250061035156250000000000    5.841449819854460656642913818359E-05
       -5.261017322540283203125000000000    5.903619603486731648445129394531E-05
       -5.260017395019531250000000000000    5.966423123027198016643524169922E-05
       -5.259017467498779296875000000000    6.029866926837712526321411132812E-05
       -5.258017539978027343750000000000    6.093957563280127942562103271484E-05
       -5.257017612457275390625000000000    6.158700853120535612106323242188E-05
       -5.256017684936523437500000000000    6.224102980922907590866088867188E-05
       -5.255017757415771484375000000000    6.290171586442738771438598632812E-05
       -5.254017829895019531250000000000    6.356913945637643337249755859375E-05
       -5.253017902374267578125000000000    6.424337334465235471725463867188E-05
       -5.252017974853515625000000000000    6.492447573691606521606445312500E-05
       -5.251018047332763671875000000000    6.561251939274370670318603515625E-05
       -5.250018119812011718750000000000    6.630757707171142101287841796875E-05
       -5.249018192291259765625000000000    6.700972153339534997940063476562E-05
       -5.248018264770507812500000000000    6.771902553737163543701171875000E-05
       -5.247018337249755859375000000000    6.843556184321641921997070312500E-05
       -5.246018409729003906250000000000    6.915938865859061479568481445312E-05
       -5.245018482208251953125000000000    6.989057874307036399841308593750E-05
       -5.244018554687500000000000000000    7.062921940814703702926635742188E-05
       -5.243018627166748046875000000000    7.137538341339677572250366210938E-05
       -5.242018699645996093750000000000    7.212915807031095027923583984375E-05
       -5.241018772125244140625000000000    7.289061613846570253372192382812E-05
       -5.240018844604492187500000000000    7.365983037743717432022094726562E-05
       -5.239018917083740234375000000000    7.443687354680150747299194335938E-05
       -5.238018989562988281250000000000    7.522183295805007219314575195312E-05
       -5.237019062042236328125000000000    7.601479592267423868179321289062E-05
       -5.236019134521484375000000000000    7.681583520025014877319335937500E-05
       -5.235019207000732421875000000000    7.762502355035394430160522460938E-05
       -5.234019279479980468750000000000    7.844244828447699546813964843750E-05
       -5.233019351959228515625000000000    7.926819671411067247390747070312E-05
       -5.232019424438476562500000000000    8.010235615074634552001953125000E-05
       -5.231019496917724609375000000000    8.094501390587538480758666992188E-05
       -5.230019569396972656250000000000    8.179625729098916053771972656250E-05
       -5.229019641876220703125000000000    8.265615906566381454467773437500E-05
       -5.228019714355468750000000000000    8.352480654139071702957153320312E-05
       -5.227019786834716796875000000000    8.440230158157646656036376953125E-05
       -5.226019859313964843750000000000    8.528873149771243333816528320312E-05
       -5.225019931793212890625000000000    8.618418360128998756408691406250E-05
       -5.224020004272460937500000000000    8.708875975571572780609130859375E-05
       -5.223020076751708984375000000000    8.800253272056579589843750000000E-05
       -5.222020149230957031250000000000    8.892560435924679040908813476562E-05
       -5.221020221710205078125000000000    8.985806198325008153915405273438E-05
       -5.220020294189453125000000000000    9.080000745598226785659790039062E-05
       -5.219020366668701171875000000000    9.175154264084994792938232421875E-05
       -5.218020439147949218750000000000    9.271274029742926359176635742188E-05
       -5.217020511627197265625000000000    9.368370228912681341171264648438E-05
       -5.216020584106445312500000000000    9.466453047934919595718383789062E-05
       -5.215020656585693359375000000000    9.565534128341823816299438476562E-05
       -5.214020729064941406250000000000    9.665623656474053859710693359375E-05
       -5.213020801544189453125000000000    9.766731818672269582748413085938E-05
       -5.212020874023437500000000000000    9.868867346085608005523681640625E-05
       -5.211020946502685546875000000000    9.972040425054728984832763671875E-05
       -5.210021018981933593750000000000    1.007626269711181521415710449219E-04
       -5.209021091461181640625000000000    1.018154434859752655029296875000E-04
       -5.208021163940429687500000000000    1.028789702104404568672180175781E-04
       -5.207021236419677734375000000000    1.039533090079203248023986816406E-04
       -5.206021308898925781250000000000    1.050385471899062395095825195312E-04
       -5.205021381378173828125000000000    1.061348011717200279235839843750E-04
       -5.204021453857421875000000000000    1.072421873686835169792175292969E-04
       -5.203021526336669921875000000000    1.083608221961185336112976074219E-04
       -5.202021598815917968750000000000    1.094908220693469047546386718750E-04
       -5.201021671295166015625000000000    1.106323034036904573440551757812E-04
       -5.200021743774414062500000000000    1.117853680625557899475097656250E-04
       -5.199021816253662109375000000000    1.129501324612647294998168945312E-04
       -5.198021888732910156250000000000    1.141267130151391029357910156250E-04
       -5.197021961212158203125000000000    1.153152406914159655570983886719E-04
       -5.196022033691406250000000000000    1.165158319054171442985534667969E-04
       -5.195022106170654296875000000000    1.177285885205492377281188964844E-04
       -5.194022178649902343750000000000    1.189536415040493011474609375000E-04
       -5.193022251129150390625000000000    1.201911218231543898582458496094E-04
       -5.192022323608398437500000000000    1.214411604451015591621398925781E-04
       -5.191022396087646484375000000000    1.227038737852126359939575195312E-04
       -5.190022468566894531250000000000    1.239793928107246756553649902344E-04
       -5.189022541046142578125000000000    1.252678339369595050811767578125E-04
       -5.188022613525390625000000000000    1.265693135792389512062072753906E-04
       -5.187022686004638671875000000000    1.278839772567152976989746093750E-04
       -5.186022758483886718750000000000    1.292119704885408282279968261719E-04
       -5.185022830963134765625000000000    1.305534387938678264617919921875E-04
       -5.184022903442382812500000000000    1.319084985880181193351745605469E-04
       -5.183022975921630859375000000000    1.332772662863135337829589843750E-04
       -5.182023048400878906250000000000    1.346598874079063534736633300781E-04
       -5.181023120880126953125000000000    1.360565074719488620758056640625E-04
       -5.180023193359375000000000000000    1.374672719975933432579040527344E-04
       -5.179023265838623046875000000000    1.388923265039920806884765625000E-04
       -5.178023338317871093750000000000    1.403318165102973580360412597656E-04
       -5.177023410797119140625000000000    1.417858584318310022354125976562E-04
       -5.176023483276367187500000000000    1.432545977877452969551086425781E-04
       -5.175023555755615234375000000000    1.447381800971925258636474609375E-04
       -5.174023628234863281250000000000    1.462367799831554293632507324219E-04
       -5.173023700714111328125000000000    1.477505429647862911224365234375E-04
       -5.172023773193359375000000000000    1.492795854574069380760192871094E-04
       -5.171023845672607421875000000000    1.508240820840001106262207031250E-04
       -5.170023918151855468750000000000    1.523841783637180924415588378906E-04
       -5.169023990631103515625000000000    1.539600489195436239242553710938E-04
       -5.168024063110351562500000000000    1.555518392706289887428283691406E-04
       -5.167024135589599609375000000000    1.571597240399569272994995117188E-04
       -5.166024208068847656250000000000    1.587838196428492665290832519531E-04
       -5.165024280548095703125000000000    1.604243007022887468338012695312E-04
       -5.164024353027343750000000000000    1.620813418412581086158752441406E-04
       -5.163024425506591796875000000000    1.637551176827400922775268554688E-04
       -5.162024497985839843750000000000    1.654458028497174382209777832031E-04
       -5.161024570465087890625000000000    1.671535719651728868484497070312E-04
       -5.160024642944335937500000000000    1.688785705482587218284606933594E-04
       -5.159024715423583984375000000000    1.706209732219576835632324218750E-04
       -5.158024787902832031250000000000    1.723809546092525124549865722656E-04
       -5.157024860382080078125000000000    1.741586893331259489059448242188E-04
       -5.156024932861328125000000000000    1.759543520165607333183288574219E-04
       -5.155025005340576171875000000000    1.777681463863700628280639648438E-04
       -5.154025077819824218750000000000    1.796002179617062211036682128906E-04
       -5.153025150299072265625000000000    1.814507413655519485473632812500E-04
       -5.152025222778320312500000000000    1.833199203247204422950744628906E-04
       -5.151025295257568359375000000000    1.852079294621944427490234375000E-04
       -5.150025367736816406250000000000    1.871149725047871470451354980469E-04
       -5.149025440216064453125000000000    1.890411949716508388519287109375E-04
       -5.148025512695312500000000000000    1.909868005895987153053283691406E-04
       -5.147025585174560546875000000000    1.929519930854439735412597656250E-04
       -5.146025657653808593750000000000    1.949369761859998106956481933594E-04
       -5.145025730133056640625000000000    1.969419536180794239044189453125E-04
       -5.144025802612304687500000000000    1.989671291084960103034973144531E-04
       -5.143025875091552734375000000000    2.010126481764018535614013671875E-04
       -5.142025947570800781250000000000    2.030787145486101508140563964844E-04
       -5.141026020050048828125000000000    2.051655610557645559310913085938E-04
       -5.140026092529296875000000000000    2.072733914246782660484313964844E-04
       -5.139026165008544921875000000000    2.094024093821644783020019531250E-04
       -5.138026237487792968750000000000    2.115528477588668465614318847656E-04
       -5.137026309967041015625000000000    2.137248811777681112289428710938E-04
       -5.136026382446289062500000000000    2.159187133656814694404602050781E-04
       -5.135026454925537109375000000000    2.181345771532505750656127929688E-04
       -5.134026527404785156250000000000    2.203727053711190819740295410156E-04
       -5.133026599884033203125000000000    2.226333308499306440353393554688E-04
       -5.132026672363281250000000000000    2.249166864203289151191711425781E-04
       -5.131026744842529296875000000000    2.272229467052966356277465820312E-04
       -5.130026817321777343750000000000    2.295523445354774594306945800781E-04
       -5.129026889801025390625000000000    2.319051127415150403976440429688E-04
       -5.128026962280273437500000000000    2.342814841540530323982238769531E-04
       -5.127027034759521484375000000000    2.366817207075655460357666015625E-04
       -5.126027107238769531250000000000    2.391060552326962351799011230469E-04
       -5.125027179718017578125000000000    2.415546623524278402328491210938E-04
       -5.124027252197265625000000000000    2.440278040012344717979431152344E-04
       -5.123027324676513671875000000000    2.465257421135902404785156250000E-04
       -5.122027397155761718750000000000    2.490486949682235717773437500000E-04
       -5.121027469635009765625000000000    2.515969681553542613983154296875E-04
       -5.120027542114257812500000000000    2.541707362979650497436523437500E-04
       -5.119027614593505859375000000000    2.567702322266995906829833984375E-04
       -5.118027687072753906250000000000    2.593957469798624515533447265625E-04
       -5.117027759552001953125000000000    2.620475715957581996917724609375E-04
       -5.116027832031250000000000000000    2.647259389050304889678955078125E-04
       -5.115027904510498046875000000000    2.674311399459838867187500000000E-04
       -5.114027976989746093750000000000    2.701633493416011333465576171875E-04
       -5.113028049468994140625000000000    2.729228581301867961883544921875E-04
       -5.112028121948242187500000000000    2.757099573500454425811767578125E-04
       -5.111028194427490234375000000000    2.785249380394816398620605468750E-04
       -5.110028266906738281250000000000    2.813680912367999553680419921875E-04
       -5.109028339385986328125000000000    2.842397079803049564361572265625E-04
       -5.108028411865234375000000000000    2.871399628929793834686279296875E-04
       -5.107028484344482421875000000000    2.900692052207887172698974609375E-04
       -5.106028556823730468750000000000    2.930277260020375251770019531250E-04
       -5.105028629302978515625000000000    2.960158162750303745269775390625E-04
       -5.104028701782226562500000000000    2.990337670780718326568603515625E-04
       -5.103028774261474609375000000000    3.020818694494664669036865234375E-04
       -5.102028846740722656250000000000    3.051603562198579311370849609375E-04
       -5.101028919219970703125000000000    3.082695184275507926940917968750E-04
       -5.100028991699218750000000000000    3.114097053185105323791503906250E-04
       -5.099029064178466796875000000000    3.145812079310417175292968750000E-04
       -5.098029136657714843750000000000    3.177843755111098289489746093750E-04
       -5.097029209136962890625000000000    3.210194990970194339752197265625E-04
       -5.096029281616210937500000000000    3.242868697270750999450683593750E-04
       -5.095029354095458984375000000000    3.275867784395813941955566406250E-04
       -5.094029426574707031250000000000    3.309195744805037975311279296875E-04
       -5.093029499053955078125000000000    3.342856070958077907562255859375E-04
       -5.092029571533203125000000000000    3.376851673237979412078857421875E-04
       -5.091029644012451171875000000000    3.411186044104397296905517578125E-04
       -5.090029716491699218750000000000    3.445862093940377235412597656250E-04
       -5.089029788970947265625000000000    3.480883315205574035644531250000E-04
       -5.088029861450195312500000000000    3.516253200359642505645751953125E-04
       -5.087029933929443359375000000000    3.551975241862237453460693359375E-04
       -5.086030006408691406250000000000    3.588052932173013687133789062500E-04
       -5.085030078887939453125000000000    3.624489181675016880035400390625E-04
       -5.084030151367187500000000000000    3.661287482827901840209960937500E-04
       -5.083030223846435546875000000000    3.698451328091323375701904296875E-04
       -5.082030296325683593750000000000    3.735984792001545429229736328125E-04
       -5.081030368804931640625000000000    3.773891367018222808837890625000E-04
       -5.080030441284179687500000000000    3.812175127677619457244873046875E-04
       -5.079030513763427734375000000000    3.850838984362781047821044921875E-04
       -5.078030586242675781250000000000    3.889886429533362388610839843750E-04
       -5.077030658721923828125000000000    3.929321537725627422332763671875E-04
       -5.076030731201171875000000000000    3.969148383475840091705322265625E-04
       -5.075030803680419921875000000000    4.009371041320264339447021484375E-04
       -5.074030876159667968750000000000    4.049993003718554973602294921875E-04
       -5.073030948638916015625000000000    4.091017763130366802215576171875E-04
       -5.072031021118164062500000000000    4.132449394091963768005371093750E-04
       -5.071031093597412109375000000000    4.174291971139609813690185546875E-04
       -5.070031166076660156250000000000    4.216549568809568881988525390625E-04
       -5.069031238555908203125000000000    4.259226261638104915618896484375E-04
       -5.068031311035156250000000000000    4.302326124161481857299804687500E-04
       -5.067031383514404296875000000000    4.345852648839354515075683593750E-04
       -5.066031455993652343750000000000    4.389810492284595966339111328125E-04
       -5.065031528472900390625000000000    4.434203729033470153808593750000E-04
       -5.064031600952148437500000000000    4.479037015698850154876708984375E-04
       -5.063031673431396484375000000000    4.524314426816999912261962890625E-04
       -5.062031745910644531250000000000    4.570040619000792503356933593750E-04
       -5.061031818389892578125000000000    4.616219084709882736206054687500E-04
       -5.060031890869140625000000000000    4.662854480557143688201904296875E-04
       -5.059031963348388671875000000000    4.709951463155448436737060546875E-04
       -5.058032035827636718750000000000    4.757514689117670059204101562500E-04
       -5.057032108306884765625000000000    4.805548815056681632995605468750E-04
       -5.056032180786132812500000000000    4.854058497585356235504150390625E-04
       -5.055032253265380859375000000000    4.903047229163348674774169921875E-04
       -5.054032325744628906250000000000    4.952520248480141162872314453125E-04
       -5.053032398223876953125000000000    5.002482212148606777191162109375E-04
       -5.052032470703125000000000000000    5.052937776781618595123291015625E-04
       -5.051032543182373046875000000000    5.103891598992049694061279296875E-04
       -5.050032615661621093750000000000    5.155349499545991420745849609375E-04
       -5.049032688140869140625000000000    5.207314970903098583221435546875E-04
       -5.048032760620117187500000000000    5.259792669676244258880615234375E-04
       -5.047032833099365234375000000000    5.312788416631519794464111328125E-04
       -5.046032905578613281250000000000    5.366306868381798267364501953125E-04
       -5.045032978057861328125000000000    5.420353845693171024322509765625E-04
       -5.044033050537109375000000000000    5.474934005178511142730712890625E-04
       -5.043033123016357421875000000000    5.530052003450691699981689453125E-04
       -5.042033195495605468750000000000    5.585713661275804042816162109375E-04
       -5.041033267974853515625000000000    5.641923635266721248626708984375E-04
       -5.040033340454101562500000000000    5.698687746189534664154052734375E-04
       -5.039033412933349609375000000000    5.756011814810335636138916015625E-04
       -5.038033485412597656250000000000    5.813901661895215511322021484375E-04
       -5.037033557891845703125000000000    5.872360779903829097747802734375E-04
       -5.036033630371093750000000000000    5.931394989602267742156982421875E-04
       -5.035033702850341796875000000000    5.991010111756622791290283203125E-04
       -5.034033775329589843750000000000    6.051211967132985591888427734375E-04
       -5.033033847808837890625000000000    6.112006376497447490692138671875E-04
       -5.032033920288085937500000000000    6.173397996462881565093994140625E-04
       -5.031033992767333984375000000000    6.235392647795379161834716796875E-04
       -5.030034065246582031250000000000    6.297997315414249897003173828125E-04
       -5.029034137725830078125000000000    6.361217820085585117340087890625E-04
       -5.028034210205078125000000000000    6.425059982575476169586181640625E-04
       -5.027034282684326171875000000000    6.489529623650014400482177734375E-04
       -5.026034355163574218750000000000    6.554632564075291156768798828125E-04
       -5.025034427642822265625000000000    6.620374624617397785186767578125E-04
       -5.024034500122070312500000000000    6.686762790195643901824951171875E-04
       -5.023034572601318359375000000000    6.753802881576120853424072265625E-04
       -5.022034645080566406250000000000    6.821501883678138256072998046875E-04
       -5.021034717559814453125000000000    6.889865617267787456512451171875E-04
       -5.020034790039062500000000000000    6.958899903111159801483154296875E-04
       -5.019034862518310546875000000000    7.028610561974346637725830078125E-04
       -5.018034934997558593750000000000    7.099004578776657581329345703125E-04
       -5.017035007476806640625000000000    7.170088938437402248382568359375E-04
       -5.016035079956054687500000000000    7.241870625875890254974365234375E-04
       -5.015035152435302734375000000000    7.314356626011431217193603515625E-04
       -5.014035224914550781250000000000    7.387552759610116481781005859375E-04
       -5.013035297393798828125000000000    7.461466011591255664825439453125E-04
       -5.012035369873046875000000000000    7.536103366874158382415771484375E-04
       -5.011035442352294921875000000000    7.611471810378134250640869140625E-04
       -5.010035514831542968750000000000    7.687578327022492885589599609375E-04
       -5.009035587310791015625000000000    7.764431065879762172698974609375E-04
       -5.008035659790039062500000000000    7.842035847716033458709716796875E-04
       -5.007035732269287109375000000000    7.920399657450616359710693359375E-04
       -5.006035804748535156250000000000    7.999530644156038761138916015625E-04
       -5.005035877227783203125000000000    8.079435792751610279083251953125E-04
       -5.004035949707031250000000000000    8.160123252309858798980712890625E-04
       -5.003036022186279296875000000000    8.241601171903312206268310546875E-04
       -5.002036094665527343750000000000    8.323875372298061847686767578125E-04
       -5.001036167144775390625000000000    8.406952838413417339324951171875E-04
       -5.000036239624023437500000000000    8.490841719321906566619873046875E-04
       -4.999036312103271484375000000000    8.575550164096057415008544921875E-04
       -4.998036384582519531250000000000    8.661086321808397769927978515625E-04
       -4.997036457061767578125000000000    8.747458341531455516815185546875E-04
       -4.996036529541015625000000000000    8.834673208184540271759033203125E-04
       -4.995036602020263671875000000000    8.922739070840179920196533203125E-04
       -4.994036674499511718750000000000    9.011664078570902347564697265625E-04
       -4.993036746978759765625000000000    9.101457544602453708648681640625E-04
       -4.992036819458007812500000000000    9.192127618007361888885498046875E-04
       -4.991036891937255859375000000000    9.283683612011373043060302734375E-04
       -4.990036964416503906250000000000    9.376131347380578517913818359375E-04
       -4.989037036895751953125000000000    9.469480137340724468231201171875E-04
       -4.988037109375000000000000000000    9.563739295117557048797607421875E-04
       -4.987037181854248046875000000000    9.658916969783604145050048828125E-04
       -4.986037254333496093750000000000    9.755022474564611911773681640625E-04
       -4.985037326812744140625000000000    9.852065704762935638427734375000E-04
       -4.984037399291992187500000000000    9.950054809451103210449218750000E-04
       -4.983037471771240234375000000000    1.004899851977825164794921875000E-03
       -4.982037544250488281250000000000    1.014890614897012710571289062500E-03
       -4.981037616729736328125000000000    1.024978701025247573852539062500E-03
       -4.980037689208984375000000000000    1.035165041685104370117187500000E-03
       -4.979037761688232421875000000000    1.045450568199157714843750000000E-03
       -4.978037834167480468750000000000    1.055835979059338569641113281250E-03
       -4.977037906646728515625000000000    1.066322438418865203857421875000E-03
       -4.976037979125976562500000000000    1.076910877600312232971191406250E-03
       -4.975038051605224609375000000000    1.087602227926254272460937500000E-03
       -4.974038124084472656250000000000    1.098397653549909591674804687500E-03
       -4.973038196563720703125000000000    1.109298085793852806091308593750E-03
       -4.972038269042968750000000000000    1.120304223150014877319335937500E-03
       -4.971038341522216796875000000000    1.131417229771614074707031250000E-03
       -4.970038414001464843750000000000    1.142638036981225013732910156250E-03
       -4.969038486480712890625000000000    1.153967808932065963745117187500E-03
       -4.968038558959960937500000000000    1.165407709777355194091796875000E-03
       -4.967038631439208984375000000000    1.176958670839667320251464843750E-03
       -4.966038703918457031250000000000    1.188621623441576957702636718750E-03
       -4.965038776397705078125000000000    1.200397731736302375793457031250E-03
       -4.964038848876953125000000000000    1.212287927046418190002441406250E-03
       -4.963038921356201171875000000000    1.224293373525142669677734375000E-03
       -4.962038993835449218750000000000    1.236415235325694084167480468750E-03
       -4.961039066314697265625000000000    1.248654676601290702819824218750E-03
       -4.960039138793945312500000000000    1.261012628674507141113281250000E-03
       -4.959039211273193359375000000000    1.273490255698561668395996093750E-03
       -4.958039283752441406250000000000    1.286088721826672554016113281250E-03
       -4.957039356231689453125000000000    1.298809191212058067321777343750E-03
       -4.956039428710937500000000000000    1.311652828007936477661132812500E-03
       -4.955039501190185546875000000000    1.324621029198169708251953125000E-03
       -4.954039573669433593750000000000    1.337714493274688720703125000000E-03
       -4.953039646148681640625000000000    1.350934617221355438232421875000E-03
       -4.952039718627929687500000000000    1.364282565191388130187988281250E-03
       -4.951039791107177734375000000000    1.377759734168648719787597656250E-03
       -4.950039863586425781250000000000    1.391367288306355476379394531250E-03
       -4.949039936065673828125000000000    1.405106624588370323181152343750E-03
       -4.948040008544921875000000000000    1.418978674337267875671386718750E-03
       -4.947040081024169921875000000000    1.432984601706266403198242187500E-03
       -4.946040153503417968750000000000    1.447125803679227828979492187500E-03
       -4.945040225982666015625000000000    1.461403677240014076232910156250E-03
       -4.944040298461914062500000000000    1.475819619372487068176269531250E-03
       -4.943040370941162109375000000000    1.490374794229865074157714843750E-03
       -4.942040443420410156250000000000    1.505070365965366363525390625000E-03
       -4.941040515899658203125000000000    1.519907731562852859497070312500E-03
       -4.940040588378906250000000000000    1.534888288006186485290527343750E-03
       -4.939040660858154296875000000000    1.550013432279229164123535156250E-03
       -4.938040733337402343750000000000    1.565284561365842819213867187500E-03
       -4.937040805816650390625000000000    1.580703072249889373779296875000E-03
       -4.936040878295898437500000000000    1.596270129084587097167968750000E-03
       -4.935040950775146484375000000000    1.611987128853797912597656250000E-03
       -4.934041023254394531250000000000    1.627855468541383743286132812500E-03
       -4.933041095733642578125000000000    1.643876777961850166320800781250E-03
       -4.932041168212890625000000000000    1.660052454099059104919433593750E-03
       -4.931041240692138671875000000000    1.676384126767516136169433593750E-03
       -4.930041313171386718750000000000    1.692872960120439529418945312500E-03
       -4.929041385650634765625000000000    1.709520351141691207885742187500E-03
       -4.928041458129882812500000000000    1.726327929645776748657226562500E-03
       -4.927041530609130859375000000000    1.743297325447201728820800781250E-03
       -4.926041603088378906250000000000    1.760430168360471725463867187500E-03
       -4.925041675567626953125000000000    1.777727855369448661804199218750E-03
       -4.924041748046875000000000000000    1.795191783457994461059570312500E-03
       -4.923041820526123046875000000000    1.812823582440614700317382812500E-03
       -4.922041893005371093750000000000    1.830624882131814956665039062500E-03
       -4.921041965484619140625000000000    1.848597312346100807189941406250E-03
       -4.920042037963867187500000000000    1.866742502897977828979492187500E-03
       -4.919042110443115234375000000000    1.885062083601951599121093750000E-03
       -4.918042182922363281250000000000    1.903557451441884040832519531250E-03
       -4.917042255401611328125000000000    1.922230236232280731201171875000E-03
       -4.916042327880859375000000000000    1.941082300618290901184082031250E-03
       -4.915042400360107421875000000000    1.960115274414420127868652343750E-03
       -4.914042472839355468750000000000    1.979330787435173988342285156250E-03
       -4.913042545318603515625000000000    1.998730702325701713562011718750E-03
       -4.912042617797851562500000000000    2.018316416069865226745605468750E-03
       -4.911042690277099609375000000000    2.038089791312813758850097656250E-03
       -4.910042762756347656250000000000    2.058052690699696540832519531250E-03
       -4.909042835235595703125000000000    2.078206976875662803649902343750E-03
       -4.908042907714843750000000000000    2.098554512485861778259277343750E-03
       -4.907042980194091796875000000000    2.119097160175442695617675781250E-03
       -4.906043052673339843750000000000    2.139836316928267478942871093750E-03
       -4.905043125152587890625000000000    2.160773845389485359191894531250E-03
       -4.904043197631835937500000000000    2.181911608204245567321777343750E-03
       -4.903043270111083984375000000000    2.203251933678984642028808593750E-03
       -4.902043342590332031250000000000    2.224796684458851814270019531250E-03
       -4.901043415069580078125000000000    2.246547723188996315002441406250E-03
       -4.900043487548828125000000000000    2.268506912514567375183105468750E-03
       -4.899043560028076171875000000000    2.290676115080714225769042968750E-03
       -4.898043632507324218750000000000    2.313057193532586097717285156250E-03
       -4.897043704986572265625000000000    2.335652476176619529724121093750E-03
       -4.896043777465820312500000000000    2.358463825657963752746582031250E-03
       -4.895043849945068359375000000000    2.381493570283055305480957031250E-03
       -4.894043922424316406250000000000    2.404743572697043418884277343750E-03
       -4.893043994903564453125000000000    2.428215229883790016174316406250E-03
       -4.892044067382812500000000000000    2.451910870149731636047363281250E-03
       -4.891044139862060546875000000000    2.475832821801304817199707031250E-03
       -4.890044212341308593750000000000    2.499983413144946098327636718750E-03
       -4.889044284820556640625000000000    2.524364506825804710388183593750E-03
       -4.888044357299804687500000000000    2.548978431150317192077636718750E-03
       -4.887044429779052734375000000000    2.573827048763632774353027343750E-03
       -4.886044502258300781250000000000    2.598912687972187995910644531250E-03
       -4.885044574737548828125000000000    2.624237677082419395446777343750E-03
       -4.884044647216796875000000000000    2.649804344400763511657714843750E-03
       -4.883044719696044921875000000000    2.675615018233656883239746093750E-03
       -4.882044792175292968750000000000    2.701672026887536048889160156250E-03
       -4.881044864654541015625000000000    2.727977233007550239562988281250E-03
       -4.880044937133789062500000000000    2.754532964900135993957519531250E-03
       -4.879045009613037109375000000000    2.781341550871729850769042968750E-03
       -4.878045082092285156250000000000    2.808405319228768348693847656250E-03
       -4.877045154571533203125000000000    2.835727063938975334167480468750E-03
       -4.876045227050781250000000000000    2.863309113308787345886230468750E-03
       -4.875045299530029296875000000000    2.891153329983353614807128906250E-03
       -4.874045372009277343750000000000    2.919262042269110679626464843750E-03
       -4.873045444488525390625000000000    2.947638044133782386779785156250E-03
       -4.872045516967773437500000000000    2.976284129545092582702636718750E-03
       -4.871045589447021484375000000000    3.005202626809477806091308593750E-03
       -4.870045661926269531250000000000    3.034396329894661903381347656250E-03
       -4.869045734405517578125000000000    3.063867101445794105529785156250E-03
       -4.868045806884765625000000000000    3.093617735430598258972167968750E-03
       -4.867045879364013671875000000000    3.123651025816798210144042968750E-03
       -4.866045951843261718750000000000    3.153969766572117805480957031250E-03
       -4.865046024322509765625000000000    3.184576286002993583679199218750E-03
       -4.864046096801757812500000000000    3.215473378077149391174316406250E-03
       -4.863046169281005859375000000000    3.246663371101021766662597656250E-03
       -4.862046241760253906250000000000    3.278149059042334556579589843750E-03
       -4.861046314239501953125000000000    3.309933235868811607360839843750E-03
       -4.860046386718750000000000000000    3.342018695548176765441894531250E-03
       -4.859046459197998046875000000000    3.374408697709441184997558593750E-03
       -4.858046531677246093750000000000    3.407106036320328712463378906250E-03
       -4.857046604156494140625000000000    3.440113039687275886535644531250E-03
       -4.856046676635742187500000000000    3.473432501778006553649902343750E-03
       -4.855046749114990234375000000000    3.507067682221531867980957031250E-03
       -4.854046821594238281250000000000    3.541021374985575675964355468750E-03
       -4.853046894073486328125000000000    3.575296839699149131774902343750E-03
       -4.852046966552734375000000000000    3.609896870329976081848144531250E-03
       -4.851047039031982421875000000000    3.644823795184493064880371093750E-03
       -4.850047111511230468750000000000    3.680080873891711235046386718750E-03
       -4.849047183990478515625000000000    3.715671366080641746520996093750E-03
       -4.848047256469726562500000000000    3.751598531380295753479003906250E-03
       -4.847047328948974609375000000000    3.787865629419684410095214843750E-03
       -4.846047401428222656250000000000    3.824475919827818870544433593750E-03
       -4.845047473907470703125000000000    3.861432662233710289001464843750E-03
       -4.844047546386718750000000000000    3.898738184943795204162597656250E-03
       -4.843047618865966796875000000000    3.936395980417728424072265625000E-03
       -4.842047691345214843750000000000    3.974409773945808410644531250000E-03
       -4.841047763824462890625000000000    4.012783057987689971923828125000E-03
       -4.840047836303710937500000000000    4.051518626511096954345703125000E-03
       -4.839047908782958984375000000000    4.090620204806327819824218750000E-03
       -4.838047981262207031250000000000    4.130090586841106414794921875000E-03
       -4.837048053741455078125000000000    4.169933497905731201171875000000E-03
       -4.836048126220703125000000000000    4.210152663290500640869140625000E-03
       -4.835048198699951171875000000000    4.250750876963138580322265625000E-03
       -4.834048271179199218750000000000    4.291731864213943481445312500000E-03
       -4.833048343658447265625000000000    4.333099350333213806152343750000E-03
       -4.832048416137695312500000000000    4.374856129288673400878906250000E-03
       -4.831048488616943359375000000000    4.417005926370620727539062500000E-03
       -4.830048561096191406250000000000    4.459552466869354248046875000000E-03
       -4.829048633575439453125000000000    4.502499476075172424316406250000E-03
       -4.828048706054687500000000000000    4.545851610600948333740234375000E-03
       -4.827048778533935546875000000000    4.589612595736980438232421875000E-03
       -4.826048851013183593750000000000    4.633785225450992584228515625000E-03
       -4.825048923492431640625000000000    4.678373225033283233642578125000E-03
       -4.824048995971679687500000000000    4.723380319774150848388671875000E-03
       -4.823049068450927734375000000000    4.768811166286468505859375000000E-03
       -4.822049140930175781250000000000    4.814669489860534667968750000000E-03
       -4.821049213409423828125000000000    4.860959015786647796630859375000E-03
       -4.820049285888671875000000000000    4.907683469355106353759765625000E-03
       -4.819049358367919921875000000000    4.954846575856208801269531250000E-03
       -4.818049430847167968750000000000    5.002452991902828216552734375000E-03
       -4.817049503326416015625000000000    5.050506442785263061523437500000E-03
       -4.816049575805664062500000000000    5.099011585116386413574218750000E-03
       -4.815049648284912109375000000000    5.147973075509071350097656250000E-03
       -4.814049720764160156250000000000    5.197393707931041717529296875000E-03
       -4.813049793243408203125000000000    5.247278138995170593261718750000E-03
       -4.812049865722656250000000000000    5.297630093991756439208984375000E-03
       -4.811049938201904296875000000000    5.348454229533672332763671875000E-03
       -4.810050010681152343750000000000    5.399755202233791351318359375000E-03
       -4.809050083160400390625000000000    5.451537668704986572265625000000E-03
       -4.808050155639648437500000000000    5.503806285560131072998046875000E-03
       -4.807050228118896484375000000000    5.556564778089523315429687500000E-03
       -4.806050300598144531250000000000    5.609817802906036376953125000000E-03
       -4.805050373077392578125000000000    5.663570016622543334960937500000E-03
       -4.804050445556640625000000000000    5.717826075851917266845703125000E-03
       -4.803050518035888671875000000000    5.772590637207031250000000000000E-03
       -4.802050590515136718750000000000    5.827868357300758361816406250000E-03
       -4.801050662994384765625000000000    5.883662961423397064208984375000E-03
       -4.800050735473632812500000000000    5.939979106187820434570312500000E-03
       -4.799050807952880859375000000000    5.996822379529476165771484375000E-03
       -4.798050880432128906250000000000    6.054197438061237335205078125000E-03
       -4.797050952911376953125000000000    6.112109869718551635742187500000E-03
       -4.796051025390625000000000000000    6.170564331114292144775390625000E-03
       -4.795051097869873046875000000000    6.229564547538757324218750000000E-03
       -4.794051170349121093750000000000    6.289116106927394866943359375000E-03
       -4.793051242828369140625000000000    6.349223665893077850341796875000E-03
       -4.792051315307617187500000000000    6.409892812371253967285156250000E-03
       -4.791051387786865234375000000000    6.471129134297370910644531250000E-03
       -4.790051460266113281250000000000    6.532938219606876373291015625000E-03
       -4.789051532745361328125000000000    6.595323793590068817138671875000E-03
       -4.788051605224609375000000000000    6.658291444182395935058593750000E-03
       -4.787051677703857421875000000000    6.721846759319305419921875000000E-03
       -4.786051750183105468750000000000    6.785995326936244964599609375000E-03
       -4.785051822662353515625000000000    6.850742734968662261962890625000E-03
       -4.784051895141601562500000000000    6.916094571352005004882812500000E-03
       -4.783051967620849609375000000000    6.982054561376571655273437500000E-03
       -4.782052040100097656250000000000    7.048629224300384521484375000000E-03
       -4.781052112579345703125000000000    7.115824148058891296386718750000E-03
       -4.780052185058593750000000000000    7.183644920587539672851562500000E-03
       -4.779052257537841796875000000000    7.252098061144351959228515625000E-03
       -4.778052330017089843750000000000    7.321189157664775848388671875000E-03
       -4.777052402496337890625000000000    7.390924729406833648681640625000E-03
       -4.776052474975585937500000000000    7.461308501660823822021484375000E-03
       -4.775052547454833984375000000000    7.532346993684768676757812500000E-03
       -4.774052619934082031250000000000    7.604046724736690521240234375000E-03
       -4.773052692413330078125000000000    7.676413282752037048339843750000E-03
       -4.772052764892578125000000000000    7.749453186988830566406250000000E-03
       -4.771052837371826171875000000000    7.823172956705093383789062500000E-03
       -4.770052909851074218750000000000    7.897578179836273193359375000000E-03
       -4.769052982330322265625000000000    7.972674444317817687988281250000E-03
       -4.768053054809570312500000000000    8.048469200730323791503906250000E-03
       -4.767053127288818359375000000000    8.124968037009239196777343750000E-03
       -4.766053199768066406250000000000    8.202178403735160827636718750000E-03
       -4.765053272247314453125000000000    8.280105888843536376953125000000E-03
       -4.764053344726562500000000000000    8.358756080269813537597656250000E-03
       -4.763053417205810546875000000000    8.438136428594589233398437500000E-03
       -4.762053489685058593750000000000    8.518252521753311157226562500000E-03
       -4.761053562164306640625000000000    8.599111810326576232910156250000E-03
       -4.760053634643554687500000000000    8.680721744894981384277343750000E-03
       -4.759053707122802734375000000000    8.763089776039123535156250000000E-03
       -4.758053779602050781250000000000    8.846219629049301147460937500000E-03
       -4.757053852081298828125000000000    8.930118754506111145019531250000E-03
       -4.756053924560546875000000000000    9.014794602990150451660156250000E-03
       -4.755053997039794921875000000000    9.100254625082015991210937500000E-03
       -4.754054069519042968750000000000    9.186506271362304687500000000000E-03
       -4.753054141998291015625000000000    9.273556992411613464355468750000E-03
       -4.752054214477539062500000000000    9.361414238810539245605468750000E-03
       -4.751054286956787109375000000000    9.450083598494529724121093750000E-03
       -4.750054359436035156250000000000    9.539572522044181823730468750000E-03
       -4.749054431915283203125000000000    9.629888460040092468261718750000E-03
       -4.748054504394531250000000000000    9.721040725708007812500000000000E-03
       -4.747054576873779296875000000000    9.813036769628524780273437500000E-03
       -4.746054649353027343750000000000    9.905884042382240295410156250000E-03
       -4.745054721832275390625000000000    9.999588131904602050781250000000E-03
       -4.744054794311523437500000000000    1.009415835142135620117187500000E-02
       -4.743054866790771484375000000000    1.018960215151309967041015625000E-02
       -4.742054939270019531250000000000    1.028592698276042938232421875000E-02
       -4.741055011749267578125000000000    1.038314215838909149169921875000E-02
       -4.740055084228515625000000000000    1.048125512897968292236328125000E-02
       -4.739055156707763671875000000000    1.058027334511280059814453125000E-02
       -4.738055229187011718750000000000    1.068020425736904144287109375000E-02
       -4.737055301666259765625000000000    1.078105717897415161132812500000E-02
       -4.736055374145507812500000000000    1.088284142315387725830078125000E-02
       -4.735055446624755859375000000000    1.098556444048881530761718750000E-02
       -4.734055519104003906250000000000    1.108923554420471191406250000000E-02
       -4.733055591583251953125000000000    1.119386404752731323242187500000E-02
       -4.732055664062500000000000000000    1.129945553839206695556640625000E-02
       -4.731055736541748046875000000000    1.140601933002471923828125000000E-02
       -4.730055809020996093750000000000    1.151356473565101623535156250000E-02
       -4.729055881500244140625000000000    1.162210106849670410156250000000E-02
       -4.728055953979492187500000000000    1.173163764178752899169921875000E-02
       -4.727056026458740234375000000000    1.184218376874923706054687500000E-02
       -4.726056098937988281250000000000    1.195374689996242523193359375000E-02
       -4.725056171417236328125000000000    1.206633634865283966064453125000E-02
       -4.724056243896484375000000000000    1.217996142804622650146484375000E-02
       -4.723056316375732421875000000000    1.229463145136833190917968750000E-02
       -4.722056388854980468750000000000    1.241035759449005126953125000000E-02
       -4.721056461334228515625000000000    1.252714917063713073730468750000E-02
       -4.720056533813476562500000000000    1.264501363039016723632812500000E-02
       -4.719056606292724609375000000000    1.276396028697490692138671875000E-02
       -4.718056678771972656250000000000    1.288400031626224517822265625000E-02
       -4.717056751251220703125000000000    1.300514303147792816162109375000E-02
       -4.716056823730468750000000000000    1.312739960849285125732421875000E-02
       -4.715056896209716796875000000000    1.325077936053276062011718750000E-02
       -4.714056968688964843750000000000    1.337529346346855163574218750000E-02
       -4.713057041168212890625000000000    1.350094936788082122802734375000E-02
       -4.712057113647460937500000000000    1.362775824964046478271484375000E-02
       -4.711057186126708984375000000000    1.375572942197322845458984375000E-02
       -4.710057258605957031250000000000    1.388487406075000762939453125000E-02
       -4.709057331085205078125000000000    1.401520334184169769287109375000E-02
       -4.708057403564453125000000000000    1.414672844111919403076171875000E-02
       -4.707057476043701171875000000000    1.427945680916309356689453125000E-02
       -4.706057548522949218750000000000    1.441340148448944091796875000000E-02
       -4.705057621002197265625000000000    1.454857364296913146972656250000E-02
       -4.704057693481445312500000000000    1.468498446047306060791015625000E-02
       -4.703057765960693359375000000000    1.482264511287212371826171875000E-02
       -4.702057838439941406250000000000    1.496156677603721618652343750000E-02
       -4.701057910919189453125000000000    1.510175876319408416748046875000E-02
       -4.700057983398437500000000000000    1.524323225021362304687500000000E-02
       -4.699058055877685546875000000000    1.538600027561187744140625000000E-02
       -4.698058128356933593750000000000    1.553007401525974273681640625000E-02
       -4.697058200836181640625000000000    1.567546650767326354980468750000E-02
       -4.696058273315429687500000000000    1.582218892872333526611328125000E-02
       -4.695058345794677734375000000000    1.597025245428085327148437500000E-02
       -4.694058418273925781250000000000    1.611966826021671295166015625000E-02
       -4.693058490753173828125000000000    1.627044752240180969238281250000E-02
       -4.692058563232421875000000000000    1.642260514199733734130859375000E-02
       -4.691058635711669921875000000000    1.657615229487419128417968750000E-02
       -4.690058708190917968750000000000    1.673110388219356536865234375000E-02
       -4.689058780670166015625000000000    1.688747107982635498046875000000E-02
       -4.688058853149414062500000000000    1.704526506364345550537109375000E-02
       -4.687058925628662109375000000000    1.720449700951576232910156250000E-02
       -4.686058998107910156250000000000    1.736518181860446929931640625000E-02
       -4.685059070587158203125000000000    1.752733066678047180175781250000E-02
       -4.684059143066406250000000000000    1.769095845520496368408203125000E-02
       -4.683059215545654296875000000000    1.785608008503913879394531250000E-02
       -4.682059288024902343750000000000    1.802270300686359405517578125000E-02
       -4.681059360504150390625000000000    1.819084212183952331542968750000E-02
       -4.680059432983398437500000000000    1.836051233112812042236328125000E-02
       -4.679059505462646484375000000000    1.853172853589057922363281250000E-02
       -4.678059577941894531250000000000    1.870450563728809356689453125000E-02
       -4.677059650421142578125000000000    1.887885853648185729980468750000E-02
       -4.676059722900390625000000000000    1.905480213463306427001953125000E-02
       -4.675059795379638671875000000000    1.923234388232231140136718750000E-02
       -4.674059867858886718750000000000    1.941149868071079254150390625000E-02
       -4.673059940338134765625000000000    1.959228143095970153808593750000E-02
       -4.672060012817382812500000000000    1.977470703423023223876953125000E-02
       -4.671060085296630859375000000000    1.995879039168357849121093750000E-02
       -4.670060157775878906250000000000    2.014455012977123260498046875000E-02
       -4.669060230255126953125000000000    2.033199742436408996582031250000E-02
       -4.668060302734375000000000000000    2.052114717662334442138671875000E-02
       -4.667060375213623046875000000000    2.071201428771018981933593750000E-02
       -4.666060447692871093750000000000    2.090461365878582000732421875000E-02
       -4.665060520172119140625000000000    2.109896391630172729492187500000E-02
       -4.664060592651367187500000000000    2.129507996141910552978515625000E-02
       -4.663060665130615234375000000000    2.149297297000885009765625000000E-02
       -4.662060737609863281250000000000    2.169265784323215484619140625000E-02
       -4.661060810089111328125000000000    2.189415320754051208496093750000E-02
       -4.660060882568359375000000000000    2.209747396409511566162109375000E-02
       -4.659060955047607421875000000000    2.230263873934745788574218750000E-02
       -4.658061027526855468750000000000    2.250966615974903106689453125000E-02
       -4.657061100006103515625000000000    2.271857112646102905273437500000E-02
       -4.656061172485351562500000000000    2.292936481535434722900390625000E-02
       -4.655061244964599609375000000000    2.314206585288047790527343750000E-02
       -4.654061317443847656250000000000    2.335669286549091339111328125000E-02
       -4.653061389923095703125000000000    2.357326447963714599609375000000E-02
       -4.652061462402343750000000000000    2.379179932177066802978515625000E-02
       -4.651061534881591796875000000000    2.401231229305267333984375000000E-02
       -4.650061607360839843750000000000    2.423481829464435577392578125000E-02
       -4.649061679840087890625000000000    2.445933595299720764160156250000E-02
       -4.648061752319335937500000000000    2.468588389456272125244140625000E-02
       -4.647061824798583984375000000000    2.491448074579238891601562500000E-02
       -4.646061897277832031250000000000    2.514514513313770294189453125000E-02
       -4.645061969757080078125000000000    2.537789568305015563964843750000E-02
       -4.644062042236328125000000000000    2.561275102198123931884765625000E-02
       -4.643062114715576171875000000000    2.584972605109214782714843750000E-02
       -4.642062187194824218750000000000    2.608883939683437347412109375000E-02
       -4.641062259674072265625000000000    2.633010968565940856933593750000E-02
       -4.640062332153320312500000000000    2.657355926930904388427734375000E-02
       -4.639062404632568359375000000000    2.681920677423477172851562500000E-02
       -4.638062477111816406250000000000    2.706707455217838287353515625000E-02
       -4.637062549591064453125000000000    2.731717377901077270507812500000E-02
       -4.636062622070312500000000000000    2.756952680647373199462890625000E-02
       -4.635062694549560546875000000000    2.782415226101875305175781250000E-02
       -4.634062767028808593750000000000    2.808107249438762664794921875000E-02
       -4.633062839508056640625000000000    2.834030985832214355468750000000E-02
       -4.632062911987304687500000000000    2.860188670456409454345703125000E-02
       -4.631062984466552734375000000000    2.886581793427467346191406250000E-02
       -4.630063056945800781250000000000    2.913212217390537261962890625000E-02
       -4.629063129425048828125000000000    2.940082177519798278808593750000E-02
       -4.628063201904296875000000000000    2.967193908989429473876953125000E-02
       -4.627063274383544921875000000000    2.994549646973609924316406250000E-02
       -4.626063346862792968750000000000    3.022151626646518707275390625000E-02
       -4.625063419342041015625000000000    3.050002083182334899902343750000E-02
       -4.624063491821289062500000000000    3.078102506697177886962890625000E-02
       -4.623063564300537109375000000000    3.106455504894256591796875000000E-02
       -4.622063636779785156250000000000    3.135063499212265014648437500000E-02
       -4.621063709259033203125000000000    3.163928538560867309570312500000E-02
       -4.620063781738281250000000000000    3.193052858114242553710937500000E-02
       -4.619063854217529296875000000000    3.222438693046569824218750000000E-02
       -4.618063926696777343750000000000    3.252088278532028198242187500000E-02
       -4.617063999176025390625000000000    3.282003849744796752929687500000E-02
       -4.616064071655273437500000000000    3.312187641859054565429687500000E-02
       -4.615064144134521484375000000000    3.342642635107040405273437500000E-02
       -4.614064216613769531250000000000    3.373371064662933349609375000000E-02
       -4.613064289093017578125000000000    3.404375165700912475585937500000E-02
       -4.612064361572265625000000000000    3.435657918453216552734375000000E-02
       -4.611064434051513671875000000000    3.467220813035964965820312500000E-02
       -4.610064506530761718750000000000    3.499066084623336791992187500000E-02
       -4.609064579010009765625000000000    3.531196713447570800781250000000E-02
       -4.608064651489257812500000000000    3.563614934682846069335937500000E-02
       -4.607064723968505859375000000000    3.596323728561401367187500000000E-02
       -4.606064796447753906250000000000    3.629326075315475463867187500000E-02
       -4.605064868927001953125000000000    3.662623465061187744140625000000E-02
       -4.604064941406250000000000000000    3.696218878030776977539062500000E-02
       -4.603065013885498046875000000000    3.730114549398422241210937500000E-02
       -4.602065086364746093750000000000    3.764313459396362304687500000000E-02
       -4.601065158843994140625000000000    3.798818588256835937500000000000E-02
       -4.600065231323242187500000000000    3.833632916212081909179687500000E-02
       -4.599065303802490234375000000000    3.868758678436279296875000000000E-02
       -4.598065376281738281250000000000    3.904198110103607177734375000000E-02
       -4.597065448760986328125000000000    3.939954191446304321289062500000E-02
       -4.596065521240234375000000000000    3.976029902696609497070312500000E-02
       -4.595065593719482421875000000000    4.012428224086761474609375000000E-02
       -4.594065666198730468750000000000    4.049152135848999023437500000000E-02
       -4.593065738677978515625000000000    4.086204618215560913085937500000E-02
       -4.592065811157226562500000000000    4.123587161302566528320312500000E-02
       -4.591065883636474609375000000000    4.161302745342254638671875000000E-02
       -4.590065956115722656250000000000    4.199354350566864013671875000000E-02
       -4.589066028594970703125000000000    4.237745702266693115234375000000E-02
       -4.588066101074218750000000000000    4.276479780673980712890625000000E-02
       -4.587066173553466796875000000000    4.315559566020965576171875000000E-02
       -4.586066246032714843750000000000    4.354988038539886474609375000000E-02
       -4.585066318511962890625000000000    4.394767433404922485351562500000E-02
       -4.584066390991210937500000000000    4.434900730848312377929687500000E-02
       -4.583066463470458984375000000000    4.475391656160354614257812500000E-02
       -4.582066535949707031250000000000    4.516243189573287963867187500000E-02
       -4.581066608428955078125000000000    4.557458311319351196289062500000E-02
       -4.580066680908203125000000000000    4.599040746688842773437500000000E-02
       -4.579066753387451171875000000000    4.640992730855941772460937500000E-02
       -4.578066825866699218750000000000    4.683317244052886962890625000000E-02
       -4.577066898345947265625000000000    4.726018011569976806640625000000E-02
       -4.576066970825195312500000000000    4.769098758697509765625000000000E-02
       -4.575067043304443359375000000000    4.812562465667724609375000000000E-02
       -4.574067115783691406250000000000    4.856412857770919799804687500000E-02
       -4.573067188262939453125000000000    4.900653660297393798828125000000E-02
       -4.572067260742187500000000000000    4.945287108421325683593750000000E-02
       -4.571067333221435546875000000000    4.990316927433013916015625000000E-02
       -4.570067405700683593750000000000    5.035746842622756958007812500000E-02
       -4.569067478179931640625000000000    5.081579834222793579101562500000E-02
       -4.568067550659179687500000000000    5.127819627523422241210937500000E-02
       -4.567067623138427734375000000000    5.174469947814941406250000000000E-02
       -4.566067695617675781250000000000    5.221533775329589843750000000000E-02
       -4.565067768096923828125000000000    5.269014835357666015625000000000E-02
       -4.564067840576171875000000000000    5.316916853189468383789062500000E-02
       -4.563067913055419921875000000000    5.365243554115295410156250000000E-02
       -4.562067985534667968750000000000    5.413998663425445556640625000000E-02
       -4.561068058013916015625000000000    5.463185906410217285156250000000E-02
       -4.560068130493164062500000000000    5.512809753417968750000000000000E-02
       -4.559068202972412109375000000000    5.562872439622879028320312500000E-02
       -4.558068275451660156250000000000    5.613378435373306274414062500000E-02
       -4.557068347930908203125000000000    5.664331465959548950195312500000E-02
       -4.556068420410156250000000000000    5.715735256671905517578125000000E-02
       -4.555068492889404296875000000000    5.767594277858734130859375000000E-02
       -4.554068565368652343750000000000    5.819912254810333251953125000000E-02
       -4.553068637847900390625000000000    5.872692167758941650390625000000E-02
       -4.552068710327148437500000000000    5.925938487052917480468750000000E-02
       -4.551068782806396484375000000000    5.979654937982559204101562500000E-02
       -4.550068855285644531250000000000    6.033845990896224975585937500000E-02
       -4.549068927764892578125000000000    6.088516116142272949218750000000E-02
       -4.548069000244140625000000000000    6.143669784069061279296875000000E-02
       -4.547069072723388671875000000000    6.199311465024948120117187500000E-02
       -4.546069145202636718750000000000    6.255444139242172241210937500000E-02
       -4.545069217681884765625000000000    6.312071532011032104492187500000E-02
       -4.544069290161132812500000000000    6.369198113679885864257812500000E-02
       -4.543069362640380859375000000000    6.426828354597091674804687500000E-02
       -4.542069435119628906250000000000    6.484966725111007690429687500000E-02
       -4.541069507598876953125000000000    6.543617695569992065429687500000E-02
       -4.540069580078125000000000000000    6.602785736322402954101562500000E-02
       -4.539069652557373046875000000000    6.662475317716598510742187500000E-02
       -4.538069725036621093750000000000    6.722690910100936889648437500000E-02
       -4.537069797515869140625000000000    6.783436983823776245117187500000E-02
       -4.536069869995117187500000000000    6.844718009233474731445312500000E-02
       -4.535069942474365234375000000000    6.906538456678390502929687500000E-02
       -4.534070014953613281250000000000    6.968904286623001098632812500000E-02
       -4.533070087432861328125000000000    7.031818479299545288085937500000E-02
       -4.532070159912109375000000000000    7.095285505056381225585937500000E-02
       -4.531070232391357421875000000000    7.159311324357986450195312500000E-02
       -4.530070304870605468750000000000    7.223900407552719116210937500000E-02
       -4.529070377349853515625000000000    7.289057224988937377929687500000E-02
       -4.528070449829101562500000000000    7.354787737131118774414062500000E-02
       -4.527070522308349609375000000000    7.421096414327621459960937500000E-02
       -4.526070594787597656250000000000    7.487987726926803588867187500000E-02
       -4.525070667266845703125000000000    7.555466145277023315429687500000E-02
       -4.524070739746093750000000000000    7.623537629842758178710937500000E-02
       -4.523070812225341796875000000000    7.692206650972366333007812500000E-02
       -4.522070884704589843750000000000    7.761479169130325317382812500000E-02
       -4.521070957183837890625000000000    7.831361144781112670898437500000E-02
       -4.520071029663085937500000000000    7.901855558156967163085937500000E-02
       -4.519071102142333984375000000000    7.972968369722366333007812500000E-02
       -4.518071174621582031250000000000    8.044704049825668334960937500000E-02
       -4.517071247100830078125000000000    8.117068558931350708007812500000E-02
       -4.516071319580078125000000000000    8.190067857503890991210937500000E-02
       -4.515071392059326171875000000000    8.263707906007766723632812500000E-02
       -4.514071464538574218750000000000    8.337994664907455444335937500000E-02
       -4.513071537017822265625000000000    8.412931114435195922851562500000E-02
       -4.512071609497070312500000000000    8.488523215055465698242187500000E-02
       -4.511071681976318359375000000000    8.564776927232742309570312500000E-02
       -4.510071754455566406250000000000    8.641698211431503295898437500000E-02
       -4.509071826934814453125000000000    8.719293028116226196289062500000E-02
       -4.508071899414062500000000000000    8.797567337751388549804687500000E-02
       -4.507071971893310546875000000000    8.876525610685348510742187500000E-02
       -4.506072044372558593750000000000    8.956173807382583618164062500000E-02
       -4.505072116851806640625000000000    9.036517888307571411132812500000E-02
       -4.504072189331054687500000000000    9.117563813924789428710937500000E-02
       -4.503072261810302734375000000000    9.199319034814834594726562500000E-02
       -4.502072334289550781250000000000    9.281789511442184448242187500000E-02
       -4.501072406768798828125000000000    9.364981204271316528320312500000E-02
       -4.500072479248046875000000000000    9.448898583650588989257812500000E-02
       -4.499072551727294921875000000000    9.533547610044479370117187500000E-02
       -4.498072624206542968750000000000    9.618935734033584594726562500000E-02
       -4.497072696685791015625000000000    9.705068916082382202148437500000E-02
       -4.496072769165039062500000000000    9.791954606771469116210937500000E-02
       -4.495072841644287109375000000000    9.879598766565322875976562500000E-02
       -4.494072914123535156250000000000    9.968008846044540405273437500000E-02
       -4.493072986602783203125000000000    1.005718931555747985839843750000E-01
       -4.492073059082031250000000000000    1.014714613556861877441406250000E-01
       -4.491073131561279296875000000000    1.023788675665855407714843750000E-01
       -4.490073204040527343750000000000    1.032941862940788269042968750000E-01
       -4.489073276519775390625000000000    1.042174771428108215332031250000E-01
       -4.488073348999023437500000000000    1.051488146185874938964843750000E-01
       -4.487073421478271484375000000000    1.060882434248924255371093750000E-01
       -4.486073493957519531250000000000    1.070358380675315856933593750000E-01
       -4.485073566436767578125000000000    1.079916730523109436035156250000E-01
       -4.484073638916015625000000000000    1.089558228850364685058593750000E-01
       -4.483073711395263671875000000000    1.099283620715141296386718750000E-01
       -4.482073783874511718750000000000    1.109093651175498962402343750000E-01
       -4.481073856353759765625000000000    1.118989065289497375488281250000E-01
       -4.480073928833007812500000000000    1.128970459103584289550781250000E-01
       -4.479074001312255859375000000000    1.139038577675819396972656250000E-01
       -4.478074073791503906250000000000    1.149194166064262390136718750000E-01
       -4.477074146270751953125000000000    1.159437969326972961425781250000E-01
       -4.476074218750000000000000000000    1.169770732522010803222656250000E-01
       -4.475074291229248046875000000000    1.180193349719047546386718750000E-01
       -4.474074363708496093750000000000    1.190706565976142883300781250000E-01
       -4.473074436187744140625000000000    1.201310977339744567871093750000E-01
       -4.472074508666992187500000000000    1.212007328867912292480468750000E-01
       -4.471074581146240234375000000000    1.222796365618705749511718750000E-01
       -4.470074653625488281250000000000    1.233678981661796569824218750000E-01
       -4.469074726104736328125000000000    1.244656071066856384277343750000E-01
       -4.468074798583984375000000000000    1.255728304386138916015625000000E-01
       -4.467074871063232421875000000000    1.266896128654479980468750000000E-01
       -4.466074943542480468750000000000    1.278160512447357177734375000000E-01
       -4.465075016021728515625000000000    1.289522349834442138671875000000E-01
       -4.464075088500976562500000000000    1.300982534885406494140625000000E-01
       -4.463075160980224609375000000000    1.312541961669921875000000000000E-01
       -4.462075233459472656250000000000    1.324201524257659912109375000000E-01
       -4.461075305938720703125000000000    1.335962116718292236328125000000E-01
       -4.460075378417968750000000000000    1.347824335098266601562500000000E-01
       -4.459075450897216796875000000000    1.359789073467254638671875000000E-01
       -4.458075523376464843750000000000    1.371857225894927978515625000000E-01
       -4.457075595855712890625000000000    1.384029686450958251953125000000E-01
       -4.456075668334960937500000000000    1.396307349205017089843750000000E-01
       -4.455075740814208984375000000000    1.408691108226776123046875000000E-01
       -4.454075813293457031250000000000    1.421181857585906982421875000000E-01
       -4.453075885772705078125000000000    1.433780491352081298828125000000E-01
       -4.452075958251953125000000000000    1.446487903594970703125000000000E-01
       -4.451076030731201171875000000000    1.459304988384246826171875000000E-01
       -4.450076103210449218750000000000    1.472232639789581298828125000000E-01
       -4.449076175689697265625000000000    1.485272049903869628906250000000E-01
       -4.448076248168945312500000000000    1.498424112796783447265625000000E-01
       -4.447076320648193359375000000000    1.511689424514770507812500000000E-01
       -4.446076393127441406250000000000    1.525068879127502441406250000000E-01
       -4.445076465606689453125000000000    1.538563668727874755859375000000E-01
       -4.444076538085937500000000000000    1.552174687385559082031250000000E-01
       -4.443076610565185546875000000000    1.565903127193450927734375000000E-01
       -4.442076683044433593750000000000    1.579749882221221923828125000000E-01
       -4.441076755523681640625000000000    1.593716144561767578125000000000E-01
       -4.440076828002929687500000000000    1.607802510261535644531250000000E-01
       -4.439076900482177734375000000000    1.622009873390197753906250000000E-01
       -4.438076972961425781250000000000    1.636339426040649414062500000000E-01
       -4.437077045440673828125000000000    1.650792360305786132812500000000E-01
       -4.436077117919921875000000000000    1.665369570255279541015625000000E-01
       -4.435077190399169921875000000000    1.680072247982025146484375000000E-01
       -4.434077262878417968750000000000    1.694901585578918457031250000000E-01
       -4.433077335357666015625000000000    1.709858179092407226562500000000E-01
       -4.432077407836914062500000000000    1.724943220615386962890625000000E-01
       -4.431077480316162109375000000000    1.740157902240753173828125000000E-01
       -4.430077552795410156250000000000    1.755503416061401367187500000000E-01
       -4.429077625274658203125000000000    1.770980656147003173828125000000E-01
       -4.428077697753906250000000000000    1.786590814590454101562500000000E-01
       -4.427077770233154296875000000000    1.802334785461425781250000000000E-01
       -4.426077842712402343750000000000    1.818213760852813720703125000000E-01
       -4.425077915191650390625000000000    1.834228932857513427734375000000E-01
       -4.424077987670898437500000000000    1.850381493568420410156250000000E-01
       -4.423078060150146484375000000000    1.866672635078430175781250000000E-01
       -4.422078132629394531250000000000    1.883103549480438232421875000000E-01
       -4.421078205108642578125000000000    1.899675428867340087890625000000E-01
       -4.420078277587890625000000000000    1.916389167308807373046875000000E-01
       -4.419078350067138671875000000000    1.933245956897735595703125000000E-01
       -4.418078422546386718750000000000    1.950246989727020263671875000000E-01
       -4.417078495025634765625000000000    1.967393457889556884765625000000E-01
       -4.416078567504882812500000000000    1.984686851501464843750000000000E-01
       -4.415078639984130859375000000000    2.002128362655639648437500000000E-01
       -4.414078712463378906250000000000    2.019719183444976806640625000000E-01
       -4.413078784942626953125000000000    2.037460207939147949218750000000E-01
       -4.412078857421875000000000000000    2.055352926254272460937500000000E-01
       -4.411078929901123046875000000000    2.073398530483245849609375000000E-01
       -4.410079002380371093750000000000    2.091598510742187500000000000000E-01
       -4.409079074859619140625000000000    2.109954059123992919921875000000E-01
       -4.408079147338867187500000000000    2.128466665744781494140625000000E-01
       -4.407079219818115234375000000000    2.147137522697448730468750000000E-01
       -4.406079292297363281250000000000    2.165967524051666259765625000000E-01
       -4.405079364776611328125000000000    2.184958159923553466796875000000E-01
       -4.404079437255859375000000000000    2.204110920429229736328125000000E-01
       -4.403079509735107421875000000000    2.223426997661590576171875000000E-01
       -4.402079582214355468750000000000    2.242907881736755371093750000000E-01
       -4.401079654693603515625000000000    2.262555062770843505859375000000E-01
       -4.400079727172851562500000000000    2.282369434833526611328125000000E-01
       -4.399079799652099609375000000000    2.302352488040924072265625000000E-01
       -4.398079872131347656250000000000    2.322505712509155273437500000000E-01
       -4.397079944610595703125000000000    2.342830598354339599609375000000E-01
       -4.396080017089843750000000000000    2.363328635692596435546875000000E-01
       -4.395080089569091796875000000000    2.384001314640045166015625000000E-01
       -4.394080162048339843750000000000    2.404850125312805175781250000000E-01
       -4.393080234527587890625000000000    2.425875961780548095703125000000E-01
       -4.392080307006835937500000000000    2.447080612182617187500000000000E-01
       -4.391080379486083984375000000000    2.468465566635131835937500000000E-01
       -4.390080451965332031250000000000    2.490032315254211425781250000000E-01
       -4.389080524444580078125000000000    2.511782646179199218750000000000E-01
       -4.388080596923828125000000000000    2.533717751502990722656250000000E-01
       -4.387080669403076171875000000000    2.555839419364929199218750000000E-01
       -4.386080741882324218750000000000    2.578148841857910156250000000000E-01
       -4.385080814361572265625000000000    2.600647807121276855468750000000E-01
       -4.384080886840820312500000000000    2.623337507247924804687500000000E-01
       -4.383080959320068359375000000000    2.646219730377197265625000000000E-01
       -4.382081031799316406250000000000    2.669296264648437500000000000000E-01
       -4.381081104278564453125000000000    2.692568898200988769531250000000E-01
       -4.380081176757812500000000000000    2.716039419174194335937500000000E-01
       -4.379081249237060546875000000000    2.739709019660949707031250000000E-01
       -4.378081321716308593750000000000    2.763578891754150390625000000000E-01
       -4.377081394195556640625000000000    2.787650823593139648437500000000E-01
       -4.376081466674804687500000000000    2.811926603317260742187500000000E-01
       -4.375081539154052734375000000000    2.836408019065856933593750000000E-01
       -4.374081611633300781250000000000    2.861096858978271484375000000000E-01
       -4.373081684112548828125000000000    2.885994911193847656250000000000E-01
       -4.372081756591796875000000000000    2.911103367805480957031250000000E-01
       -4.371081829071044921875000000000    2.936424016952514648437500000000E-01
       -4.370081901550292968750000000000    2.961958646774291992187500000000E-01
       -4.369081974029541015625000000000    2.987709641456604003906250000000E-01
       -4.368082046508789062500000000000    3.013678789138793945312500000000E-01
       -4.367082118988037109375000000000    3.039867877960205078125000000000E-01
       -4.366082191467285156250000000000    3.066278100013732910156250000000E-01
       -4.365082263946533203125000000000    3.092911243438720703125000000000E-01
       -4.364082336425781250000000000000    3.119769096374511718750000000000E-01
       -4.363082408905029296875000000000    3.146854043006896972656250000000E-01
       -4.362082481384277343750000000000    3.174167871475219726562500000000E-01
       -4.361082553863525390625000000000    3.201712369918823242187500000000E-01
       -4.360082626342773437500000000000    3.229489922523498535156250000000E-01
       -4.359082698822021484375000000000    3.257501721382141113281250000000E-01
       -4.358082771301269531250000000000    3.285749554634094238281250000000E-01
       -4.357082843780517578125000000000    3.314235806465148925781250000000E-01
       -4.356082916259765625000000000000    3.342962265014648437500000000000E-01
       -4.355082988739013671875000000000    3.371931314468383789062500000000E-01
       -4.354083061218261718750000000000    3.401144742965698242187500000000E-01
       -4.353083133697509765625000000000    3.430604934692382812500000000000E-01
       -4.352083206176757812500000000000    3.460313081741333007812500000000E-01
       -4.351083278656005859375000000000    3.490270972251892089843750000000E-01
       -4.350083351135253906250000000000    3.520480990409851074218750000000E-01
       -4.349083423614501953125000000000    3.550945520401000976562500000000E-01
       -4.348083496093750000000000000000    3.581666350364685058593750000000E-01
       -4.347083568572998046875000000000    3.612645864486694335937500000000E-01
       -4.346083641052246093750000000000    3.643886446952819824218750000000E-01
       -4.345083713531494140625000000000    3.675389289855957031250000000000E-01
       -4.344083786010742187500000000000    3.707156777381896972656250000000E-01
       -4.343083858489990234375000000000    3.739191293716430664062500000000E-01
       -4.342083930969238281250000000000    3.771495223045349121093750000000E-01
       -4.341084003448486328125000000000    3.804070949554443359375000000000E-01
       -4.340084075927734375000000000000    3.836920857429504394531250000000E-01
       -4.339084148406982421875000000000    3.870047330856323242187500000000E-01
       -4.338084220886230468750000000000    3.903451561927795410156250000000E-01
       -4.337084293365478515625000000000    3.937135934829711914062500000000E-01
       -4.336084365844726562500000000000    3.971102833747863769531250000000E-01
       -4.335084438323974609375000000000    4.005354642868041992187500000000E-01
       -4.334084510803222656250000000000    4.039893746376037597656250000000E-01
       -4.333084583282470703125000000000    4.074722528457641601562500000000E-01
       -4.332084655761718750000000000000    4.109843969345092773437500000000E-01
       -4.331084728240966796875000000000    4.145259261131286621093750000000E-01
       -4.330084800720214843750000000000    4.180970788002014160156250000000E-01
       -4.329084873199462890625000000000    4.216981530189514160156250000000E-01
       -4.328084945678710937500000000000    4.253293871879577636718750000000E-01
       -4.327085018157958984375000000000    4.289910197257995605468750000000E-01
       -4.326085090637207031250000000000    4.326833486557006835937500000000E-01
       -4.325085163116455078125000000000    4.364066123962402343750000000000E-01
       -4.324085235595703125000000000000    4.401609897613525390625000000000E-01
       -4.323085308074951171875000000000    4.439467191696166992187500000000E-01
       -4.322085380554199218750000000000    4.477640986442565917968750000000E-01
       -4.321085453033447265625000000000    4.516134262084960937500000000000E-01
       -4.320085525512695312500000000000    4.554949402809143066406250000000E-01
       -4.319085597991943359375000000000    4.594089388847351074218750000000E-01
       -4.318085670471191406250000000000    4.633556008338928222656250000000E-01
       -4.317085742950439453125000000000    4.673351645469665527343750000000E-01
       -4.316085815429687500000000000000    4.713479280471801757812500000000E-01
       -4.315085887908935546875000000000    4.753941893577575683593750000000E-01
       -4.314085960388183593750000000000    4.794742465019226074218750000000E-01
       -4.313086032867431640625000000000    4.835883975028991699218750000000E-01
       -4.312086105346679687500000000000    4.877368807792663574218750000000E-01
       -4.311086177825927734375000000000    4.919198751449584960937500000000E-01
       -4.310086250305175781250000000000    4.961376786231994628906250000000E-01
       -4.309086322784423828125000000000    5.003905892372131347656250000000E-01
       -4.308086395263671875000000000000    5.046789050102233886718750000000E-01
       -4.307086467742919921875000000000    5.090029835700988769531250000000E-01
       -4.306086540222167968750000000000    5.133630633354187011718750000000E-01
       -4.305086612701416015625000000000    5.177595019340515136718750000000E-01
       -4.304086685180664062500000000000    5.221925377845764160156250000000E-01
       -4.303086757659912109375000000000    5.266624093055725097656250000000E-01
       -4.302086830139160156250000000000    5.311694741249084472656250000000E-01
       -4.301086902618408203125000000000    5.357139706611633300781250000000E-01
       -4.300086975097656250000000000000    5.402962565422058105468750000000E-01
       -4.299087047576904296875000000000    5.449166893959045410156250000000E-01
       -4.298087120056152343750000000000    5.495756268501281738281250000000E-01
       -4.297087192535400390625000000000    5.542731881141662597656250000000E-01
       -4.296087265014648437500000000000    5.590097308158874511718750000000E-01
       -4.295087337493896484375000000000    5.637856125831604003906250000000E-01
       -4.294087409973144531250000000000    5.686011910438537597656250000000E-01
       -4.293087482452392578125000000000    5.734567046165466308593750000000E-01
       -4.292087554931640625000000000000    5.783525109291076660156250000000E-01
       -4.291087627410888671875000000000    5.832889676094055175781250000000E-01
       -4.290087699890136718750000000000    5.882663130760192871093750000000E-01
       -4.289087772369384765625000000000    5.932849049568176269531250000000E-01
       -4.288087844848632812500000000000    5.983451008796691894531250000000E-01
       -4.287087917327880859375000000000    6.034472584724426269531250000000E-01
       -4.286087989807128906250000000000    6.085917353630065917968750000000E-01
       -4.285088062286376953125000000000    6.137788891792297363281250000000E-01
       -4.284088134765625000000000000000    6.190090775489807128906250000000E-01
       -4.283088207244873046875000000000    6.242825388908386230468750000000E-01
       -4.282088279724121093750000000000    6.295996308326721191406250000000E-01
       -4.281088352203369140625000000000    6.349607110023498535156250000000E-01
       -4.280088424682617187500000000000    6.403661370277404785156250000000E-01
       -4.279088497161865234375000000000    6.458162665367126464843750000000E-01
       -4.278088569641113281250000000000    6.513114571571350097656250000000E-01
       -4.277088642120361328125000000000    6.568521857261657714843750000000E-01
       -4.276088714599609375000000000000    6.624386906623840332031250000000E-01
       -4.275088787078857421875000000000    6.680713295936584472656250000000E-01
       -4.274088859558105468750000000000    6.737504601478576660156250000000E-01
       -4.273088932037353515625000000000    6.794764399528503417968750000000E-01
       -4.272089004516601562500000000000    6.852497458457946777343750000000E-01
       -4.271089076995849609375000000000    6.910707354545593261718750000000E-01
       -4.270089149475097656250000000000    6.969398856163024902343750000000E-01
       -4.269089221954345703125000000000    7.028574347496032714843750000000E-01
       -4.268089294433593750000000000000    7.088237404823303222656250000000E-01
       -4.267089366912841796875000000000    7.148392796516418457031250000000E-01
       -4.266089439392089843750000000000    7.209044098854064941406250000000E-01
       -4.265089511871337890625000000000    7.270196080207824707031250000000E-01
       -4.264089584350585937500000000000    7.331852316856384277343750000000E-01
       -4.263089656829833984375000000000    7.394017577171325683593750000000E-01
       -4.262089729309082031250000000000    7.456694245338439941406250000000E-01
       -4.261089801788330078125000000000    7.519885897636413574218750000000E-01
       -4.260089874267578125000000000000    7.583597302436828613281250000000E-01
       -4.259089946746826171875000000000    7.647833228111267089843750000000E-01
       -4.258090019226074218750000000000    7.712598443031311035156250000000E-01
       -4.257090091705322265625000000000    7.777896523475646972656250000000E-01
       -4.256090164184570312500000000000    7.843732237815856933593750000000E-01
       -4.255090236663818359375000000000    7.910107970237731933593750000000E-01
       -4.254090309143066406250000000000    7.977028489112854003906250000000E-01
       -4.253090381622314453125000000000    8.044498562812805175781250000000E-01
       -4.252090454101562500000000000000    8.112522959709167480468750000000E-01
       -4.251090526580810546875000000000    8.181106448173522949218750000000E-01
       -4.250090599060058593750000000000    8.250253796577453613281250000000E-01
       -4.249090671539306640625000000000    8.319969773292541503906250000000E-01
       -4.248090744018554687500000000000    8.390256762504577636718750000000E-01
       -4.247090816497802734375000000000    8.461119532585144042968750000000E-01
       -4.246090888977050781250000000000    8.532562851905822753906250000000E-01
       -4.245090961456298828125000000000    8.604591488838195800781250000000E-01
       -4.244091033935546875000000000000    8.677211403846740722656250000000E-01
       -4.243091106414794921875000000000    8.750427365303039550781250000000E-01
       -4.242091178894042968750000000000    8.824244141578674316406250000000E-01
       -4.241091251373291015625000000000    8.898665308952331542968750000000E-01
       -4.240091323852539062500000000000    8.973695635795593261718750000000E-01
       -4.239091396331787109375000000000    9.049339890480041503906250000000E-01
       -4.238091468811035156250000000000    9.125602841377258300781250000000E-01
       -4.237091541290283203125000000000    9.202490448951721191406250000000E-01
       -4.236091613769531250000000000000    9.280007481575012207031250000000E-01
       -4.235091686248779296875000000000    9.358159899711608886718750000000E-01
       -4.234091758728027343750000000000    9.436950087547302246093750000000E-01
       -4.233091831207275390625000000000    9.516384005546569824218750000000E-01
       -4.232091903686523437500000000000    9.596466422080993652343750000000E-01
       -4.231091976165771484375000000000    9.677203297615051269531250000000E-01
       -4.230092048645019531250000000000    9.758600592613220214843750000000E-01
       -4.229092121124267578125000000000    9.840663075447082519531250000000E-01
       -4.228092193603515625000000000000    9.923396706581115722656250000000E-01
       -4.227092266082763671875000000000    1.000680446624755859375000000000E+00
       -4.226092338562011718750000000000    1.009089231491088867187500000000E+00
       -4.225092411041259765625000000000    1.017566680908203125000000000000E+00
       -4.224092483520507812500000000000    1.026113271713256835937500000000E+00
       -4.223092555999755859375000000000    1.034729480743408203125000000000E+00
       -4.222092628479003906250000000000    1.043416023254394531250000000000E+00
       -4.221092700958251953125000000000    1.052173376083374023437500000000E+00
       -4.220092773437500000000000000000    1.061002016067504882812500000000E+00
       -4.219092845916748046875000000000    1.069902420043945312500000000000E+00
       -4.218092918395996093750000000000    1.078875303268432617187500000000E+00
       -4.217092990875244140625000000000    1.087921142578125000000000000000E+00
       -4.216093063354492187500000000000    1.097040653228759765625000000000E+00
       -4.215093135833740234375000000000    1.106234550476074218750000000000E+00
       -4.214093208312988281250000000000    1.115503311157226562500000000000E+00
       -4.213093280792236328125000000000    1.124847412109375000000000000000E+00
       -4.212093353271484375000000000000    1.134267330169677734375000000000E+00
       -4.211093425750732421875000000000    1.143763780593872070312500000000E+00
       -4.210093498229980468750000000000    1.153337478637695312500000000000E+00
       -4.209093570709228515625000000000    1.162988901138305664062500000000E+00
       -4.208093643188476562500000000000    1.172718763351440429687500000000E+00
       -4.207093715667724609375000000000    1.182527780532836914062500000000E+00
       -4.206093788146972656250000000000    1.192416191101074218750000000000E+00
       -4.205093860626220703125000000000    1.202384710311889648437500000000E+00
       -4.204093933105468750000000000000    1.212434053421020507812500000000E+00
       -4.203094005584716796875000000000    1.222564935684204101562500000000E+00
       -4.202094078063964843750000000000    1.232778072357177734375000000000E+00
       -4.201094150543212890625000000000    1.243074178695678710937500000000E+00
       -4.200094223022460937500000000000    1.253453969955444335937500000000E+00
       -4.199094295501708984375000000000    1.263917684555053710937500000000E+00
       -4.198094367980957031250000000000    1.274466037750244140625000000000E+00
       -4.197094440460205078125000000000    1.285099744796752929687500000000E+00
       -4.196094512939453125000000000000    1.295819520950317382812500000000E+00
       -4.195094585418701171875000000000    1.306626081466674804687500000000E+00
       -4.194094657897949218750000000000    1.317520141601562500000000000000E+00
       -4.193094730377197265625000000000    1.328502416610717773437500000000E+00
       -4.192094802856445312500000000000    1.339573621749877929687500000000E+00
       -4.191094875335693359375000000000    1.350734233856201171875000000000E+00
       -4.190094947814941406250000000000    1.361984968185424804687500000000E+00
       -4.189095020294189453125000000000    1.373326539993286132812500000000E+00
       -4.188095092773437500000000000000    1.384759902954101562500000000000E+00
       -4.187095165252685546875000000000    1.396285772323608398437500000000E+00
       -4.186095237731933593750000000000    1.407904863357543945312500000000E+00
       -4.185095310211181640625000000000    1.419617891311645507812500000000E+00
       -4.184095382690429687500000000000    1.431425333023071289062500000000E+00
       -4.183095455169677734375000000000    1.443327903747558593750000000000E+00
       -4.182095527648925781250000000000    1.455326557159423828125000000000E+00
       -4.181095600128173828125000000000    1.467422008514404296875000000000E+00
       -4.180095672607421875000000000000    1.479614973068237304687500000000E+00
       -4.179095745086669921875000000000    1.491906404495239257812500000000E+00
       -4.178095817565917968750000000000    1.504297018051147460937500000000E+00
       -4.177095890045166015625000000000    1.516787290573120117187500000000E+00
       -4.176095962524414062500000000000    1.529378175735473632812500000000E+00
       -4.175096035003662109375000000000    1.542070388793945312500000000000E+00
       -4.174096107482910156250000000000    1.554864883422851562500000000000E+00
       -4.173096179962158203125000000000    1.567762374877929687500000000000E+00
       -4.172096252441406250000000000000    1.580763816833496093750000000000E+00
       -4.171096324920654296875000000000    1.593869924545288085937500000000E+00
       -4.170096397399902343750000000000    1.607081413269042968750000000000E+00
       -4.169096469879150390625000000000    1.620398998260498046875000000000E+00
       -4.168096542358398437500000000000    1.633823633193969726562500000000E+00
       -4.167096614837646484375000000000    1.647356271743774414062500000000E+00
       -4.166096687316894531250000000000    1.660997629165649414062500000000E+00
       -4.165096759796142578125000000000    1.674748659133911132812500000000E+00
       -4.164096832275390625000000000000    1.688610315322875976562500000000E+00
       -4.163096904754638671875000000000    1.702583074569702148437500000000E+00
       -4.162096977233886718750000000000    1.716667890548706054687500000000E+00
       -4.161097049713134765625000000000    1.730865716934204101562500000000E+00
       -4.160097122192382812500000000000    1.745177507400512695312500000000E+00
       -4.159097194671630859375000000000    1.759604215621948242187500000000E+00
       -4.158097267150878906250000000000    1.774146795272827148437500000000E+00
       -4.157097339630126953125000000000    1.788806200027465820312500000000E+00
       -4.156097412109375000000000000000    1.803582906723022460937500000000E+00
       -4.155097484588623046875000000000    1.818477869033813476562500000000E+00
       -4.154097557067871093750000000000    1.833492040634155273437500000000E+00
       -4.153097629547119140625000000000    1.848626375198364257812500000000E+00
       -4.152097702026367187500000000000    1.863881826400756835937500000000E+00
       -4.151097774505615234375000000000    1.879259586334228515625000000000E+00
       -4.150097846984863281250000000000    1.894760608673095703125000000000E+00
       -4.149097919464111328125000000000    1.910385370254516601562500000000E+00
       -4.148097991943359375000000000000    1.926134824752807617187500000000E+00
       -4.147098064422607421875000000000    1.942010164260864257812500000000E+00
       -4.146098136901855468750000000000    1.958012342453002929687500000000E+00
       -4.145098209381103515625000000000    1.974142313003540039062500000000E+00
       -4.144098281860351562500000000000    1.990401268005371093750000000000E+00
       -4.143098354339599609375000000000    2.006790161132812500000000000000E+00
       -4.142098426818847656250000000000    2.023310184478759765625000000000E+00
       -4.141098499298095703125000000000    2.039961814880371093750000000000E+00
       -4.140098571777343750000000000000    2.056746006011962890625000000000E+00
       -4.139098644256591796875000000000    2.073664188385009765625000000000E+00
       -4.138098716735839843750000000000    2.090717315673828125000000000000E+00
       -4.137098789215087890625000000000    2.107906341552734375000000000000E+00
       -4.136098861694335937500000000000    2.125232696533203125000000000000E+00
       -4.135098934173583984375000000000    2.142697334289550781250000000000E+00
       -4.134099006652832031250000000000    2.160300731658935546875000000000E+00
       -4.133099079132080078125000000000    2.178044319152832031250000000000E+00
       -4.132099151611328125000000000000    2.195929050445556640625000000000E+00
       -4.131099224090576171875000000000    2.213956356048583984375000000000E+00
       -4.130099296569824218750000000000    2.232127189636230468750000000000E+00
       -4.129099369049072265625000000000    2.250442981719970703125000000000E+00
       -4.128099441528320312500000000000    2.268904685974121093750000000000E+00
       -4.127099514007568359375000000000    2.287512779235839843750000000000E+00
       -4.126099586486816406250000000000    2.306268692016601562500000000000E+00
       -4.125099658966064453125000000000    2.325173377990722656250000000000E+00
       -4.124099731445312500000000000000    2.344228267669677734375000000000E+00
       -4.123099803924560546875000000000    2.363434791564941406250000000000E+00
       -4.122099876403808593750000000000    2.382793903350830078125000000000E+00
       -4.121099948883056640625000000000    2.402307033538818359375000000000E+00
       -4.120100021362304687500000000000    2.421974658966064453125000000000E+00
       -4.119100093841552734375000000000    2.441798210144042968750000000000E+00
       -4.118100166320800781250000000000    2.461779117584228515625000000000E+00
       -4.117100238800048828125000000000    2.481918334960937500000000000000E+00
       -4.116100311279296875000000000000    2.502217292785644531250000000000E+00
       -4.115100383758544921875000000000    2.522677421569824218750000000000E+00
       -4.114100456237792968750000000000    2.543300151824951171875000000000E+00
       -4.113100528717041015625000000000    2.564086437225341796875000000000E+00
       -4.112100601196289062500000000000    2.585037231445312500000000000000E+00
       -4.111100673675537109375000000000    2.606153964996337890625000000000E+00
       -4.110100746154785156250000000000    2.627438068389892578125000000000E+00
       -4.109100818634033203125000000000    2.648890495300292968750000000000E+00
       -4.108100891113281250000000000000    2.670512676239013671875000000000E+00
       -4.107100963592529296875000000000    2.692306041717529296875000000000E+00
       -4.106101036071777343750000000000    2.714272022247314453125000000000E+00
       -4.105101108551025390625000000000    2.736411571502685546875000000000E+00
       -4.104101181030273437500000000000    2.758726119995117187500000000000E+00
       -4.103101253509521484375000000000    2.781217098236083984375000000000E+00
       -4.102101325988769531250000000000    2.803885936737060546875000000000E+00
       -4.101101398468017578125000000000    2.826734066009521484375000000000E+00
       -4.100101470947265625000000000000    2.849762916564941406250000000000E+00
       -4.099101543426513671875000000000    2.872973918914794921875000000000E+00
       -4.098101615905761718750000000000    2.896368026733398437500000000000E+00
       -4.097101688385009765625000000000    2.919946670532226562500000000000E+00
       -4.096101760864257812500000000000    2.943711280822753906250000000000E+00
       -4.095101833343505859375000000000    2.967663288116455078125000000000E+00
       -4.094101905822753906250000000000    2.991804122924804687500000000000E+00
       -4.093101978302001953125000000000    3.016135215759277343750000000000E+00
       -4.092102050781250000000000000000    3.040658473968505859375000000000E+00
       -4.091102123260498046875000000000    3.065374374389648437500000000000E+00
       -4.090102195739746093750000000000    3.090284824371337890625000000000E+00
       -4.089102268218994140625000000000    3.115391254425048828125000000000E+00
       -4.088102340698242187500000000000    3.140695095062255859375000000000E+00
       -4.087102413177490234375000000000    3.166198253631591796875000000000E+00
       -4.086102485656738281250000000000    3.191902160644531250000000000000E+00
       -4.085102558135986328125000000000    3.217808723449707031250000000000E+00
       -4.084102630615234375000000000000    3.243919372558593750000000000000E+00
       -4.083102703094482421875000000000    3.270235061645507812500000000000E+00
       -4.082102775573730468750000000000    3.296757221221923828125000000000E+00
       -4.081102848052978515625000000000    3.323487758636474609375000000000E+00
       -4.080102920532226562500000000000    3.350428104400634765625000000000E+00
       -4.079102993011474609375000000000    3.377580165863037109375000000000E+00
       -4.078103065490722656250000000000    3.404945850372314453125000000000E+00
       -4.077103137969970703125000000000    3.432526588439941406250000000000E+00
       -4.076103210449218750000000000000    3.460323333740234375000000000000E+00
       -4.075103282928466796875000000000    3.488337993621826171875000000000E+00
       -4.074103355407714843750000000000    3.516571998596191406250000000000E+00
       -4.073103427886962890625000000000    3.545027256011962890625000000000E+00
       -4.072103500366210937500000000000    3.573705673217773437500000000000E+00
       -4.071103572845458984375000000000    3.602609157562255859375000000000E+00
       -4.070103645324707031250000000000    3.631739616394042968750000000000E+00
       -4.069103717803955078125000000000    3.661098003387451171875000000000E+00
       -4.068103790283203125000000000000    3.690685749053955078125000000000E+00
       -4.067103862762451171875000000000    3.720504760742187500000000000000E+00
       -4.066103935241699218750000000000    3.750556945800781250000000000000E+00
       -4.065104007720947265625000000000    3.780844211578369140625000000000E+00
       -4.064104080200195312500000000000    3.811368465423583984375000000000E+00
       -4.063104152679443359375000000000    3.842131614685058593750000000000E+00
       -4.062104225158691406250000000000    3.873135566711425781250000000000E+00
       -4.061104297637939453125000000000    3.904381275177001953125000000000E+00
       -4.060104370117187500000000000000    3.935870647430419921875000000000E+00
       -4.059104442596435546875000000000    3.967606067657470703125000000000E+00
       -4.058104515075683593750000000000    3.999589443206787109375000000000E+00
       -4.057104587554931640625000000000    4.031822681427001953125000000000E+00
       -4.056104660034179687500000000000    4.064307689666748046875000000000E+00
       -4.055104732513427734375000000000    4.097046375274658203125000000000E+00
       -4.054104804992675781250000000000    4.130039691925048828125000000000E+00
       -4.053104877471923828125000000000    4.163289546966552734375000000000E+00
       -4.052104949951171875000000000000    4.196798801422119140625000000000E+00
       -4.051105022430419921875000000000    4.230569362640380859375000000000E+00
       -4.050105094909667968750000000000    4.264603137969970703125000000000E+00
       -4.049105167388916015625000000000    4.298902034759521484375000000000E+00
       -4.048105239868164062500000000000    4.333468914031982421875000000000E+00
       -4.047105312347412109375000000000    4.368304729461669921875000000000E+00
       -4.046105384826660156250000000000    4.403411388397216796875000000000E+00
       -4.045105457305908203125000000000    4.438790798187255859375000000000E+00
       -4.044105529785156250000000000000    4.474445819854736328125000000000E+00
       -4.043105602264404296875000000000    4.510378360748291015625000000000E+00
       -4.042105674743652343750000000000    4.546590328216552734375000000000E+00
       -4.041105747222900390625000000000    4.583084583282470703125000000000E+00
       -4.040105819702148437500000000000    4.619863033294677734375000000000E+00
       -4.039105892181396484375000000000    4.656926631927490234375000000000E+00
       -4.038105964660644531250000000000    4.694278240203857421875000000000E+00
       -4.037106037139892578125000000000    4.731919765472412109375000000000E+00
       -4.036106109619140625000000000000    4.769853115081787109375000000000E+00
       -4.035106182098388671875000000000    4.808081150054931640625000000000E+00
       -4.034106254577636718750000000000    4.846605777740478515625000000000E+00
       -4.033106327056884765625000000000    4.885429859161376953125000000000E+00
       -4.032106399536132812500000000000    4.924554347991943359375000000000E+00
       -4.031106472015380859375000000000    4.963982105255126953125000000000E+00
       -4.030106544494628906250000000000    5.003715038299560546875000000000E+00
       -4.029106616973876953125000000000    5.043756008148193359375000000000E+00
       -4.028106689453125000000000000000    5.084106922149658203125000000000E+00
       -4.027106761932373046875000000000    5.124770641326904296875000000000E+00
       -4.026106834411621093750000000000    5.165750026702880859375000000000E+00
       -4.025106906890869140625000000000    5.207046031951904296875000000000E+00
       -4.024106979370117187500000000000    5.248661518096923828125000000000E+00
       -4.023107051849365234375000000000    5.290598392486572265625000000000E+00
       -4.022107124328613281250000000000    5.332859516143798828125000000000E+00
       -4.021107196807861328125000000000    5.375447750091552734375000000000E+00
       -4.020107269287109375000000000000    5.418365001678466796875000000000E+00
       -4.019107341766357421875000000000    5.461614131927490234375000000000E+00
       -4.018107414245605468750000000000    5.505198001861572265625000000000E+00
       -4.017107486724853515625000000000    5.549117565155029296875000000000E+00
       -4.016107559204101562500000000000    5.593375682830810546875000000000E+00
       -4.015107631683349609375000000000    5.637975215911865234375000000000E+00
       -4.014107704162597656250000000000    5.682919025421142578125000000000E+00
       -4.013107776641845703125000000000    5.728209972381591796875000000000E+00
       -4.012107849121093750000000000000    5.773850917816162109375000000000E+00
       -4.011107921600341796875000000000    5.819844722747802734375000000000E+00
       -4.010107994079589843750000000000    5.866192340850830078125000000000E+00
       -4.009108066558837890625000000000    5.912896633148193359375000000000E+00
       -4.008108139038085937500000000000    5.959960460662841796875000000000E+00
       -4.007108211517333984375000000000    6.007386684417724609375000000000E+00
       -4.006108283996582031250000000000    6.055178165435791015625000000000E+00
       -4.005108356475830078125000000000    6.103337764739990234375000000000E+00
       -4.004108428955078125000000000000    6.151868343353271484375000000000E+00
       -4.003108501434326171875000000000    6.200772762298583984375000000000E+00
       -4.002108573913574218750000000000    6.250052928924560546875000000000E+00
       -4.001108646392822265625000000000    6.299711704254150390625000000000E+00
       -4.000108718872070312500000000000    6.349751949310302734375000000000E+00
       -3.999108791351318359375000000000    6.400176525115966796875000000000E+00
       -3.998108863830566406250000000000    6.450988292694091796875000000000E+00
       -3.997108936309814453125000000000    6.502191066741943359375000000000E+00
       -3.996109008789062500000000000000    6.553787708282470703125000000000E+00
       -3.995109081268310546875000000000    6.605780124664306640625000000000E+00
       -3.994109153747558593750000000000    6.658171176910400390625000000000E+00
       -3.993109226226806640625000000000    6.710963726043701171875000000000E+00
       -3.992109298706054687500000000000    6.764160633087158203125000000000E+00
       -3.991109371185302734375000000000    6.817765712738037109375000000000E+00
       -3.990109443664550781250000000000    6.871781826019287109375000000000E+00
       -3.989109516143798828125000000000    6.926212787628173828125000000000E+00
       -3.988109588623046875000000000000    6.981061458587646484375000000000E+00
       -3.987109661102294921875000000000    7.036329746246337890625000000000E+00
       -3.986109733581542968750000000000    7.092020511627197265625000000000E+00
       -3.985109806060791015625000000000    7.148137569427490234375000000000E+00
       -3.984109878540039062500000000000    7.204683780670166015625000000000E+00
       -3.983109951019287109375000000000    7.261662960052490234375000000000E+00
       -3.982110023498535156250000000000    7.319077968597412109375000000000E+00
       -3.981110095977783203125000000000    7.376932621002197265625000000000E+00
       -3.980110168457031250000000000000    7.435228824615478515625000000000E+00
       -3.979110240936279296875000000000    7.493970394134521484375000000000E+00
       -3.978110313415527343750000000000    7.553160190582275390625000000000E+00
       -3.977110385894775390625000000000    7.612802028656005859375000000000E+00
       -3.976110458374023437500000000000    7.672899723052978515625000000000E+00
       -3.975110530853271484375000000000    7.733456134796142578125000000000E+00
       -3.974110603332519531250000000000    7.794475078582763671875000000000E+00
       -3.973110675811767578125000000000    7.855960369110107421875000000000E+00
       -3.972110748291015625000000000000    7.917913913726806640625000000000E+00
       -3.971110820770263671875000000000    7.980339527130126953125000000000E+00
       -3.970110893249511718750000000000    8.043241500854492187500000000000E+00
       -3.969110965728759765625000000000    8.106622695922851562500000000000E+00
       -3.968111038208007812500000000000    8.170486450195312500000000000000E+00
       -3.967111110687255859375000000000    8.234836578369140625000000000000E+00
       -3.966111183166503906250000000000    8.299676895141601562500000000000E+00
       -3.965111255645751953125000000000    8.365009307861328125000000000000E+00
       -3.964111328125000000000000000000    8.430837631225585937500000000000E+00
       -3.963111400604248046875000000000    8.497165679931640625000000000000E+00
       -3.962111473083496093750000000000    8.563997268676757812500000000000E+00
       -3.961111545562744140625000000000    8.631338119506835937500000000000E+00
       -3.960111618041992187500000000000    8.699192047119140625000000000000E+00
       -3.959111690521240234375000000000    8.767562866210937500000000000000E+00
       -3.958111763000488281250000000000    8.836454391479492187500000000000E+00
       -3.957111835479736328125000000000    8.905868530273437500000000000000E+00
       -3.956111907958984375000000000000    8.975809097290039062500000000000E+00
       -3.955111980438232421875000000000    9.046279907226562500000000000000E+00
       -3.954112052917480468750000000000    9.117284774780273437500000000000E+00
       -3.953112125396728515625000000000    9.188829421997070312500000000000E+00
       -3.952112197875976562500000000000    9.260917663574218750000000000000E+00
       -3.951112270355224609375000000000    9.333553314208984375000000000000E+00
       -3.950112342834472656250000000000    9.406738281250000000000000000000E+00
       -3.949112415313720703125000000000    9.480476379394531250000000000000E+00
       -3.948112487792968750000000000000    9.554773330688476562500000000000E+00
       -3.947112560272216796875000000000    9.629632949829101562500000000000E+00
       -3.946112632751464843750000000000    9.705059051513671875000000000000E+00
       -3.945112705230712890625000000000    9.781057357788085937500000000000E+00
       -3.944112777709960937500000000000    9.857631683349609375000000000000E+00
       -3.943112850189208984375000000000    9.934785842895507812500000000000E+00
       -3.942112922668457031250000000000    1.001252174377441406250000000000E+01
       -3.941112995147705078125000000000    1.009084510803222656250000000000E+01
       -3.940113067626953125000000000000    1.016975975036621093750000000000E+01
       -3.939113140106201171875000000000    1.024927139282226562500000000000E+01
       -3.938113212585449218750000000000    1.032938385009765625000000000000E+01
       -3.937113285064697265625000000000    1.041010284423828125000000000000E+01
       -3.936113357543945312500000000000    1.049143218994140625000000000000E+01
       -3.935113430023193359375000000000    1.057337379455566406250000000000E+01
       -3.934113502502441406250000000000    1.065593338012695312500000000000E+01
       -3.933113574981689453125000000000    1.073911476135253906250000000000E+01
       -3.932113647460937500000000000000    1.082292366027832031250000000000E+01
       -3.931113719940185546875000000000    1.090736389160156250000000000000E+01
       -3.930113792419433593750000000000    1.099244117736816406250000000000E+01
       -3.929113864898681640625000000000    1.107816123962402343750000000000E+01
       -3.928113937377929687500000000000    1.116452789306640625000000000000E+01
       -3.927114009857177734375000000000    1.125154495239257812500000000000E+01
       -3.926114082336425781250000000000    1.133921623229980468750000000000E+01
       -3.925114154815673828125000000000    1.142754745483398437500000000000E+01
       -3.924114227294921875000000000000    1.151654434204101562500000000000E+01
       -3.923114299774169921875000000000    1.160621070861816406250000000000E+01
       -3.922114372253417968750000000000    1.169655227661132812500000000000E+01
       -3.921114444732666015625000000000    1.178757476806640625000000000000E+01
       -3.920114517211914062500000000000    1.187928009033203125000000000000E+01
       -3.919114589691162109375000000000    1.197167396545410156250000000000E+01
       -3.918114662170410156250000000000    1.206476211547851562500000000000E+01
       -3.917114734649658203125000000000    1.215854835510253906250000000000E+01
       -3.916114807128906250000000000000    1.225303840637207031250000000000E+01
       -3.915114879608154296875000000000    1.234823799133300781250000000000E+01
       -3.914114952087402343750000000000    1.244415283203125000000000000000E+01
       -3.913115024566650390625000000000    1.254078865051269531250000000000E+01
       -3.912115097045898437500000000000    1.263814735412597656250000000000E+01
       -3.911115169525146484375000000000    1.273623466491699218750000000000E+01
       -3.910115242004394531250000000000    1.283505630493164062500000000000E+01
       -3.909115314483642578125000000000    1.293461799621582031250000000000E+01
       -3.908115386962890625000000000000    1.303492546081542968750000000000E+01
       -3.907115459442138671875000000000    1.313598442077636718750000000000E+01
       -3.906115531921386718750000000000    1.323780059814453125000000000000E+01
       -3.905115604400634765625000000000    1.334037971496582031250000000000E+01
       -3.904115676879882812500000000000    1.344372558593750000000000000000E+01
       -3.903115749359130859375000000000    1.354784393310546875000000000000E+01
       -3.902115821838378906250000000000    1.365274047851562500000000000000E+01
       -3.901115894317626953125000000000    1.375842094421386718750000000000E+01
       -3.900115966796875000000000000000    1.386489105224609375000000000000E+01
       -3.899116039276123046875000000000    1.397215843200683593750000000000E+01
       -3.898116111755371093750000000000    1.408022880554199218750000000000E+01
       -3.897116184234619140625000000000    1.418910408020019531250000000000E+01
       -3.896116256713867187500000000000    1.429879188537597656250000000000E+01
       -3.895116329193115234375000000000    1.440929794311523437500000000000E+01
       -3.894116401672363281250000000000    1.452062797546386718750000000000E+01
       -3.893116474151611328125000000000    1.463278961181640625000000000000E+01
       -3.892116546630859375000000000000    1.474578857421875000000000000000E+01
       -3.891116619110107421875000000000    1.485963058471679687500000000000E+01
       -3.890116691589355468750000000000    1.497432327270507812500000000000E+01
       -3.889116764068603515625000000000    1.508986854553222656250000000000E+01
       -3.888116836547851562500000000000    1.520627403259277343750000000000E+01
       -3.887116909027099609375000000000    1.532354545593261718750000000000E+01
       -3.886116981506347656250000000000    1.544169044494628906250000000000E+01
       -3.885117053985595703125000000000    1.556071472167968750000000000000E+01
       -3.884117126464843750000000000000    1.568062591552734375000000000000E+01
       -3.883117198944091796875000000000    1.580142974853515625000000000000E+01
       -3.882117271423339843750000000000    1.592313385009765625000000000000E+01
       -3.881117343902587890625000000000    1.604574203491210937500000000000E+01
       -3.880117416381835937500000000000    1.616926193237304687500000000000E+01
       -3.879117488861083984375000000000    1.629370117187500000000000000000E+01
       -3.878117561340332031250000000000    1.641906356811523437500000000000E+01
       -3.877117633819580078125000000000    1.654535675048828125000000000000E+01
       -3.876117706298828125000000000000    1.667258834838867187500000000000E+01
       -3.875117778778076171875000000000    1.680076599121093750000000000000E+01
       -3.874117851257324218750000000000    1.692989349365234375000000000000E+01
       -3.873117923736572265625000000000    1.705997848510742187500000000000E+01
       -3.872117996215820312500000000000    1.719102859497070312500000000000E+01
       -3.871118068695068359375000000000    1.732305145263671875000000000000E+01
       -3.870118141174316406250000000000    1.745605468750000000000000000000E+01
       -3.869118213653564453125000000000    1.759004592895507812500000000000E+01
       -3.868118286132812500000000000000    1.772503280639648437500000000000E+01
       -3.867118358612060546875000000000    1.786102294921875000000000000000E+01
       -3.866118431091308593750000000000    1.799801635742187500000000000000E+01
       -3.865118503570556640625000000000    1.813602066040039062500000000000E+01
       -3.864118576049804687500000000000    1.827504730224609375000000000000E+01
       -3.863118648529052734375000000000    1.841510391235351562500000000000E+01
       -3.862118721008300781250000000000    1.855619812011718750000000000000E+01
       -3.861118793487548828125000000000    1.869833755493164062500000000000E+01
       -3.860118865966796875000000000000    1.884152984619140625000000000000E+01
       -3.859118938446044921875000000000    1.898578262329101562500000000000E+01
       -3.858119010925292968750000000000    1.913109970092773437500000000000E+01
       -3.857119083404541015625000000000    1.927748870849609375000000000000E+01
       -3.856119155883789062500000000000    1.942495727539062500000000000000E+01
       -3.855119228363037109375000000000    1.957351303100585937500000000000E+01
       -3.854119300842285156250000000000    1.972316360473632812500000000000E+01
       -3.853119373321533203125000000000    1.987392044067382812500000000000E+01
       -3.852119445800781250000000000000    2.002579116821289062500000000000E+01
       -3.851119518280029296875000000000    2.017877960205078125000000000000E+01
       -3.850119590759277343750000000000    2.033289337158203125000000000000E+01
       -3.849119663238525390625000000000    2.048814010620117187500000000000E+01
       -3.848119735717773437500000000000    2.064453125000000000000000000000E+01
       -3.847119808197021484375000000000    2.080207443237304687500000000000E+01
       -3.846119880676269531250000000000    2.096077728271484375000000000000E+01
       -3.845119953155517578125000000000    2.112065124511718750000000000000E+01
       -3.844120025634765625000000000000    2.128170394897460937500000000000E+01
       -3.843120098114013671875000000000    2.144393920898437500000000000000E+01
       -3.842120170593261718750000000000    2.160736465454101562500000000000E+01
       -3.841120243072509765625000000000    2.177199172973632812500000000000E+01
       -3.840120315551757812500000000000    2.193782806396484375000000000000E+01
       -3.839120388031005859375000000000    2.210488128662109375000000000000E+01
       -3.838120460510253906250000000000    2.227316284179687500000000000000E+01
       -3.837120532989501953125000000000    2.244268035888671875000000000000E+01
       -3.836120605468750000000000000000    2.261344528198242187500000000000E+01
       -3.835120677947998046875000000000    2.278546142578125000000000000000E+01
       -3.834120750427246093750000000000    2.295873641967773437500000000000E+01
       -3.833120822906494140625000000000    2.313328170776367187500000000000E+01
       -3.832120895385742187500000000000    2.330910491943359375000000000000E+01
       -3.831120967864990234375000000000    2.348621749877929687500000000000E+01
       -3.830121040344238281250000000000    2.366463088989257812500000000000E+01
       -3.829121112823486328125000000000    2.384435272216796875000000000000E+01
       -3.828121185302734375000000000000    2.402539443969726562500000000000E+01
       -3.827121257781982421875000000000    2.420775985717773437500000000000E+01
       -3.826121330261230468750000000000    2.439145660400390625000000000000E+01
       -3.825121402740478515625000000000    2.457649612426757812500000000000E+01
       -3.824121475219726562500000000000    2.476288986206054687500000000000E+01
       -3.823121547698974609375000000000    2.495064926147460937500000000000E+01
       -3.822121620178222656250000000000    2.513978195190429687500000000000E+01
       -3.821121692657470703125000000000    2.533029937744140625000000000000E+01
       -3.820121765136718750000000000000    2.552221298217773437500000000000E+01
       -3.819121837615966796875000000000    2.571552658081054687500000000000E+01
       -3.818121910095214843750000000000    2.591025161743164062500000000000E+01
       -3.817121982574462890625000000000    2.610639572143554687500000000000E+01
       -3.816122055053710937500000000000    2.630397033691406250000000000000E+01
       -3.815122127532958984375000000000    2.650298690795898437500000000000E+01
       -3.814122200012207031250000000000    2.670345687866210937500000000000E+01
       -3.813122272491455078125000000000    2.690539169311523437500000000000E+01
       -3.812122344970703125000000000000    2.710879516601562500000000000000E+01
       -3.811122417449951171875000000000    2.731367874145507812500000000000E+01
       -3.810122489929199218750000000000    2.752005386352539062500000000000E+01
       -3.809122562408447265625000000000    2.772793197631835937500000000000E+01
       -3.808122634887695312500000000000    2.793732452392578125000000000000E+01
       -3.807122707366943359375000000000    2.814824295043945312500000000000E+01
       -3.806122779846191406250000000000    2.836069869995117187500000000000E+01
       -3.805122852325439453125000000000    2.857470321655273437500000000000E+01
       -3.804122924804687500000000000000    2.879026031494140625000000000000E+01
       -3.803122997283935546875000000000    2.900738143920898437500000000000E+01
       -3.802123069763183593750000000000    2.922607803344726562500000000000E+01
       -3.801123142242431640625000000000    2.944636154174804687500000000000E+01
       -3.800123214721679687500000000000    2.966824722290039062500000000000E+01
       -3.799123287200927734375000000000    2.989174652099609375000000000000E+01
       -3.798123359680175781250000000000    3.011687088012695312500000000000E+01
       -3.797123432159423828125000000000    3.034363174438476562500000000000E+01
       -3.796123504638671875000000000000    3.057203674316406250000000000000E+01
       -3.795123577117919921875000000000    3.080209732055664062500000000000E+01
       -3.794123649597167968750000000000    3.103382492065429687500000000000E+01
       -3.793123722076416015625000000000    3.126723098754882812500000000000E+01
       -3.792123794555664062500000000000    3.150233078002929687500000000000E+01
       -3.791123867034912109375000000000    3.173913574218750000000000000000E+01
       -3.790123939514160156250000000000    3.197765731811523437500000000000E+01
       -3.789124011993408203125000000000    3.221791076660156250000000000000E+01
       -3.788124084472656250000000000000    3.245990371704101562500000000000E+01
       -3.787124156951904296875000000000    3.270364379882812500000000000000E+01
       -3.786124229431152343750000000000    3.294914627075195312500000000000E+01
       -3.785124301910400390625000000000    3.319642639160156250000000000000E+01
       -3.784124374389648437500000000000    3.344549179077148437500000000000E+01
       -3.783124446868896484375000000000    3.369635772705078125000000000000E+01
       -3.782124519348144531250000000000    3.394903945922851562500000000000E+01
       -3.781124591827392578125000000000    3.420355224609375000000000000000E+01
       -3.780124664306640625000000000000    3.445989608764648437500000000000E+01
       -3.779124736785888671875000000000    3.471808624267578125000000000000E+01
       -3.778124809265136718750000000000    3.497813796997070312500000000000E+01
       -3.777124881744384765625000000000    3.524006652832031250000000000000E+01
       -3.776124954223632812500000000000    3.550388717651367187500000000000E+01
       -3.775125026702880859375000000000    3.576961517333984375000000000000E+01
       -3.774125099182128906250000000000    3.603726577758789062500000000000E+01
       -3.773125171661376953125000000000    3.630684661865234375000000000000E+01
       -3.772125244140625000000000000000    3.657836532592773437500000000000E+01
       -3.771125316619873046875000000000    3.685183715820312500000000000000E+01
       -3.770125389099121093750000000000    3.712727737426757812500000000000E+01
       -3.769125461578369140625000000000    3.740470123291015625000000000000E+01
       -3.768125534057617187500000000000    3.768412399291992187500000000000E+01
       -3.767125606536865234375000000000    3.796556091308593750000000000000E+01
       -3.766125679016113281250000000000    3.824902725219726562500000000000E+01
       -3.765125751495361328125000000000    3.853453826904296875000000000000E+01
       -3.764125823974609375000000000000    3.882210159301757812500000000000E+01
       -3.763125896453857421875000000000    3.911173248291015625000000000000E+01
       -3.762125968933105468750000000000    3.940344619750976562500000000000E+01
       -3.761126041412353515625000000000    3.969725799560546875000000000000E+01
       -3.760126113891601562500000000000    3.999318313598632812500000000000E+01
       -3.759126186370849609375000000000    4.029123687744140625000000000000E+01
       -3.758126258850097656250000000000    4.059143447875976562500000000000E+01
       -3.757126331329345703125000000000    4.089378356933593750000000000000E+01
       -3.756126403808593750000000000000    4.119829940795898437500000000000E+01
       -3.755126476287841796875000000000    4.150499725341796875000000000000E+01
       -3.754126548767089843750000000000    4.181389236450195312500000000000E+01
       -3.753126621246337890625000000000    4.212500000000000000000000000000E+01
       -3.752126693725585937500000000000    4.243833541870117187500000000000E+01
       -3.751126766204833984375000000000    4.275391387939453125000000000000E+01
       -3.750126838684082031250000000000    4.307175827026367187500000000000E+01
       -3.749126911163330078125000000000    4.339186859130859375000000000000E+01
       -3.748126983642578125000000000000    4.371426773071289062500000000000E+01
       -3.747127056121826171875000000000    4.403897094726562500000000000000E+01
       -3.746127128601074218750000000000    4.436599349975585937500000000000E+01
       -3.745127201080322265625000000000    4.469535064697265625000000000000E+01
       -3.744127273559570312500000000000    4.502706527709960937500000000000E+01
       -3.743127346038818359375000000000    4.536115264892578125000000000000E+01
       -3.742127418518066406250000000000    4.569762802124023437500000000000E+01
       -3.741127490997314453125000000000    4.603649902343750000000000000000E+01
       -3.740127563476562500000000000000    4.637778854370117187500000000000E+01
       -3.739127635955810546875000000000    4.672151184082031250000000000000E+01
       -3.738127708435058593750000000000    4.706768417358398437500000000000E+01
       -3.737127780914306640625000000000    4.741632843017578125000000000000E+01
       -3.736127853393554687500000000000    4.776745986938476562500000000000E+01
       -3.735127925872802734375000000000    4.812109375000000000000000000000E+01
       -3.734127998352050781250000000000    4.847725296020507812500000000000E+01
       -3.733128070831298828125000000000    4.883594512939453125000000000000E+01
       -3.732128143310546875000000000000    4.919718551635742187500000000000E+01
       -3.731128215789794921875000000000    4.956099700927734375000000000000E+01
       -3.730128288269042968750000000000    4.992739486694335937500000000000E+01
       -3.729128360748291015625000000000    5.029640197753906250000000000000E+01
       -3.728128433227539062500000000000    5.066803359985351562500000000000E+01
       -3.727128505706787109375000000000    5.104231262207031250000000000000E+01
       -3.726128578186035156250000000000    5.141925430297851562500000000000E+01
       -3.725128650665283203125000000000    5.179886627197265625000000000000E+01
       -3.724128723144531250000000000000    5.218117141723632812500000000000E+01
       -3.723128795623779296875000000000    5.256618499755859375000000000000E+01
       -3.722128868103027343750000000000    5.295392990112304687500000000000E+01
       -3.721128940582275390625000000000    5.334442901611328125000000000000E+01
       -3.720129013061523437500000000000    5.373769760131835937500000000000E+01
       -3.719129085540771484375000000000    5.413375854492187500000000000000E+01
       -3.718129158020019531250000000000    5.453263473510742187500000000000E+01
       -3.717129230499267578125000000000    5.493433380126953125000000000000E+01
       -3.716129302978515625000000000000    5.533887863159179687500000000000E+01
       -3.715129375457763671875000000000    5.574628448486328125000000000000E+01
       -3.714129447937011718750000000000    5.615657424926757812500000000000E+01
       -3.713129520416259765625000000000    5.656977081298828125000000000000E+01
       -3.712129592895507812500000000000    5.698589706420898437500000000000E+01
       -3.711129665374755859375000000000    5.740496826171875000000000000000E+01
       -3.710129737854003906250000000000    5.782700729370117187500000000000E+01
       -3.709129810333251953125000000000    5.825202178955078125000000000000E+01
       -3.708129882812500000000000000000    5.868003463745117187500000000000E+01
       -3.707129955291748046875000000000    5.911106872558593750000000000000E+01
       -3.706130027770996093750000000000    5.954514694213867187500000000000E+01
       -3.705130100250244140625000000000    5.998229217529296875000000000000E+01
       -3.704130172729492187500000000000    6.042252731323242187500000000000E+01
       -3.703130245208740234375000000000    6.086587524414062500000000000000E+01
       -3.702130317687988281250000000000    6.131235885620117187500000000000E+01
       -3.701130390167236328125000000000    6.176198577880859375000000000000E+01
       -3.700130462646484375000000000000    6.221477890014648437500000000000E+01
       -3.699130535125732421875000000000    6.267076110839843750000000000000E+01
       -3.698130607604980468750000000000    6.312995529174804687500000000000E+01
       -3.697130680084228515625000000000    6.359238433837890625000000000000E+01
       -3.696130752563476562500000000000    6.405807495117187500000000000000E+01
       -3.695130825042724609375000000000    6.452704620361328125000000000000E+01
       -3.694130897521972656250000000000    6.499932861328125000000000000000E+01
       -3.693130970001220703125000000000    6.547493743896484375000000000000E+01
       -3.692131042480468750000000000000    6.595388793945312500000000000000E+01
       -3.691131114959716796875000000000    6.643621063232421875000000000000E+01
       -3.690131187438964843750000000000    6.692192077636718750000000000000E+01
       -3.689131259918212890625000000000    6.741104888916015625000000000000E+01
       -3.688131332397460937500000000000    6.790361022949218750000000000000E+01
       -3.687131404876708984375000000000    6.839963531494140625000000000000E+01
       -3.686131477355957031250000000000    6.889915466308593750000000000000E+01
       -3.685131549835205078125000000000    6.940218353271484375000000000000E+01
       -3.684131622314453125000000000000    6.990873718261718750000000000000E+01
       -3.683131694793701171875000000000    7.041884613037109375000000000000E+01
       -3.682131767272949218750000000000    7.093252563476562500000000000000E+01
       -3.681131839752197265625000000000    7.144980621337890625000000000000E+01
       -3.680131912231445312500000000000    7.197071838378906250000000000000E+01
       -3.679131984710693359375000000000    7.249529266357421875000000000000E+01
       -3.678132057189941406250000000000    7.302354431152343750000000000000E+01
       -3.677132129669189453125000000000    7.355550384521484375000000000000E+01
       -3.676132202148437500000000000000    7.409118652343750000000000000000E+01
       -3.675132274627685546875000000000    7.463060760498046875000000000000E+01
       -3.674132347106933593750000000000    7.517379760742187500000000000000E+01
       -3.673132419586181640625000000000    7.572078704833984375000000000000E+01
       -3.672132492065429687500000000000    7.627160644531250000000000000000E+01
       -3.671132564544677734375000000000    7.682628631591796875000000000000E+01
       -3.670132637023925781250000000000    7.738484191894531250000000000000E+01
       -3.669132709503173828125000000000    7.794730377197265625000000000000E+01
       -3.668132781982421875000000000000    7.851368713378906250000000000000E+01
       -3.667132854461669921875000000000    7.908402252197265625000000000000E+01
       -3.666132926940917968750000000000    7.965834045410156250000000000000E+01
       -3.665132999420166015625000000000    8.023667144775390625000000000000E+01
       -3.664133071899414062500000000000    8.081904602050781250000000000000E+01
       -3.663133144378662109375000000000    8.140547943115234375000000000000E+01
       -3.662133216857910156250000000000    8.199600219726562500000000000000E+01
       -3.661133289337158203125000000000    8.259064483642578125000000000000E+01
       -3.660133361816406250000000000000    8.318942260742187500000000000000E+01
       -3.659133434295654296875000000000    8.379236602783203125000000000000E+01
       -3.658133506774902343750000000000    8.439950561523437500000000000000E+01
       -3.657133579254150390625000000000    8.501087188720703125000000000000E+01
       -3.656133651733398437500000000000    8.562649536132812500000000000000E+01
       -3.655133724212646484375000000000    8.624640655517578125000000000000E+01
       -3.654133796691894531250000000000    8.687063598632812500000000000000E+01
       -3.653133869171142578125000000000    8.749921417236328125000000000000E+01
       -3.652133941650390625000000000000    8.813215637207031250000000000000E+01
       -3.651134014129638671875000000000    8.876949310302734375000000000000E+01
       -3.650134086608886718750000000000    8.941125488281250000000000000000E+01
       -3.649134159088134765625000000000    9.005747222900390625000000000000E+01
       -3.648134231567382812500000000000    9.070817565917968750000000000000E+01
       -3.647134304046630859375000000000    9.136339569091796875000000000000E+01
       -3.646134376525878906250000000000    9.202316284179687500000000000000E+01
       -3.645134449005126953125000000000    9.268752288818359375000000000000E+01
       -3.644134521484375000000000000000    9.335647583007812500000000000000E+01
       -3.643134593963623046875000000000    9.403005218505859375000000000000E+01
       -3.642134666442871093750000000000    9.470829772949218750000000000000E+01
       -3.641134738922119140625000000000    9.539124298095703125000000000000E+01
       -3.640134811401367187500000000000    9.607891845703125000000000000000E+01
       -3.639134883880615234375000000000    9.677135467529296875000000000000E+01
       -3.638134956359863281250000000000    9.746859741210937500000000000000E+01
       -3.637135028839111328125000000000    9.817067718505859375000000000000E+01
       -3.636135101318359375000000000000    9.887760925292968750000000000000E+01
       -3.635135173797607421875000000000    9.958942413330078125000000000000E+01
       -3.634135246276855468750000000000    1.003061523437500000000000000000E+02
       -3.633135318756103515625000000000    1.010278244018554687500000000000E+02
       -3.632135391235351562500000000000    1.017544860839843750000000000000E+02
       -3.631135463714599609375000000000    1.024861679077148437500000000000E+02
       -3.630135536193847656250000000000    1.032229003906250000000000000000E+02
       -3.629135608673095703125000000000    1.039647293090820312500000000000E+02
       -3.628135681152343750000000000000    1.047116851806640625000000000000E+02
       -3.627135753631591796875000000000    1.054637832641601562500000000000E+02
       -3.626135826110839843750000000000    1.062210540771484375000000000000E+02
       -3.625135898590087890625000000000    1.069835433959960937500000000000E+02
       -3.624135971069335937500000000000    1.077512817382812500000000000000E+02
       -3.623136043548583984375000000000    1.085243148803710937500000000000E+02
       -3.622136116027832031250000000000    1.093026733398437500000000000000E+02
       -3.621136188507080078125000000000    1.100864028930664062500000000000E+02
       -3.620136260986328125000000000000    1.108755340576171875000000000000E+02
       -3.619136333465576171875000000000    1.116700820922851562500000000000E+02
       -3.618136405944824218750000000000    1.124700927734375000000000000000E+02
       -3.617136478424072265625000000000    1.132755966186523437500000000000E+02
       -3.616136550903320312500000000000    1.140866394042968750000000000000E+02
       -3.615136623382568359375000000000    1.149032516479492187500000000000E+02
       -3.614136695861816406250000000000    1.157254791259765625000000000000E+02
       -3.613136768341064453125000000000    1.165533676147460937500000000000E+02
       -3.612136840820312500000000000000    1.173869476318359375000000000000E+02
       -3.611136913299560546875000000000    1.182262344360351562500000000000E+02
       -3.610136985778808593750000000000    1.190712738037109375000000000000E+02
       -3.609137058258056640625000000000    1.199221115112304687500000000000E+02
       -3.608137130737304687500000000000    1.207787780761718750000000000000E+02
       -3.607137203216552734375000000000    1.216413192749023437500000000000E+02
       -3.606137275695800781250000000000    1.225097808837890625000000000000E+02
       -3.605137348175048828125000000000    1.233841934204101562500000000000E+02
       -3.604137420654296875000000000000    1.242646026611328125000000000000E+02
       -3.603137493133544921875000000000    1.251510238647460937500000000000E+02
       -3.602137565612792968750000000000    1.260435028076171875000000000000E+02
       -3.601137638092041015625000000000    1.269420852661132812500000000000E+02
       -3.600137710571289062500000000000    1.278468170166015625000000000000E+02
       -3.599137783050537109375000000000    1.287577514648437500000000000000E+02
       -3.598137855529785156250000000000    1.296749114990234375000000000000E+02
       -3.597137928009033203125000000000    1.305983581542968750000000000000E+02
       -3.596138000488281250000000000000    1.315281219482421875000000000000E+02
       -3.595138072967529296875000000000    1.324642639160156250000000000000E+02
       -3.594138145446777343750000000000    1.334067840576171875000000000000E+02
       -3.593138217926025390625000000000    1.343557434082031250000000000000E+02
       -3.592138290405273437500000000000    1.353111724853515625000000000000E+02
       -3.591138362884521484375000000000    1.362731323242187500000000000000E+02
       -3.590138435363769531250000000000    1.372416534423828125000000000000E+02
       -3.589138507843017578125000000000    1.382167968750000000000000000000E+02
       -3.588138580322265625000000000000    1.391985931396484375000000000000E+02
       -3.587138652801513671875000000000    1.401871032714843750000000000000E+02
       -3.586138725280761718750000000000    1.411823272705078125000000000000E+02
       -3.585138797760009765625000000000    1.421843261718750000000000000000E+02
       -3.584138870239257812500000000000    1.431931304931640625000000000000E+02
       -3.583138942718505859375000000000    1.442088012695312500000000000000E+02
       -3.582139015197753906250000000000    1.452313690185546875000000000000E+02
       -3.581139087677001953125000000000    1.462608947753906250000000000000E+02
       -3.580139160156250000000000000000    1.472974395751953125000000000000E+02
       -3.579139232635498046875000000000    1.483410339355468750000000000000E+02
       -3.578139305114746093750000000000    1.493917083740234375000000000000E+02
       -3.577139377593994140625000000000    1.504494934082031250000000000000E+02
       -3.576139450073242187500000000000    1.515144500732421875000000000000E+02
       -3.575139522552490234375000000000    1.525866394042968750000000000000E+02
       -3.574139595031738281250000000000    1.536660919189453125000000000000E+02
       -3.573139667510986328125000000000    1.547528686523437500000000000000E+02
       -3.572139739990234375000000000000    1.558470306396484375000000000000E+02
       -3.571139812469482421875000000000    1.569486389160156250000000000000E+02
       -3.570139884948730468750000000000    1.580577239990234375000000000000E+02
       -3.569139957427978515625000000000    1.591743164062500000000000000000E+02
       -3.568140029907226562500000000000    1.602984466552734375000000000000E+02
       -3.567140102386474609375000000000    1.614301757812500000000000000000E+02
       -3.566140174865722656250000000000    1.625695648193359375000000000000E+02
       -3.565140247344970703125000000000    1.637166748046875000000000000000E+02
       -3.564140319824218750000000000000    1.648715667724609375000000000000E+02
       -3.563140392303466796875000000000    1.660342712402343750000000000000E+02
       -3.562140464782714843750000000000    1.672048492431640625000000000000E+02
       -3.561140537261962890625000000000    1.683833312988281250000000000000E+02
       -3.560140609741210937500000000000    1.695697479248046875000000000000E+02
       -3.559140682220458984375000000000    1.707641601562500000000000000000E+02
       -3.558140754699707031250000000000    1.719666290283203125000000000000E+02
       -3.557140827178955078125000000000    1.731772155761718750000000000000E+02
       -3.556140899658203125000000000000    1.743959808349609375000000000000E+02
       -3.555140972137451171875000000000    1.756229858398437500000000000000E+02
       -3.554141044616699218750000000000    1.768582916259765625000000000000E+02
       -3.553141117095947265625000000000    1.781018981933593750000000000000E+02
       -3.552141189575195312500000000000    1.793538665771484375000000000000E+02
       -3.551141262054443359375000000000    1.806142578125000000000000000000E+02
       -3.550141334533691406250000000000    1.818831329345703125000000000000E+02
       -3.549141407012939453125000000000    1.831605529785156250000000000000E+02
       -3.548141479492187500000000000000    1.844465789794921875000000000000E+02
       -3.547141551971435546875000000000    1.857412719726562500000000000000E+02
       -3.546141624450683593750000000000    1.870446929931640625000000000000E+02
       -3.545141696929931640625000000000    1.883569030761718750000000000000E+02
       -3.544141769409179687500000000000    1.896779022216796875000000000000E+02
       -3.543141841888427734375000000000    1.910077514648437500000000000000E+02
       -3.542141914367675781250000000000    1.923465118408203125000000000000E+02
       -3.541141986846923828125000000000    1.936942749023437500000000000000E+02
       -3.540142059326171875000000000000    1.950511016845703125000000000000E+02
       -3.539142131805419921875000000000    1.964170532226562500000000000000E+02
       -3.538142204284667968750000000000    1.977921905517578125000000000000E+02
       -3.537142276763916015625000000000    1.991765747070312500000000000000E+02
       -3.536142349243164062500000000000    2.005702056884765625000000000000E+02
       -3.535142421722412109375000000000    2.019731750488281250000000000000E+02
       -3.534142494201660156250000000000    2.033855438232421875000000000000E+02
       -3.533142566680908203125000000000    2.048073730468750000000000000000E+02
       -3.532142639160156250000000000000    2.062387237548828125000000000000E+02
       -3.531142711639404296875000000000    2.076796569824218750000000000000E+02
       -3.530142784118652343750000000000    2.091302337646484375000000000000E+02
       -3.529142856597900390625000000000    2.105905456542968750000000000000E+02
       -3.528142929077148437500000000000    2.120606536865234375000000000000E+02
       -3.527143001556396484375000000000    2.135405578613281250000000000000E+02
       -3.526143074035644531250000000000    2.150303497314453125000000000000E+02
       -3.525143146514892578125000000000    2.165300903320312500000000000000E+02
       -3.524143218994140625000000000000    2.180398406982421875000000000000E+02
       -3.523143291473388671875000000000    2.195596618652343750000000000000E+02
       -3.522143363952636718750000000000    2.210896453857421875000000000000E+02
       -3.521143436431884765625000000000    2.226298522949218750000000000000E+02
       -3.520143508911132812500000000000    2.241803436279296875000000000000E+02
       -3.519143581390380859375000000000    2.257411499023437500000000000000E+02
       -3.518143653869628906250000000000    2.273123321533203125000000000000E+02
       -3.517143726348876953125000000000    2.288939819335937500000000000000E+02
       -3.516143798828125000000000000000    2.304861602783203125000000000000E+02
       -3.515143871307373046875000000000    2.320889587402343750000000000000E+02
       -3.514143943786621093750000000000    2.337024383544921875000000000000E+02
       -3.513144016265869140625000000000    2.353266601562500000000000000000E+02
       -3.512144088745117187500000000000    2.369617156982421875000000000000E+02
       -3.511144161224365234375000000000    2.386076660156250000000000000000E+02
       -3.510144233703613281250000000000    2.402645416259765625000000000000E+02
       -3.509144306182861328125000000000    2.419324035644531250000000000000E+02
       -3.508144378662109375000000000000    2.436113433837890625000000000000E+02
       -3.507144451141357421875000000000    2.453014221191406250000000000000E+02
       -3.506144523620605468750000000000    2.470027313232421875000000000000E+02
       -3.505144596099853515625000000000    2.487153625488281250000000000000E+02
       -3.504144668579101562500000000000    2.504393768310546875000000000000E+02
       -3.503144741058349609375000000000    2.521748657226562500000000000000E+02
       -3.502144813537597656250000000000    2.539218292236328125000000000000E+02
       -3.501144886016845703125000000000    2.556803588867187500000000000000E+02
       -3.500144958496093750000000000000    2.574505615234375000000000000000E+02
       -3.499145030975341796875000000000    2.592324829101562500000000000000E+02
       -3.498145103454589843750000000000    2.610261840820312500000000000000E+02
       -3.497145175933837890625000000000    2.628317871093750000000000000000E+02
       -3.496145248413085937500000000000    2.646493530273437500000000000000E+02
       -3.495145320892333984375000000000    2.664789428710937500000000000000E+02
       -3.494145393371582031250000000000    2.683206787109375000000000000000E+02
       -3.493145465850830078125000000000    2.701745605468750000000000000000E+02
       -3.492145538330078125000000000000    2.720407104492187500000000000000E+02
       -3.491145610809326171875000000000    2.739191894531250000000000000000E+02
       -3.490145683288574218750000000000    2.758100585937500000000000000000E+02
       -3.489145755767822265625000000000    2.777134399414062500000000000000E+02
       -3.488145828247070312500000000000    2.796293945312500000000000000000E+02
       -3.487145900726318359375000000000    2.815580444335937500000000000000E+02
       -3.486145973205566406250000000000    2.834994506835937500000000000000E+02
       -3.485146045684814453125000000000    2.854536132812500000000000000000E+02
       -3.484146118164062500000000000000    2.874206542968750000000000000000E+02
       -3.483146190643310546875000000000    2.894006347656250000000000000000E+02
       -3.482146263122558593750000000000    2.913936767578125000000000000000E+02
       -3.481146335601806640625000000000    2.933998413085937500000000000000E+02
       -3.480146408081054687500000000000    2.954192504882812500000000000000E+02
       -3.479146480560302734375000000000    2.974519653320312500000000000000E+02
       -3.478146553039550781250000000000    2.994981079101562500000000000000E+02
       -3.477146625518798828125000000000    3.015577392578125000000000000000E+02
       -3.476146697998046875000000000000    3.036308593750000000000000000000E+02
       -3.475146770477294921875000000000    3.057175903320312500000000000000E+02
       -3.474146842956542968750000000000    3.078180541992187500000000000000E+02
       -3.473146915435791015625000000000    3.099323120117187500000000000000E+02
       -3.472146987915039062500000000000    3.120604858398437500000000000000E+02
       -3.471147060394287109375000000000    3.142026367187500000000000000000E+02
       -3.470147132873535156250000000000    3.163588867187500000000000000000E+02
       -3.469147205352783203125000000000    3.185292968750000000000000000000E+02
       -3.468147277832031250000000000000    3.207139282226562500000000000000E+02
       -3.467147350311279296875000000000    3.229128417968750000000000000000E+02
       -3.466147422790527343750000000000    3.251261596679687500000000000000E+02
       -3.465147495269775390625000000000    3.273539428710937500000000000000E+02
       -3.464147567749023437500000000000    3.295963134765625000000000000000E+02
       -3.463147640228271484375000000000    3.318533935546875000000000000000E+02
       -3.462147712707519531250000000000    3.341252441406250000000000000000E+02
       -3.461147785186767578125000000000    3.364119873046875000000000000000E+02
       -3.460147857666015625000000000000    3.387137451171875000000000000000E+02
       -3.459147930145263671875000000000    3.410305175781250000000000000000E+02
       -3.458148002624511718750000000000    3.433624267578125000000000000000E+02
       -3.457148075103759765625000000000    3.457095336914062500000000000000E+02
       -3.456148147583007812500000000000    3.480719604492187500000000000000E+02
       -3.455148220062255859375000000000    3.504498291015625000000000000000E+02
       -3.454148292541503906250000000000    3.528432617187500000000000000000E+02
       -3.453148365020751953125000000000    3.552523193359375000000000000000E+02
       -3.452148437500000000000000000000    3.576771240234375000000000000000E+02
       -3.451148509979248046875000000000    3.601176757812500000000000000000E+02
       -3.450148582458496093750000000000    3.625740966796875000000000000000E+02
       -3.449148654937744140625000000000    3.650465087890625000000000000000E+02
       -3.448148727416992187500000000000    3.675350341796875000000000000000E+02
       -3.447148799896240234375000000000    3.700397949218750000000000000000E+02
       -3.446148872375488281250000000000    3.725608520507812500000000000000E+02
       -3.445148944854736328125000000000    3.750983276367187500000000000000E+02
       -3.444149017333984375000000000000    3.776523437500000000000000000000E+02
       -3.443149089813232421875000000000    3.802230224609375000000000000000E+02
       -3.442149162292480468750000000000    3.828103637695312500000000000000E+02
       -3.441149234771728515625000000000    3.854144897460937500000000000000E+02
       -3.440149307250976562500000000000    3.880355224609375000000000000000E+02
       -3.439149379730224609375000000000    3.906735839843750000000000000000E+02
       -3.438149452209472656250000000000    3.933287963867187500000000000000E+02
       -3.437149524688720703125000000000    3.960012817382812500000000000000E+02
       -3.436149597167968750000000000000    3.986911621093750000000000000000E+02
       -3.435149669647216796875000000000    4.013985595703125000000000000000E+02
       -3.434149742126464843750000000000    4.041235961914062500000000000000E+02
       -3.433149814605712890625000000000    4.068662719726562500000000000000E+02
       -3.432149887084960937500000000000    4.096267089843750000000000000000E+02
       -3.431149959564208984375000000000    4.124050292968750000000000000000E+02
       -3.430150032043457031250000000000    4.152013549804687500000000000000E+02
       -3.429150104522705078125000000000    4.180158081054687500000000000000E+02
       -3.428150177001953125000000000000    4.208485107421875000000000000000E+02
       -3.427150249481201171875000000000    4.236995849609375000000000000000E+02
       -3.426150321960449218750000000000    4.265691528320312500000000000000E+02
       -3.425150394439697265625000000000    4.294572143554687500000000000000E+02
       -3.424150466918945312500000000000    4.323638916015625000000000000000E+02
       -3.423150539398193359375000000000    4.352893066406250000000000000000E+02
       -3.422150611877441406250000000000    4.382335815429687500000000000000E+02
       -3.421150684356689453125000000000    4.411968994140625000000000000000E+02
       -3.420150756835937500000000000000    4.441793823242187500000000000000E+02
       -3.419150829315185546875000000000    4.471811523437500000000000000000E+02
       -3.418150901794433593750000000000    4.502023315429687500000000000000E+02
       -3.417150974273681640625000000000    4.532430419921875000000000000000E+02
       -3.416151046752929687500000000000    4.563032836914062500000000000000E+02
       -3.415151119232177734375000000000    4.593832397460937500000000000000E+02
       -3.414151191711425781250000000000    4.624830322265625000000000000000E+02
       -3.413151264190673828125000000000    4.656027832031250000000000000000E+02
       -3.412151336669921875000000000000    4.687426147460937500000000000000E+02
       -3.411151409149169921875000000000    4.719026489257812500000000000000E+02
       -3.410151481628417968750000000000    4.750830688476562500000000000000E+02
       -3.409151554107666015625000000000    4.782839965820312500000000000000E+02
       -3.408151626586914062500000000000    4.815055541992187500000000000000E+02
       -3.407151699066162109375000000000    4.847478027343750000000000000000E+02
       -3.406151771545410156250000000000    4.880108642578125000000000000000E+02
       -3.405151844024658203125000000000    4.912948608398437500000000000000E+02
       -3.404151916503906250000000000000    4.945999145507812500000000000000E+02
       -3.403151988983154296875000000000    4.979262084960937500000000000000E+02
       -3.402152061462402343750000000000    5.012738647460937500000000000000E+02
       -3.401152133941650390625000000000    5.046430053710937500000000000000E+02
       -3.400152206420898437500000000000    5.080338134765625000000000000000E+02
       -3.399152278900146484375000000000    5.114464111328125000000000000000E+02
       -3.398152351379394531250000000000    5.148808593750000000000000000000E+02
       -3.397152423858642578125000000000    5.183372802734375000000000000000E+02
       -3.396152496337890625000000000000    5.218157958984375000000000000000E+02
       -3.395152568817138671875000000000    5.253165283203125000000000000000E+02
       -3.394152641296386718750000000000    5.288397216796875000000000000000E+02
       -3.393152713775634765625000000000    5.323854980468750000000000000000E+02
       -3.392152786254882812500000000000    5.359539794921875000000000000000E+02
       -3.391152858734130859375000000000    5.395452880859375000000000000000E+02
       -3.390152931213378906250000000000    5.431595458984375000000000000000E+02
       -3.389153003692626953125000000000    5.467968750000000000000000000000E+02
       -3.388153076171875000000000000000    5.504573974609375000000000000000E+02
       -3.387153148651123046875000000000    5.541412353515625000000000000000E+02
       -3.386153221130371093750000000000    5.578486328125000000000000000000E+02
       -3.385153293609619140625000000000    5.615797119140625000000000000000E+02
       -3.384153366088867187500000000000    5.653345947265625000000000000000E+02
       -3.383153438568115234375000000000    5.691135253906250000000000000000E+02
       -3.382153511047363281250000000000    5.729166259765625000000000000000E+02
       -3.381153583526611328125000000000    5.767438964843750000000000000000E+02
       -3.380153656005859375000000000000    5.805954589843750000000000000000E+02
       -3.379153728485107421875000000000    5.844715576171875000000000000000E+02
       -3.378153800964355468750000000000    5.883723144531250000000000000000E+02
       -3.377153873443603515625000000000    5.922978515625000000000000000000E+02
       -3.376153945922851562500000000000    5.962484130859375000000000000000E+02
       -3.375154018402099609375000000000    6.002241210937500000000000000000E+02
       -3.374154090881347656250000000000    6.042250976562500000000000000000E+02
       -3.373154163360595703125000000000    6.082515869140625000000000000000E+02
       -3.372154235839843750000000000000    6.123035888671875000000000000000E+02
       -3.371154308319091796875000000000    6.163812255859375000000000000000E+02
       -3.370154380798339843750000000000    6.204847412109375000000000000000E+02
       -3.369154453277587890625000000000    6.246142578125000000000000000000E+02
       -3.368154525756835937500000000000    6.287700195312500000000000000000E+02
       -3.367154598236083984375000000000    6.329521484375000000000000000000E+02
       -3.366154670715332031250000000000    6.371608886718750000000000000000E+02
       -3.365154743194580078125000000000    6.413963623046875000000000000000E+02
       -3.364154815673828125000000000000    6.456586914062500000000000000000E+02
       -3.363154888153076171875000000000    6.499479980468750000000000000000E+02
       -3.362154960632324218750000000000    6.542644042968750000000000000000E+02
       -3.361155033111572265625000000000    6.586081542968750000000000000000E+02
       -3.360155105590820312500000000000    6.629793701171875000000000000000E+02
       -3.359155178070068359375000000000    6.673782958984375000000000000000E+02
       -3.358155250549316406250000000000    6.718050537109375000000000000000E+02
       -3.357155323028564453125000000000    6.762598876953125000000000000000E+02
       -3.356155395507812500000000000000    6.807429199218750000000000000000E+02
       -3.355155467987060546875000000000    6.852543945312500000000000000000E+02
       -3.354155540466308593750000000000    6.897943115234375000000000000000E+02
       -3.353155612945556640625000000000    6.943627929687500000000000000000E+02
       -3.352155685424804687500000000000    6.989600830078125000000000000000E+02
       -3.351155757904052734375000000000    7.035864257812500000000000000000E+02
       -3.350155830383300781250000000000    7.082419433593750000000000000000E+02
       -3.349155902862548828125000000000    7.129268798828125000000000000000E+02
       -3.348155975341796875000000000000    7.176413574218750000000000000000E+02
       -3.347156047821044921875000000000    7.223856201171875000000000000000E+02
       -3.346156120300292968750000000000    7.271597900390625000000000000000E+02
       -3.345156192779541015625000000000    7.319639892578125000000000000000E+02
       -3.344156265258789062500000000000    7.367983398437500000000000000000E+02
       -3.343156337738037109375000000000    7.416630859375000000000000000000E+02
       -3.342156410217285156250000000000    7.465584716796875000000000000000E+02
       -3.341156482696533203125000000000    7.514846191406250000000000000000E+02
       -3.340156555175781250000000000000    7.564417724609375000000000000000E+02
       -3.339156627655029296875000000000    7.614301757812500000000000000000E+02
       -3.338156700134277343750000000000    7.664499511718750000000000000000E+02
       -3.337156772613525390625000000000    7.715013427734375000000000000000E+02
       -3.336156845092773437500000000000    7.765843505859375000000000000000E+02
       -3.335156917572021484375000000000    7.816992187500000000000000000000E+02
       -3.334156990051269531250000000000    7.868461914062500000000000000000E+02
       -3.333157062530517578125000000000    7.920253906250000000000000000000E+02
       -3.332157135009765625000000000000    7.972370605468750000000000000000E+02
       -3.331157207489013671875000000000    8.024814453125000000000000000000E+02
       -3.330157279968261718750000000000    8.077587890625000000000000000000E+02
       -3.329157352447509765625000000000    8.130692138671875000000000000000E+02
       -3.328157424926757812500000000000    8.184129638671875000000000000000E+02
       -3.327157497406005859375000000000    8.237900390625000000000000000000E+02
       -3.326157569885253906250000000000    8.292006835937500000000000000000E+02
       -3.325157642364501953125000000000    8.346451416015625000000000000000E+02
       -3.324157714843750000000000000000    8.401236572265625000000000000000E+02
       -3.323157787322998046875000000000    8.456364746093750000000000000000E+02
       -3.322157859802246093750000000000    8.511837158203125000000000000000E+02
       -3.321157932281494140625000000000    8.567656250000000000000000000000E+02
       -3.320158004760742187500000000000    8.623824462890625000000000000000E+02
       -3.319158077239990234375000000000    8.680344238281250000000000000000E+02
       -3.318158149719238281250000000000    8.737215576171875000000000000000E+02
       -3.317158222198486328125000000000    8.794440917968750000000000000000E+02
       -3.316158294677734375000000000000    8.852022705078125000000000000000E+02
       -3.315158367156982421875000000000    8.909963378906250000000000000000E+02
       -3.314158439636230468750000000000    8.968265380859375000000000000000E+02
       -3.313158512115478515625000000000    9.026931152343750000000000000000E+02
       -3.312158584594726562500000000000    9.085963134765625000000000000000E+02
       -3.311158657073974609375000000000    9.145363769531250000000000000000E+02
       -3.310158729553222656250000000000    9.205135498046875000000000000000E+02
       -3.309158802032470703125000000000    9.265278320312500000000000000000E+02
       -3.308158874511718750000000000000    9.325794677734375000000000000000E+02
       -3.307158946990966796875000000000    9.386687011718750000000000000000E+02
       -3.306159019470214843750000000000    9.447957763671875000000000000000E+02
       -3.305159091949462890625000000000    9.509609375000000000000000000000E+02
       -3.304159164428710937500000000000    9.571644287109375000000000000000E+02
       -3.303159236907958984375000000000    9.634064941406250000000000000000E+02
       -3.302159309387207031250000000000    9.696873779296875000000000000000E+02
       -3.301159381866455078125000000000    9.760073242187500000000000000000E+02
       -3.300159454345703125000000000000    9.823663330078125000000000000000E+02
       -3.299159526824951171875000000000    9.887646484375000000000000000000E+02
       -3.298159599304199218750000000000    9.952025146484375000000000000000E+02
       -3.297159671783447265625000000000    1.001680297851562500000000000000E+03
       -3.296159744262695312500000000000    1.008198242187500000000000000000E+03
       -3.295159816741943359375000000000    1.014756591796875000000000000000E+03
       -3.294159889221191406250000000000    1.021355590820312500000000000000E+03
       -3.293159961700439453125000000000    1.027995483398437500000000000000E+03
       -3.292160034179687500000000000000    1.034676635742187500000000000000E+03
       -3.291160106658935546875000000000    1.041399047851562500000000000000E+03
       -3.290160179138183593750000000000    1.048162963867187500000000000000E+03
       -3.289160251617431640625000000000    1.054968627929687500000000000000E+03
       -3.288160324096679687500000000000    1.061816284179687500000000000000E+03
       -3.287160396575927734375000000000    1.068706176757812500000000000000E+03
       -3.286160469055175781250000000000    1.075638549804687500000000000000E+03
       -3.285160541534423828125000000000    1.082613647460937500000000000000E+03
       -3.284160614013671875000000000000    1.089631958007812500000000000000E+03
       -3.283160686492919921875000000000    1.096693725585937500000000000000E+03
       -3.282160758972167968750000000000    1.103798950195312500000000000000E+03
       -3.281160831451416015625000000000    1.110947875976562500000000000000E+03
       -3.280160903930664062500000000000    1.118140747070312500000000000000E+03
       -3.279160976409912109375000000000    1.125377807617187500000000000000E+03
       -3.278161048889160156250000000000    1.132659301757812500000000000000E+03
       -3.277161121368408203125000000000    1.139985717773437500000000000000E+03
       -3.276161193847656250000000000000    1.147357299804687500000000000000E+03
       -3.275161266326904296875000000000    1.154774291992187500000000000000E+03
       -3.274161338806152343750000000000    1.162236938476562500000000000000E+03
       -3.273161411285400390625000000000    1.169745239257812500000000000000E+03
       -3.272161483764648437500000000000    1.177299438476562500000000000000E+03
       -3.271161556243896484375000000000    1.184900024414062500000000000000E+03
       -3.270161628723144531250000000000    1.192547241210937500000000000000E+03
       -3.269161701202392578125000000000    1.200241333007812500000000000000E+03
       -3.268161773681640625000000000000    1.207982543945312500000000000000E+03
       -3.267161846160888671875000000000    1.215771362304687500000000000000E+03
       -3.266161918640136718750000000000    1.223608032226562500000000000000E+03
       -3.265161991119384765625000000000    1.231492797851562500000000000000E+03
       -3.264162063598632812500000000000    1.239425659179687500000000000000E+03
       -3.263162136077880859375000000000    1.247407104492187500000000000000E+03
       -3.262162208557128906250000000000    1.255437377929687500000000000000E+03
       -3.261162281036376953125000000000    1.263516723632812500000000000000E+03
       -3.260162353515625000000000000000    1.271645385742187500000000000000E+03
       -3.259162425994873046875000000000    1.279823852539062500000000000000E+03
       -3.258162498474121093750000000000    1.288052368164062500000000000000E+03
       -3.257162570953369140625000000000    1.296331176757812500000000000000E+03
       -3.256162643432617187500000000000    1.304660766601562500000000000000E+03
       -3.255162715911865234375000000000    1.313041137695312500000000000000E+03
       -3.254162788391113281250000000000    1.321472534179687500000000000000E+03
       -3.253162860870361328125000000000    1.329955200195312500000000000000E+03
       -3.252162933349609375000000000000    1.338489624023437500000000000000E+03
       -3.251163005828857421875000000000    1.347076049804687500000000000000E+03
       -3.250163078308105468750000000000    1.355714721679687500000000000000E+03
       -3.249163150787353515625000000000    1.364406127929687500000000000000E+03
       -3.248163223266601562500000000000    1.373150512695312500000000000000E+03
       -3.247163295745849609375000000000    1.381948364257812500000000000000E+03
       -3.246163368225097656250000000000    1.390799682617187500000000000000E+03
       -3.245163440704345703125000000000    1.399704711914062500000000000000E+03
       -3.244163513183593750000000000000    1.408663696289062500000000000000E+03
       -3.243163585662841796875000000000    1.417677124023437500000000000000E+03
       -3.242163658142089843750000000000    1.426745239257812500000000000000E+03
       -3.241163730621337890625000000000    1.435868530273437500000000000000E+03
       -3.240163803100585937500000000000    1.445047241210937500000000000000E+03
       -3.239163875579833984375000000000    1.454281860351562500000000000000E+03
       -3.238163948059082031250000000000    1.463572631835937500000000000000E+03
       -3.237164020538330078125000000000    1.472919555664062500000000000000E+03
       -3.236164093017578125000000000000    1.482323120117187500000000000000E+03
       -3.235164165496826171875000000000    1.491783569335937500000000000000E+03
       -3.234164237976074218750000000000    1.501301391601562500000000000000E+03
       -3.233164310455322265625000000000    1.510876831054687500000000000000E+03
       -3.232164382934570312500000000000    1.520510375976562500000000000000E+03
       -3.231164455413818359375000000000    1.530202270507812500000000000000E+03
       -3.230164527893066406250000000000    1.539953002929687500000000000000E+03
       -3.229164600372314453125000000000    1.549762817382812500000000000000E+03
       -3.228164672851562500000000000000    1.559632202148437500000000000000E+03
       -3.227164745330810546875000000000    1.569561157226562500000000000000E+03
       -3.226164817810058593750000000000    1.579549926757812500000000000000E+03
       -3.225164890289306640625000000000    1.589598999023437500000000000000E+03
       -3.224164962768554687500000000000    1.599708618164062500000000000000E+03
       -3.223165035247802734375000000000    1.609879272460937500000000000000E+03
       -3.222165107727050781250000000000    1.620111450195312500000000000000E+03
       -3.221165180206298828125000000000    1.630405395507812500000000000000E+03
       -3.220165252685546875000000000000    1.640761596679687500000000000000E+03
       -3.219165325164794921875000000000    1.651180297851562500000000000000E+03
       -3.218165397644042968750000000000    1.661661499023437500000000000000E+03
       -3.217165470123291015625000000000    1.672205688476562500000000000000E+03
       -3.216165542602539062500000000000    1.682813354492187500000000000000E+03
       -3.215165615081787109375000000000    1.693484741210937500000000000000E+03
       -3.214165687561035156250000000000    1.704220336914062500000000000000E+03
       -3.213165760040283203125000000000    1.715020629882812500000000000000E+03
       -3.212165832519531250000000000000    1.725885864257812500000000000000E+03
       -3.211165904998779296875000000000    1.736816528320312500000000000000E+03
       -3.210165977478027343750000000000    1.747813110351562500000000000000E+03
       -3.209166049957275390625000000000    1.758875610351562500000000000000E+03
       -3.208166122436523437500000000000    1.770004272460937500000000000000E+03
       -3.207166194915771484375000000000    1.781199584960937500000000000000E+03
       -3.206166267395019531250000000000    1.792462036132812500000000000000E+03
       -3.205166339874267578125000000000    1.803792114257812500000000000000E+03
       -3.204166412353515625000000000000    1.815190063476562500000000000000E+03
       -3.203166484832763671875000000000    1.826656372070312500000000000000E+03
       -3.202166557312011718750000000000    1.838191528320312500000000000000E+03
       -3.201166629791259765625000000000    1.849796020507812500000000000000E+03
       -3.200166702270507812500000000000    1.861469848632812500000000000000E+03
       -3.199166774749755859375000000000    1.873213256835937500000000000000E+03
       -3.198166847229003906250000000000    1.885026733398437500000000000000E+03
       -3.197166919708251953125000000000    1.896910766601562500000000000000E+03
       -3.196166992187500000000000000000    1.908865844726562500000000000000E+03
       -3.195167064666748046875000000000    1.920892456054687500000000000000E+03
       -3.194167137145996093750000000000    1.932991088867187500000000000000E+03
       -3.193167209625244140625000000000    1.945161987304687500000000000000E+03
       -3.192167282104492187500000000000    1.957405639648437500000000000000E+03
       -3.191167354583740234375000000000    1.969722534179687500000000000000E+03
       -3.190167427062988281250000000000    1.982112670898437500000000000000E+03
       -3.189167499542236328125000000000    1.994576538085937500000000000000E+03
       -3.188167572021484375000000000000    2.007114624023437500000000000000E+03
       -3.187167644500732421875000000000    2.019727416992187500000000000000E+03
       -3.186167716979980468750000000000    2.032415405273437500000000000000E+03
       -3.185167789459228515625000000000    2.045179077148437500000000000000E+03
       -3.184167861938476562500000000000    2.058019042968750000000000000000E+03
       -3.183167934417724609375000000000    2.070935546875000000000000000000E+03
       -3.182168006896972656250000000000    2.083929199218750000000000000000E+03
       -3.181168079376220703125000000000    2.097000000000000000000000000000E+03
       -3.180168151855468750000000000000    2.110148437500000000000000000000E+03
       -3.179168224334716796875000000000    2.123375000000000000000000000000E+03
       -3.178168296813964843750000000000    2.136680175781250000000000000000E+03
       -3.177168369293212890625000000000    2.150064453125000000000000000000E+03
       -3.176168441772460937500000000000    2.163528320312500000000000000000E+03
       -3.175168514251708984375000000000    2.177072265625000000000000000000E+03
       -3.174168586730957031250000000000    2.190696777343750000000000000000E+03
       -3.173168659210205078125000000000    2.204402343750000000000000000000E+03
       -3.172168731689453125000000000000    2.218188964843750000000000000000E+03
       -3.171168804168701171875000000000    2.232057128906250000000000000000E+03
       -3.170168876647949218750000000000    2.246007324218750000000000000000E+03
       -3.169168949127197265625000000000    2.260040039062500000000000000000E+03
       -3.168169021606445312500000000000    2.274155761718750000000000000000E+03
       -3.167169094085693359375000000000    2.288354980468750000000000000000E+03
       -3.166169166564941406250000000000    2.302638183593750000000000000000E+03
       -3.165169239044189453125000000000    2.317005859375000000000000000000E+03
       -3.164169311523437500000000000000    2.331458496093750000000000000000E+03
       -3.163169384002685546875000000000    2.345996582031250000000000000000E+03
       -3.162169456481933593750000000000    2.360620117187500000000000000000E+03
       -3.161169528961181640625000000000    2.375329589843750000000000000000E+03
       -3.160169601440429687500000000000    2.390125488281250000000000000000E+03
       -3.159169673919677734375000000000    2.405008789062500000000000000000E+03
       -3.158169746398925781250000000000    2.419979980468750000000000000000E+03
       -3.157169818878173828125000000000    2.435039550781250000000000000000E+03
       -3.156169891357421875000000000000    2.450187988281250000000000000000E+03
       -3.155169963836669921875000000000    2.465425781250000000000000000000E+03
       -3.154170036315917968750000000000    2.480753417968750000000000000000E+03
       -3.153170108795166015625000000000    2.496170898437500000000000000000E+03
       -3.152170181274414062500000000000    2.511678710937500000000000000000E+03
       -3.151170253753662109375000000000    2.527277343750000000000000000000E+03
       -3.150170326232910156250000000000    2.542967773437500000000000000000E+03
       -3.149170398712158203125000000000    2.558750488281250000000000000000E+03
       -3.148170471191406250000000000000    2.574625976562500000000000000000E+03
       -3.147170543670654296875000000000    2.590594726562500000000000000000E+03
       -3.146170616149902343750000000000    2.606657226562500000000000000000E+03
       -3.145170688629150390625000000000    2.622813964843750000000000000000E+03
       -3.144170761108398437500000000000    2.639065917968750000000000000000E+03
       -3.143170833587646484375000000000    2.655413085937500000000000000000E+03
       -3.142170906066894531250000000000    2.671855957031250000000000000000E+03
       -3.141170978546142578125000000000    2.688395019531250000000000000000E+03
       -3.140171051025390625000000000000    2.705030761718750000000000000000E+03
       -3.139171123504638671875000000000    2.721763671875000000000000000000E+03
       -3.138171195983886718750000000000    2.738594726562500000000000000000E+03
       -3.137171268463134765625000000000    2.755524414062500000000000000000E+03
       -3.136171340942382812500000000000    2.772553222656250000000000000000E+03
       -3.135171413421630859375000000000    2.789681640625000000000000000000E+03
       -3.134171485900878906250000000000    2.806909667968750000000000000000E+03
       -3.133171558380126953125000000000    2.824238281250000000000000000000E+03
       -3.132171630859375000000000000000    2.841667968750000000000000000000E+03
       -3.131171703338623046875000000000    2.859199218750000000000000000000E+03
       -3.130171775817871093750000000000    2.876832519531250000000000000000E+03
       -3.129171848297119140625000000000    2.894568847656250000000000000000E+03
       -3.128171920776367187500000000000    2.912408691406250000000000000000E+03
       -3.127171993255615234375000000000    2.930352539062500000000000000000E+03
       -3.126172065734863281250000000000    2.948401367187500000000000000000E+03
       -3.125172138214111328125000000000    2.966555664062500000000000000000E+03
       -3.124172210693359375000000000000    2.984815429687500000000000000000E+03
       -3.123172283172607421875000000000    3.003181152343750000000000000000E+03
       -3.122172355651855468750000000000    3.021653320312500000000000000000E+03
       -3.121172428131103515625000000000    3.040232910156250000000000000000E+03
       -3.120172500610351562500000000000    3.058920410156250000000000000000E+03
       -3.119172573089599609375000000000    3.077716796875000000000000000000E+03
       -3.118172645568847656250000000000    3.096622558593750000000000000000E+03
       -3.117172718048095703125000000000    3.115638183593750000000000000000E+03
       -3.116172790527343750000000000000    3.134764648437500000000000000000E+03
       -3.115172863006591796875000000000    3.154001953125000000000000000000E+03
       -3.114172935485839843750000000000    3.173350585937500000000000000000E+03
       -3.113173007965087890625000000000    3.192811035156250000000000000000E+03
       -3.112173080444335937500000000000    3.212384277343750000000000000000E+03
       -3.111173152923583984375000000000    3.232070800781250000000000000000E+03
       -3.110173225402832031250000000000    3.251871582031250000000000000000E+03
       -3.109173297882080078125000000000    3.271787109375000000000000000000E+03
       -3.108173370361328125000000000000    3.291817871093750000000000000000E+03
       -3.107173442840576171875000000000    3.311964843750000000000000000000E+03
       -3.106173515319824218750000000000    3.332228515625000000000000000000E+03
       -3.105173587799072265625000000000    3.352608886718750000000000000000E+03
       -3.104173660278320312500000000000    3.373106933593750000000000000000E+03
       -3.103173732757568359375000000000    3.393723144531250000000000000000E+03
       -3.102173805236816406250000000000    3.414458496093750000000000000000E+03
       -3.101173877716064453125000000000    3.435313476562500000000000000000E+03
       -3.100173950195312500000000000000    3.456289062500000000000000000000E+03
       -3.099174022674560546875000000000    3.477385742187500000000000000000E+03
       -3.098174095153808593750000000000    3.498604492187500000000000000000E+03
       -3.097174167633056640625000000000    3.519945800781250000000000000000E+03
       -3.096174240112304687500000000000    3.541410644531250000000000000000E+03
       -3.095174312591552734375000000000    3.562998535156250000000000000000E+03
       -3.094174385070800781250000000000    3.584710449218750000000000000000E+03
       -3.093174457550048828125000000000    3.606547363281250000000000000000E+03
       -3.092174530029296875000000000000    3.628509765625000000000000000000E+03
       -3.091174602508544921875000000000    3.650598632812500000000000000000E+03
       -3.090174674987792968750000000000    3.672814453125000000000000000000E+03
       -3.089174747467041015625000000000    3.695158203125000000000000000000E+03
       -3.088174819946289062500000000000    3.717630371093750000000000000000E+03
       -3.087174892425537109375000000000    3.740231933593750000000000000000E+03
       -3.086174964904785156250000000000    3.762962890625000000000000000000E+03
       -3.085175037384033203125000000000    3.785823730468750000000000000000E+03
       -3.084175109863281250000000000000    3.808815429687500000000000000000E+03
       -3.083175182342529296875000000000    3.831938964843750000000000000000E+03
       -3.082175254821777343750000000000    3.855194824218750000000000000000E+03
       -3.081175327301025390625000000000    3.878583984375000000000000000000E+03
       -3.080175399780273437500000000000    3.902107421875000000000000000000E+03
       -3.079175472259521484375000000000    3.925765625000000000000000000000E+03
       -3.078175544738769531250000000000    3.949559570312500000000000000000E+03
       -3.077175617218017578125000000000    3.973490234375000000000000000000E+03
       -3.076175689697265625000000000000    3.997557128906250000000000000000E+03
       -3.075175762176513671875000000000    4.021761230468750000000000000000E+03
       -3.074175834655761718750000000000    4.046103515625000000000000000000E+03
       -3.073175907135009765625000000000    4.070584472656250000000000000000E+03
       -3.072175979614257812500000000000    4.095205078125000000000000000000E+03
       -3.071176052093505859375000000000    4.119966308593750000000000000000E+03
       -3.070176124572753906250000000000    4.144869140625000000000000000000E+03
       -3.069176197052001953125000000000    4.169914550781250000000000000000E+03
       -3.068176269531250000000000000000    4.195103515625000000000000000000E+03
       -3.067176342010498046875000000000    4.220436035156250000000000000000E+03
       -3.066176414489746093750000000000    4.245912109375000000000000000000E+03
       -3.065176486968994140625000000000    4.271532714843750000000000000000E+03
       -3.064176559448242187500000000000    4.297298828125000000000000000000E+03
       -3.063176631927490234375000000000    4.323211425781250000000000000000E+03
       -3.062176704406738281250000000000    4.349271484375000000000000000000E+03
       -3.061176776885986328125000000000    4.375479980468750000000000000000E+03
       -3.060176849365234375000000000000    4.401837890625000000000000000000E+03
       -3.059176921844482421875000000000    4.428346191406250000000000000000E+03
       -3.058176994323730468750000000000    4.455005859375000000000000000000E+03
       -3.057177066802978515625000000000    4.481815917968750000000000000000E+03
       -3.056177139282226562500000000000    4.508777343750000000000000000000E+03
       -3.055177211761474609375000000000    4.535891113281250000000000000000E+03
       -3.054177284240722656250000000000    4.563158203125000000000000000000E+03
       -3.053177356719970703125000000000    4.590579589843750000000000000000E+03
       -3.052177429199218750000000000000    4.618156250000000000000000000000E+03
       -3.051177501678466796875000000000    4.645889160156250000000000000000E+03
       -3.050177574157714843750000000000    4.673779296875000000000000000000E+03
       -3.049177646636962890625000000000    4.701827636718750000000000000000E+03
       -3.048177719116210937500000000000    4.730035156250000000000000000000E+03
       -3.047177791595458984375000000000    4.758401855468750000000000000000E+03
       -3.046177864074707031250000000000    4.786928710937500000000000000000E+03
       -3.045177936553955078125000000000    4.815616699218750000000000000000E+03
       -3.044178009033203125000000000000    4.844466796875000000000000000000E+03
       -3.043178081512451171875000000000    4.873479980468750000000000000000E+03
       -3.042178153991699218750000000000    4.902657226562500000000000000000E+03
       -3.041178226470947265625000000000    4.931999511718750000000000000000E+03
       -3.040178298950195312500000000000    4.961507812500000000000000000000E+03
       -3.039178371429443359375000000000    4.991183105468750000000000000000E+03
       -3.038178443908691406250000000000    5.021026367187500000000000000000E+03
       -3.037178516387939453125000000000    5.051037597656250000000000000000E+03
       -3.036178588867187500000000000000    5.081217773437500000000000000000E+03
       -3.035178661346435546875000000000    5.111567871093750000000000000000E+03
       -3.034178733825683593750000000000    5.142088867187500000000000000000E+03
       -3.033178806304931640625000000000    5.172781738281250000000000000000E+03
       -3.032178878784179687500000000000    5.203647460937500000000000000000E+03
       -3.031178951263427734375000000000    5.234687011718750000000000000000E+03
       -3.030179023742675781250000000000    5.265901367187500000000000000000E+03
       -3.029179096221923828125000000000    5.297291503906250000000000000000E+03
       -3.028179168701171875000000000000    5.328858398437500000000000000000E+03
       -3.027179241180419921875000000000    5.360602050781250000000000000000E+03
       -3.026179313659667968750000000000    5.392523437500000000000000000000E+03
       -3.025179386138916015625000000000    5.424623535156250000000000000000E+03
       -3.024179458618164062500000000000    5.456903320312500000000000000000E+03
       -3.023179531097412109375000000000    5.489363769531250000000000000000E+03
       -3.022179603576660156250000000000    5.522005859375000000000000000000E+03
       -3.021179676055908203125000000000    5.554830566406250000000000000000E+03
       -3.020179748535156250000000000000    5.587839843750000000000000000000E+03
       -3.019179821014404296875000000000    5.621034667968750000000000000000E+03
       -3.018179893493652343750000000000    5.654416015625000000000000000000E+03
       -3.017179965972900390625000000000    5.687983886718750000000000000000E+03
       -3.016180038452148437500000000000    5.721739257812500000000000000000E+03
       -3.015180110931396484375000000000    5.755683105468750000000000000000E+03
       -3.014180183410644531250000000000    5.789816406250000000000000000000E+03
       -3.013180255889892578125000000000    5.824140136718750000000000000000E+03
       -3.012180328369140625000000000000    5.858655273437500000000000000000E+03
       -3.011180400848388671875000000000    5.893362792968750000000000000000E+03
       -3.010180473327636718750000000000    5.928264648437500000000000000000E+03
       -3.009180545806884765625000000000    5.963361816406250000000000000000E+03
       -3.008180618286132812500000000000    5.998653320312500000000000000000E+03
       -3.007180690765380859375000000000    6.034141113281250000000000000000E+03
       -3.006180763244628906250000000000    6.069826171875000000000000000000E+03
       -3.005180835723876953125000000000    6.105709472656250000000000000000E+03
       -3.004180908203125000000000000000    6.141791992187500000000000000000E+03
       -3.003180980682373046875000000000    6.178074707031250000000000000000E+03
       -3.002181053161621093750000000000    6.214559570312500000000000000000E+03
       -3.001181125640869140625000000000    6.251247558593750000000000000000E+03
       -3.000181198120117187500000000000    6.288139648437500000000000000000E+03
       -2.999181270599365234375000000000    6.325236816406250000000000000000E+03
       -2.998181343078613281250000000000    6.362539062500000000000000000000E+03
       -2.997181415557861328125000000000    6.400047363281250000000000000000E+03
       -2.996181488037109375000000000000    6.437763671875000000000000000000E+03
       -2.995181560516357421875000000000    6.475688964843750000000000000000E+03
       -2.994181632995605468750000000000    6.513824218750000000000000000000E+03
       -2.993181705474853515625000000000    6.552170410156250000000000000000E+03
       -2.992181777954101562500000000000    6.590729492187500000000000000000E+03
       -2.991181850433349609375000000000    6.629502441406250000000000000000E+03
       -2.990181922912597656250000000000    6.668490234375000000000000000000E+03
       -2.989181995391845703125000000000    6.707693847656250000000000000000E+03
       -2.988182067871093750000000000000    6.747113281250000000000000000000E+03
       -2.987182140350341796875000000000    6.786749511718750000000000000000E+03
       -2.986182212829589843750000000000    6.826604492187500000000000000000E+03
       -2.985182285308837890625000000000    6.866679199218750000000000000000E+03
       -2.984182357788085937500000000000    6.906974609375000000000000000000E+03
       -2.983182430267333984375000000000    6.947492675781250000000000000000E+03
       -2.982182502746582031250000000000    6.988234375000000000000000000000E+03
       -2.981182575225830078125000000000    7.029200683593750000000000000000E+03
       -2.980182647705078125000000000000    7.070393554687500000000000000000E+03
       -2.979182720184326171875000000000    7.111813964843750000000000000000E+03
       -2.978182792663574218750000000000    7.153461914062500000000000000000E+03
       -2.977182865142822265625000000000    7.195338378906250000000000000000E+03
       -2.976182937622070312500000000000    7.237444335937500000000000000000E+03
       -2.975183010101318359375000000000    7.279781738281250000000000000000E+03
       -2.974183082580566406250000000000    7.322351562500000000000000000000E+03
       -2.973183155059814453125000000000    7.365155761718750000000000000000E+03
       -2.972183227539062500000000000000    7.408195312500000000000000000000E+03
       -2.971183300018310546875000000000    7.451471191406250000000000000000E+03
       -2.970183372497558593750000000000    7.494985351562500000000000000000E+03
       -2.969183444976806640625000000000    7.538738769531250000000000000000E+03
       -2.968183517456054687500000000000    7.582731445312500000000000000000E+03
       -2.967183589935302734375000000000    7.626964355468750000000000000000E+03
       -2.966183662414550781250000000000    7.671439453125000000000000000000E+03
       -2.965183734893798828125000000000    7.716157714843750000000000000000E+03
       -2.964183807373046875000000000000    7.761121093750000000000000000000E+03
       -2.963183879852294921875000000000    7.806330566406250000000000000000E+03
       -2.962183952331542968750000000000    7.851787109375000000000000000000E+03
       -2.961184024810791015625000000000    7.897492675781250000000000000000E+03
       -2.960184097290039062500000000000    7.943448242187500000000000000000E+03
       -2.959184169769287109375000000000    7.989655761718750000000000000000E+03
       -2.958184242248535156250000000000    8.036114257812500000000000000000E+03
       -2.957184314727783203125000000000    8.082825683593750000000000000000E+03
       -2.956184387207031250000000000000    8.129791015625000000000000000000E+03
       -2.955184459686279296875000000000    8.177012207031250000000000000000E+03
       -2.954184532165527343750000000000    8.224491210937500000000000000000E+03
       -2.953184604644775390625000000000    8.272230468750000000000000000000E+03
       -2.952184677124023437500000000000    8.320229492187500000000000000000E+03
       -2.951184749603271484375000000000    8.368490234375000000000000000000E+03
       -2.950184822082519531250000000000    8.417014648437500000000000000000E+03
       -2.949184894561767578125000000000    8.465804687500000000000000000000E+03
       -2.948184967041015625000000000000    8.514858398437500000000000000000E+03
       -2.947185039520263671875000000000    8.564177734375000000000000000000E+03
       -2.946185111999511718750000000000    8.613764648437500000000000000000E+03
       -2.945185184478759765625000000000    8.663621093750000000000000000000E+03
       -2.944185256958007812500000000000    8.713749023437500000000000000000E+03
       -2.943185329437255859375000000000    8.764148437500000000000000000000E+03
       -2.942185401916503906250000000000    8.814821289062500000000000000000E+03
       -2.941185474395751953125000000000    8.865769531250000000000000000000E+03
       -2.940185546875000000000000000000    8.916995117187500000000000000000E+03
       -2.939185619354248046875000000000    8.968500000000000000000000000000E+03
       -2.938185691833496093750000000000    9.020284179687500000000000000000E+03
       -2.937185764312744140625000000000    9.072347656250000000000000000000E+03
       -2.936185836791992187500000000000    9.124692382812500000000000000000E+03
       -2.935185909271240234375000000000    9.177320312500000000000000000000E+03
       -2.934185981750488281250000000000    9.230233398437500000000000000000E+03
       -2.933186054229736328125000000000    9.283431640625000000000000000000E+03
       -2.932186126708984375000000000000    9.336916992187500000000000000000E+03
       -2.931186199188232421875000000000    9.390691406250000000000000000000E+03
       -2.930186271667480468750000000000    9.444756835937500000000000000000E+03
       -2.929186344146728515625000000000    9.499115234375000000000000000000E+03
       -2.928186416625976562500000000000    9.553768554687500000000000000000E+03
       -2.927186489105224609375000000000    9.608714843750000000000000000000E+03
       -2.926186561584472656250000000000    9.663956054687500000000000000000E+03
       -2.925186634063720703125000000000    9.719494140625000000000000000000E+03
       -2.924186706542968750000000000000    9.775331054687500000000000000000E+03
       -2.923186779022216796875000000000    9.831468750000000000000000000000E+03
       -2.922186851501464843750000000000    9.887909179687500000000000000000E+03
       -2.921186923980712890625000000000    9.944654296875000000000000000000E+03
       -2.920186996459960937500000000000    1.000170605468750000000000000000E+04
       -2.919187068939208984375000000000    1.005906445312500000000000000000E+04
       -2.918187141418457031250000000000    1.011673144531250000000000000000E+04
       -2.917187213897705078125000000000    1.017470703125000000000000000000E+04
       -2.916187286376953125000000000000    1.023299316406250000000000000000E+04
       -2.915187358856201171875000000000    1.029159179687500000000000000000E+04
       -2.914187431335449218750000000000    1.035050488281250000000000000000E+04
       -2.913187503814697265625000000000    1.040973437500000000000000000000E+04
       -2.912187576293945312500000000000    1.046928222656250000000000000000E+04
       -2.911187648773193359375000000000    1.052915039062500000000000000000E+04
       -2.910187721252441406250000000000    1.058934082031250000000000000000E+04
       -2.909187793731689453125000000000    1.064985351562500000000000000000E+04
       -2.908187866210937500000000000000    1.071069042968750000000000000000E+04
       -2.907187938690185546875000000000    1.077185156250000000000000000000E+04
       -2.906188011169433593750000000000    1.083333886718750000000000000000E+04
       -2.905188083648681640625000000000    1.089515429687500000000000000000E+04
       -2.904188156127929687500000000000    1.095729980468750000000000000000E+04
       -2.903188228607177734375000000000    1.101977734375000000000000000000E+04
       -2.902188301086425781250000000000    1.108258886718750000000000000000E+04
       -2.901188373565673828125000000000    1.114573632812500000000000000000E+04
       -2.900188446044921875000000000000    1.120922167968750000000000000000E+04
       -2.899188518524169921875000000000    1.127304687500000000000000000000E+04
       -2.898188591003417968750000000000    1.133721386718750000000000000000E+04
       -2.897188663482666015625000000000    1.140172070312500000000000000000E+04
       -2.896188735961914062500000000000    1.146656933593750000000000000000E+04
       -2.895188808441162109375000000000    1.153176171875000000000000000000E+04
       -2.894188880920410156250000000000    1.159729980468750000000000000000E+04
       -2.893188953399658203125000000000    1.166318554687500000000000000000E+04
       -2.892189025878906250000000000000    1.172942089843750000000000000000E+04
       -2.891189098358154296875000000000    1.179600781250000000000000000000E+04
       -2.890189170837402343750000000000    1.186294824218750000000000000000E+04
       -2.889189243316650390625000000000    1.193024414062500000000000000000E+04
       -2.888189315795898437500000000000    1.199789746093750000000000000000E+04
       -2.887189388275146484375000000000    1.206591210937500000000000000000E+04
       -2.886189460754394531250000000000    1.213428613281250000000000000000E+04
       -2.885189533233642578125000000000    1.220302148437500000000000000000E+04
       -2.884189605712890625000000000000    1.227212011718750000000000000000E+04
       -2.883189678192138671875000000000    1.234158398437500000000000000000E+04
       -2.882189750671386718750000000000    1.241141503906250000000000000000E+04
       -2.881189823150634765625000000000    1.248161523437500000000000000000E+04
       -2.880189895629882812500000000000    1.255218652343750000000000000000E+04
       -2.879189968109130859375000000000    1.262313281250000000000000000000E+04
       -2.878190040588378906250000000000    1.269445605468750000000000000000E+04
       -2.877190113067626953125000000000    1.276615820312500000000000000000E+04
       -2.876190185546875000000000000000    1.283823730468750000000000000000E+04
       -2.875190258026123046875000000000    1.291069531250000000000000000000E+04
       -2.874190330505371093750000000000    1.298353417968750000000000000000E+04
       -2.873190402984619140625000000000    1.305675781250000000000000000000E+04
       -2.872190475463867187500000000000    1.313036816406250000000000000000E+04
       -2.871190547943115234375000000000    1.320436718750000000000000000000E+04
       -2.870190620422363281250000000000    1.327875683593750000000000000000E+04
       -2.869190692901611328125000000000    1.335353906250000000000000000000E+04
       -2.868190765380859375000000000000    1.342871582031250000000000000000E+04
       -2.867190837860107421875000000000    1.350428906250000000000000000000E+04
       -2.866190910339355468750000000000    1.358025878906250000000000000000E+04
       -2.865190982818603515625000000000    1.365662695312500000000000000000E+04
       -2.864191055297851562500000000000    1.373339550781250000000000000000E+04
       -2.863191127777099609375000000000    1.381056640625000000000000000000E+04
       -2.862191200256347656250000000000    1.388814160156250000000000000000E+04
       -2.861191272735595703125000000000    1.396612500000000000000000000000E+04
       -2.860191345214843750000000000000    1.404451855468750000000000000000E+04
       -2.859191417694091796875000000000    1.412332421875000000000000000000E+04
       -2.858191490173339843750000000000    1.420254394531250000000000000000E+04
       -2.857191562652587890625000000000    1.428217968750000000000000000000E+04
       -2.856191635131835937500000000000    1.436223339843750000000000000000E+04
       -2.855191707611083984375000000000    1.444270507812500000000000000000E+04
       -2.854191780090332031250000000000    1.452359667968750000000000000000E+04
       -2.853191852569580078125000000000    1.460491015625000000000000000000E+04
       -2.852191925048828125000000000000    1.468664941406250000000000000000E+04
       -2.851191997528076171875000000000    1.476881640625000000000000000000E+04
       -2.850192070007324218750000000000    1.485141308593750000000000000000E+04
       -2.849192142486572265625000000000    1.493444140625000000000000000000E+04
       -2.848192214965820312500000000000    1.501790332031250000000000000000E+04
       -2.847192287445068359375000000000    1.510180273437500000000000000000E+04
       -2.846192359924316406250000000000    1.518614160156250000000000000000E+04
       -2.845192432403564453125000000000    1.527091796875000000000000000000E+04
       -2.844192504882812500000000000000    1.535613574218750000000000000000E+04
       -2.843192577362060546875000000000    1.544179687500000000000000000000E+04
       -2.842192649841308593750000000000    1.552790332031250000000000000000E+04
       -2.841192722320556640625000000000    1.561445703125000000000000000000E+04
       -2.840192794799804687500000000000    1.570146191406250000000000000000E+04
       -2.839192867279052734375000000000    1.578891992187500000000000000000E+04
       -2.838192939758300781250000000000    1.587683300781250000000000000000E+04
       -2.837193012237548828125000000000    1.596520507812500000000000000000E+04
       -2.836193084716796875000000000000    1.605403808593750000000000000000E+04
       -2.835193157196044921875000000000    1.614333398437500000000000000000E+04
       -2.834193229675292968750000000000    1.623309082031250000000000000000E+04
       -2.833193302154541015625000000000    1.632331250000000000000000000000E+04
       -2.832193374633789062500000000000    1.641400000000000000000000000000E+04
       -2.831193447113037109375000000000    1.650515625000000000000000000000E+04
       -2.830193519592285156250000000000    1.659678515625000000000000000000E+04
       -2.829193592071533203125000000000    1.668889062500000000000000000000E+04
       -2.828193664550781250000000000000    1.678147265625000000000000000000E+04
       -2.827193737030029296875000000000    1.687453515625000000000000000000E+04
       -2.826193809509277343750000000000    1.696808203125000000000000000000E+04
       -2.825193881988525390625000000000    1.706211328125000000000000000000E+04
       -2.824193954467773437500000000000    1.715662890625000000000000000000E+04
       -2.823194026947021484375000000000    1.725163281250000000000000000000E+04
       -2.822194099426269531250000000000    1.734712500000000000000000000000E+04
       -2.821194171905517578125000000000    1.744310937500000000000000000000E+04
       -2.820194244384765625000000000000    1.753958984375000000000000000000E+04
       -2.819194316864013671875000000000    1.763656640625000000000000000000E+04
       -2.818194389343261718750000000000    1.773404296875000000000000000000E+04
       -2.817194461822509765625000000000    1.783202343750000000000000000000E+04
       -2.816194534301757812500000000000    1.793051171875000000000000000000E+04
       -2.815194606781005859375000000000    1.802950781250000000000000000000E+04
       -2.814194679260253906250000000000    1.812901562500000000000000000000E+04
       -2.813194751739501953125000000000    1.822903515625000000000000000000E+04
       -2.812194824218750000000000000000    1.832956640625000000000000000000E+04
       -2.811194896697998046875000000000    1.843061328125000000000000000000E+04
       -2.810194969177246093750000000000    1.853217968750000000000000000000E+04
       -2.809195041656494140625000000000    1.863426562500000000000000000000E+04
       -2.808195114135742187500000000000    1.873687500000000000000000000000E+04
       -2.807195186614990234375000000000    1.884001171875000000000000000000E+04
       -2.806195259094238281250000000000    1.894367968750000000000000000000E+04
       -2.805195331573486328125000000000    1.904787890625000000000000000000E+04
       -2.804195404052734375000000000000    1.915261328125000000000000000000E+04
       -2.803195476531982421875000000000    1.925788671875000000000000000000E+04
       -2.802195549011230468750000000000    1.936369921875000000000000000000E+04
       -2.801195621490478515625000000000    1.947005078125000000000000000000E+04
       -2.800195693969726562500000000000    1.957694531250000000000000000000E+04
       -2.799195766448974609375000000000    1.968438671875000000000000000000E+04
       -2.798195838928222656250000000000    1.979237890625000000000000000000E+04
       -2.797195911407470703125000000000    1.990092187500000000000000000000E+04
       -2.796195983886718750000000000000    2.001001953125000000000000000000E+04
       -2.795196056365966796875000000000    2.011967578125000000000000000000E+04
       -2.794196128845214843750000000000    2.022989453125000000000000000000E+04
       -2.793196201324462890625000000000    2.034067578125000000000000000000E+04
       -2.792196273803710937500000000000    2.045201953125000000000000000000E+04
       -2.791196346282958984375000000000    2.056392968750000000000000000000E+04
       -2.790196418762207031250000000000    2.067641015625000000000000000000E+04
       -2.789196491241455078125000000000    2.078946093750000000000000000000E+04
       -2.788196563720703125000000000000    2.090308593750000000000000000000E+04
       -2.787196636199951171875000000000    2.101728906250000000000000000000E+04
       -2.786196708679199218750000000000    2.113207421875000000000000000000E+04
       -2.785196781158447265625000000000    2.124744531250000000000000000000E+04
       -2.784196853637695312500000000000    2.136340234375000000000000000000E+04
       -2.783196926116943359375000000000    2.147994921875000000000000000000E+04
       -2.782196998596191406250000000000    2.159708984375000000000000000000E+04
       -2.781197071075439453125000000000    2.171482421875000000000000000000E+04
       -2.780197143554687500000000000000    2.183315234375000000000000000000E+04
       -2.779197216033935546875000000000    2.195207812500000000000000000000E+04
       -2.778197288513183593750000000000    2.207160546875000000000000000000E+04
       -2.777197360992431640625000000000    2.219173828125000000000000000000E+04
       -2.776197433471679687500000000000    2.231248046875000000000000000000E+04
       -2.775197505950927734375000000000    2.243383593750000000000000000000E+04
       -2.774197578430175781250000000000    2.255580468750000000000000000000E+04
       -2.773197650909423828125000000000    2.267839062500000000000000000000E+04
       -2.772197723388671875000000000000    2.280159765625000000000000000000E+04
       -2.771197795867919921875000000000    2.292542968750000000000000000000E+04
       -2.770197868347167968750000000000    2.304988671875000000000000000000E+04
       -2.769197940826416015625000000000    2.317496875000000000000000000000E+04
       -2.768198013305664062500000000000    2.330067968750000000000000000000E+04
       -2.767198085784912109375000000000    2.342702343750000000000000000000E+04
       -2.766198158264160156250000000000    2.355400390625000000000000000000E+04
       -2.765198230743408203125000000000    2.368162500000000000000000000000E+04
       -2.764198303222656250000000000000    2.380989062500000000000000000000E+04
       -2.763198375701904296875000000000    2.393880468750000000000000000000E+04
       -2.762198448181152343750000000000    2.406837109375000000000000000000E+04
       -2.761198520660400390625000000000    2.419858984375000000000000000000E+04
       -2.760198593139648437500000000000    2.432946093750000000000000000000E+04
       -2.759198665618896484375000000000    2.446098828125000000000000000000E+04
       -2.758198738098144531250000000000    2.459317578125000000000000000000E+04
       -2.757198810577392578125000000000    2.472602734375000000000000000000E+04
       -2.756198883056640625000000000000    2.485954687500000000000000000000E+04
       -2.755198955535888671875000000000    2.499373437500000000000000000000E+04
       -2.754199028015136718750000000000    2.512859375000000000000000000000E+04
       -2.753199100494384765625000000000    2.526412890625000000000000000000E+04
       -2.752199172973632812500000000000    2.540034375000000000000000000000E+04
       -2.751199245452880859375000000000    2.553724218750000000000000000000E+04
       -2.750199317932128906250000000000    2.567482812500000000000000000000E+04
       -2.749199390411376953125000000000    2.581310156250000000000000000000E+04
       -2.748199462890625000000000000000    2.595206250000000000000000000000E+04
       -2.747199535369873046875000000000    2.609171484375000000000000000000E+04
       -2.746199607849121093750000000000    2.623206250000000000000000000000E+04
       -2.745199680328369140625000000000    2.637310937500000000000000000000E+04
       -2.744199752807617187500000000000    2.651485937500000000000000000000E+04
       -2.743199825286865234375000000000    2.665731640625000000000000000000E+04
       -2.742199897766113281250000000000    2.680048437500000000000000000000E+04
       -2.741199970245361328125000000000    2.694436718750000000000000000000E+04
       -2.740200042724609375000000000000    2.708896875000000000000000000000E+04
       -2.739200115203857421875000000000    2.723429296875000000000000000000E+04
       -2.738200187683105468750000000000    2.738033984375000000000000000000E+04
       -2.737200260162353515625000000000    2.752710937500000000000000000000E+04
       -2.736200332641601562500000000000    2.767460546875000000000000000000E+04
       -2.735200405120849609375000000000    2.782283203125000000000000000000E+04
       -2.734200477600097656250000000000    2.797179296875000000000000000000E+04
       -2.733200550079345703125000000000    2.812149609375000000000000000000E+04
       -2.732200622558593750000000000000    2.827194531250000000000000000000E+04
       -2.731200695037841796875000000000    2.842314453125000000000000000000E+04
       -2.730200767517089843750000000000    2.857509765625000000000000000000E+04
       -2.729200839996337890625000000000    2.872780859375000000000000000000E+04
       -2.728200912475585937500000000000    2.888128125000000000000000000000E+04
       -2.727200984954833984375000000000    2.903551171875000000000000000000E+04
       -2.726201057434082031250000000000    2.919050390625000000000000000000E+04
       -2.725201129913330078125000000000    2.934626171875000000000000000000E+04
       -2.724201202392578125000000000000    2.950278906250000000000000000000E+04
       -2.723201274871826171875000000000    2.966008984375000000000000000000E+04
       -2.722201347351074218750000000000    2.981816796875000000000000000000E+04
       -2.721201419830322265625000000000    2.997702734375000000000000000000E+04
       -2.720201492309570312500000000000    3.013667187500000000000000000000E+04
       -2.719201564788818359375000000000    3.029710546875000000000000000000E+04
       -2.718201637268066406250000000000    3.045833203125000000000000000000E+04
       -2.717201709747314453125000000000    3.062035546875000000000000000000E+04
       -2.716201782226562500000000000000    3.078317578125000000000000000000E+04
       -2.715201854705810546875000000000    3.094679687500000000000000000000E+04
       -2.714201927185058593750000000000    3.111122265625000000000000000000E+04
       -2.713201999664306640625000000000    3.127645703125000000000000000000E+04
       -2.712202072143554687500000000000    3.144250390625000000000000000000E+04
       -2.711202144622802734375000000000    3.160936718750000000000000000000E+04
       -2.710202217102050781250000000000    3.177705078125000000000000000000E+04
       -2.709202289581298828125000000000    3.194555859375000000000000000000E+04
       -2.708202362060546875000000000000    3.211489843750000000000000000000E+04
       -2.707202434539794921875000000000    3.228507421875000000000000000000E+04
       -2.706202507019042968750000000000    3.245608984375000000000000000000E+04
       -2.705202579498291015625000000000    3.262794140625000000000000000000E+04
       -2.704202651977539062500000000000    3.280063281250000000000000000000E+04
       -2.703202724456787109375000000000    3.297416796875000000000000000000E+04
       -2.702202796936035156250000000000    3.314855468750000000000000000000E+04
       -2.701202869415283203125000000000    3.332379296875000000000000000000E+04
       -2.700202941894531250000000000000    3.349989062500000000000000000000E+04
       -2.699203014373779296875000000000    3.367684765625000000000000000000E+04
       -2.698203086853027343750000000000    3.385467187500000000000000000000E+04
       -2.697203159332275390625000000000    3.403337109375000000000000000000E+04
       -2.696203231811523437500000000000    3.421294531250000000000000000000E+04
       -2.695203304290771484375000000000    3.439340234375000000000000000000E+04
       -2.694203376770019531250000000000    3.457473437500000000000000000000E+04
       -2.693203449249267578125000000000    3.475694921875000000000000000000E+04
       -2.692203521728515625000000000000    3.494004687500000000000000000000E+04
       -2.691203594207763671875000000000    3.512403515625000000000000000000E+04
       -2.690203666687011718750000000000    3.530892187500000000000000000000E+04
       -2.689203739166259765625000000000    3.549470703125000000000000000000E+04
       -2.688203811645507812500000000000    3.568139843750000000000000000000E+04
       -2.687203884124755859375000000000    3.586900390625000000000000000000E+04
       -2.686203956604003906250000000000    3.605752343750000000000000000000E+04
       -2.685204029083251953125000000000    3.624696484375000000000000000000E+04
       -2.684204101562500000000000000000    3.643732812500000000000000000000E+04
       -2.683204174041748046875000000000    3.662861328125000000000000000000E+04
       -2.682204246520996093750000000000    3.682082031250000000000000000000E+04
       -2.681204319000244140625000000000    3.701395703125000000000000000000E+04
       -2.680204391479492187500000000000    3.720803125000000000000000000000E+04
       -2.679204463958740234375000000000    3.740304296875000000000000000000E+04
       -2.678204536437988281250000000000    3.759900000000000000000000000000E+04
       -2.677204608917236328125000000000    3.779591015625000000000000000000E+04
       -2.676204681396484375000000000000    3.799377343750000000000000000000E+04
       -2.675204753875732421875000000000    3.819259765625000000000000000000E+04
       -2.674204826354980468750000000000    3.839239062500000000000000000000E+04
       -2.673204898834228515625000000000    3.859315234375000000000000000000E+04
       -2.672204971313476562500000000000    3.879488281250000000000000000000E+04
       -2.671205043792724609375000000000    3.899758203125000000000000000000E+04
       -2.670205116271972656250000000000    3.920125781250000000000000000000E+04
       -2.669205188751220703125000000000    3.940591796875000000000000000000E+04
       -2.668205261230468750000000000000    3.961156250000000000000000000000E+04
       -2.667205333709716796875000000000    3.981819921875000000000000000000E+04
       -2.666205406188964843750000000000    4.002583593750000000000000000000E+04
       -2.665205478668212890625000000000    4.023447265625000000000000000000E+04
       -2.664205551147460937500000000000    4.044411718750000000000000000000E+04
       -2.663205623626708984375000000000    4.065477734375000000000000000000E+04
       -2.662205696105957031250000000000    4.086645312500000000000000000000E+04
       -2.661205768585205078125000000000    4.107914453125000000000000000000E+04
       -2.660205841064453125000000000000    4.129285156250000000000000000000E+04
       -2.659205913543701171875000000000    4.150758203125000000000000000000E+04
       -2.658205986022949218750000000000    4.172334375000000000000000000000E+04
       -2.657206058502197265625000000000    4.194013671875000000000000000000E+04
       -2.656206130981445312500000000000    4.215796875000000000000000000000E+04
       -2.655206203460693359375000000000    4.237684765625000000000000000000E+04
       -2.654206275939941406250000000000    4.259677343750000000000000000000E+04
       -2.653206348419189453125000000000    4.281775390625000000000000000000E+04
       -2.652206420898437500000000000000    4.303979687500000000000000000000E+04
       -2.651206493377685546875000000000    4.326291015625000000000000000000E+04
       -2.650206565856933593750000000000    4.348709375000000000000000000000E+04
       -2.649206638336181640625000000000    4.371234765625000000000000000000E+04
       -2.648206710815429687500000000000    4.393867187500000000000000000000E+04
       -2.647206783294677734375000000000    4.416607421875000000000000000000E+04
       -2.646206855773925781250000000000    4.439456250000000000000000000000E+04
       -2.645206928253173828125000000000    4.462414453125000000000000000000E+04
       -2.644207000732421875000000000000    4.485482031250000000000000000000E+04
       -2.643207073211669921875000000000    4.508659765625000000000000000000E+04
       -2.642207145690917968750000000000    4.531948437500000000000000000000E+04
       -2.641207218170166015625000000000    4.555348046875000000000000000000E+04
       -2.640207290649414062500000000000    4.578859375000000000000000000000E+04
       -2.639207363128662109375000000000    4.602483203125000000000000000000E+04
       -2.638207435607910156250000000000    4.626218750000000000000000000000E+04
       -2.637207508087158203125000000000    4.650066796875000000000000000000E+04
       -2.636207580566406250000000000000    4.674028125000000000000000000000E+04
       -2.635207653045654296875000000000    4.698102734375000000000000000000E+04
       -2.634207725524902343750000000000    4.722291406250000000000000000000E+04
       -2.633207798004150390625000000000    4.746594921875000000000000000000E+04
       -2.632207870483398437500000000000    4.771014062500000000000000000000E+04
       -2.631207942962646484375000000000    4.795549609375000000000000000000E+04
       -2.630208015441894531250000000000    4.820201562500000000000000000000E+04
       -2.629208087921142578125000000000    4.844970703125000000000000000000E+04
       -2.628208160400390625000000000000    4.869857812500000000000000000000E+04
       -2.627208232879638671875000000000    4.894862109375000000000000000000E+04
       -2.626208305358886718750000000000    4.919984375000000000000000000000E+04
       -2.625208377838134765625000000000    4.945225390625000000000000000000E+04
       -2.624208450317382812500000000000    4.970585156250000000000000000000E+04
       -2.623208522796630859375000000000    4.996064453125000000000000000000E+04
       -2.622208595275878906250000000000    5.021664062500000000000000000000E+04
       -2.621208667755126953125000000000    5.047384765625000000000000000000E+04
       -2.620208740234375000000000000000    5.073227343750000000000000000000E+04
       -2.619208812713623046875000000000    5.099191796875000000000000000000E+04
       -2.618208885192871093750000000000    5.125278906250000000000000000000E+04
       -2.617208957672119140625000000000    5.151489453125000000000000000000E+04
       -2.616209030151367187500000000000    5.177824218750000000000000000000E+04
       -2.615209102630615234375000000000    5.204282421875000000000000000000E+04
       -2.614209175109863281250000000000    5.230864843750000000000000000000E+04
       -2.613209247589111328125000000000    5.257572265625000000000000000000E+04
       -2.612209320068359375000000000000    5.284404687500000000000000000000E+04
       -2.611209392547607421875000000000    5.311362890625000000000000000000E+04
       -2.610209465026855468750000000000    5.338447656250000000000000000000E+04
       -2.609209537506103515625000000000    5.365659765625000000000000000000E+04
       -2.608209609985351562500000000000    5.393000000000000000000000000000E+04
       -2.607209682464599609375000000000    5.420469140625000000000000000000E+04
       -2.606209754943847656250000000000    5.448067187500000000000000000000E+04
       -2.605209827423095703125000000000    5.475794921875000000000000000000E+04
       -2.604209899902343750000000000000    5.503651562500000000000000000000E+04
       -2.603209972381591796875000000000    5.531637890625000000000000000000E+04
       -2.602210044860839843750000000000    5.559754687500000000000000000000E+04
       -2.601210117340087890625000000000    5.588002734375000000000000000000E+04
       -2.600210189819335937500000000000    5.616382812500000000000000000000E+04
       -2.599210262298583984375000000000    5.644895703125000000000000000000E+04
       -2.598210334777832031250000000000    5.673542187500000000000000000000E+04
       -2.597210407257080078125000000000    5.702322265625000000000000000000E+04
       -2.596210479736328125000000000000    5.731236718750000000000000000000E+04
       -2.595210552215576171875000000000    5.760286328125000000000000000000E+04
       -2.594210624694824218750000000000    5.789471875000000000000000000000E+04
       -2.593210697174072265625000000000    5.818792578125000000000000000000E+04
       -2.592210769653320312500000000000    5.848249218750000000000000000000E+04
       -2.591210842132568359375000000000    5.877842578125000000000000000000E+04
       -2.590210914611816406250000000000    5.907573437500000000000000000000E+04
       -2.589210987091064453125000000000    5.937442578125000000000000000000E+04
       -2.588211059570312500000000000000    5.967450781250000000000000000000E+04
       -2.587211132049560546875000000000    5.997598046875000000000000000000E+04
       -2.586211204528808593750000000000    6.027885156250000000000000000000E+04
       -2.585211277008056640625000000000    6.058312890625000000000000000000E+04
       -2.584211349487304687500000000000    6.088882031250000000000000000000E+04
       -2.583211421966552734375000000000    6.119593359375000000000000000000E+04
       -2.582211494445800781250000000000    6.150447656250000000000000000000E+04
       -2.581211566925048828125000000000    6.181444140625000000000000000000E+04
       -2.580211639404296875000000000000    6.212583593750000000000000000000E+04
       -2.579211711883544921875000000000    6.243866796875000000000000000000E+04
       -2.578211784362792968750000000000    6.275294531250000000000000000000E+04
       -2.577211856842041015625000000000    6.306867578125000000000000000000E+04
       -2.576211929321289062500000000000    6.338586718750000000000000000000E+04
       -2.575212001800537109375000000000    6.370452734375000000000000000000E+04
       -2.574212074279785156250000000000    6.402466406250000000000000000000E+04
       -2.573212146759033203125000000000    6.434628515625000000000000000000E+04
       -2.572212219238281250000000000000    6.466939062500000000000000000000E+04
       -2.571212291717529296875000000000    6.499398828125000000000000000000E+04
       -2.570212364196777343750000000000    6.532008593750000000000000000000E+04
       -2.569212436676025390625000000000    6.564767187500000000000000000000E+04
       -2.568212509155273437500000000000    6.597675781250000000000000000000E+04
       -2.567212581634521484375000000000    6.630735937500000000000000000000E+04
       -2.566212654113769531250000000000    6.663947656250000000000000000000E+04
       -2.565212726593017578125000000000    6.697312500000000000000000000000E+04
       -2.564212799072265625000000000000    6.730830468750000000000000000000E+04
       -2.563212871551513671875000000000    6.764503125000000000000000000000E+04
       -2.562212944030761718750000000000    6.798330468750000000000000000000E+04
       -2.561213016510009765625000000000    6.832314062500000000000000000000E+04
       -2.560213088989257812500000000000    6.866453906250000000000000000000E+04
       -2.559213161468505859375000000000    6.900751562500000000000000000000E+04
       -2.558213233947753906250000000000    6.935205468750000000000000000000E+04
       -2.557213306427001953125000000000    6.969817187500000000000000000000E+04
       -2.556213378906250000000000000000    7.004586718750000000000000000000E+04
       -2.555213451385498046875000000000    7.039515625000000000000000000000E+04
       -2.554213523864746093750000000000    7.074603906250000000000000000000E+04
       -2.553213596343994140625000000000    7.109853125000000000000000000000E+04
       -2.552213668823242187500000000000    7.145263281250000000000000000000E+04
       -2.551213741302490234375000000000    7.180835937500000000000000000000E+04
       -2.550213813781738281250000000000    7.216571093750000000000000000000E+04
       -2.549213886260986328125000000000    7.252470312500000000000000000000E+04
       -2.548213958740234375000000000000    7.288533593750000000000000000000E+04
       -2.547214031219482421875000000000    7.324762500000000000000000000000E+04
       -2.546214103698730468750000000000    7.361155468750000000000000000000E+04
       -2.545214176177978515625000000000    7.397714062500000000000000000000E+04
       -2.544214248657226562500000000000    7.434438281250000000000000000000E+04
       -2.543214321136474609375000000000    7.471329687500000000000000000000E+04
       -2.542214393615722656250000000000    7.508388281250000000000000000000E+04
       -2.541214466094970703125000000000    7.545615625000000000000000000000E+04
       -2.540214538574218750000000000000    7.583011718750000000000000000000E+04
       -2.539214611053466796875000000000    7.620578125000000000000000000000E+04
       -2.538214683532714843750000000000    7.658314843750000000000000000000E+04
       -2.537214756011962890625000000000    7.696223437500000000000000000000E+04
       -2.536214828491210937500000000000    7.734303906250000000000000000000E+04
       -2.535214900970458984375000000000    7.772557812500000000000000000000E+04
       -2.534214973449707031250000000000    7.810983593750000000000000000000E+04
       -2.533215045928955078125000000000    7.849582812500000000000000000000E+04
       -2.532215118408203125000000000000    7.888355468750000000000000000000E+04
       -2.531215190887451171875000000000    7.927303125000000000000000000000E+04
       -2.530215263366699218750000000000    7.966425781250000000000000000000E+04
       -2.529215335845947265625000000000    8.005725000000000000000000000000E+04
       -2.528215408325195312500000000000    8.045202343750000000000000000000E+04
       -2.527215480804443359375000000000    8.084857812500000000000000000000E+04
       -2.526215553283691406250000000000    8.124692968750000000000000000000E+04
       -2.525215625762939453125000000000    8.164707812500000000000000000000E+04
       -2.524215698242187500000000000000    8.204903906250000000000000000000E+04
       -2.523215770721435546875000000000    8.245279687500000000000000000000E+04
       -2.522215843200683593750000000000    8.285836718750000000000000000000E+04
       -2.521215915679931640625000000000    8.326575000000000000000000000000E+04
       -2.520215988159179687500000000000    8.367496093750000000000000000000E+04
       -2.519216060638427734375000000000    8.408600000000000000000000000000E+04
       -2.518216133117675781250000000000    8.449888281250000000000000000000E+04
       -2.517216205596923828125000000000    8.491362500000000000000000000000E+04
       -2.516216278076171875000000000000    8.533022656250000000000000000000E+04
       -2.515216350555419921875000000000    8.574870312500000000000000000000E+04
       -2.514216423034667968750000000000    8.616905468750000000000000000000E+04
       -2.513216495513916015625000000000    8.659129687500000000000000000000E+04
       -2.512216567993164062500000000000    8.701544531250000000000000000000E+04
       -2.511216640472412109375000000000    8.744148437500000000000000000000E+04
       -2.510216712951660156250000000000    8.786941406250000000000000000000E+04
       -2.509216785430908203125000000000    8.829925000000000000000000000000E+04
       -2.508216857910156250000000000000    8.873100781250000000000000000000E+04
       -2.507216930389404296875000000000    8.916468750000000000000000000000E+04
       -2.506217002868652343750000000000    8.960030468750000000000000000000E+04
       -2.505217075347900390625000000000    9.003785937500000000000000000000E+04
       -2.504217147827148437500000000000    9.047736718750000000000000000000E+04
       -2.503217220306396484375000000000    9.091884375000000000000000000000E+04
       -2.502217292785644531250000000000    9.136228906250000000000000000000E+04
       -2.501217365264892578125000000000    9.180771875000000000000000000000E+04
       -2.500217437744140625000000000000    9.225513281250000000000000000000E+04
       -2.499217510223388671875000000000    9.270453125000000000000000000000E+04
       -2.498217582702636718750000000000    9.315591406250000000000000000000E+04
       -2.497217655181884765625000000000    9.360929687500000000000000000000E+04
       -2.496217727661132812500000000000    9.406469531250000000000000000000E+04
       -2.495217800140380859375000000000    9.452210937500000000000000000000E+04
       -2.494217872619628906250000000000    9.498155468750000000000000000000E+04
       -2.493217945098876953125000000000    9.544303125000000000000000000000E+04
       -2.492218017578125000000000000000    9.590655468750000000000000000000E+04
       -2.491218090057373046875000000000    9.637214062500000000000000000000E+04
       -2.490218162536621093750000000000    9.683978906250000000000000000000E+04
       -2.489218235015869140625000000000    9.730951562500000000000000000000E+04
       -2.488218307495117187500000000000    9.778133593750000000000000000000E+04
       -2.487218379974365234375000000000    9.825523437500000000000000000000E+04
       -2.486218452453613281250000000000    9.873121093750000000000000000000E+04
       -2.485218524932861328125000000000    9.920928125000000000000000000000E+04
       -2.484218597412109375000000000000    9.968946093750000000000000000000E+04
       -2.483218669891357421875000000000    1.001717500000000000000000000000E+05
       -2.482218742370605468750000000000    1.006561640625000000000000000000E+05
       -2.481218814849853515625000000000    1.011427187500000000000000000000E+05
       -2.480218887329101562500000000000    1.016314140625000000000000000000E+05
       -2.479218959808349609375000000000    1.021222656250000000000000000000E+05
       -2.478219032287597656250000000000    1.026152890625000000000000000000E+05
       -2.477219104766845703125000000000    1.031104843750000000000000000000E+05
       -2.476219177246093750000000000000    1.036078671875000000000000000000E+05
       -2.475219249725341796875000000000    1.041074218750000000000000000000E+05
       -2.474219322204589843750000000000    1.046091640625000000000000000000E+05
       -2.473219394683837890625000000000    1.051130937500000000000000000000E+05
       -2.472219467163085937500000000000    1.056192265625000000000000000000E+05
       -2.471219539642333984375000000000    1.061275781250000000000000000000E+05
       -2.470219612121582031250000000000    1.066381640625000000000000000000E+05
       -2.469219684600830078125000000000    1.071509843750000000000000000000E+05
       -2.468219757080078125000000000000    1.076660546875000000000000000000E+05
       -2.467219829559326171875000000000    1.081833906250000000000000000000E+05
       -2.466219902038574218750000000000    1.087029921875000000000000000000E+05
       -2.465219974517822265625000000000    1.092248750000000000000000000000E+05
       -2.464220046997070312500000000000    1.097490546875000000000000000000E+05
       -2.463220119476318359375000000000    1.102755156250000000000000000000E+05
       -2.462220191955566406250000000000    1.108042578125000000000000000000E+05
       -2.461220264434814453125000000000    1.113352968750000000000000000000E+05
       -2.460220336914062500000000000000    1.118686484375000000000000000000E+05
       -2.459220409393310546875000000000    1.124043281250000000000000000000E+05
       -2.458220481872558593750000000000    1.129423359375000000000000000000E+05
       -2.457220554351806640625000000000    1.134826875000000000000000000000E+05
       -2.456220626831054687500000000000    1.140253984375000000000000000000E+05
       -2.455220699310302734375000000000    1.145704687500000000000000000000E+05
       -2.454220771789550781250000000000    1.151179140625000000000000000000E+05
       -2.453220844268798828125000000000    1.156677500000000000000000000000E+05
       -2.452220916748046875000000000000    1.162199921875000000000000000000E+05
       -2.451220989227294921875000000000    1.167746250000000000000000000000E+05
       -2.450221061706542968750000000000    1.173316484375000000000000000000E+05
       -2.449221134185791015625000000000    1.178910781250000000000000000000E+05
       -2.448221206665039062500000000000    1.184529296875000000000000000000E+05
       -2.447221279144287109375000000000    1.190172031250000000000000000000E+05
       -2.446221351623535156250000000000    1.195839140625000000000000000000E+05
       -2.445221424102783203125000000000    1.201530781250000000000000000000E+05
       -2.444221496582031250000000000000    1.207247109375000000000000000000E+05
       -2.443221569061279296875000000000    1.212988125000000000000000000000E+05
       -2.442221641540527343750000000000    1.218753984375000000000000000000E+05
       -2.441221714019775390625000000000    1.224544843750000000000000000000E+05
       -2.440221786499023437500000000000    1.230360859375000000000000000000E+05
       -2.439221858978271484375000000000    1.236201875000000000000000000000E+05
       -2.438221931457519531250000000000    1.242067890625000000000000000000E+05
       -2.437222003936767578125000000000    1.247959062500000000000000000000E+05
       -2.436222076416015625000000000000    1.253875546875000000000000000000E+05
       -2.435222148895263671875000000000    1.259817500000000000000000000000E+05
       -2.434222221374511718750000000000    1.265784921875000000000000000000E+05
       -2.433222293853759765625000000000    1.271777968750000000000000000000E+05
       -2.432222366333007812500000000000    1.277796796875000000000000000000E+05
       -2.431222438812255859375000000000    1.283841562500000000000000000000E+05
       -2.430222511291503906250000000000    1.289912421875000000000000000000E+05
       -2.429222583770751953125000000000    1.296009375000000000000000000000E+05
       -2.428222656250000000000000000000    1.302132578125000000000000000000E+05
       -2.427222728729248046875000000000    1.308282187500000000000000000000E+05
       -2.426222801208496093750000000000    1.314458125000000000000000000000E+05
       -2.425222873687744140625000000000    1.320660312500000000000000000000E+05
       -2.424222946166992187500000000000    1.326889062500000000000000000000E+05
       -2.423223018646240234375000000000    1.333144375000000000000000000000E+05
       -2.422223091125488281250000000000    1.339426250000000000000000000000E+05
       -2.421223163604736328125000000000    1.345735000000000000000000000000E+05
       -2.420223236083984375000000000000    1.352070625000000000000000000000E+05
       -2.419223308563232421875000000000    1.358433437500000000000000000000E+05
       -2.418223381042480468750000000000    1.364823437500000000000000000000E+05
       -2.417223453521728515625000000000    1.371240625000000000000000000000E+05
       -2.416223526000976562500000000000    1.377685312500000000000000000000E+05
       -2.415223598480224609375000000000    1.384157500000000000000000000000E+05
       -2.414223670959472656250000000000    1.390657187500000000000000000000E+05
       -2.413223743438720703125000000000    1.397184375000000000000000000000E+05
       -2.412223815917968750000000000000    1.403739062500000000000000000000E+05
       -2.411223888397216796875000000000    1.410321562500000000000000000000E+05
       -2.410223960876464843750000000000    1.416931875000000000000000000000E+05
       -2.409224033355712890625000000000    1.423570312500000000000000000000E+05
       -2.408224105834960937500000000000    1.430236875000000000000000000000E+05
       -2.407224178314208984375000000000    1.436931875000000000000000000000E+05
       -2.406224250793457031250000000000    1.443655312500000000000000000000E+05
       -2.405224323272705078125000000000    1.450407187500000000000000000000E+05
       -2.404224395751953125000000000000    1.457187812500000000000000000000E+05
       -2.403224468231201171875000000000    1.463997187500000000000000000000E+05
       -2.402224540710449218750000000000    1.470835312500000000000000000000E+05
       -2.401224613189697265625000000000    1.477702187500000000000000000000E+05
       -2.400224685668945312500000000000    1.484597812500000000000000000000E+05
       -2.399224758148193359375000000000    1.491522500000000000000000000000E+05
       -2.398224830627441406250000000000    1.498476250000000000000000000000E+05
       -2.397224903106689453125000000000    1.505459375000000000000000000000E+05
       -2.396224975585937500000000000000    1.512471875000000000000000000000E+05
       -2.395225048065185546875000000000    1.519514062500000000000000000000E+05
       -2.394225120544433593750000000000    1.526585937500000000000000000000E+05
       -2.393225193023681640625000000000    1.533687812500000000000000000000E+05
       -2.392225265502929687500000000000    1.540819687500000000000000000000E+05
       -2.391225337982177734375000000000    1.547981562500000000000000000000E+05
       -2.390225410461425781250000000000    1.555173750000000000000000000000E+05
       -2.389225482940673828125000000000    1.562395937500000000000000000000E+05
       -2.388225555419921875000000000000    1.569648437500000000000000000000E+05
       -2.387225627899169921875000000000    1.576931250000000000000000000000E+05
       -2.386225700378417968750000000000    1.584244375000000000000000000000E+05
       -2.385225772857666015625000000000    1.591588125000000000000000000000E+05
       -2.384225845336914062500000000000    1.598962500000000000000000000000E+05
       -2.383225917816162109375000000000    1.606367812500000000000000000000E+05
       -2.382225990295410156250000000000    1.613804062500000000000000000000E+05
       -2.381226062774658203125000000000    1.621271562500000000000000000000E+05
       -2.380226135253906250000000000000    1.628770312500000000000000000000E+05
       -2.379226207733154296875000000000    1.636300625000000000000000000000E+05
       -2.378226280212402343750000000000    1.643862500000000000000000000000E+05
       -2.377226352691650390625000000000    1.651455625000000000000000000000E+05
       -2.376226425170898437500000000000    1.659080312500000000000000000000E+05
       -2.375226497650146484375000000000    1.666736562500000000000000000000E+05
       -2.374226570129394531250000000000    1.674424687500000000000000000000E+05
       -2.373226642608642578125000000000    1.682144687500000000000000000000E+05
       -2.372226715087890625000000000000    1.689896875000000000000000000000E+05
       -2.371226787567138671875000000000    1.697681250000000000000000000000E+05
       -2.370226860046386718750000000000    1.705498125000000000000000000000E+05
       -2.369226932525634765625000000000    1.713347500000000000000000000000E+05
       -2.368227005004882812500000000000    1.721229687500000000000000000000E+05
       -2.367227077484130859375000000000    1.729144687500000000000000000000E+05
       -2.366227149963378906250000000000    1.737092812500000000000000000000E+05
       -2.365227222442626953125000000000    1.745074062500000000000000000000E+05
       -2.364227294921875000000000000000    1.753088125000000000000000000000E+05
       -2.363227367401123046875000000000    1.761135312500000000000000000000E+05
       -2.362227439880371093750000000000    1.769215625000000000000000000000E+05
       -2.361227512359619140625000000000    1.777329375000000000000000000000E+05
       -2.360227584838867187500000000000    1.785476562500000000000000000000E+05
       -2.359227657318115234375000000000    1.793657500000000000000000000000E+05
       -2.358227729797363281250000000000    1.801872187500000000000000000000E+05
       -2.357227802276611328125000000000    1.810120937500000000000000000000E+05
       -2.356227874755859375000000000000    1.818403750000000000000000000000E+05
       -2.355227947235107421875000000000    1.826720937500000000000000000000E+05
       -2.354228019714355468750000000000    1.835072500000000000000000000000E+05
       -2.353228092193603515625000000000    1.843458750000000000000000000000E+05
       -2.352228164672851562500000000000    1.851879687500000000000000000000E+05
       -2.351228237152099609375000000000    1.860335000000000000000000000000E+05
       -2.350228309631347656250000000000    1.868825000000000000000000000000E+05
       -2.349228382110595703125000000000    1.877349687500000000000000000000E+05
       -2.348228454589843750000000000000    1.885909375000000000000000000000E+05
       -2.347228527069091796875000000000    1.894504062500000000000000000000E+05
       -2.346228599548339843750000000000    1.903134062500000000000000000000E+05
       -2.345228672027587890625000000000    1.911799375000000000000000000000E+05
       -2.344228744506835937500000000000    1.920500312500000000000000000000E+05
       -2.343228816986083984375000000000    1.929236875000000000000000000000E+05
       -2.342228889465332031250000000000    1.938009375000000000000000000000E+05
       -2.341228961944580078125000000000    1.946817812500000000000000000000E+05
       -2.340229034423828125000000000000    1.955662500000000000000000000000E+05
       -2.339229106903076171875000000000    1.964543125000000000000000000000E+05
       -2.338229179382324218750000000000    1.973459687500000000000000000000E+05
       -2.337229251861572265625000000000    1.982412500000000000000000000000E+05
       -2.336229324340820312500000000000    1.991401562500000000000000000000E+05
       -2.335229396820068359375000000000    2.000427187500000000000000000000E+05
       -2.334229469299316406250000000000    2.009489687500000000000000000000E+05
       -2.333229541778564453125000000000    2.018589062500000000000000000000E+05
       -2.332229614257812500000000000000    2.027725625000000000000000000000E+05
       -2.331229686737060546875000000000    2.036899375000000000000000000000E+05
       -2.330229759216308593750000000000    2.046110625000000000000000000000E+05
       -2.329229831695556640625000000000    2.055359375000000000000000000000E+05
       -2.328229904174804687500000000000    2.064645937500000000000000000000E+05
       -2.327229976654052734375000000000    2.073970312500000000000000000000E+05
       -2.326230049133300781250000000000    2.083332187500000000000000000000E+05
       -2.325230121612548828125000000000    2.092731875000000000000000000000E+05
       -2.324230194091796875000000000000    2.102169375000000000000000000000E+05
       -2.323230266571044921875000000000    2.111645000000000000000000000000E+05
       -2.322230339050292968750000000000    2.121158750000000000000000000000E+05
       -2.321230411529541015625000000000    2.130710937500000000000000000000E+05
       -2.320230484008789062500000000000    2.140301875000000000000000000000E+05
       -2.319230556488037109375000000000    2.149931562500000000000000000000E+05
       -2.318230628967285156250000000000    2.159600312500000000000000000000E+05
       -2.317230701446533203125000000000    2.169308125000000000000000000000E+05
       -2.316230773925781250000000000000    2.179055312500000000000000000000E+05
       -2.315230846405029296875000000000    2.188841875000000000000000000000E+05
       -2.314230918884277343750000000000    2.198668125000000000000000000000E+05
       -2.313230991363525390625000000000    2.208533750000000000000000000000E+05
       -2.312231063842773437500000000000    2.218438750000000000000000000000E+05
       -2.311231136322021484375000000000    2.228383437500000000000000000000E+05
       -2.310231208801269531250000000000    2.238368125000000000000000000000E+05
       -2.309231281280517578125000000000    2.248392812500000000000000000000E+05
       -2.308231353759765625000000000000    2.258457812500000000000000000000E+05
       -2.307231426239013671875000000000    2.268563125000000000000000000000E+05
       -2.306231498718261718750000000000    2.278709062500000000000000000000E+05
       -2.305231571197509765625000000000    2.288895625000000000000000000000E+05
       -2.304231643676757812500000000000    2.299123125000000000000000000000E+05
       -2.303231716156005859375000000000    2.309391875000000000000000000000E+05
       -2.302231788635253906250000000000    2.319701875000000000000000000000E+05
       -2.301231861114501953125000000000    2.330053437500000000000000000000E+05
       -2.300231933593750000000000000000    2.340446250000000000000000000000E+05
       -2.299232006072998046875000000000    2.350880312500000000000000000000E+05
       -2.298232078552246093750000000000    2.361355937500000000000000000000E+05
       -2.297232151031494140625000000000    2.371873125000000000000000000000E+05
       -2.296232223510742187500000000000    2.382432187500000000000000000000E+05
       -2.295232295989990234375000000000    2.393033437500000000000000000000E+05
       -2.294232368469238281250000000000    2.403676875000000000000000000000E+05
       -2.293232440948486328125000000000    2.414362812500000000000000000000E+05
       -2.292232513427734375000000000000    2.425091250000000000000000000000E+05
       -2.291232585906982421875000000000    2.435862500000000000000000000000E+05
       -2.290232658386230468750000000000    2.446676875000000000000000000000E+05
       -2.289232730865478515625000000000    2.457534375000000000000000000000E+05
       -2.288232803344726562500000000000    2.468435312500000000000000000000E+05
       -2.287232875823974609375000000000    2.479379062500000000000000000000E+05
       -2.286232948303222656250000000000    2.490365937500000000000000000000E+05
       -2.285233020782470703125000000000    2.501396250000000000000000000000E+05
       -2.284233093261718750000000000000    2.512470000000000000000000000000E+05
       -2.283233165740966796875000000000    2.523587500000000000000000000000E+05
       -2.282233238220214843750000000000    2.534749062500000000000000000000E+05
       -2.281233310699462890625000000000    2.545954687500000000000000000000E+05
       -2.280233383178710937500000000000    2.557204687500000000000000000000E+05
       -2.279233455657958984375000000000    2.568499062500000000000000000000E+05
       -2.278233528137207031250000000000    2.579838125000000000000000000000E+05
       -2.277233600616455078125000000000    2.591222187500000000000000000000E+05
       -2.276233673095703125000000000000    2.602651250000000000000000000000E+05
       -2.275233745574951171875000000000    2.614125625000000000000000000000E+05
       -2.274233818054199218750000000000    2.625645000000000000000000000000E+05
       -2.273233890533447265625000000000    2.637209375000000000000000000000E+05
       -2.272233963012695312500000000000    2.648818750000000000000000000000E+05
       -2.271234035491943359375000000000    2.660473750000000000000000000000E+05
       -2.270234107971191406250000000000    2.672174375000000000000000000000E+05
       -2.269234180450439453125000000000    2.683920625000000000000000000000E+05
       -2.268234252929687500000000000000    2.695713125000000000000000000000E+05
       -2.267234325408935546875000000000    2.707551875000000000000000000000E+05
       -2.266234397888183593750000000000    2.719436875000000000000000000000E+05
       -2.265234470367431640625000000000    2.731368750000000000000000000000E+05
       -2.264234542846679687500000000000    2.743347500000000000000000000000E+05
       -2.263234615325927734375000000000    2.755373125000000000000000000000E+05
       -2.262234687805175781250000000000    2.767446250000000000000000000000E+05
       -2.261234760284423828125000000000    2.779566250000000000000000000000E+05
       -2.260234832763671875000000000000    2.791733125000000000000000000000E+05
       -2.259234905242919921875000000000    2.803947500000000000000000000000E+05
       -2.258234977722167968750000000000    2.816209375000000000000000000000E+05
       -2.257235050201416015625000000000    2.828518750000000000000000000000E+05
       -2.256235122680664062500000000000    2.840876250000000000000000000000E+05
       -2.255235195159912109375000000000    2.853281875000000000000000000000E+05
       -2.254235267639160156250000000000    2.865735625000000000000000000000E+05
       -2.253235340118408203125000000000    2.878238125000000000000000000000E+05
       -2.252235412597656250000000000000    2.890789375000000000000000000000E+05
       -2.251235485076904296875000000000    2.903389375000000000000000000000E+05
       -2.250235557556152343750000000000    2.916038750000000000000000000000E+05
       -2.249235630035400390625000000000    2.928737500000000000000000000000E+05
       -2.248235702514648437500000000000    2.941485000000000000000000000000E+05
       -2.247235774993896484375000000000    2.954281875000000000000000000000E+05
       -2.246235847473144531250000000000    2.967128125000000000000000000000E+05
       -2.245235919952392578125000000000    2.980023750000000000000000000000E+05
       -2.244235992431640625000000000000    2.992969375000000000000000000000E+05
       -2.243236064910888671875000000000    3.005965000000000000000000000000E+05
       -2.242236137390136718750000000000    3.019010625000000000000000000000E+05
       -2.241236209869384765625000000000    3.032106875000000000000000000000E+05
       -2.240236282348632812500000000000    3.045253750000000000000000000000E+05
       -2.239236354827880859375000000000    3.058451250000000000000000000000E+05
       -2.238236427307128906250000000000    3.071700000000000000000000000000E+05
       -2.237236499786376953125000000000    3.085000000000000000000000000000E+05
       -2.236236572265625000000000000000    3.098351250000000000000000000000E+05
       -2.235236644744873046875000000000    3.111753750000000000000000000000E+05
       -2.234236717224121093750000000000    3.125207500000000000000000000000E+05
       -2.233236789703369140625000000000    3.138712500000000000000000000000E+05
       -2.232236862182617187500000000000    3.152269375000000000000000000000E+05
       -2.231236934661865234375000000000    3.165878125000000000000000000000E+05
       -2.230237007141113281250000000000    3.179538750000000000000000000000E+05
       -2.229237079620361328125000000000    3.193251875000000000000000000000E+05
       -2.228237152099609375000000000000    3.207017500000000000000000000000E+05
       -2.227237224578857421875000000000    3.220835625000000000000000000000E+05
       -2.226237297058105468750000000000    3.234706875000000000000000000000E+05
       -2.225237369537353515625000000000    3.248631250000000000000000000000E+05
       -2.224237442016601562500000000000    3.262609375000000000000000000000E+05
       -2.223237514495849609375000000000    3.276641250000000000000000000000E+05
       -2.222237586975097656250000000000    3.290726875000000000000000000000E+05
       -2.221237659454345703125000000000    3.304865625000000000000000000000E+05
       -2.220237731933593750000000000000    3.319058125000000000000000000000E+05
       -2.219237804412841796875000000000    3.333304375000000000000000000000E+05
       -2.218237876892089843750000000000    3.347604375000000000000000000000E+05
       -2.217237949371337890625000000000    3.361958750000000000000000000000E+05
       -2.216238021850585937500000000000    3.376367500000000000000000000000E+05
       -2.215238094329833984375000000000    3.390831250000000000000000000000E+05
       -2.214238166809082031250000000000    3.405350000000000000000000000000E+05
       -2.213238239288330078125000000000    3.419923750000000000000000000000E+05
       -2.212238311767578125000000000000    3.434553125000000000000000000000E+05
       -2.211238384246826171875000000000    3.449238125000000000000000000000E+05
       -2.210238456726074218750000000000    3.463978750000000000000000000000E+05
       -2.209238529205322265625000000000    3.478775625000000000000000000000E+05
       -2.208238601684570312500000000000    3.493628125000000000000000000000E+05
       -2.207238674163818359375000000000    3.508536250000000000000000000000E+05
       -2.206238746643066406250000000000    3.523500625000000000000000000000E+05
       -2.205238819122314453125000000000    3.538521250000000000000000000000E+05
       -2.204238891601562500000000000000    3.553598125000000000000000000000E+05
       -2.203238964080810546875000000000    3.568731875000000000000000000000E+05
       -2.202239036560058593750000000000    3.583922500000000000000000000000E+05
       -2.201239109039306640625000000000    3.599170625000000000000000000000E+05
       -2.200239181518554687500000000000    3.614476250000000000000000000000E+05
       -2.199239253997802734375000000000    3.629839375000000000000000000000E+05
       -2.198239326477050781250000000000    3.645260625000000000000000000000E+05
       -2.197239398956298828125000000000    3.660740000000000000000000000000E+05
       -2.196239471435546875000000000000    3.676278125000000000000000000000E+05
       -2.195239543914794921875000000000    3.691875000000000000000000000000E+05
       -2.194239616394042968750000000000    3.707530000000000000000000000000E+05
       -2.193239688873291015625000000000    3.723243125000000000000000000000E+05
       -2.192239761352539062500000000000    3.739015000000000000000000000000E+05
       -2.191239833831787109375000000000    3.754845625000000000000000000000E+05
       -2.190239906311035156250000000000    3.770735625000000000000000000000E+05
       -2.189239978790283203125000000000    3.786685000000000000000000000000E+05
       -2.188240051269531250000000000000    3.802693750000000000000000000000E+05
       -2.187240123748779296875000000000    3.818762500000000000000000000000E+05
       -2.186240196228027343750000000000    3.834891250000000000000000000000E+05
       -2.185240268707275390625000000000    3.851080625000000000000000000000E+05
       -2.184240341186523437500000000000    3.867330625000000000000000000000E+05
       -2.183240413665771484375000000000    3.883641250000000000000000000000E+05
       -2.182240486145019531250000000000    3.900013125000000000000000000000E+05
       -2.181240558624267578125000000000    3.916445625000000000000000000000E+05
       -2.180240631103515625000000000000    3.932938750000000000000000000000E+05
       -2.179240703582763671875000000000    3.949493125000000000000000000000E+05
       -2.178240776062011718750000000000    3.966108750000000000000000000000E+05
       -2.177240848541259765625000000000    3.982785625000000000000000000000E+05
       -2.176240921020507812500000000000    3.999524375000000000000000000000E+05
       -2.175240993499755859375000000000    4.016325000000000000000000000000E+05
       -2.174241065979003906250000000000    4.033188125000000000000000000000E+05
       -2.173241138458251953125000000000    4.050113750000000000000000000000E+05
       -2.172241210937500000000000000000    4.067101875000000000000000000000E+05
       -2.171241283416748046875000000000    4.084153125000000000000000000000E+05
       -2.170241355895996093750000000000    4.101267500000000000000000000000E+05
       -2.169241428375244140625000000000    4.118445625000000000000000000000E+05
       -2.168241500854492187500000000000    4.135687500000000000000000000000E+05
       -2.167241573333740234375000000000    4.152992500000000000000000000000E+05
       -2.166241645812988281250000000000    4.170360625000000000000000000000E+05
       -2.165241718292236328125000000000    4.187792500000000000000000000000E+05
       -2.164241790771484375000000000000    4.205288125000000000000000000000E+05
       -2.163241863250732421875000000000    4.222848125000000000000000000000E+05
       -2.162241935729980468750000000000    4.240472500000000000000000000000E+05
       -2.161242008209228515625000000000    4.258161875000000000000000000000E+05
       -2.160242080688476562500000000000    4.275916250000000000000000000000E+05
       -2.159242153167724609375000000000    4.293735625000000000000000000000E+05
       -2.158242225646972656250000000000    4.311620625000000000000000000000E+05
       -2.157242298126220703125000000000    4.329571250000000000000000000000E+05
       -2.156242370605468750000000000000    4.347588125000000000000000000000E+05
       -2.155242443084716796875000000000    4.365671250000000000000000000000E+05
       -2.154242515563964843750000000000    4.383821250000000000000000000000E+05
       -2.153242588043212890625000000000    4.402036875000000000000000000000E+05
       -2.152242660522460937500000000000    4.420318750000000000000000000000E+05
       -2.151242733001708984375000000000    4.438666875000000000000000000000E+05
       -2.150242805480957031250000000000    4.457081875000000000000000000000E+05
       -2.149242877960205078125000000000    4.475563750000000000000000000000E+05
       -2.148242950439453125000000000000    4.494113125000000000000000000000E+05
       -2.147243022918701171875000000000    4.512730000000000000000000000000E+05
       -2.146243095397949218750000000000    4.531414375000000000000000000000E+05
       -2.145243167877197265625000000000    4.550166875000000000000000000000E+05
       -2.144243240356445312500000000000    4.568987500000000000000000000000E+05
       -2.143243312835693359375000000000    4.587876875000000000000000000000E+05
       -2.142243385314941406250000000000    4.606835000000000000000000000000E+05
       -2.141243457794189453125000000000    4.625862500000000000000000000000E+05
       -2.140243530273437500000000000000    4.644959375000000000000000000000E+05
       -2.139243602752685546875000000000    4.664125000000000000000000000000E+05
       -2.138243675231933593750000000000    4.683359375000000000000000000000E+05
       -2.137243747711181640625000000000    4.702663125000000000000000000000E+05
       -2.136243820190429687500000000000    4.722036250000000000000000000000E+05
       -2.135243892669677734375000000000    4.741479375000000000000000000000E+05
       -2.134243965148925781250000000000    4.760992500000000000000000000000E+05
       -2.133244037628173828125000000000    4.780576250000000000000000000000E+05
       -2.132244110107421875000000000000    4.800230625000000000000000000000E+05
       -2.131244182586669921875000000000    4.819956250000000000000000000000E+05
       -2.130244255065917968750000000000    4.839753125000000000000000000000E+05
       -2.129244327545166015625000000000    4.859621250000000000000000000000E+05
       -2.128244400024414062500000000000    4.879561250000000000000000000000E+05
       -2.127244472503662109375000000000    4.899573125000000000000000000000E+05
       -2.126244544982910156250000000000    4.919657500000000000000000000000E+05
       -2.125244617462158203125000000000    4.939813125000000000000000000000E+05
       -2.124244689941406250000000000000    4.960040625000000000000000000000E+05
       -2.123244762420654296875000000000    4.980340000000000000000000000000E+05
       -2.122244834899902343750000000000    5.000711875000000000000000000000E+05
       -2.121244907379150390625000000000    5.021156250000000000000000000000E+05
       -2.120244979858398437500000000000    5.041673750000000000000000000000E+05
       -2.119245052337646484375000000000    5.062264375000000000000000000000E+05
       -2.118245124816894531250000000000    5.082928750000000000000000000000E+05
       -2.117245197296142578125000000000    5.103666875000000000000000000000E+05
       -2.116245269775390625000000000000    5.124479375000000000000000000000E+05
       -2.115245342254638671875000000000    5.145366250000000000000000000000E+05
       -2.114245414733886718750000000000    5.166328125000000000000000000000E+05
       -2.113245487213134765625000000000    5.187365000000000000000000000000E+05
       -2.112245559692382812500000000000    5.208477500000000000000000000000E+05
       -2.111245632171630859375000000000    5.229664375000000000000000000000E+05
       -2.110245704650878906250000000000    5.250926250000000000000000000000E+05
       -2.109245777130126953125000000000    5.272263125000000000000000000000E+05
       -2.108245849609375000000000000000    5.293675000000000000000000000000E+05
       -2.107245922088623046875000000000    5.315163125000000000000000000000E+05
       -2.106245994567871093750000000000    5.336727500000000000000000000000E+05
       -2.105246067047119140625000000000    5.358368125000000000000000000000E+05
       -2.104246139526367187500000000000    5.380085000000000000000000000000E+05
       -2.103246212005615234375000000000    5.401879375000000000000000000000E+05
       -2.102246284484863281250000000000    5.423751250000000000000000000000E+05
       -2.101246356964111328125000000000    5.445700625000000000000000000000E+05
       -2.100246429443359375000000000000    5.467727500000000000000000000000E+05
       -2.099246501922607421875000000000    5.489833125000000000000000000000E+05
       -2.098246574401855468750000000000    5.512017500000000000000000000000E+05
       -2.097246646881103515625000000000    5.534279375000000000000000000000E+05
       -2.096246719360351562500000000000    5.556618750000000000000000000000E+05
       -2.095246791839599609375000000000    5.579036875000000000000000000000E+05
       -2.094246864318847656250000000000    5.601533750000000000000000000000E+05
       -2.093246936798095703125000000000    5.624109375000000000000000000000E+05
       -2.092247009277343750000000000000    5.646763750000000000000000000000E+05
       -2.091247081756591796875000000000    5.669498125000000000000000000000E+05
       -2.090247154235839843750000000000    5.692312500000000000000000000000E+05
       -2.089247226715087890625000000000    5.715206875000000000000000000000E+05
       -2.088247299194335937500000000000    5.738181250000000000000000000000E+05
       -2.087247371673583984375000000000    5.761236875000000000000000000000E+05
       -2.086247444152832031250000000000    5.784373750000000000000000000000E+05
       -2.085247516632080078125000000000    5.807591875000000000000000000000E+05
       -2.084247589111328125000000000000    5.830891250000000000000000000000E+05
       -2.083247661590576171875000000000    5.854271875000000000000000000000E+05
       -2.082247734069824218750000000000    5.877733750000000000000000000000E+05
       -2.081247806549072265625000000000    5.901276875000000000000000000000E+05
       -2.080247879028320312500000000000    5.924901250000000000000000000000E+05
       -2.079247951507568359375000000000    5.948608125000000000000000000000E+05
       -2.078248023986816406250000000000    5.972397500000000000000000000000E+05
       -2.077248096466064453125000000000    5.996269375000000000000000000000E+05
       -2.076248168945312500000000000000    6.020223750000000000000000000000E+05
       -2.075248241424560546875000000000    6.044261875000000000000000000000E+05
       -2.074248313903808593750000000000    6.068383750000000000000000000000E+05
       -2.073248386383056640625000000000    6.092589375000000000000000000000E+05
       -2.072248458862304687500000000000    6.116878750000000000000000000000E+05
       -2.071248531341552734375000000000    6.141253125000000000000000000000E+05
       -2.070248603820800781250000000000    6.165712500000000000000000000000E+05
       -2.069248676300048828125000000000    6.190256875000000000000000000000E+05
       -2.068248748779296875000000000000    6.214885000000000000000000000000E+05
       -2.067248821258544921875000000000    6.239598125000000000000000000000E+05
       -2.066248893737792968750000000000    6.264396250000000000000000000000E+05
       -2.065248966217041015625000000000    6.289279375000000000000000000000E+05
       -2.064249038696289062500000000000    6.314247500000000000000000000000E+05
       -2.063249111175537109375000000000    6.339301875000000000000000000000E+05
       -2.062249183654785156250000000000    6.364442500000000000000000000000E+05
       -2.061249256134033203125000000000    6.389669375000000000000000000000E+05
       -2.060249328613281250000000000000    6.414982500000000000000000000000E+05
       -2.059249401092529296875000000000    6.440383125000000000000000000000E+05
       -2.058249473571777343750000000000    6.465871250000000000000000000000E+05
       -2.057249546051025390625000000000    6.491446875000000000000000000000E+05
       -2.056249618530273437500000000000    6.517111250000000000000000000000E+05
       -2.055249691009521484375000000000    6.542864375000000000000000000000E+05
       -2.054249763488769531250000000000    6.568705000000000000000000000000E+05
       -2.053249835968017578125000000000    6.594633125000000000000000000000E+05
       -2.052249908447265625000000000000    6.620648750000000000000000000000E+05
       -2.051249980926513671875000000000    6.646753125000000000000000000000E+05
       -2.050250053405761718750000000000    6.672946250000000000000000000000E+05
       -2.049250125885009765625000000000    6.699228125000000000000000000000E+05
       -2.048250198364257812500000000000    6.725600000000000000000000000000E+05
       -2.047250270843505859375000000000    6.752061875000000000000000000000E+05
       -2.046250343322753906250000000000    6.778613750000000000000000000000E+05
       -2.045250415802001953125000000000    6.805255625000000000000000000000E+05
       -2.044250488281250000000000000000    6.831988750000000000000000000000E+05
       -2.043250560760498046875000000000    6.858813125000000000000000000000E+05
       -2.042250633239746093750000000000    6.885728750000000000000000000000E+05
       -2.041250705718994140625000000000    6.912736875000000000000000000000E+05
       -2.040250778198242187500000000000    6.939837500000000000000000000000E+05
       -2.039250850677490234375000000000    6.967029375000000000000000000000E+05
       -2.038250923156738281250000000000    6.994312500000000000000000000000E+05
       -2.037250995635986328125000000000    7.021686875000000000000000000000E+05
       -2.036251068115234375000000000000    7.049153750000000000000000000000E+05
       -2.035251140594482421875000000000    7.076713125000000000000000000000E+05
       -2.034251213073730468750000000000    7.104365000000000000000000000000E+05
       -2.033251285552978515625000000000    7.132110625000000000000000000000E+05
       -2.032251358032226562500000000000    7.159950000000000000000000000000E+05
       -2.031251430511474609375000000000    7.187883125000000000000000000000E+05
       -2.030251502990722656250000000000    7.215910000000000000000000000000E+05
       -2.029251575469970703125000000000    7.244031875000000000000000000000E+05
       -2.028251647949218750000000000000    7.272248750000000000000000000000E+05
       -2.027251720428466796875000000000    7.300560625000000000000000000000E+05
       -2.026251792907714843750000000000    7.328968750000000000000000000000E+05
       -2.025251865386962890625000000000    7.357470625000000000000000000000E+05
       -2.024251937866210937500000000000    7.386067500000000000000000000000E+05
       -2.023252010345458984375000000000    7.414759375000000000000000000000E+05
       -2.022252082824707031250000000000    7.443546250000000000000000000000E+05
       -2.021252155303955078125000000000    7.472429375000000000000000000000E+05
       -2.020252227783203125000000000000    7.501408750000000000000000000000E+05
       -2.019252300262451171875000000000    7.530484375000000000000000000000E+05
       -2.018252372741699218750000000000    7.559657500000000000000000000000E+05
       -2.017252445220947265625000000000    7.588928125000000000000000000000E+05
       -2.016252517700195312500000000000    7.618296250000000000000000000000E+05
       -2.015252590179443359375000000000    7.647761875000000000000000000000E+05
       -2.014252662658691406250000000000    7.677326250000000000000000000000E+05
       -2.013252735137939453125000000000    7.706989375000000000000000000000E+05
       -2.012252807617187500000000000000    7.736751250000000000000000000000E+05
       -2.011252880096435546875000000000    7.766613125000000000000000000000E+05
       -2.010252952575683593750000000000    7.796573750000000000000000000000E+05
       -2.009253025054931640625000000000    7.826633125000000000000000000000E+05
       -2.008253097534179687500000000000    7.856791250000000000000000000000E+05
       -2.007253170013427734375000000000    7.887048125000000000000000000000E+05
       -2.006253242492675781250000000000    7.917405000000000000000000000000E+05
       -2.005253314971923828125000000000    7.947861875000000000000000000000E+05
       -2.004253387451171875000000000000    7.978418750000000000000000000000E+05
       -2.003253459930419921875000000000    8.009076875000000000000000000000E+05
       -2.002253532409667968750000000000    8.039836250000000000000000000000E+05
       -2.001253604888916015625000000000    8.070696875000000000000000000000E+05
       -2.000253677368164062500000000000    8.101660000000000000000000000000E+05
       -1.999253630638122558593750000000    8.132725625000000000000000000000E+05
       -1.998253583908081054687500000000    8.163893750000000000000000000000E+05
       -1.997253537178039550781250000000    8.195165625000000000000000000000E+05
       -1.996253490447998046875000000000    8.226541250000000000000000000000E+05
       -1.995253443717956542968750000000    8.258019375000000000000000000000E+05
       -1.994253396987915039062500000000    8.289600000000000000000000000000E+05
       -1.993253350257873535156250000000    8.321283125000000000000000000000E+05
       -1.992253303527832031250000000000    8.353070000000000000000000000000E+05
       -1.991253256797790527343750000000    8.384960625000000000000000000000E+05
       -1.990253210067749023437500000000    8.416955000000000000000000000000E+05
       -1.989253163337707519531250000000    8.449053125000000000000000000000E+05
       -1.988253116607666015625000000000    8.481256250000000000000000000000E+05
       -1.987253069877624511718750000000    8.513564375000000000000000000000E+05
       -1.986253023147583007812500000000    8.545977500000000000000000000000E+05
       -1.985252976417541503906250000000    8.578496875000000000000000000000E+05
       -1.984252929687500000000000000000    8.611122500000000000000000000000E+05
       -1.983252882957458496093750000000    8.643854375000000000000000000000E+05
       -1.982252836227416992187500000000    8.676693750000000000000000000000E+05
       -1.981252789497375488281250000000    8.709640625000000000000000000000E+05
       -1.980252742767333984375000000000    8.742693750000000000000000000000E+05
       -1.979252696037292480468750000000    8.775853125000000000000000000000E+05
       -1.978252649307250976562500000000    8.809118750000000000000000000000E+05
       -1.977252602577209472656250000000    8.842491875000000000000000000000E+05
       -1.976252555847167968750000000000    8.875972500000000000000000000000E+05
       -1.975252509117126464843750000000    8.909560625000000000000000000000E+05
       -1.974252462387084960937500000000    8.943257500000000000000000000000E+05
       -1.973252415657043457031250000000    8.977063125000000000000000000000E+05
       -1.972252368927001953125000000000    9.010977500000000000000000000000E+05
       -1.971252322196960449218750000000    9.045001875000000000000000000000E+05
       -1.970252275466918945312500000000    9.079136250000000000000000000000E+05
       -1.969252228736877441406250000000    9.113380625000000000000000000000E+05
       -1.968252182006835937500000000000    9.147736250000000000000000000000E+05
       -1.967252135276794433593750000000    9.182203125000000000000000000000E+05
       -1.966252088546752929687500000000    9.216781250000000000000000000000E+05
       -1.965252041816711425781250000000    9.251469375000000000000000000000E+05
       -1.964251995086669921875000000000    9.286267500000000000000000000000E+05
       -1.963251948356628417968750000000    9.321176875000000000000000000000E+05
       -1.962251901626586914062500000000    9.356197500000000000000000000000E+05
       -1.961251854896545410156250000000    9.391329375000000000000000000000E+05
       -1.960251808166503906250000000000    9.426573750000000000000000000000E+05
       -1.959251761436462402343750000000    9.461930625000000000000000000000E+05
       -1.958251714706420898437500000000    9.497400000000000000000000000000E+05
       -1.957251667976379394531250000000    9.532983125000000000000000000000E+05
       -1.956251621246337890625000000000    9.568680000000000000000000000000E+05
       -1.955251574516296386718750000000    9.604490625000000000000000000000E+05
       -1.954251527786254882812500000000    9.640416250000000000000000000000E+05
       -1.953251481056213378906250000000    9.676456875000000000000000000000E+05
       -1.952251434326171875000000000000    9.712612500000000000000000000000E+05
       -1.951251387596130371093750000000    9.748884375000000000000000000000E+05
       -1.950251340866088867187500000000    9.785270000000000000000000000000E+05
       -1.949251294136047363281250000000    9.821769375000000000000000000000E+05
       -1.948251247406005859375000000000    9.858383750000000000000000000000E+05
       -1.947251200675964355468750000000    9.895113125000000000000000000000E+05
       -1.946251153945922851562500000000    9.931957500000000000000000000000E+05
       -1.945251107215881347656250000000    9.968918125000000000000000000000E+05
       -1.944251060485839843750000000000    1.000599500000000000000000000000E+06
       -1.943251013755798339843750000000    1.004318937500000000000000000000E+06
       -1.942250967025756835937500000000    1.008050125000000000000000000000E+06
       -1.941250920295715332031250000000    1.011793062500000000000000000000E+06
       -1.940250873565673828125000000000    1.015547875000000000000000000000E+06
       -1.939250826835632324218750000000    1.019314562500000000000000000000E+06
       -1.938250780105590820312500000000    1.023093125000000000000000000000E+06
       -1.937250733375549316406250000000    1.026883687500000000000000000000E+06
       -1.936250686645507812500000000000    1.030686250000000000000000000000E+06
       -1.935250639915466308593750000000    1.034500812500000000000000000000E+06
       -1.934250593185424804687500000000    1.038327250000000000000000000000E+06
       -1.933250546455383300781250000000    1.042165562500000000000000000000E+06
       -1.932250499725341796875000000000    1.046015750000000000000000000000E+06
       -1.931250452995300292968750000000    1.049878000000000000000000000000E+06
       -1.930250406265258789062500000000    1.053752250000000000000000000000E+06
       -1.929250359535217285156250000000    1.057638500000000000000000000000E+06
       -1.928250312805175781250000000000    1.061536750000000000000000000000E+06
       -1.927250266075134277343750000000    1.065447250000000000000000000000E+06
       -1.926250219345092773437500000000    1.069370000000000000000000000000E+06
       -1.925250172615051269531250000000    1.073305000000000000000000000000E+06
       -1.924250125885009765625000000000    1.077252250000000000000000000000E+06
       -1.923250079154968261718750000000    1.081211750000000000000000000000E+06
       -1.922250032424926757812500000000    1.085183500000000000000000000000E+06
       -1.921249985694885253906250000000    1.089167750000000000000000000000E+06
       -1.920249938964843750000000000000    1.093164500000000000000000000000E+06
       -1.919249892234802246093750000000    1.097173500000000000000000000000E+06
       -1.918249845504760742187500000000    1.101194750000000000000000000000E+06
       -1.917249798774719238281250000000    1.105228250000000000000000000000E+06
       -1.916249752044677734375000000000    1.109274250000000000000000000000E+06
       -1.915249705314636230468750000000    1.113332750000000000000000000000E+06
       -1.914249658584594726562500000000    1.117403750000000000000000000000E+06
       -1.913249611854553222656250000000    1.121487250000000000000000000000E+06
       -1.912249565124511718750000000000    1.125583250000000000000000000000E+06
       -1.911249518394470214843750000000    1.129691750000000000000000000000E+06
       -1.910249471664428710937500000000    1.133813000000000000000000000000E+06
       -1.909249424934387207031250000000    1.137947000000000000000000000000E+06
       -1.908249378204345703125000000000    1.142093750000000000000000000000E+06
       -1.907249331474304199218750000000    1.146253250000000000000000000000E+06
       -1.906249284744262695312500000000    1.150425500000000000000000000000E+06
       -1.905249238014221191406250000000    1.154610750000000000000000000000E+06
       -1.904249191284179687500000000000    1.158809000000000000000000000000E+06
       -1.903249144554138183593750000000    1.163020000000000000000000000000E+06
       -1.902249097824096679687500000000    1.167243750000000000000000000000E+06
       -1.901249051094055175781250000000    1.171480250000000000000000000000E+06
       -1.900249004364013671875000000000    1.175729500000000000000000000000E+06
       -1.899248957633972167968750000000    1.179991750000000000000000000000E+06
       -1.898248910903930664062500000000    1.184267000000000000000000000000E+06
       -1.897248864173889160156250000000    1.188555250000000000000000000000E+06
       -1.896248817443847656250000000000    1.192856500000000000000000000000E+06
       -1.895248770713806152343750000000    1.197170750000000000000000000000E+06
       -1.894248723983764648437500000000    1.201498250000000000000000000000E+06
       -1.893248677253723144531250000000    1.205839000000000000000000000000E+06
       -1.892248630523681640625000000000    1.210193000000000000000000000000E+06
       -1.891248583793640136718750000000    1.214560250000000000000000000000E+06
       -1.890248537063598632812500000000    1.218940750000000000000000000000E+06
       -1.889248490333557128906250000000    1.223334500000000000000000000000E+06
       -1.888248443603515625000000000000    1.227741250000000000000000000000E+06
       -1.887248396873474121093750000000    1.232161250000000000000000000000E+06
       -1.886248350143432617187500000000    1.236594500000000000000000000000E+06
       -1.885248303413391113281250000000    1.241041000000000000000000000000E+06
       -1.884248256683349609375000000000    1.245500750000000000000000000000E+06
       -1.883248209953308105468750000000    1.249973750000000000000000000000E+06
       -1.882248163223266601562500000000    1.254460250000000000000000000000E+06
       -1.881248116493225097656250000000    1.258960250000000000000000000000E+06
       -1.880248069763183593750000000000    1.263473750000000000000000000000E+06
       -1.879248023033142089843750000000    1.268000750000000000000000000000E+06
       -1.878247976303100585937500000000    1.272541250000000000000000000000E+06
       -1.877247929573059082031250000000    1.277095500000000000000000000000E+06
       -1.876247882843017578125000000000    1.281663500000000000000000000000E+06
       -1.875247836112976074218750000000    1.286245250000000000000000000000E+06
       -1.874247789382934570312500000000    1.290840750000000000000000000000E+06
       -1.873247742652893066406250000000    1.295450000000000000000000000000E+06
       -1.872247695922851562500000000000    1.300072750000000000000000000000E+06
       -1.871247649192810058593750000000    1.304709250000000000000000000000E+06
       -1.870247602462768554687500000000    1.309359500000000000000000000000E+06
       -1.869247555732727050781250000000    1.314023500000000000000000000000E+06
       -1.868247509002685546875000000000    1.318701250000000000000000000000E+06
       -1.867247462272644042968750000000    1.323392750000000000000000000000E+06
       -1.866247415542602539062500000000    1.328098250000000000000000000000E+06
       -1.865247368812561035156250000000    1.332817750000000000000000000000E+06
       -1.864247322082519531250000000000    1.337551250000000000000000000000E+06
       -1.863247275352478027343750000000    1.342298750000000000000000000000E+06
       -1.862247228622436523437500000000    1.347060250000000000000000000000E+06
       -1.861247181892395019531250000000    1.351836000000000000000000000000E+06
       -1.860247135162353515625000000000    1.356626000000000000000000000000E+06
       -1.859247088432312011718750000000    1.361430250000000000000000000000E+06
       -1.858247041702270507812500000000    1.366248750000000000000000000000E+06
       -1.857246994972229003906250000000    1.371081500000000000000000000000E+06
       -1.856246948242187500000000000000    1.375928250000000000000000000000E+06
       -1.855246901512145996093750000000    1.380789000000000000000000000000E+06
       -1.854246854782104492187500000000    1.385664000000000000000000000000E+06
       -1.853246808052062988281250000000    1.390553250000000000000000000000E+06
       -1.852246761322021484375000000000    1.395456750000000000000000000000E+06
       -1.851246714591979980468750000000    1.400374500000000000000000000000E+06
       -1.850246667861938476562500000000    1.405306500000000000000000000000E+06
       -1.849246621131896972656250000000    1.410253000000000000000000000000E+06
       -1.848246574401855468750000000000    1.415214000000000000000000000000E+06
       -1.847246527671813964843750000000    1.420189500000000000000000000000E+06
       -1.846246480941772460937500000000    1.425179500000000000000000000000E+06
       -1.845246434211730957031250000000    1.430184000000000000000000000000E+06
       -1.844246387481689453125000000000    1.435203250000000000000000000000E+06
       -1.843246340751647949218750000000    1.440237250000000000000000000000E+06
       -1.842246294021606445312500000000    1.445286000000000000000000000000E+06
       -1.841246247291564941406250000000    1.450349500000000000000000000000E+06
       -1.840246200561523437500000000000    1.455427500000000000000000000000E+06
       -1.839246153831481933593750000000    1.460520000000000000000000000000E+06
       -1.838246107101440429687500000000    1.465627250000000000000000000000E+06
       -1.837246060371398925781250000000    1.470749250000000000000000000000E+06
       -1.836246013641357421875000000000    1.475886000000000000000000000000E+06
       -1.835245966911315917968750000000    1.481037500000000000000000000000E+06
       -1.834245920181274414062500000000    1.486203750000000000000000000000E+06
       -1.833245873451232910156250000000    1.491385000000000000000000000000E+06
       -1.832245826721191406250000000000    1.496581250000000000000000000000E+06
       -1.831245779991149902343750000000    1.501792500000000000000000000000E+06
       -1.830245733261108398437500000000    1.507018750000000000000000000000E+06
       -1.829245686531066894531250000000    1.512260000000000000000000000000E+06
       -1.828245639801025390625000000000    1.517516500000000000000000000000E+06
       -1.827245593070983886718750000000    1.522788250000000000000000000000E+06
       -1.826245546340942382812500000000    1.528075250000000000000000000000E+06
       -1.825245499610900878906250000000    1.533377500000000000000000000000E+06
       -1.824245452880859375000000000000    1.538695000000000000000000000000E+06
       -1.823245406150817871093750000000    1.544027500000000000000000000000E+06
       -1.822245359420776367187500000000    1.549375000000000000000000000000E+06
       -1.821245312690734863281250000000    1.554737750000000000000000000000E+06
       -1.820245265960693359375000000000    1.560115750000000000000000000000E+06
       -1.819245219230651855468750000000    1.565509000000000000000000000000E+06
       -1.818245172500610351562500000000    1.570917500000000000000000000000E+06
       -1.817245125770568847656250000000    1.576341250000000000000000000000E+06
       -1.816245079040527343750000000000    1.581780500000000000000000000000E+06
       -1.815245032310485839843750000000    1.587235250000000000000000000000E+06
       -1.814244985580444335937500000000    1.592705500000000000000000000000E+06
       -1.813244938850402832031250000000    1.598191250000000000000000000000E+06
       -1.812244892120361328125000000000    1.603692500000000000000000000000E+06
       -1.811244845390319824218750000000    1.609209500000000000000000000000E+06
       -1.810244798660278320312500000000    1.614742250000000000000000000000E+06
       -1.809244751930236816406250000000    1.620290750000000000000000000000E+06
       -1.808244705200195312500000000000    1.625855000000000000000000000000E+06
       -1.807244658470153808593750000000    1.631434750000000000000000000000E+06
       -1.806244611740112304687500000000    1.637030000000000000000000000000E+06
       -1.805244565010070800781250000000    1.642640750000000000000000000000E+06
       -1.804244518280029296875000000000    1.648267250000000000000000000000E+06
       -1.803244471549987792968750000000    1.653909500000000000000000000000E+06
       -1.802244424819946289062500000000    1.659567500000000000000000000000E+06
       -1.801244378089904785156250000000    1.665241250000000000000000000000E+06
       -1.800244331359863281250000000000    1.670931000000000000000000000000E+06
       -1.799244284629821777343750000000    1.676636750000000000000000000000E+06
       -1.798244237899780273437500000000    1.682358500000000000000000000000E+06
       -1.797244191169738769531250000000    1.688096250000000000000000000000E+06
       -1.796244144439697265625000000000    1.693850000000000000000000000000E+06
       -1.795244097709655761718750000000    1.699620000000000000000000000000E+06
       -1.794244050979614257812500000000    1.705406250000000000000000000000E+06
       -1.793244004249572753906250000000    1.711208750000000000000000000000E+06
       -1.792243957519531250000000000000    1.717027500000000000000000000000E+06
       -1.791243910789489746093750000000    1.722862500000000000000000000000E+06
       -1.790243864059448242187500000000    1.728713500000000000000000000000E+06
       -1.789243817329406738281250000000    1.734580500000000000000000000000E+06
       -1.788243770599365234375000000000    1.740463750000000000000000000000E+06
       -1.787243723869323730468750000000    1.746363250000000000000000000000E+06
       -1.786243677139282226562500000000    1.752279000000000000000000000000E+06
       -1.785243630409240722656250000000    1.758211000000000000000000000000E+06
       -1.784243583679199218750000000000    1.764159250000000000000000000000E+06
       -1.783243536949157714843750000000    1.770124000000000000000000000000E+06
       -1.782243490219116210937500000000    1.776105250000000000000000000000E+06
       -1.781243443489074707031250000000    1.782103000000000000000000000000E+06
       -1.780243396759033203125000000000    1.788117250000000000000000000000E+06
       -1.779243350028991699218750000000    1.794148250000000000000000000000E+06
       -1.778243303298950195312500000000    1.800196000000000000000000000000E+06
       -1.777243256568908691406250000000    1.806260500000000000000000000000E+06
       -1.776243209838867187500000000000    1.812341750000000000000000000000E+06
       -1.775243163108825683593750000000    1.818439750000000000000000000000E+06
       -1.774243116378784179687500000000    1.824554250000000000000000000000E+06
       -1.773243069648742675781250000000    1.830685250000000000000000000000E+06
       -1.772243022918701171875000000000    1.836832750000000000000000000000E+06
       -1.771242976188659667968750000000    1.842997000000000000000000000000E+06
       -1.770242929458618164062500000000    1.849178000000000000000000000000E+06
       -1.769242882728576660156250000000    1.855375750000000000000000000000E+06
       -1.768242835998535156250000000000    1.861590250000000000000000000000E+06
       -1.767242789268493652343750000000    1.867821500000000000000000000000E+06
       -1.766242742538452148437500000000    1.874069750000000000000000000000E+06
       -1.765242695808410644531250000000    1.880335000000000000000000000000E+06
       -1.764242649078369140625000000000    1.886617250000000000000000000000E+06
       -1.763242602348327636718750000000    1.892916500000000000000000000000E+06
       -1.762242555618286132812500000000    1.899233000000000000000000000000E+06
       -1.761242508888244628906250000000    1.905566750000000000000000000000E+06
       -1.760242462158203125000000000000    1.911917750000000000000000000000E+06
       -1.759242415428161621093750000000    1.918286000000000000000000000000E+06
       -1.758242368698120117187500000000    1.924671750000000000000000000000E+06
       -1.757242321968078613281250000000    1.931074500000000000000000000000E+06
       -1.756242275238037109375000000000    1.937494250000000000000000000000E+06
       -1.755242228507995605468750000000    1.943931000000000000000000000000E+06
       -1.754242181777954101562500000000    1.950385000000000000000000000000E+06
       -1.753242135047912597656250000000    1.956856250000000000000000000000E+06
       -1.752242088317871093750000000000    1.963344750000000000000000000000E+06
       -1.751242041587829589843750000000    1.969850500000000000000000000000E+06
       -1.750241994857788085937500000000    1.976373750000000000000000000000E+06
       -1.749241948127746582031250000000    1.982914500000000000000000000000E+06
       -1.748241901397705078125000000000    1.989472750000000000000000000000E+06
       -1.747241854667663574218750000000    1.996048500000000000000000000000E+06
       -1.746241807937622070312500000000    2.002641750000000000000000000000E+06
       -1.745241761207580566406250000000    2.009252750000000000000000000000E+06
       -1.744241714477539062500000000000    2.015881500000000000000000000000E+06
       -1.743241667747497558593750000000    2.022528000000000000000000000000E+06
       -1.742241621017456054687500000000    2.029192250000000000000000000000E+06
       -1.741241574287414550781250000000    2.035874500000000000000000000000E+06
       -1.740241527557373046875000000000    2.042574250000000000000000000000E+06
       -1.739241480827331542968750000000    2.049291500000000000000000000000E+06
       -1.738241434097290039062500000000    2.056026250000000000000000000000E+06
       -1.737241387367248535156250000000    2.062778750000000000000000000000E+06
       -1.736241340637207031250000000000    2.069549000000000000000000000000E+06
       -1.735241293907165527343750000000    2.076337000000000000000000000000E+06
       -1.734241247177124023437500000000    2.083142750000000000000000000000E+06
       -1.733241200447082519531250000000    2.089966500000000000000000000000E+06
       -1.732241153717041015625000000000    2.096808250000000000000000000000E+06
       -1.731241106986999511718750000000    2.103668000000000000000000000000E+06
       -1.730241060256958007812500000000    2.110545750000000000000000000000E+06
       -1.729241013526916503906250000000    2.117441500000000000000000000000E+06
       -1.728240966796875000000000000000    2.124355250000000000000000000000E+06
       -1.727240920066833496093750000000    2.131287000000000000000000000000E+06
       -1.726240873336791992187500000000    2.138237250000000000000000000000E+06
       -1.725240826606750488281250000000    2.145206000000000000000000000000E+06
       -1.724240779876708984375000000000    2.152193250000000000000000000000E+06
       -1.723240733146667480468750000000    2.159198500000000000000000000000E+06
       -1.722240686416625976562500000000    2.166221750000000000000000000000E+06
       -1.721240639686584472656250000000    2.173263000000000000000000000000E+06
       -1.720240592956542968750000000000    2.180322250000000000000000000000E+06
       -1.719240546226501464843750000000    2.187399500000000000000000000000E+06
       -1.718240499496459960937500000000    2.194495250000000000000000000000E+06
       -1.717240452766418457031250000000    2.201609500000000000000000000000E+06
       -1.716240406036376953125000000000    2.208742250000000000000000000000E+06
       -1.715240359306335449218750000000    2.215893500000000000000000000000E+06
       -1.714240312576293945312500000000    2.223063250000000000000000000000E+06
       -1.713240265846252441406250000000    2.230251500000000000000000000000E+06
       -1.712240219116210937500000000000    2.237458250000000000000000000000E+06
       -1.711240172386169433593750000000    2.244683500000000000000000000000E+06
       -1.710240125656127929687500000000    2.251927250000000000000000000000E+06
       -1.709240078926086425781250000000    2.259190000000000000000000000000E+06
       -1.708240032196044921875000000000    2.266471750000000000000000000000E+06
       -1.707239985466003417968750000000    2.273772500000000000000000000000E+06
       -1.706239938735961914062500000000    2.281092250000000000000000000000E+06
       -1.705239892005920410156250000000    2.288430500000000000000000000000E+06
       -1.704239845275878906250000000000    2.295787250000000000000000000000E+06
       -1.703239798545837402343750000000    2.303162500000000000000000000000E+06
       -1.702239751815795898437500000000    2.310556250000000000000000000000E+06
       -1.701239705085754394531250000000    2.317968500000000000000000000000E+06
       -1.700239658355712890625000000000    2.325399750000000000000000000000E+06
       -1.699239611625671386718750000000    2.332850000000000000000000000000E+06
       -1.698239564895629882812500000000    2.340319250000000000000000000000E+06
       -1.697239518165588378906250000000    2.347807500000000000000000000000E+06
       -1.696239471435546875000000000000    2.355314750000000000000000000000E+06
       -1.695239424705505371093750000000    2.362841000000000000000000000000E+06
       -1.694239377975463867187500000000    2.370386250000000000000000000000E+06
       -1.693239331245422363281250000000    2.377950500000000000000000000000E+06
       -1.692239284515380859375000000000    2.385534250000000000000000000000E+06
       -1.691239237785339355468750000000    2.393137500000000000000000000000E+06
       -1.690239191055297851562500000000    2.400760250000000000000000000000E+06
       -1.689239144325256347656250000000    2.408402500000000000000000000000E+06
       -1.688239097595214843750000000000    2.416063750000000000000000000000E+06
       -1.687239050865173339843750000000    2.423744000000000000000000000000E+06
       -1.686239004135131835937500000000    2.431443250000000000000000000000E+06
       -1.685238957405090332031250000000    2.439161500000000000000000000000E+06
       -1.684238910675048828125000000000    2.446898750000000000000000000000E+06
       -1.683238863945007324218750000000    2.454655500000000000000000000000E+06
       -1.682238817214965820312500000000    2.462431750000000000000000000000E+06
       -1.681238770484924316406250000000    2.470227500000000000000000000000E+06
       -1.680238723754882812500000000000    2.478042750000000000000000000000E+06
       -1.679238677024841308593750000000    2.485877500000000000000000000000E+06
       -1.678238630294799804687500000000    2.493731750000000000000000000000E+06
       -1.677238583564758300781250000000    2.501605500000000000000000000000E+06
       -1.676238536834716796875000000000    2.509498750000000000000000000000E+06
       -1.675238490104675292968750000000    2.517411500000000000000000000000E+06
       -1.674238443374633789062500000000    2.525344250000000000000000000000E+06
       -1.673238396644592285156250000000    2.533297000000000000000000000000E+06
       -1.672238349914550781250000000000    2.541269750000000000000000000000E+06
       -1.671238303184509277343750000000    2.549262500000000000000000000000E+06
       -1.670238256454467773437500000000    2.557274750000000000000000000000E+06
       -1.669238209724426269531250000000    2.565306500000000000000000000000E+06
       -1.668238162994384765625000000000    2.573357750000000000000000000000E+06
       -1.667238116264343261718750000000    2.581428500000000000000000000000E+06
       -1.666238069534301757812500000000    2.589518750000000000000000000000E+06
       -1.665238022804260253906250000000    2.597629000000000000000000000000E+06
       -1.664237976074218750000000000000    2.605759250000000000000000000000E+06
       -1.663237929344177246093750000000    2.613909500000000000000000000000E+06
       -1.662237882614135742187500000000    2.622079750000000000000000000000E+06
       -1.661237835884094238281250000000    2.630270000000000000000000000000E+06
       -1.660237789154052734375000000000    2.638480250000000000000000000000E+06
       -1.659237742424011230468750000000    2.646710500000000000000000000000E+06
       -1.658237695693969726562500000000    2.654960750000000000000000000000E+06
       -1.657237648963928222656250000000    2.663231500000000000000000000000E+06
       -1.656237602233886718750000000000    2.671522750000000000000000000000E+06
       -1.655237555503845214843750000000    2.679834500000000000000000000000E+06
       -1.654237508773803710937500000000    2.688166750000000000000000000000E+06
       -1.653237462043762207031250000000    2.696519500000000000000000000000E+06
       -1.652237415313720703125000000000    2.704892250000000000000000000000E+06
       -1.651237368583679199218750000000    2.713285000000000000000000000000E+06
       -1.650237321853637695312500000000    2.721697750000000000000000000000E+06
       -1.649237275123596191406250000000    2.730130500000000000000000000000E+06
       -1.648237228393554687500000000000    2.738583250000000000000000000000E+06
       -1.647237181663513183593750000000    2.747056000000000000000000000000E+06
       -1.646237134933471679687500000000    2.755549250000000000000000000000E+06
       -1.645237088203430175781250000000    2.764063000000000000000000000000E+06
       -1.644237041473388671875000000000    2.772597250000000000000000000000E+06
       -1.643236994743347167968750000000    2.781152000000000000000000000000E+06
       -1.642236948013305664062500000000    2.789727250000000000000000000000E+06
       -1.641236901283264160156250000000    2.798323000000000000000000000000E+06
       -1.640236854553222656250000000000    2.806939250000000000000000000000E+06
       -1.639236807823181152343750000000    2.815576000000000000000000000000E+06
       -1.638236761093139648437500000000    2.824233750000000000000000000000E+06
       -1.637236714363098144531250000000    2.832912500000000000000000000000E+06
       -1.636236667633056640625000000000    2.841612250000000000000000000000E+06
       -1.635236620903015136718750000000    2.850333000000000000000000000000E+06
       -1.634236574172973632812500000000    2.859074250000000000000000000000E+06
       -1.633236527442932128906250000000    2.867836000000000000000000000000E+06
       -1.632236480712890625000000000000    2.876618250000000000000000000000E+06
       -1.631236433982849121093750000000    2.885421000000000000000000000000E+06
       -1.630236387252807617187500000000    2.894244250000000000000000000000E+06
       -1.629236340522766113281250000000    2.903088000000000000000000000000E+06
       -1.628236293792724609375000000000    2.911952750000000000000000000000E+06
       -1.627236247062683105468750000000    2.920838500000000000000000000000E+06
       -1.626236200332641601562500000000    2.929745250000000000000000000000E+06
       -1.625236153602600097656250000000    2.938673000000000000000000000000E+06
       -1.624236106872558593750000000000    2.947621750000000000000000000000E+06
       -1.623236060142517089843750000000    2.956591500000000000000000000000E+06
       -1.622236013412475585937500000000    2.965582250000000000000000000000E+06
       -1.621235966682434082031250000000    2.974594000000000000000000000000E+06
       -1.620235919952392578125000000000    2.983627250000000000000000000000E+06
       -1.619235873222351074218750000000    2.992682000000000000000000000000E+06
       -1.618235826492309570312500000000    3.001758250000000000000000000000E+06
       -1.617235779762268066406250000000    3.010856000000000000000000000000E+06
       -1.616235733032226562500000000000    3.019974750000000000000000000000E+06
       -1.615235686302185058593750000000    3.029114500000000000000000000000E+06
       -1.614235639572143554687500000000    3.038275250000000000000000000000E+06
       -1.613235592842102050781250000000    3.047457000000000000000000000000E+06
       -1.612235546112060546875000000000    3.056659750000000000000000000000E+06
       -1.611235499382019042968750000000    3.065883500000000000000000000000E+06
       -1.610235452651977539062500000000    3.075128250000000000000000000000E+06
       -1.609235405921936035156250000000    3.084394500000000000000000000000E+06
       -1.608235359191894531250000000000    3.093682250000000000000000000000E+06
       -1.607235312461853027343750000000    3.102991500000000000000000000000E+06
       -1.606235265731811523437500000000    3.112322250000000000000000000000E+06
       -1.605235219001770019531250000000    3.121674500000000000000000000000E+06
       -1.604235172271728515625000000000    3.131048250000000000000000000000E+06
       -1.603235125541687011718750000000    3.140443500000000000000000000000E+06
       -1.602235078811645507812500000000    3.149860250000000000000000000000E+06
       -1.601235032081604003906250000000    3.159299000000000000000000000000E+06
       -1.600234985351562500000000000000    3.168759750000000000000000000000E+06
       -1.599234938621520996093750000000    3.178242500000000000000000000000E+06
       -1.598234891891479492187500000000    3.187747250000000000000000000000E+06
       -1.597234845161437988281250000000    3.197273500000000000000000000000E+06
       -1.596234798431396484375000000000    3.206821250000000000000000000000E+06
       -1.595234751701354980468750000000    3.216390500000000000000000000000E+06
       -1.594234704971313476562500000000    3.225981250000000000000000000000E+06
       -1.593234658241271972656250000000    3.235593500000000000000000000000E+06
       -1.592234611511230468750000000000    3.245227250000000000000000000000E+06
       -1.591234564781188964843750000000    3.254882500000000000000000000000E+06
       -1.590234518051147460937500000000    3.264559250000000000000000000000E+06
       -1.589234471321105957031250000000    3.274258000000000000000000000000E+06
       -1.588234424591064453125000000000    3.283978750000000000000000000000E+06
       -1.587234377861022949218750000000    3.293721500000000000000000000000E+06
       -1.586234331130981445312500000000    3.303486250000000000000000000000E+06
       -1.585234284400939941406250000000    3.313273000000000000000000000000E+06
       -1.584234237670898437500000000000    3.323081750000000000000000000000E+06
       -1.583234190940856933593750000000    3.332912500000000000000000000000E+06
       -1.582234144210815429687500000000    3.342765250000000000000000000000E+06
       -1.581234097480773925781250000000    3.352640500000000000000000000000E+06
       -1.580234050750732421875000000000    3.362538250000000000000000000000E+06
       -1.579234004020690917968750000000    3.372458500000000000000000000000E+06
       -1.578233957290649414062500000000    3.382400250000000000000000000000E+06
       -1.577233910560607910156250000000    3.392364000000000000000000000000E+06
       -1.576233863830566406250000000000    3.402349750000000000000000000000E+06
       -1.575233817100524902343750000000    3.412357500000000000000000000000E+06
       -1.574233770370483398437500000000    3.422387250000000000000000000000E+06
       -1.573233723640441894531250000000    3.432439000000000000000000000000E+06
       -1.572233676910400390625000000000    3.442512750000000000000000000000E+06
       -1.571233630180358886718750000000    3.452608500000000000000000000000E+06
       -1.570233583450317382812500000000    3.462726250000000000000000000000E+06
       -1.569233536720275878906250000000    3.472866500000000000000000000000E+06
       -1.568233489990234375000000000000    3.483029250000000000000000000000E+06
       -1.567233443260192871093750000000    3.493214500000000000000000000000E+06
       -1.566233396530151367187500000000    3.503422250000000000000000000000E+06
       -1.565233349800109863281250000000    3.513652500000000000000000000000E+06
       -1.564233303070068359375000000000    3.523905250000000000000000000000E+06
       -1.563233256340026855468750000000    3.534180500000000000000000000000E+06
       -1.562233209609985351562500000000    3.544478750000000000000000000000E+06
       -1.561233162879943847656250000000    3.554800000000000000000000000000E+06
       -1.560233116149902343750000000000    3.565144250000000000000000000000E+06
       -1.559233069419860839843750000000    3.575510500000000000000000000000E+06
       -1.558233022689819335937500000000    3.585898750000000000000000000000E+06
       -1.557232975959777832031250000000    3.596309000000000000000000000000E+06
       -1.556232929229736328125000000000    3.606741750000000000000000000000E+06
       -1.555232882499694824218750000000    3.617197000000000000000000000000E+06
       -1.554232835769653320312500000000    3.627674750000000000000000000000E+06
       -1.553232789039611816406250000000    3.638175000000000000000000000000E+06
       -1.552232742309570312500000000000    3.648697750000000000000000000000E+06
       -1.551232695579528808593750000000    3.659243000000000000000000000000E+06
       -1.550232648849487304687500000000    3.669810750000000000000000000000E+06
       -1.549232602119445800781250000000    3.680401000000000000000000000000E+06
       -1.548232555389404296875000000000    3.691014250000000000000000000000E+06
       -1.547232508659362792968750000000    3.701650500000000000000000000000E+06
       -1.546232461929321289062500000000    3.712309750000000000000000000000E+06
       -1.545232415199279785156250000000    3.722992000000000000000000000000E+06
       -1.544232368469238281250000000000    3.733697250000000000000000000000E+06
       -1.543232321739196777343750000000    3.744425500000000000000000000000E+06
       -1.542232275009155273437500000000    3.755176750000000000000000000000E+06
       -1.541232228279113769531250000000    3.765951500000000000000000000000E+06
       -1.540232181549072265625000000000    3.776748750000000000000000000000E+06
       -1.539232134819030761718750000000    3.787568500000000000000000000000E+06
       -1.538232088088989257812500000000    3.798410750000000000000000000000E+06
       -1.537232041358947753906250000000    3.809275500000000000000000000000E+06
       -1.536231994628906250000000000000    3.820162750000000000000000000000E+06
       -1.535231947898864746093750000000    3.831073000000000000000000000000E+06
       -1.534231901168823242187500000000    3.842006250000000000000000000000E+06
       -1.533231854438781738281250000000    3.852962500000000000000000000000E+06
       -1.532231807708740234375000000000    3.863941750000000000000000000000E+06
       -1.531231760978698730468750000000    3.874944000000000000000000000000E+06
       -1.530231714248657226562500000000    3.885969250000000000000000000000E+06
       -1.529231667518615722656250000000    3.897017500000000000000000000000E+06
       -1.528231620788574218750000000000    3.908088750000000000000000000000E+06
       -1.527231574058532714843750000000    3.919183500000000000000000000000E+06
       -1.526231527328491210937500000000    3.930301750000000000000000000000E+06
       -1.525231480598449707031250000000    3.941443500000000000000000000000E+06
       -1.524231433868408203125000000000    3.952608750000000000000000000000E+06
       -1.523231387138366699218750000000    3.963797500000000000000000000000E+06
       -1.522231340408325195312500000000    3.975009750000000000000000000000E+06
       -1.521231293678283691406250000000    3.986244500000000000000000000000E+06
       -1.520231246948242187500000000000    3.997502250000000000000000000000E+06
       -1.519231200218200683593750000000    4.008783000000000000000000000000E+06
       -1.518231153488159179687500000000    4.020086750000000000000000000000E+06
       -1.517231106758117675781250000000    4.031413500000000000000000000000E+06
       -1.516231060028076171875000000000    4.042763250000000000000000000000E+06
       -1.515231013298034667968750000000    4.054136000000000000000000000000E+06
       -1.514230966567993164062500000000    4.065531750000000000000000000000E+06
       -1.513230919837951660156250000000    4.076951000000000000000000000000E+06
       -1.512230873107910156250000000000    4.088393750000000000000000000000E+06
       -1.511230826377868652343750000000    4.099860000000000000000000000000E+06
       -1.510230779647827148437500000000    4.111349750000000000000000000000E+06
       -1.509230732917785644531250000000    4.122863000000000000000000000000E+06
       -1.508230686187744140625000000000    4.134399750000000000000000000000E+06
       -1.507230639457702636718750000000    4.145960000000000000000000000000E+06
       -1.506230592727661132812500000000    4.157543750000000000000000000000E+06
       -1.505230545997619628906250000000    4.169151500000000000000000000000E+06
       -1.504230499267578125000000000000    4.180783250000000000000000000000E+06
       -1.503230452537536621093750000000    4.192439000000000000000000000000E+06
       -1.502230405807495117187500000000    4.204119000000000000000000000000E+06
       -1.501230359077453613281250000000    4.215822000000000000000000000000E+06
       -1.500230312347412109375000000000    4.227548000000000000000000000000E+06
       -1.499230265617370605468750000000    4.239297000000000000000000000000E+06
       -1.498230218887329101562500000000    4.251069000000000000000000000000E+06
       -1.497230172157287597656250000000    4.262864000000000000000000000000E+06
       -1.496230125427246093750000000000    4.274682000000000000000000000000E+06
       -1.495230078697204589843750000000    4.286523000000000000000000000000E+06
       -1.494230031967163085937500000000    4.298388000000000000000000000000E+06
       -1.493229985237121582031250000000    4.310277000000000000000000000000E+06
       -1.492229938507080078125000000000    4.322190000000000000000000000000E+06
       -1.491229891777038574218750000000    4.334127000000000000000000000000E+06
       -1.490229845046997070312500000000    4.346088000000000000000000000000E+06
       -1.489229798316955566406250000000    4.358073000000000000000000000000E+06
       -1.488229751586914062500000000000    4.370082000000000000000000000000E+06
       -1.487229704856872558593750000000    4.382115000000000000000000000000E+06
       -1.486229658126831054687500000000    4.394172000000000000000000000000E+06
       -1.485229611396789550781250000000    4.406253000000000000000000000000E+06
       -1.484229564666748046875000000000    4.418358000000000000000000000000E+06
       -1.483229517936706542968750000000    4.430487000000000000000000000000E+06
       -1.482229471206665039062500000000    4.442640000000000000000000000000E+06
       -1.481229424476623535156250000000    4.454816000000000000000000000000E+06
       -1.480229377746582031250000000000    4.467015000000000000000000000000E+06
       -1.479229331016540527343750000000    4.479237000000000000000000000000E+06
       -1.478229284286499023437500000000    4.491482000000000000000000000000E+06
       -1.477229237556457519531250000000    4.503751000000000000000000000000E+06
       -1.476229190826416015625000000000    4.516044000000000000000000000000E+06
       -1.475229144096374511718750000000    4.528361000000000000000000000000E+06
       -1.474229097366333007812500000000    4.540702000000000000000000000000E+06
       -1.473229050636291503906250000000    4.553067000000000000000000000000E+06
       -1.472229003906250000000000000000    4.565456000000000000000000000000E+06
       -1.471228957176208496093750000000    4.577869000000000000000000000000E+06
       -1.470228910446166992187500000000    4.590306000000000000000000000000E+06
       -1.469228863716125488281250000000    4.602767000000000000000000000000E+06
       -1.468228816986083984375000000000    4.615252000000000000000000000000E+06
       -1.467228770256042480468750000000    4.627761000000000000000000000000E+06
       -1.466228723526000976562500000000    4.640294000000000000000000000000E+06
       -1.465228676795959472656250000000    4.652851000000000000000000000000E+06
       -1.464228630065917968750000000000    4.665432000000000000000000000000E+06
       -1.463228583335876464843750000000    4.678037000000000000000000000000E+06
       -1.462228536605834960937500000000    4.690667000000000000000000000000E+06
       -1.461228489875793457031250000000    4.703320000000000000000000000000E+06
       -1.460228443145751953125000000000    4.715997000000000000000000000000E+06
       -1.459228396415710449218750000000    4.728698000000000000000000000000E+06
       -1.458228349685668945312500000000    4.741423000000000000000000000000E+06
       -1.457228302955627441406250000000    4.754172000000000000000000000000E+06
       -1.456228256225585937500000000000    4.766945000000000000000000000000E+06
       -1.455228209495544433593750000000    4.779742000000000000000000000000E+06
       -1.454228162765502929687500000000    4.792563000000000000000000000000E+06
       -1.453228116035461425781250000000    4.805408000000000000000000000000E+06
       -1.452228069305419921875000000000    4.818277000000000000000000000000E+06
       -1.451228022575378417968750000000    4.831170000000000000000000000000E+06
       -1.450227975845336914062500000000    4.844087000000000000000000000000E+06
       -1.449227929115295410156250000000    4.857028000000000000000000000000E+06
       -1.448227882385253906250000000000    4.869993000000000000000000000000E+06
       -1.447227835655212402343750000000    4.882982000000000000000000000000E+06
       -1.446227788925170898437500000000    4.895995000000000000000000000000E+06
       -1.445227742195129394531250000000    4.909033000000000000000000000000E+06
       -1.444227695465087890625000000000    4.922096000000000000000000000000E+06
       -1.443227648735046386718750000000    4.935184000000000000000000000000E+06
       -1.442227602005004882812500000000    4.948297000000000000000000000000E+06
       -1.441227555274963378906250000000    4.961435000000000000000000000000E+06
       -1.440227508544921875000000000000    4.974597000000000000000000000000E+06
       -1.439227461814880371093750000000    4.987783000000000000000000000000E+06
       -1.438227415084838867187500000000    5.000993000000000000000000000000E+06
       -1.437227368354797363281250000000    5.014227000000000000000000000000E+06
       -1.436227321624755859375000000000    5.027485000000000000000000000000E+06
       -1.435227274894714355468750000000    5.040767000000000000000000000000E+06
       -1.434227228164672851562500000000    5.054073000000000000000000000000E+06
       -1.433227181434631347656250000000    5.067403000000000000000000000000E+06
       -1.432227134704589843750000000000    5.080757000000000000000000000000E+06
       -1.431227087974548339843750000000    5.094135000000000000000000000000E+06
       -1.430227041244506835937500000000    5.107537000000000000000000000000E+06
       -1.429226994514465332031250000000    5.120963000000000000000000000000E+06
       -1.428226947784423828125000000000    5.134413000000000000000000000000E+06
       -1.427226901054382324218750000000    5.147887000000000000000000000000E+06
       -1.426226854324340820312500000000    5.161386000000000000000000000000E+06
       -1.425226807594299316406250000000    5.174910000000000000000000000000E+06
       -1.424226760864257812500000000000    5.188459000000000000000000000000E+06
       -1.423226714134216308593750000000    5.202033000000000000000000000000E+06
       -1.422226667404174804687500000000    5.215632000000000000000000000000E+06
       -1.421226620674133300781250000000    5.229256000000000000000000000000E+06
       -1.420226573944091796875000000000    5.242905000000000000000000000000E+06
       -1.419226527214050292968750000000    5.256578000000000000000000000000E+06
       -1.418226480484008789062500000000    5.270275000000000000000000000000E+06
       -1.417226433753967285156250000000    5.283996000000000000000000000000E+06
       -1.416226387023925781250000000000    5.297741000000000000000000000000E+06
       -1.415226340293884277343750000000    5.311510000000000000000000000000E+06
       -1.414226293563842773437500000000    5.325303000000000000000000000000E+06
       -1.413226246833801269531250000000    5.339120000000000000000000000000E+06
       -1.412226200103759765625000000000    5.352961000000000000000000000000E+06
       -1.411226153373718261718750000000    5.366826000000000000000000000000E+06
       -1.410226106643676757812500000000    5.380715000000000000000000000000E+06
       -1.409226059913635253906250000000    5.394628000000000000000000000000E+06
       -1.408226013183593750000000000000    5.408565000000000000000000000000E+06
       -1.407225966453552246093750000000    5.422527000000000000000000000000E+06
       -1.406225919723510742187500000000    5.436514000000000000000000000000E+06
       -1.405225872993469238281250000000    5.450526000000000000000000000000E+06
       -1.404225826263427734375000000000    5.464563000000000000000000000000E+06
       -1.403225779533386230468750000000    5.478625000000000000000000000000E+06
       -1.402225732803344726562500000000    5.492712000000000000000000000000E+06
       -1.401225686073303222656250000000    5.506824000000000000000000000000E+06
       -1.400225639343261718750000000000    5.520961000000000000000000000000E+06
       -1.399225592613220214843750000000    5.535123000000000000000000000000E+06
       -1.398225545883178710937500000000    5.549309000000000000000000000000E+06
       -1.397225499153137207031250000000    5.563519000000000000000000000000E+06
       -1.396225452423095703125000000000    5.577753000000000000000000000000E+06
       -1.395225405693054199218750000000    5.592011000000000000000000000000E+06
       -1.394225358963012695312500000000    5.606293000000000000000000000000E+06
       -1.393225312232971191406250000000    5.620599000000000000000000000000E+06
       -1.392225265502929687500000000000    5.634929000000000000000000000000E+06
       -1.391225218772888183593750000000    5.649283000000000000000000000000E+06
       -1.390225172042846679687500000000    5.663661000000000000000000000000E+06
       -1.389225125312805175781250000000    5.678063000000000000000000000000E+06
       -1.388225078582763671875000000000    5.692489000000000000000000000000E+06
       -1.387225031852722167968750000000    5.706939000000000000000000000000E+06
       -1.386224985122680664062500000000    5.721413000000000000000000000000E+06
       -1.385224938392639160156250000000    5.735912000000000000000000000000E+06
       -1.384224891662597656250000000000    5.750436000000000000000000000000E+06
       -1.383224844932556152343750000000    5.764985000000000000000000000000E+06
       -1.382224798202514648437500000000    5.779559000000000000000000000000E+06
       -1.381224751472473144531250000000    5.794158000000000000000000000000E+06
       -1.380224704742431640625000000000    5.808782000000000000000000000000E+06
       -1.379224658012390136718750000000    5.823431000000000000000000000000E+06
       -1.378224611282348632812500000000    5.838105000000000000000000000000E+06
       -1.377224564552307128906250000000    5.852803000000000000000000000000E+06
       -1.376224517822265625000000000000    5.867525000000000000000000000000E+06
       -1.375224471092224121093750000000    5.882271000000000000000000000000E+06
       -1.374224424362182617187500000000    5.897041000000000000000000000000E+06
       -1.373224377632141113281250000000    5.911835000000000000000000000000E+06
       -1.372224330902099609375000000000    5.926653000000000000000000000000E+06
       -1.371224284172058105468750000000    5.941495000000000000000000000000E+06
       -1.370224237442016601562500000000    5.956361000000000000000000000000E+06
       -1.369224190711975097656250000000    5.971251000000000000000000000000E+06
       -1.368224143981933593750000000000    5.986165000000000000000000000000E+06
       -1.367224097251892089843750000000    6.001103000000000000000000000000E+06
       -1.366224050521850585937500000000    6.016065000000000000000000000000E+06
       -1.365224003791809082031250000000    6.031051000000000000000000000000E+06
       -1.364223957061767578125000000000    6.046061000000000000000000000000E+06
       -1.363223910331726074218750000000    6.061096000000000000000000000000E+06
       -1.362223863601684570312500000000    6.076156000000000000000000000000E+06
       -1.361223816871643066406250000000    6.091241000000000000000000000000E+06
       -1.360223770141601562500000000000    6.106351000000000000000000000000E+06
       -1.359223723411560058593750000000    6.121486000000000000000000000000E+06
       -1.358223676681518554687500000000    6.136646000000000000000000000000E+06
       -1.357223629951477050781250000000    6.151831000000000000000000000000E+06
       -1.356223583221435546875000000000    6.167041000000000000000000000000E+06
       -1.355223536491394042968750000000    6.182275000000000000000000000000E+06
       -1.354223489761352539062500000000    6.197533000000000000000000000000E+06
       -1.353223443031311035156250000000    6.212815000000000000000000000000E+06
       -1.352223396301269531250000000000    6.228121000000000000000000000000E+06
       -1.351223349571228027343750000000    6.243451000000000000000000000000E+06
       -1.350223302841186523437500000000    6.258805000000000000000000000000E+06
       -1.349223256111145019531250000000    6.274183000000000000000000000000E+06
       -1.348223209381103515625000000000    6.289585000000000000000000000000E+06
       -1.347223162651062011718750000000    6.305011000000000000000000000000E+06
       -1.346223115921020507812500000000    6.320461000000000000000000000000E+06
       -1.345223069190979003906250000000    6.335935000000000000000000000000E+06
       -1.344223022460937500000000000000    6.351433000000000000000000000000E+06
       -1.343222975730895996093750000000    6.366955000000000000000000000000E+06
       -1.342222929000854492187500000000    6.382501000000000000000000000000E+06
       -1.341222882270812988281250000000    6.398071000000000000000000000000E+06
       -1.340222835540771484375000000000    6.413665000000000000000000000000E+06
       -1.339222788810729980468750000000    6.429283000000000000000000000000E+06
       -1.338222742080688476562500000000    6.444926000000000000000000000000E+06
       -1.337222695350646972656250000000    6.460594000000000000000000000000E+06
       -1.336222648620605468750000000000    6.476287000000000000000000000000E+06
       -1.335222601890563964843750000000    6.492005000000000000000000000000E+06
       -1.334222555160522460937500000000    6.507748000000000000000000000000E+06
       -1.333222508430480957031250000000    6.523514000000000000000000000000E+06
       -1.332222461700439453125000000000    6.539303000000000000000000000000E+06
       -1.331222414970397949218750000000    6.555115000000000000000000000000E+06
       -1.330222368240356445312500000000    6.570950000000000000000000000000E+06
       -1.329222321510314941406250000000    6.586808000000000000000000000000E+06
       -1.328222274780273437500000000000    6.602690000000000000000000000000E+06
       -1.327222228050231933593750000000    6.618596000000000000000000000000E+06
       -1.326222181320190429687500000000    6.634526000000000000000000000000E+06
       -1.325222134590148925781250000000    6.650480000000000000000000000000E+06
       -1.324222087860107421875000000000    6.666458000000000000000000000000E+06
       -1.323222041130065917968750000000    6.682460000000000000000000000000E+06
       -1.322221994400024414062500000000    6.698486000000000000000000000000E+06
       -1.321221947669982910156250000000    6.714536000000000000000000000000E+06
       -1.320221900939941406250000000000    6.730610000000000000000000000000E+06
       -1.319221854209899902343750000000    6.746708000000000000000000000000E+06
       -1.318221807479858398437500000000    6.762830000000000000000000000000E+06
       -1.317221760749816894531250000000    6.778976000000000000000000000000E+06
       -1.316221714019775390625000000000    6.795146000000000000000000000000E+06
       -1.315221667289733886718750000000    6.811340000000000000000000000000E+06
       -1.314221620559692382812500000000    6.827558000000000000000000000000E+06
       -1.313221573829650878906250000000    6.843800000000000000000000000000E+06
       -1.312221527099609375000000000000    6.860066000000000000000000000000E+06
       -1.311221480369567871093750000000    6.876357000000000000000000000000E+06
       -1.310221433639526367187500000000    6.892671000000000000000000000000E+06
       -1.309221386909484863281250000000    6.909008000000000000000000000000E+06
       -1.308221340179443359375000000000    6.925368000000000000000000000000E+06
       -1.307221293449401855468750000000    6.941751000000000000000000000000E+06
       -1.306221246719360351562500000000    6.958157000000000000000000000000E+06
       -1.305221199989318847656250000000    6.974586000000000000000000000000E+06
       -1.304221153259277343750000000000    6.991038000000000000000000000000E+06
       -1.303221106529235839843750000000    7.007513000000000000000000000000E+06
       -1.302221059799194335937500000000    7.024011000000000000000000000000E+06
       -1.301221013069152832031250000000    7.040532000000000000000000000000E+06
       -1.300220966339111328125000000000    7.057077000000000000000000000000E+06
       -1.299220919609069824218750000000    7.073646000000000000000000000000E+06
       -1.298220872879028320312500000000    7.090239000000000000000000000000E+06
       -1.297220826148986816406250000000    7.106856000000000000000000000000E+06
       -1.296220779418945312500000000000    7.123497000000000000000000000000E+06
       -1.295220732688903808593750000000    7.140162000000000000000000000000E+06
       -1.294220685958862304687500000000    7.156851000000000000000000000000E+06
       -1.293220639228820800781250000000    7.173564000000000000000000000000E+06
       -1.292220592498779296875000000000    7.190301000000000000000000000000E+06
       -1.291220545768737792968750000000    7.207062000000000000000000000000E+06
       -1.290220499038696289062500000000    7.223847000000000000000000000000E+06
       -1.289220452308654785156250000000    7.240656000000000000000000000000E+06
       -1.288220405578613281250000000000    7.257489000000000000000000000000E+06
       -1.287220358848571777343750000000    7.274344000000000000000000000000E+06
       -1.286220312118530273437500000000    7.291222000000000000000000000000E+06
       -1.285220265388488769531250000000    7.308123000000000000000000000000E+06
       -1.284220218658447265625000000000    7.325047000000000000000000000000E+06
       -1.283220171928405761718750000000    7.341994000000000000000000000000E+06
       -1.282220125198364257812500000000    7.358964000000000000000000000000E+06
       -1.281220078468322753906250000000    7.375957000000000000000000000000E+06
       -1.280220031738281250000000000000    7.392973000000000000000000000000E+06
       -1.279219985008239746093750000000    7.410012000000000000000000000000E+06
       -1.278219938278198242187500000000    7.427074000000000000000000000000E+06
       -1.277219891548156738281250000000    7.444159000000000000000000000000E+06
       -1.276219844818115234375000000000    7.461267000000000000000000000000E+06
       -1.275219798088073730468750000000    7.478398000000000000000000000000E+06
       -1.274219751358032226562500000000    7.495552000000000000000000000000E+06
       -1.273219704627990722656250000000    7.512729000000000000000000000000E+06
       -1.272219657897949218750000000000    7.529929000000000000000000000000E+06
       -1.271219611167907714843750000000    7.547152000000000000000000000000E+06
       -1.270219564437866210937500000000    7.564398000000000000000000000000E+06
       -1.269219517707824707031250000000    7.581667000000000000000000000000E+06
       -1.268219470977783203125000000000    7.598959000000000000000000000000E+06
       -1.267219424247741699218750000000    7.616275000000000000000000000000E+06
       -1.266219377517700195312500000000    7.633615000000000000000000000000E+06
       -1.265219330787658691406250000000    7.650979000000000000000000000000E+06
       -1.264219284057617187500000000000    7.668365000000000000000000000000E+06
       -1.263219237327575683593750000000    7.685773000000000000000000000000E+06
       -1.262219190597534179687500000000    7.703203000000000000000000000000E+06
       -1.261219143867492675781250000000    7.720655000000000000000000000000E+06
       -1.260219097137451171875000000000    7.738129000000000000000000000000E+06
       -1.259219050407409667968750000000    7.755625000000000000000000000000E+06
       -1.258219003677368164062500000000    7.773143000000000000000000000000E+06
       -1.257218956947326660156250000000    7.790683000000000000000000000000E+06
       -1.256218910217285156250000000000    7.808245000000000000000000000000E+06
       -1.255218863487243652343750000000    7.825829000000000000000000000000E+06
       -1.254218816757202148437500000000    7.843435000000000000000000000000E+06
       -1.253218770027160644531250000000    7.861063000000000000000000000000E+06
       -1.252218723297119140625000000000    7.878713000000000000000000000000E+06
       -1.251218676567077636718750000000    7.896386000000000000000000000000E+06
       -1.250218629837036132812500000000    7.914082000000000000000000000000E+06
       -1.249218583106994628906250000000    7.931801000000000000000000000000E+06
       -1.248218536376953125000000000000    7.949543000000000000000000000000E+06
       -1.247218489646911621093750000000    7.967308000000000000000000000000E+06
       -1.246218442916870117187500000000    7.985096000000000000000000000000E+06
       -1.245218396186828613281250000000    8.002907000000000000000000000000E+06
       -1.244218349456787109375000000000    8.020741000000000000000000000000E+06
       -1.243218302726745605468750000000    8.038598000000000000000000000000E+06
       -1.242218255996704101562500000000    8.056478000000000000000000000000E+06
       -1.241218209266662597656250000000    8.074381000000000000000000000000E+06
       -1.240218162536621093750000000000    8.092305000000000000000000000000E+06
       -1.239218115806579589843750000000    8.110250000000000000000000000000E+06
       -1.238218069076538085937500000000    8.128216000000000000000000000000E+06
       -1.237218022346496582031250000000    8.146203000000000000000000000000E+06
       -1.236217975616455078125000000000    8.164211000000000000000000000000E+06
       -1.235217928886413574218750000000    8.182240000000000000000000000000E+06
       -1.234217882156372070312500000000    8.200290000000000000000000000000E+06
       -1.233217835426330566406250000000    8.218362000000000000000000000000E+06
       -1.232217788696289062500000000000    8.236456000000000000000000000000E+06
       -1.231217741966247558593750000000    8.254572000000000000000000000000E+06
       -1.230217695236206054687500000000    8.272710000000000000000000000000E+06
       -1.229217648506164550781250000000    8.290870000000000000000000000000E+06
       -1.228217601776123046875000000000    8.309052000000000000000000000000E+06
       -1.227217555046081542968750000000    8.327256000000000000000000000000E+06
       -1.226217508316040039062500000000    8.345482000000000000000000000000E+06
       -1.225217461585998535156250000000    8.363730000000000000000000000000E+06
       -1.224217414855957031250000000000    8.382000000000000000000000000000E+06
       -1.223217368125915527343750000000    8.400292000000000000000000000000E+06
       -1.222217321395874023437500000000    8.418606000000000000000000000000E+06
       -1.221217274665832519531250000000    8.436942000000000000000000000000E+06
       -1.220217227935791015625000000000    8.455300000000000000000000000000E+06
       -1.219217181205749511718750000000    8.473680000000000000000000000000E+06
       -1.218217134475708007812500000000    8.492082000000000000000000000000E+06
       -1.217217087745666503906250000000    8.510506000000000000000000000000E+06
       -1.216217041015625000000000000000    8.528950000000000000000000000000E+06
       -1.215216994285583496093750000000    8.547414000000000000000000000000E+06
       -1.214216947555541992187500000000    8.565898000000000000000000000000E+06
       -1.213216900825500488281250000000    8.584402000000000000000000000000E+06
       -1.212216854095458984375000000000    8.602926000000000000000000000000E+06
       -1.211216807365417480468750000000    8.621470000000000000000000000000E+06
       -1.210216760635375976562500000000    8.640034000000000000000000000000E+06
       -1.209216713905334472656250000000    8.658618000000000000000000000000E+06
       -1.208216667175292968750000000000    8.677222000000000000000000000000E+06
       -1.207216620445251464843750000000    8.695846000000000000000000000000E+06
       -1.206216573715209960937500000000    8.714490000000000000000000000000E+06
       -1.205216526985168457031250000000    8.733154000000000000000000000000E+06
       -1.204216480255126953125000000000    8.751838000000000000000000000000E+06
       -1.203216433525085449218750000000    8.770542000000000000000000000000E+06
       -1.202216386795043945312500000000    8.789266000000000000000000000000E+06
       -1.201216340065002441406250000000    8.808010000000000000000000000000E+06
       -1.200216293334960937500000000000    8.826774000000000000000000000000E+06
       -1.199216246604919433593750000000    8.845560000000000000000000000000E+06
       -1.198216199874877929687500000000    8.864368000000000000000000000000E+06
       -1.197216153144836425781250000000    8.883198000000000000000000000000E+06
       -1.196216106414794921875000000000    8.902050000000000000000000000000E+06
       -1.195216059684753417968750000000    8.920924000000000000000000000000E+06
       -1.194216012954711914062500000000    8.939820000000000000000000000000E+06
       -1.193215966224670410156250000000    8.958738000000000000000000000000E+06
       -1.192215919494628906250000000000    8.977678000000000000000000000000E+06
       -1.191215872764587402343750000000    8.996638000000000000000000000000E+06
       -1.190215826034545898437500000000    9.015618000000000000000000000000E+06
       -1.189215779304504394531250000000    9.034618000000000000000000000000E+06
       -1.188215732574462890625000000000    9.053638000000000000000000000000E+06
       -1.187215685844421386718750000000    9.072678000000000000000000000000E+06
       -1.186215639114379882812500000000    9.091738000000000000000000000000E+06
       -1.185215592384338378906250000000    9.110818000000000000000000000000E+06
       -1.184215545654296875000000000000    9.129918000000000000000000000000E+06
       -1.183215498924255371093750000000    9.149038000000000000000000000000E+06
       -1.182215452194213867187500000000    9.168178000000000000000000000000E+06
       -1.181215405464172363281250000000    9.187338000000000000000000000000E+06
       -1.180215358734130859375000000000    9.206518000000000000000000000000E+06
       -1.179215312004089355468750000000    9.225718000000000000000000000000E+06
       -1.178215265274047851562500000000    9.244938000000000000000000000000E+06
       -1.177215218544006347656250000000    9.264178000000000000000000000000E+06
       -1.176215171813964843750000000000    9.283438000000000000000000000000E+06
       -1.175215125083923339843750000000    9.302718000000000000000000000000E+06
       -1.174215078353881835937500000000    9.322018000000000000000000000000E+06
       -1.173215031623840332031250000000    9.341338000000000000000000000000E+06
       -1.172214984893798828125000000000    9.360678000000000000000000000000E+06
       -1.171214938163757324218750000000    9.380038000000000000000000000000E+06
       -1.170214891433715820312500000000    9.399418000000000000000000000000E+06
       -1.169214844703674316406250000000    9.418818000000000000000000000000E+06
       -1.168214797973632812500000000000    9.438238000000000000000000000000E+06
       -1.167214751243591308593750000000    9.457678000000000000000000000000E+06
       -1.166214704513549804687500000000    9.477136000000000000000000000000E+06
       -1.165214657783508300781250000000    9.496612000000000000000000000000E+06
       -1.164214611053466796875000000000    9.516106000000000000000000000000E+06
       -1.163214564323425292968750000000    9.535618000000000000000000000000E+06
       -1.162214517593383789062500000000    9.555148000000000000000000000000E+06
       -1.161214470863342285156250000000    9.574696000000000000000000000000E+06
       -1.160214424133300781250000000000    9.594262000000000000000000000000E+06
       -1.159214377403259277343750000000    9.613846000000000000000000000000E+06
       -1.158214330673217773437500000000    9.633448000000000000000000000000E+06
       -1.157214283943176269531250000000    9.653068000000000000000000000000E+06
       -1.156214237213134765625000000000    9.672706000000000000000000000000E+06
       -1.155214190483093261718750000000    9.692362000000000000000000000000E+06
       -1.154214143753051757812500000000    9.712036000000000000000000000000E+06
       -1.153214097023010253906250000000    9.731728000000000000000000000000E+06
       -1.152214050292968750000000000000    9.751438000000000000000000000000E+06
       -1.151214003562927246093750000000    9.771166000000000000000000000000E+06
       -1.150213956832885742187500000000    9.790912000000000000000000000000E+06
       -1.149213910102844238281250000000    9.810676000000000000000000000000E+06
       -1.148213863372802734375000000000    9.830458000000000000000000000000E+06
       -1.147213816642761230468750000000    9.850258000000000000000000000000E+06
       -1.146213769912719726562500000000    9.870076000000000000000000000000E+06
       -1.145213723182678222656250000000    9.889912000000000000000000000000E+06
       -1.144213676452636718750000000000    9.909766000000000000000000000000E+06
       -1.143213629722595214843750000000    9.929638000000000000000000000000E+06
       -1.142213582992553710937500000000    9.949528000000000000000000000000E+06
       -1.141213536262512207031250000000    9.969436000000000000000000000000E+06
       -1.140213489532470703125000000000    9.989360000000000000000000000000E+06
       -1.139213442802429199218750000000    1.000930000000000000000000000000E+07
       -1.138213396072387695312500000000    1.002925600000000000000000000000E+07
       -1.137213349342346191406250000000    1.004922800000000000000000000000E+07
       -1.136213302612304687500000000000    1.006921600000000000000000000000E+07
       -1.135213255882263183593750000000    1.008922000000000000000000000000E+07
       -1.134213209152221679687500000000    1.010924000000000000000000000000E+07
       -1.133213162422180175781250000000    1.012927600000000000000000000000E+07
       -1.132213115692138671875000000000    1.014932800000000000000000000000E+07
       -1.131213068962097167968750000000    1.016939600000000000000000000000E+07
       -1.130213022232055664062500000000    1.018948000000000000000000000000E+07
       -1.129212975502014160156250000000    1.020958200000000000000000000000E+07
       -1.128212928771972656250000000000    1.022970200000000000000000000000E+07
       -1.127212882041931152343750000000    1.024984000000000000000000000000E+07
       -1.126212835311889648437500000000    1.026999600000000000000000000000E+07
       -1.125212788581848144531250000000    1.029017000000000000000000000000E+07
       -1.124212741851806640625000000000    1.031036200000000000000000000000E+07
       -1.123212695121765136718750000000    1.033057200000000000000000000000E+07
       -1.122212648391723632812500000000    1.035080000000000000000000000000E+07
       -1.121212601661682128906250000000    1.037104600000000000000000000000E+07
       -1.120212554931640625000000000000    1.039131000000000000000000000000E+07
       -1.119212508201599121093750000000    1.041159200000000000000000000000E+07
       -1.118212461471557617187500000000    1.043189200000000000000000000000E+07
       -1.117212414741516113281250000000    1.045221000000000000000000000000E+07
       -1.116212368011474609375000000000    1.047254600000000000000000000000E+07
       -1.115212321281433105468750000000    1.049290000000000000000000000000E+07
       -1.114212274551391601562500000000    1.051327200000000000000000000000E+07
       -1.113212227821350097656250000000    1.053366000000000000000000000000E+07
       -1.112212181091308593750000000000    1.055406400000000000000000000000E+07
       -1.111212134361267089843750000000    1.057448400000000000000000000000E+07
       -1.110212087631225585937500000000    1.059492000000000000000000000000E+07
       -1.109212040901184082031250000000    1.061537200000000000000000000000E+07
       -1.108211994171142578125000000000    1.063584000000000000000000000000E+07
       -1.107211947441101074218750000000    1.065632400000000000000000000000E+07
       -1.106211900711059570312500000000    1.067682400000000000000000000000E+07
       -1.105211853981018066406250000000    1.069734000000000000000000000000E+07
       -1.104211807250976562500000000000    1.071787200000000000000000000000E+07
       -1.103211760520935058593750000000    1.073842000000000000000000000000E+07
       -1.102211713790893554687500000000    1.075898400000000000000000000000E+07
       -1.101211667060852050781250000000    1.077956400000000000000000000000E+07
       -1.100211620330810546875000000000    1.080016000000000000000000000000E+07
       -1.099211573600769042968750000000    1.082077200000000000000000000000E+07
       -1.098211526870727539062500000000    1.084140000000000000000000000000E+07
       -1.097211480140686035156250000000    1.086204400000000000000000000000E+07
       -1.096211433410644531250000000000    1.088270400000000000000000000000E+07
       -1.095211386680603027343750000000    1.090338000000000000000000000000E+07
       -1.094211339950561523437500000000    1.092407200000000000000000000000E+07
       -1.093211293220520019531250000000    1.094478000000000000000000000000E+07
       -1.092211246490478515625000000000    1.096550400000000000000000000000E+07
       -1.091211199760437011718750000000    1.098624400000000000000000000000E+07
       -1.090211153030395507812500000000    1.100700000000000000000000000000E+07
       -1.089211106300354003906250000000    1.102777200000000000000000000000E+07
       -1.088211059570312500000000000000    1.104856000000000000000000000000E+07
       -1.087211012840270996093750000000    1.106936400000000000000000000000E+07
       -1.086210966110229492187500000000    1.109018200000000000000000000000E+07
       -1.085210919380187988281250000000    1.111101400000000000000000000000E+07
       -1.084210872650146484375000000000    1.113186000000000000000000000000E+07
       -1.083210825920104980468750000000    1.115272000000000000000000000000E+07
       -1.082210779190063476562500000000    1.117359400000000000000000000000E+07
       -1.081210732460021972656250000000    1.119448200000000000000000000000E+07
       -1.080210685729980468750000000000    1.121538400000000000000000000000E+07
       -1.079210638999938964843750000000    1.123630000000000000000000000000E+07
       -1.078210592269897460937500000000    1.125723000000000000000000000000E+07
       -1.077210545539855957031250000000    1.127817400000000000000000000000E+07
       -1.076210498809814453125000000000    1.129913200000000000000000000000E+07
       -1.075210452079772949218750000000    1.132010400000000000000000000000E+07
       -1.074210405349731445312500000000    1.134109000000000000000000000000E+07
       -1.073210358619689941406250000000    1.136209000000000000000000000000E+07
       -1.072210311889648437500000000000    1.138310400000000000000000000000E+07
       -1.071210265159606933593750000000    1.140413200000000000000000000000E+07
       -1.070210218429565429687500000000    1.142517400000000000000000000000E+07
       -1.069210171699523925781250000000    1.144623000000000000000000000000E+07
       -1.068210124969482421875000000000    1.146730000000000000000000000000E+07
       -1.067210078239440917968750000000    1.148838400000000000000000000000E+07
       -1.066210031509399414062500000000    1.150948200000000000000000000000E+07
       -1.065209984779357910156250000000    1.153059400000000000000000000000E+07
       -1.064209938049316406250000000000    1.155172000000000000000000000000E+07
       -1.063209891319274902343750000000    1.157286000000000000000000000000E+07
       -1.062209844589233398437500000000    1.159401400000000000000000000000E+07
       -1.061209797859191894531250000000    1.161518200000000000000000000000E+07
       -1.060209751129150390625000000000    1.163636400000000000000000000000E+07
       -1.059209704399108886718750000000    1.165755800000000000000000000000E+07
       -1.058209657669067382812500000000    1.167876400000000000000000000000E+07
       -1.057209610939025878906250000000    1.169998200000000000000000000000E+07
       -1.056209564208984375000000000000    1.172121200000000000000000000000E+07
       -1.055209517478942871093750000000    1.174245400000000000000000000000E+07
       -1.054209470748901367187500000000    1.176370800000000000000000000000E+07
       -1.053209424018859863281250000000    1.178497400000000000000000000000E+07
       -1.052209377288818359375000000000    1.180625200000000000000000000000E+07
       -1.051209330558776855468750000000    1.182754200000000000000000000000E+07
       -1.050209283828735351562500000000    1.184884400000000000000000000000E+07
       -1.049209237098693847656250000000    1.187015800000000000000000000000E+07
       -1.048209190368652343750000000000    1.189148400000000000000000000000E+07
       -1.047209143638610839843750000000    1.191282200000000000000000000000E+07
       -1.046209096908569335937500000000    1.193417200000000000000000000000E+07
       -1.045209050178527832031250000000    1.195553400000000000000000000000E+07
       -1.044209003448486328125000000000    1.197690800000000000000000000000E+07
       -1.043208956718444824218750000000    1.199829400000000000000000000000E+07
       -1.042208909988403320312500000000    1.201969200000000000000000000000E+07
       -1.041208863258361816406250000000    1.204110200000000000000000000000E+07
       -1.040208816528320312500000000000    1.206252400000000000000000000000E+07
       -1.039208769798278808593750000000    1.208395800000000000000000000000E+07
       -1.038208723068237304687500000000    1.210540400000000000000000000000E+07
       -1.037208676338195800781250000000    1.212686200000000000000000000000E+07
       -1.036208629608154296875000000000    1.214833200000000000000000000000E+07
       -1.035208582878112792968750000000    1.216981400000000000000000000000E+07
       -1.034208536148071289062500000000    1.219130800000000000000000000000E+07
       -1.033208489418029785156250000000    1.221281400000000000000000000000E+07
       -1.032208442687988281250000000000    1.223433200000000000000000000000E+07
       -1.031208395957946777343750000000    1.225586200000000000000000000000E+07
       -1.030208349227905273437500000000    1.227740000000000000000000000000E+07
       -1.029208302497863769531250000000    1.229894600000000000000000000000E+07
       -1.028208255767822265625000000000    1.232050000000000000000000000000E+07
       -1.027208209037780761718750000000    1.234206200000000000000000000000E+07
       -1.026208162307739257812500000000    1.236363200000000000000000000000E+07
       -1.025208115577697753906250000000    1.238521000000000000000000000000E+07
       -1.024208068847656250000000000000    1.240679600000000000000000000000E+07
       -1.023208022117614746093750000000    1.242839000000000000000000000000E+07
       -1.022207975387573242187500000000    1.244999200000000000000000000000E+07
       -1.021207928657531738281250000000    1.247160200000000000000000000000E+07
       -1.020207881927490234375000000000    1.249322000000000000000000000000E+07
       -1.019207835197448730468750000000    1.251484600000000000000000000000E+07
       -1.018207788467407226562500000000    1.253648000000000000000000000000E+07
       -1.017207741737365722656250000000    1.255812200000000000000000000000E+07
       -1.016207695007324218750000000000    1.257977200000000000000000000000E+07
       -1.015207648277282714843750000000    1.260143000000000000000000000000E+07
       -1.014207601547241210937500000000    1.262309800000000000000000000000E+07
       -1.013207554817199707031250000000    1.264477600000000000000000000000E+07
       -1.012207508087158203125000000000    1.266646400000000000000000000000E+07
       -1.011207461357116699218750000000    1.268816200000000000000000000000E+07
       -1.010207414627075195312500000000    1.270987000000000000000000000000E+07
       -1.009207367897033691406250000000    1.273158800000000000000000000000E+07
       -1.008207321166992187500000000000    1.275331600000000000000000000000E+07
       -1.007207274436950683593750000000    1.277505400000000000000000000000E+07
       -1.006207227706909179687500000000    1.279680200000000000000000000000E+07
       -1.005207180976867675781250000000    1.281856000000000000000000000000E+07
       -1.004207134246826171875000000000    1.284032800000000000000000000000E+07
       -1.003207087516784667968750000000    1.286210600000000000000000000000E+07
       -1.002207040786743164062500000000    1.288389400000000000000000000000E+07
       -1.001206994056701660156250000000    1.290568800000000000000000000000E+07
       -1.000206947326660156250000000000    1.292748800000000000000000000000E+07
       -0.999206960201263427734375000000    1.294929400000000000000000000000E+07
       -0.998206973075866699218750000000    1.297110600000000000000000000000E+07
       -0.997206985950469970703125000000    1.299292400000000000000000000000E+07
       -0.996206998825073242187500000000    1.301474800000000000000000000000E+07
       -0.995207011699676513671875000000    1.303657800000000000000000000000E+07
       -0.994207024574279785156250000000    1.305841400000000000000000000000E+07
       -0.993207037448883056640625000000    1.308025600000000000000000000000E+07
       -0.992207050323486328125000000000    1.310210400000000000000000000000E+07
       -0.991207063198089599609375000000    1.312395800000000000000000000000E+07
       -0.990207076072692871093750000000    1.314581800000000000000000000000E+07
       -0.989207088947296142578125000000    1.316768400000000000000000000000E+07
       -0.988207101821899414062500000000    1.318955600000000000000000000000E+07
       -0.987207114696502685546875000000    1.321143400000000000000000000000E+07
       -0.986207127571105957031250000000    1.323331800000000000000000000000E+07
       -0.985207140445709228515625000000    1.325520800000000000000000000000E+07
       -0.984207153320312500000000000000    1.327710400000000000000000000000E+07
       -0.983207166194915771484375000000    1.329900600000000000000000000000E+07
       -0.982207179069519042968750000000    1.332091400000000000000000000000E+07
       -0.981207191944122314453125000000    1.334282800000000000000000000000E+07
       -0.980207204818725585937500000000    1.336474800000000000000000000000E+07
       -0.979207217693328857421875000000    1.338667400000000000000000000000E+07
       -0.978207230567932128906250000000    1.340860600000000000000000000000E+07
       -0.977207243442535400390625000000    1.343054400000000000000000000000E+07
       -0.976207256317138671875000000000    1.345248800000000000000000000000E+07
       -0.975207269191741943359375000000    1.347443800000000000000000000000E+07
       -0.974207282066345214843750000000    1.349639400000000000000000000000E+07
       -0.973207294940948486328125000000    1.351835600000000000000000000000E+07
       -0.972207307815551757812500000000    1.354032400000000000000000000000E+07
       -0.971207320690155029296875000000    1.356229600000000000000000000000E+07
       -0.970207333564758300781250000000    1.358427200000000000000000000000E+07
       -0.969207346439361572265625000000    1.360625200000000000000000000000E+07
       -0.968207359313964843750000000000    1.362823600000000000000000000000E+07
       -0.967207372188568115234375000000    1.365022400000000000000000000000E+07
       -0.966207385063171386718750000000    1.367221600000000000000000000000E+07
       -0.965207397937774658203125000000    1.369421200000000000000000000000E+07
       -0.964207410812377929687500000000    1.371621200000000000000000000000E+07
       -0.963207423686981201171875000000    1.373821600000000000000000000000E+07
       -0.962207436561584472656250000000    1.376022400000000000000000000000E+07
       -0.961207449436187744140625000000    1.378223600000000000000000000000E+07
       -0.960207462310791015625000000000    1.380425200000000000000000000000E+07
       -0.959207475185394287109375000000    1.382627200000000000000000000000E+07
       -0.958207488059997558593750000000    1.384829600000000000000000000000E+07
       -0.957207500934600830078125000000    1.387032400000000000000000000000E+07
       -0.956207513809204101562500000000    1.389235600000000000000000000000E+07
       -0.955207526683807373046875000000    1.391439200000000000000000000000E+07
       -0.954207539558410644531250000000    1.393643200000000000000000000000E+07
       -0.953207552433013916015625000000    1.395847600000000000000000000000E+07
       -0.952207565307617187500000000000    1.398052400000000000000000000000E+07
       -0.951207578182220458984375000000    1.400257600000000000000000000000E+07
       -0.950207591056823730468750000000    1.402463200000000000000000000000E+07
       -0.949207603931427001953125000000    1.404669200000000000000000000000E+07
       -0.948207616806030273437500000000    1.406875600000000000000000000000E+07
       -0.947207629680633544921875000000    1.409082400000000000000000000000E+07
       -0.946207642555236816406250000000    1.411289600000000000000000000000E+07
       -0.945207655429840087890625000000    1.413497200000000000000000000000E+07
       -0.944207668304443359375000000000    1.415705200000000000000000000000E+07
       -0.943207681179046630859375000000    1.417913600000000000000000000000E+07
       -0.942207694053649902343750000000    1.420122400000000000000000000000E+07
       -0.941207706928253173828125000000    1.422331600000000000000000000000E+07
       -0.940207719802856445312500000000    1.424541200000000000000000000000E+07
       -0.939207732677459716796875000000    1.426750800000000000000000000000E+07
       -0.938207745552062988281250000000    1.428960400000000000000000000000E+07
       -0.937207758426666259765625000000    1.431170000000000000000000000000E+07
       -0.936207771301269531250000000000    1.433379600000000000000000000000E+07
       -0.935207784175872802734375000000    1.435589200000000000000000000000E+07
       -0.934207797050476074218750000000    1.437798800000000000000000000000E+07
       -0.933207809925079345703125000000    1.440008400000000000000000000000E+07
       -0.932207822799682617187500000000    1.442218000000000000000000000000E+07
       -0.931207835674285888671875000000    1.444427600000000000000000000000E+07
       -0.930207848548889160156250000000    1.446637200000000000000000000000E+07
       -0.929207861423492431640625000000    1.448846800000000000000000000000E+07
       -0.928207874298095703125000000000    1.451056400000000000000000000000E+07
       -0.927207887172698974609375000000    1.453266000000000000000000000000E+07
       -0.926207900047302246093750000000    1.455475600000000000000000000000E+07
       -0.925207912921905517578125000000    1.457685200000000000000000000000E+07
       -0.924207925796508789062500000000    1.459894800000000000000000000000E+07
       -0.923207938671112060546875000000    1.462104400000000000000000000000E+07
       -0.922207951545715332031250000000    1.464314000000000000000000000000E+07
       -0.921207964420318603515625000000    1.466523600000000000000000000000E+07
       -0.920207977294921875000000000000    1.468733200000000000000000000000E+07
       -0.919207990169525146484375000000    1.470942800000000000000000000000E+07
       -0.918208003044128417968750000000    1.473152400000000000000000000000E+07
       -0.917208015918731689453125000000    1.475362000000000000000000000000E+07
       -0.916208028793334960937500000000    1.477571600000000000000000000000E+07
       -0.915208041667938232421875000000    1.479781000000000000000000000000E+07
       -0.914208054542541503906250000000    1.481990200000000000000000000000E+07
       -0.913208067417144775390625000000    1.484199200000000000000000000000E+07
       -0.912208080291748046875000000000    1.486408000000000000000000000000E+07
       -0.911208093166351318359375000000    1.488616600000000000000000000000E+07
       -0.910208106040954589843750000000    1.490825000000000000000000000000E+07
       -0.909208118915557861328125000000    1.493033200000000000000000000000E+07
       -0.908208131790161132812500000000    1.495241200000000000000000000000E+07
       -0.907208144664764404296875000000    1.497449000000000000000000000000E+07
       -0.906208157539367675781250000000    1.499656600000000000000000000000E+07
       -0.905208170413970947265625000000    1.501864000000000000000000000000E+07
       -0.904208183288574218750000000000    1.504071200000000000000000000000E+07
       -0.903208196163177490234375000000    1.506278200000000000000000000000E+07
       -0.902208209037780761718750000000    1.508485000000000000000000000000E+07
       -0.901208221912384033203125000000    1.510691600000000000000000000000E+07
       -0.900208234786987304687500000000    1.512898000000000000000000000000E+07
       -0.899208247661590576171875000000    1.515104000000000000000000000000E+07
       -0.898208260536193847656250000000    1.517309600000000000000000000000E+07
       -0.897208273410797119140625000000    1.519514800000000000000000000000E+07
       -0.896208286285400390625000000000    1.521719600000000000000000000000E+07
       -0.895208299160003662109375000000    1.523924000000000000000000000000E+07
       -0.894208312034606933593750000000    1.526128000000000000000000000000E+07
       -0.893208324909210205078125000000    1.528331600000000000000000000000E+07
       -0.892208337783813476562500000000    1.530534800000000000000000000000E+07
       -0.891208350658416748046875000000    1.532737600000000000000000000000E+07
       -0.890208363533020019531250000000    1.534940000000000000000000000000E+07
       -0.889208376407623291015625000000    1.537142000000000000000000000000E+07
       -0.888208389282226562500000000000    1.539343600000000000000000000000E+07
       -0.887208402156829833984375000000    1.541544800000000000000000000000E+07
       -0.886208415031433105468750000000    1.543745600000000000000000000000E+07
       -0.885208427906036376953125000000    1.545946000000000000000000000000E+07
       -0.884208440780639648437500000000    1.548146000000000000000000000000E+07
       -0.883208453655242919921875000000    1.550345600000000000000000000000E+07
       -0.882208466529846191406250000000    1.552544600000000000000000000000E+07
       -0.881208479404449462890625000000    1.554743000000000000000000000000E+07
       -0.880208492279052734375000000000    1.556940800000000000000000000000E+07
       -0.879208505153656005859375000000    1.559138000000000000000000000000E+07
       -0.878208518028259277343750000000    1.561334600000000000000000000000E+07
       -0.877208530902862548828125000000    1.563530600000000000000000000000E+07
       -0.876208543777465820312500000000    1.565726000000000000000000000000E+07
       -0.875208556652069091796875000000    1.567920800000000000000000000000E+07
       -0.874208569526672363281250000000    1.570115000000000000000000000000E+07
       -0.873208582401275634765625000000    1.572308600000000000000000000000E+07
       -0.872208595275878906250000000000    1.574501600000000000000000000000E+07
       -0.871208608150482177734375000000    1.576694000000000000000000000000E+07
       -0.870208621025085449218750000000    1.578885800000000000000000000000E+07
       -0.869208633899688720703125000000    1.581077000000000000000000000000E+07
       -0.868208646774291992187500000000    1.583267600000000000000000000000E+07
       -0.867208659648895263671875000000    1.585457600000000000000000000000E+07
       -0.866208672523498535156250000000    1.587647000000000000000000000000E+07
       -0.865208685398101806640625000000    1.589835600000000000000000000000E+07
       -0.864208698272705078125000000000    1.592023400000000000000000000000E+07
       -0.863208711147308349609375000000    1.594210400000000000000000000000E+07
       -0.862208724021911621093750000000    1.596396600000000000000000000000E+07
       -0.861208736896514892578125000000    1.598582000000000000000000000000E+07
       -0.860208749771118164062500000000    1.600766600000000000000000000000E+07
       -0.859208762645721435546875000000    1.602950400000000000000000000000E+07
       -0.858208775520324707031250000000    1.605133400000000000000000000000E+07
       -0.857208788394927978515625000000    1.607315600000000000000000000000E+07
       -0.856208801269531250000000000000    1.609497000000000000000000000000E+07
       -0.855208814144134521484375000000    1.611677600000000000000000000000E+07
       -0.854208827018737792968750000000    1.613857400000000000000000000000E+07
       -0.853208839893341064453125000000    1.616036400000000000000000000000E+07
       -0.852208852767944335937500000000    1.618214600000000000000000000000E+07
       -0.851208865642547607421875000000    1.620392000000000000000000000000E+07
       -0.850208878517150878906250000000    1.622568600000000000000000000000E+07
       -0.849208891391754150390625000000    1.624744400000000000000000000000E+07
       -0.848208904266357421875000000000    1.626919200000000000000000000000E+07
       -0.847208917140960693359375000000    1.629093000000000000000000000000E+07
       -0.846208930015563964843750000000    1.631265800000000000000000000000E+07
       -0.845208942890167236328125000000    1.633437600000000000000000000000E+07
       -0.844208955764770507812500000000    1.635608400000000000000000000000E+07
       -0.843208968639373779296875000000    1.637778200000000000000000000000E+07
       -0.842208981513977050781250000000    1.639947000000000000000000000000E+07
       -0.841208994388580322265625000000    1.642114800000000000000000000000E+07
       -0.840209007263183593750000000000    1.644281600000000000000000000000E+07
       -0.839209020137786865234375000000    1.646447400000000000000000000000E+07
       -0.838209033012390136718750000000    1.648612200000000000000000000000E+07
       -0.837209045886993408203125000000    1.650776000000000000000000000000E+07
       -0.836209058761596679687500000000    1.652938800000000000000000000000E+07
       -0.835209071636199951171875000000    1.655100600000000000000000000000E+07
       -0.834209084510803222656250000000    1.657261400000000000000000000000E+07
       -0.833209097385406494140625000000    1.659421200000000000000000000000E+07
       -0.832209110260009765625000000000    1.661580000000000000000000000000E+07
       -0.831209123134613037109375000000    1.663737800000000000000000000000E+07
       -0.830209136009216308593750000000    1.665894400000000000000000000000E+07
       -0.829209148883819580078125000000    1.668049800000000000000000000000E+07
       -0.828209161758422851562500000000    1.670204000000000000000000000000E+07
       -0.827209174633026123046875000000    1.672357000000000000000000000000E+07
       -0.826209187507629394531250000000    1.674508800000000000000000000000E+07
       -0.825209200382232666015625000000    1.676659400000000000000000000000E+07
       -0.824209213256835937500000000000    1.678808800000000000000000000000E+07
       -0.823209226131439208984375000000    1.680957000000000000000000000000E+07
       -0.822209239006042480468750000000    1.683104000000000000000000000000E+07
       -0.821209251880645751953125000000    1.685249800000000000000000000000E+07
       -0.820209264755249023437500000000    1.687394400000000000000000000000E+07
       -0.819209277629852294921875000000    1.689537800000000000000000000000E+07
       -0.818209290504455566406250000000    1.691680000000000000000000000000E+07
       -0.817209303379058837890625000000    1.693821000000000000000000000000E+07
       -0.816209316253662109375000000000    1.695960800000000000000000000000E+07
       -0.815209329128265380859375000000    1.698099400000000000000000000000E+07
       -0.814209342002868652343750000000    1.700236800000000000000000000000E+07
       -0.813209354877471923828125000000    1.702373000000000000000000000000E+07
       -0.812209367752075195312500000000    1.704507600000000000000000000000E+07
       -0.811209380626678466796875000000    1.706640600000000000000000000000E+07
       -0.810209393501281738281250000000    1.708772000000000000000000000000E+07
       -0.809209406375885009765625000000    1.710901800000000000000000000000E+07
       -0.808209419250488281250000000000    1.713030000000000000000000000000E+07
       -0.807209432125091552734375000000    1.715156600000000000000000000000E+07
       -0.806209444999694824218750000000    1.717281600000000000000000000000E+07
       -0.805209457874298095703125000000    1.719405000000000000000000000000E+07
       -0.804209470748901367187500000000    1.721526800000000000000000000000E+07
       -0.803209483623504638671875000000    1.723647000000000000000000000000E+07
       -0.802209496498107910156250000000    1.725765600000000000000000000000E+07
       -0.801209509372711181640625000000    1.727882600000000000000000000000E+07
       -0.800209522247314453125000000000    1.729998000000000000000000000000E+07
       -0.799209535121917724609375000000    1.732111800000000000000000000000E+07
       -0.798209547996520996093750000000    1.734224000000000000000000000000E+07
       -0.797209560871124267578125000000    1.736334600000000000000000000000E+07
       -0.796209573745727539062500000000    1.738443600000000000000000000000E+07
       -0.795209586620330810546875000000    1.740551000000000000000000000000E+07
       -0.794209599494934082031250000000    1.742656800000000000000000000000E+07
       -0.793209612369537353515625000000    1.744761000000000000000000000000E+07
       -0.792209625244140625000000000000    1.746863600000000000000000000000E+07
       -0.791209638118743896484375000000    1.748964600000000000000000000000E+07
       -0.790209650993347167968750000000    1.751064000000000000000000000000E+07
       -0.789209663867950439453125000000    1.753161800000000000000000000000E+07
       -0.788209676742553710937500000000    1.755258000000000000000000000000E+07
       -0.787209689617156982421875000000    1.757352600000000000000000000000E+07
       -0.786209702491760253906250000000    1.759445600000000000000000000000E+07
       -0.785209715366363525390625000000    1.761537000000000000000000000000E+07
       -0.784209728240966796875000000000    1.763626800000000000000000000000E+07
       -0.783209741115570068359375000000    1.765715000000000000000000000000E+07
       -0.782209753990173339843750000000    1.767801600000000000000000000000E+07
       -0.781209766864776611328125000000    1.769886600000000000000000000000E+07
       -0.780209779739379882812500000000    1.771970000000000000000000000000E+07
       -0.779209792613983154296875000000    1.774051800000000000000000000000E+07
       -0.778209805488586425781250000000    1.776132000000000000000000000000E+07
       -0.777209818363189697265625000000    1.778210600000000000000000000000E+07
       -0.776209831237792968750000000000    1.780287600000000000000000000000E+07
       -0.775209844112396240234375000000    1.782363000000000000000000000000E+07
       -0.774209856986999511718750000000    1.784436400000000000000000000000E+07
       -0.773209869861602783203125000000    1.786507800000000000000000000000E+07
       -0.772209882736206054687500000000    1.788577200000000000000000000000E+07
       -0.771209895610809326171875000000    1.790644600000000000000000000000E+07
       -0.770209908485412597656250000000    1.792710000000000000000000000000E+07
       -0.769209921360015869140625000000    1.794773400000000000000000000000E+07
       -0.768209934234619140625000000000    1.796834800000000000000000000000E+07
       -0.767209947109222412109375000000    1.798894200000000000000000000000E+07
       -0.766209959983825683593750000000    1.800951600000000000000000000000E+07
       -0.765209972858428955078125000000    1.803007000000000000000000000000E+07
       -0.764209985733032226562500000000    1.805060400000000000000000000000E+07
       -0.763209998607635498046875000000    1.807111800000000000000000000000E+07
       -0.762210011482238769531250000000    1.809161200000000000000000000000E+07
       -0.761210024356842041015625000000    1.811208600000000000000000000000E+07
       -0.760210037231445312500000000000    1.813254000000000000000000000000E+07
       -0.759210050106048583984375000000    1.815297400000000000000000000000E+07
       -0.758210062980651855468750000000    1.817338800000000000000000000000E+07
       -0.757210075855255126953125000000    1.819378200000000000000000000000E+07
       -0.756210088729858398437500000000    1.821415600000000000000000000000E+07
       -0.755210101604461669921875000000    1.823451000000000000000000000000E+07
       -0.754210114479064941406250000000    1.825484400000000000000000000000E+07
       -0.753210127353668212890625000000    1.827515800000000000000000000000E+07
       -0.752210140228271484375000000000    1.829545200000000000000000000000E+07
       -0.751210153102874755859375000000    1.831572600000000000000000000000E+07
       -0.750210165977478027343750000000    1.833598000000000000000000000000E+07
       -0.749210178852081298828125000000    1.835621400000000000000000000000E+07
       -0.748210191726684570312500000000    1.837642800000000000000000000000E+07
       -0.747210204601287841796875000000    1.839662200000000000000000000000E+07
       -0.746210217475891113281250000000    1.841679600000000000000000000000E+07
       -0.745210230350494384765625000000    1.843695000000000000000000000000E+07
       -0.744210243225097656250000000000    1.845708400000000000000000000000E+07
       -0.743210256099700927734375000000    1.847719400000000000000000000000E+07
       -0.742210268974304199218750000000    1.849728000000000000000000000000E+07
       -0.741210281848907470703125000000    1.851734200000000000000000000000E+07
       -0.740210294723510742187500000000    1.853738000000000000000000000000E+07
       -0.739210307598114013671875000000    1.855739400000000000000000000000E+07
       -0.738210320472717285156250000000    1.857738400000000000000000000000E+07
       -0.737210333347320556640625000000    1.859735000000000000000000000000E+07
       -0.736210346221923828125000000000    1.861729200000000000000000000000E+07
       -0.735210359096527099609375000000    1.863721000000000000000000000000E+07
       -0.734210371971130371093750000000    1.865710400000000000000000000000E+07
       -0.733210384845733642578125000000    1.867697400000000000000000000000E+07
       -0.732210397720336914062500000000    1.869682000000000000000000000000E+07
       -0.731210410594940185546875000000    1.871664200000000000000000000000E+07
       -0.730210423469543457031250000000    1.873644000000000000000000000000E+07
       -0.729210436344146728515625000000    1.875621400000000000000000000000E+07
       -0.728210449218750000000000000000    1.877596400000000000000000000000E+07
       -0.727210462093353271484375000000    1.879569000000000000000000000000E+07
       -0.726210474967956542968750000000    1.881539200000000000000000000000E+07
       -0.725210487842559814453125000000    1.883507000000000000000000000000E+07
       -0.724210500717163085937500000000    1.885472400000000000000000000000E+07
       -0.723210513591766357421875000000    1.887435400000000000000000000000E+07
       -0.722210526466369628906250000000    1.889396000000000000000000000000E+07
       -0.721210539340972900390625000000    1.891354200000000000000000000000E+07
       -0.720210552215576171875000000000    1.893310000000000000000000000000E+07
       -0.719210565090179443359375000000    1.895263400000000000000000000000E+07
       -0.718210577964782714843750000000    1.897214400000000000000000000000E+07
       -0.717210590839385986328125000000    1.899163000000000000000000000000E+07
       -0.716210603713989257812500000000    1.901109200000000000000000000000E+07
       -0.715210616588592529296875000000    1.903053000000000000000000000000E+07
       -0.714210629463195800781250000000    1.904994000000000000000000000000E+07
       -0.713210642337799072265625000000    1.906932200000000000000000000000E+07
       -0.712210655212402343750000000000    1.908867600000000000000000000000E+07
       -0.711210668087005615234375000000    1.910800200000000000000000000000E+07
       -0.710210680961608886718750000000    1.912730000000000000000000000000E+07
       -0.709210693836212158203125000000    1.914657000000000000000000000000E+07
       -0.708210706710815429687500000000    1.916581200000000000000000000000E+07
       -0.707210719585418701171875000000    1.918502600000000000000000000000E+07
       -0.706210732460021972656250000000    1.920421200000000000000000000000E+07
       -0.705210745334625244140625000000    1.922337000000000000000000000000E+07
       -0.704210758209228515625000000000    1.924250000000000000000000000000E+07
       -0.703210771083831787109375000000    1.926160200000000000000000000000E+07
       -0.702210783958435058593750000000    1.928067600000000000000000000000E+07
       -0.701210796833038330078125000000    1.929972200000000000000000000000E+07
       -0.700210809707641601562500000000    1.931874000000000000000000000000E+07
       -0.699210822582244873046875000000    1.933773000000000000000000000000E+07
       -0.698210835456848144531250000000    1.935669200000000000000000000000E+07
       -0.697210848331451416015625000000    1.937562600000000000000000000000E+07
       -0.696210861206054687500000000000    1.939453200000000000000000000000E+07
       -0.695210874080657958984375000000    1.941341000000000000000000000000E+07
       -0.694210886955261230468750000000    1.943226000000000000000000000000E+07
       -0.693210899829864501953125000000    1.945107800000000000000000000000E+07
       -0.692210912704467773437500000000    1.946986400000000000000000000000E+07
       -0.691210925579071044921875000000    1.948861800000000000000000000000E+07
       -0.690210938453674316406250000000    1.950734000000000000000000000000E+07
       -0.689210951328277587890625000000    1.952603000000000000000000000000E+07
       -0.688210964202880859375000000000    1.954468800000000000000000000000E+07
       -0.687210977077484130859375000000    1.956331400000000000000000000000E+07
       -0.686210989952087402343750000000    1.958190800000000000000000000000E+07
       -0.685211002826690673828125000000    1.960047000000000000000000000000E+07
       -0.684211015701293945312500000000    1.961900000000000000000000000000E+07
       -0.683211028575897216796875000000    1.963749800000000000000000000000E+07
       -0.682211041450500488281250000000    1.965596400000000000000000000000E+07
       -0.681211054325103759765625000000    1.967439800000000000000000000000E+07
       -0.680211067199707031250000000000    1.969280000000000000000000000000E+07
       -0.679211080074310302734375000000    1.971117000000000000000000000000E+07
       -0.678211092948913574218750000000    1.972950800000000000000000000000E+07
       -0.677211105823516845703125000000    1.974781400000000000000000000000E+07
       -0.676211118698120117187500000000    1.976608800000000000000000000000E+07
       -0.675211131572723388671875000000    1.978433000000000000000000000000E+07
       -0.674211144447326660156250000000    1.980254000000000000000000000000E+07
       -0.673211157321929931640625000000    1.982071800000000000000000000000E+07
       -0.672211170196533203125000000000    1.983886400000000000000000000000E+07
       -0.671211183071136474609375000000    1.985697800000000000000000000000E+07
       -0.670211195945739746093750000000    1.987506000000000000000000000000E+07
       -0.669211208820343017578125000000    1.989311000000000000000000000000E+07
       -0.668211221694946289062500000000    1.991112800000000000000000000000E+07
       -0.667211234569549560546875000000    1.992911400000000000000000000000E+07
       -0.666211247444152832031250000000    1.994706800000000000000000000000E+07
       -0.665211260318756103515625000000    1.996499000000000000000000000000E+07
       -0.664211273193359375000000000000    1.998288000000000000000000000000E+07
       -0.663211286067962646484375000000    2.000073800000000000000000000000E+07
       -0.662211298942565917968750000000    2.001856400000000000000000000000E+07
       -0.661211311817169189453125000000    2.003635800000000000000000000000E+07
       -0.660211324691772460937500000000    2.005412000000000000000000000000E+07
       -0.659211337566375732421875000000    2.007185000000000000000000000000E+07
       -0.658211350440979003906250000000    2.008954800000000000000000000000E+07
       -0.657211363315582275390625000000    2.010721400000000000000000000000E+07
       -0.656211376190185546875000000000    2.012484800000000000000000000000E+07
       -0.655211389064788818359375000000    2.014245000000000000000000000000E+07
       -0.654211401939392089843750000000    2.016002000000000000000000000000E+07
       -0.653211414813995361328125000000    2.017755800000000000000000000000E+07
       -0.652211427688598632812500000000    2.019506400000000000000000000000E+07
       -0.651211440563201904296875000000    2.021253800000000000000000000000E+07
       -0.650211453437805175781250000000    2.022998000000000000000000000000E+07
       -0.649211466312408447265625000000    2.024738600000000000000000000000E+07
       -0.648211479187011718750000000000    2.026475600000000000000000000000E+07
       -0.647211492061614990234375000000    2.028209000000000000000000000000E+07
       -0.646211504936218261718750000000    2.029938800000000000000000000000E+07
       -0.645211517810821533203125000000    2.031665000000000000000000000000E+07
       -0.644211530685424804687500000000    2.033387600000000000000000000000E+07
       -0.643211543560028076171875000000    2.035106600000000000000000000000E+07
       -0.642211556434631347656250000000    2.036822000000000000000000000000E+07
       -0.641211569309234619140625000000    2.038533800000000000000000000000E+07
       -0.640211582183837890625000000000    2.040242000000000000000000000000E+07
       -0.639211595058441162109375000000    2.041946600000000000000000000000E+07
       -0.638211607933044433593750000000    2.043647600000000000000000000000E+07
       -0.637211620807647705078125000000    2.045345000000000000000000000000E+07
       -0.636211633682250976562500000000    2.047038800000000000000000000000E+07
       -0.635211646556854248046875000000    2.048729000000000000000000000000E+07
       -0.634211659431457519531250000000    2.050415600000000000000000000000E+07
       -0.633211672306060791015625000000    2.052098600000000000000000000000E+07
       -0.632211685180664062500000000000    2.053778000000000000000000000000E+07
       -0.631211698055267333984375000000    2.055453800000000000000000000000E+07
       -0.630211710929870605468750000000    2.057126000000000000000000000000E+07
       -0.629211723804473876953125000000    2.058794600000000000000000000000E+07
       -0.628211736679077148437500000000    2.060459600000000000000000000000E+07
       -0.627211749553680419921875000000    2.062121000000000000000000000000E+07
       -0.626211762428283691406250000000    2.063778800000000000000000000000E+07
       -0.625211775302886962890625000000    2.065432600000000000000000000000E+07
       -0.624211788177490234375000000000    2.067082400000000000000000000000E+07
       -0.623211801052093505859375000000    2.068728200000000000000000000000E+07
       -0.622211813926696777343750000000    2.070370000000000000000000000000E+07
       -0.621211826801300048828125000000    2.072007800000000000000000000000E+07
       -0.620211839675903320312500000000    2.073641600000000000000000000000E+07
       -0.619211852550506591796875000000    2.075271400000000000000000000000E+07
       -0.618211865425109863281250000000    2.076897200000000000000000000000E+07
       -0.617211878299713134765625000000    2.078519000000000000000000000000E+07
       -0.616211891174316406250000000000    2.080136800000000000000000000000E+07
       -0.615211904048919677734375000000    2.081750600000000000000000000000E+07
       -0.614211916923522949218750000000    2.083360400000000000000000000000E+07
       -0.613211929798126220703125000000    2.084966200000000000000000000000E+07
       -0.612211942672729492187500000000    2.086568000000000000000000000000E+07
       -0.611211955547332763671875000000    2.088165800000000000000000000000E+07
       -0.610211968421936035156250000000    2.089759600000000000000000000000E+07
       -0.609211981296539306640625000000    2.091349400000000000000000000000E+07
       -0.608211994171142578125000000000    2.092935200000000000000000000000E+07
       -0.607212007045745849609375000000    2.094517000000000000000000000000E+07
       -0.606212019920349121093750000000    2.096094800000000000000000000000E+07
       -0.605212032794952392578125000000    2.097668600000000000000000000000E+07
       -0.604212045669555664062500000000    2.099238400000000000000000000000E+07
       -0.603212058544158935546875000000    2.100804200000000000000000000000E+07
       -0.602212071418762207031250000000    2.102366000000000000000000000000E+07
       -0.601212084293365478515625000000    2.103923400000000000000000000000E+07
       -0.600212097167968750000000000000    2.105476400000000000000000000000E+07
       -0.599212110042572021484375000000    2.107025000000000000000000000000E+07
       -0.598212122917175292968750000000    2.108569200000000000000000000000E+07
       -0.597212135791778564453125000000    2.110109000000000000000000000000E+07
       -0.596212148666381835937500000000    2.111644400000000000000000000000E+07
       -0.595212161540985107421875000000    2.113175400000000000000000000000E+07
       -0.594212174415588378906250000000    2.114702000000000000000000000000E+07
       -0.593212187290191650390625000000    2.116224200000000000000000000000E+07
       -0.592212200164794921875000000000    2.117742000000000000000000000000E+07
       -0.591212213039398193359375000000    2.119255400000000000000000000000E+07
       -0.590212225914001464843750000000    2.120764400000000000000000000000E+07
       -0.589212238788604736328125000000    2.122269000000000000000000000000E+07
       -0.588212251663208007812500000000    2.123769200000000000000000000000E+07
       -0.587212264537811279296875000000    2.125265000000000000000000000000E+07
       -0.586212277412414550781250000000    2.126756400000000000000000000000E+07
       -0.585212290287017822265625000000    2.128243400000000000000000000000E+07
       -0.584212303161621093750000000000    2.129726000000000000000000000000E+07
       -0.583212316036224365234375000000    2.131204200000000000000000000000E+07
       -0.582212328910827636718750000000    2.132678000000000000000000000000E+07
       -0.581212341785430908203125000000    2.134147400000000000000000000000E+07
       -0.580212354660034179687500000000    2.135612400000000000000000000000E+07
       -0.579212367534637451171875000000    2.137073000000000000000000000000E+07
       -0.578212380409240722656250000000    2.138529200000000000000000000000E+07
       -0.577212393283843994140625000000    2.139981000000000000000000000000E+07
       -0.576212406158447265625000000000    2.141428400000000000000000000000E+07
       -0.575212419033050537109375000000    2.142871400000000000000000000000E+07
       -0.574212431907653808593750000000    2.144310000000000000000000000000E+07
       -0.573212444782257080078125000000    2.145743800000000000000000000000E+07
       -0.572212457656860351562500000000    2.147172800000000000000000000000E+07
       -0.571212470531463623046875000000    2.148597000000000000000000000000E+07
       -0.570212483406066894531250000000    2.150016400000000000000000000000E+07
       -0.569212496280670166015625000000    2.151431000000000000000000000000E+07
       -0.568212509155273437500000000000    2.152840800000000000000000000000E+07
       -0.567212522029876708984375000000    2.154245800000000000000000000000E+07
       -0.566212534904479980468750000000    2.155646000000000000000000000000E+07
       -0.565212547779083251953125000000    2.157041400000000000000000000000E+07
       -0.564212560653686523437500000000    2.158432000000000000000000000000E+07
       -0.563212573528289794921875000000    2.159817800000000000000000000000E+07
       -0.562212586402893066406250000000    2.161198800000000000000000000000E+07
       -0.561212599277496337890625000000    2.162575000000000000000000000000E+07
       -0.560212612152099609375000000000    2.163946400000000000000000000000E+07
       -0.559212625026702880859375000000    2.165313000000000000000000000000E+07
       -0.558212637901306152343750000000    2.166674800000000000000000000000E+07
       -0.557212650775909423828125000000    2.168031800000000000000000000000E+07
       -0.556212663650512695312500000000    2.169384000000000000000000000000E+07
       -0.555212676525115966796875000000    2.170731400000000000000000000000E+07
       -0.554212689399719238281250000000    2.172074000000000000000000000000E+07
       -0.553212702274322509765625000000    2.173411800000000000000000000000E+07
       -0.552212715148925781250000000000    2.174744800000000000000000000000E+07
       -0.551212728023529052734375000000    2.176073000000000000000000000000E+07
       -0.550212740898132324218750000000    2.177396400000000000000000000000E+07
       -0.549212753772735595703125000000    2.178715000000000000000000000000E+07
       -0.548212766647338867187500000000    2.180028800000000000000000000000E+07
       -0.547212779521942138671875000000    2.181337800000000000000000000000E+07
       -0.546212792396545410156250000000    2.182642000000000000000000000000E+07
       -0.545212805271148681640625000000    2.183941400000000000000000000000E+07
       -0.544212818145751953125000000000    2.185236000000000000000000000000E+07
       -0.543212831020355224609375000000    2.186525800000000000000000000000E+07
       -0.542212843894958496093750000000    2.187810800000000000000000000000E+07
       -0.541212856769561767578125000000    2.189091000000000000000000000000E+07
       -0.540212869644165039062500000000    2.190366400000000000000000000000E+07
       -0.539212882518768310546875000000    2.191637000000000000000000000000E+07
       -0.538212895393371582031250000000    2.192902800000000000000000000000E+07
       -0.537212908267974853515625000000    2.194163800000000000000000000000E+07
       -0.536212921142578125000000000000    2.195420000000000000000000000000E+07
       -0.535212934017181396484375000000    2.196671400000000000000000000000E+07
       -0.534212946891784667968750000000    2.197918000000000000000000000000E+07
       -0.533212959766387939453125000000    2.199159800000000000000000000000E+07
       -0.532212972640991210937500000000    2.200396800000000000000000000000E+07
       -0.531212985515594482421875000000    2.201629000000000000000000000000E+07
       -0.530212998390197753906250000000    2.202856400000000000000000000000E+07
       -0.529213011264801025390625000000    2.204079000000000000000000000000E+07
       -0.528213024139404296875000000000    2.205296800000000000000000000000E+07
       -0.527213037014007568359375000000    2.206509800000000000000000000000E+07
       -0.526213049888610839843750000000    2.207718000000000000000000000000E+07
       -0.525213062763214111328125000000    2.208921000000000000000000000000E+07
       -0.524213075637817382812500000000    2.210118800000000000000000000000E+07
       -0.523213088512420654296875000000    2.211311400000000000000000000000E+07
       -0.522213101387023925781250000000    2.212498800000000000000000000000E+07
       -0.521213114261627197265625000000    2.213681000000000000000000000000E+07
       -0.520213127136230468750000000000    2.214858000000000000000000000000E+07
       -0.519213140010833740234375000000    2.216029800000000000000000000000E+07
       -0.518213152885437011718750000000    2.217196400000000000000000000000E+07
       -0.517213165760040283203125000000    2.218357800000000000000000000000E+07
       -0.516213178634643554687500000000    2.219514000000000000000000000000E+07
       -0.515213191509246826171875000000    2.220665000000000000000000000000E+07
       -0.514213204383850097656250000000    2.221810800000000000000000000000E+07
       -0.513213217258453369140625000000    2.222951400000000000000000000000E+07
       -0.512213230133056640625000000000    2.224086800000000000000000000000E+07
       -0.511213243007659912109375000000    2.225217000000000000000000000000E+07
       -0.510213255882263183593750000000    2.226342000000000000000000000000E+07
       -0.509213268756866455078125000000    2.227461800000000000000000000000E+07
       -0.508213281631469726562500000000    2.228576400000000000000000000000E+07
       -0.507213294506072998046875000000    2.229685800000000000000000000000E+07
       -0.506213307380676269531250000000    2.230790000000000000000000000000E+07
       -0.505213320255279541015625000000    2.231889000000000000000000000000E+07
       -0.504213333129882812500000000000    2.232982800000000000000000000000E+07
       -0.503213346004486083984375000000    2.234071400000000000000000000000E+07
       -0.502213358879089355468750000000    2.235154800000000000000000000000E+07
       -0.501213371753692626953125000000    2.236233000000000000000000000000E+07
       -0.500213384628295898437500000000    2.237306000000000000000000000000E+07
       -0.499213397502899169921875000000    2.238373800000000000000000000000E+07
       -0.498213410377502441406250000000    2.239436400000000000000000000000E+07
       -0.497213423252105712890625000000    2.240493800000000000000000000000E+07
       -0.496213436126708984375000000000    2.241546000000000000000000000000E+07
       -0.495213449001312255859375000000    2.242593000000000000000000000000E+07
       -0.494213461875915527343750000000    2.243634800000000000000000000000E+07
       -0.493213474750518798828125000000    2.244671400000000000000000000000E+07
       -0.492213487625122070312500000000    2.245702400000000000000000000000E+07
       -0.491213500499725341796875000000    2.246727800000000000000000000000E+07
       -0.490213513374328613281250000000    2.247747600000000000000000000000E+07
       -0.489213526248931884765625000000    2.248761800000000000000000000000E+07
       -0.488213539123535156250000000000    2.249770400000000000000000000000E+07
       -0.487213551998138427734375000000    2.250773400000000000000000000000E+07
       -0.486213564872741699218750000000    2.251770800000000000000000000000E+07
       -0.485213577747344970703125000000    2.252762600000000000000000000000E+07
       -0.484213590621948242187500000000    2.253748800000000000000000000000E+07
       -0.483213603496551513671875000000    2.254729400000000000000000000000E+07
       -0.482213616371154785156250000000    2.255704400000000000000000000000E+07
       -0.481213629245758056640625000000    2.256673800000000000000000000000E+07
       -0.480213642120361328125000000000    2.257637600000000000000000000000E+07
       -0.479213654994964599609375000000    2.258595800000000000000000000000E+07
       -0.478213667869567871093750000000    2.259548400000000000000000000000E+07
       -0.477213680744171142578125000000    2.260495400000000000000000000000E+07
       -0.476213693618774414062500000000    2.261436800000000000000000000000E+07
       -0.475213706493377685546875000000    2.262372600000000000000000000000E+07
       -0.474213719367980957031250000000    2.263302800000000000000000000000E+07
       -0.473213732242584228515625000000    2.264227400000000000000000000000E+07
       -0.472213745117187500000000000000    2.265146400000000000000000000000E+07
       -0.471213757991790771484375000000    2.266059800000000000000000000000E+07
       -0.470213770866394042968750000000    2.266967600000000000000000000000E+07
       -0.469213783740997314453125000000    2.267869800000000000000000000000E+07
       -0.468213796615600585937500000000    2.268766400000000000000000000000E+07
       -0.467213809490203857421875000000    2.269657400000000000000000000000E+07
       -0.466213822364807128906250000000    2.270542800000000000000000000000E+07
       -0.465213835239410400390625000000    2.271422600000000000000000000000E+07
       -0.464213848114013671875000000000    2.272296800000000000000000000000E+07
       -0.463213860988616943359375000000    2.273165400000000000000000000000E+07
       -0.462213873863220214843750000000    2.274028400000000000000000000000E+07
       -0.461213886737823486328125000000    2.274885400000000000000000000000E+07
       -0.460213899612426757812500000000    2.275736400000000000000000000000E+07
       -0.459213912487030029296875000000    2.276581400000000000000000000000E+07
       -0.458213925361633300781250000000    2.277420400000000000000000000000E+07
       -0.457213938236236572265625000000    2.278253400000000000000000000000E+07
       -0.456213951110839843750000000000    2.279080400000000000000000000000E+07
       -0.455213963985443115234375000000    2.279901400000000000000000000000E+07
       -0.454213976860046386718750000000    2.280716400000000000000000000000E+07
       -0.453213989734649658203125000000    2.281525400000000000000000000000E+07
       -0.452214002609252929687500000000    2.282328400000000000000000000000E+07
       -0.451214015483856201171875000000    2.283125400000000000000000000000E+07
       -0.450214028358459472656250000000    2.283916400000000000000000000000E+07
       -0.449214041233062744140625000000    2.284701400000000000000000000000E+07
       -0.448214054107666015625000000000    2.285480400000000000000000000000E+07
       -0.447214066982269287109375000000    2.286253400000000000000000000000E+07
       -0.446214079856872558593750000000    2.287020400000000000000000000000E+07
       -0.445214092731475830078125000000    2.287781400000000000000000000000E+07
       -0.444214105606079101562500000000    2.288536400000000000000000000000E+07
       -0.443214118480682373046875000000    2.289285400000000000000000000000E+07
       -0.442214131355285644531250000000    2.290028400000000000000000000000E+07
       -0.441214144229888916015625000000    2.290765400000000000000000000000E+07
       -0.440214157104492187500000000000    2.291496400000000000000000000000E+07
       -0.439214169979095458984375000000    2.292221400000000000000000000000E+07
       -0.438214182853698730468750000000    2.292940400000000000000000000000E+07
       -0.437214195728302001953125000000    2.293653400000000000000000000000E+07
       -0.436214208602905273437500000000    2.294360400000000000000000000000E+07
       -0.435214221477508544921875000000    2.295061400000000000000000000000E+07
       -0.434214234352111816406250000000    2.295756400000000000000000000000E+07
       -0.433214247226715087890625000000    2.296445400000000000000000000000E+07
       -0.432214260101318359375000000000    2.297128400000000000000000000000E+07
       -0.431214272975921630859375000000    2.297805400000000000000000000000E+07
       -0.430214285850524902343750000000    2.298476400000000000000000000000E+07
       -0.429214298725128173828125000000    2.299141400000000000000000000000E+07
       -0.428214311599731445312500000000    2.299800000000000000000000000000E+07
       -0.427214324474334716796875000000    2.300452200000000000000000000000E+07
       -0.426214337348937988281250000000    2.301098000000000000000000000000E+07
       -0.425214350223541259765625000000    2.301737400000000000000000000000E+07
       -0.424214363098144531250000000000    2.302370400000000000000000000000E+07
       -0.423214375972747802734375000000    2.302997000000000000000000000000E+07
       -0.422214388847351074218750000000    2.303617200000000000000000000000E+07
       -0.421214401721954345703125000000    2.304231000000000000000000000000E+07
       -0.420214414596557617187500000000    2.304838400000000000000000000000E+07
       -0.419214427471160888671875000000    2.305439400000000000000000000000E+07
       -0.418214440345764160156250000000    2.306034000000000000000000000000E+07
       -0.417214453220367431640625000000    2.306622200000000000000000000000E+07
       -0.416214466094970703125000000000    2.307204000000000000000000000000E+07
       -0.415214478969573974609375000000    2.307779400000000000000000000000E+07
       -0.414214491844177246093750000000    2.308348400000000000000000000000E+07
       -0.413214504718780517578125000000    2.308911000000000000000000000000E+07
       -0.412214517593383789062500000000    2.309467200000000000000000000000E+07
       -0.411214530467987060546875000000    2.310017000000000000000000000000E+07
       -0.410214543342590332031250000000    2.310560400000000000000000000000E+07
       -0.409214556217193603515625000000    2.311097400000000000000000000000E+07
       -0.408214569091796875000000000000    2.311628000000000000000000000000E+07
       -0.407214581966400146484375000000    2.312152200000000000000000000000E+07
       -0.406214594841003417968750000000    2.312670000000000000000000000000E+07
       -0.405214607715606689453125000000    2.313181400000000000000000000000E+07
       -0.404214620590209960937500000000    2.313686400000000000000000000000E+07
       -0.403214633464813232421875000000    2.314185000000000000000000000000E+07
       -0.402214646339416503906250000000    2.314677200000000000000000000000E+07
       -0.401214659214019775390625000000    2.315163000000000000000000000000E+07
       -0.400214672088623046875000000000    2.315642400000000000000000000000E+07
       -0.399214684963226318359375000000    2.316115400000000000000000000000E+07
       -0.398214697837829589843750000000    2.316582000000000000000000000000E+07
       -0.397214710712432861328125000000    2.317042200000000000000000000000E+07
       -0.396214723587036132812500000000    2.317496000000000000000000000000E+07
       -0.395214736461639404296875000000    2.317943400000000000000000000000E+07
       -0.394214749336242675781250000000    2.318384400000000000000000000000E+07
       -0.393214762210845947265625000000    2.318819000000000000000000000000E+07
       -0.392214775085449218750000000000    2.319247200000000000000000000000E+07
       -0.391214787960052490234375000000    2.319668600000000000000000000000E+07
       -0.390214800834655761718750000000    2.320083200000000000000000000000E+07
       -0.389214813709259033203125000000    2.320491000000000000000000000000E+07
       -0.388214826583862304687500000000    2.320892000000000000000000000000E+07
       -0.387214839458465576171875000000    2.321286200000000000000000000000E+07
       -0.386214852333068847656250000000    2.321673600000000000000000000000E+07
       -0.385214865207672119140625000000    2.322054200000000000000000000000E+07
       -0.384214878082275390625000000000    2.322428000000000000000000000000E+07
       -0.383214890956878662109375000000    2.322795000000000000000000000000E+07
       -0.382214903831481933593750000000    2.323155200000000000000000000000E+07
       -0.381214916706085205078125000000    2.323508600000000000000000000000E+07
       -0.380214929580688476562500000000    2.323855200000000000000000000000E+07
       -0.379214942455291748046875000000    2.324195000000000000000000000000E+07
       -0.378214955329895019531250000000    2.324528000000000000000000000000E+07
       -0.377214968204498291015625000000    2.324854200000000000000000000000E+07
       -0.376214981079101562500000000000    2.325173600000000000000000000000E+07
       -0.375214993953704833984375000000    2.325486200000000000000000000000E+07
       -0.374215006828308105468750000000    2.325792000000000000000000000000E+07
       -0.373215019702911376953125000000    2.326091000000000000000000000000E+07
       -0.372215032577514648437500000000    2.326383200000000000000000000000E+07
       -0.371215045452117919921875000000    2.326668600000000000000000000000E+07
       -0.370215058326721191406250000000    2.326947200000000000000000000000E+07
       -0.369215071201324462890625000000    2.327219000000000000000000000000E+07
       -0.368215084075927734375000000000    2.327484000000000000000000000000E+07
       -0.367215096950531005859375000000    2.327742200000000000000000000000E+07
       -0.366215109825134277343750000000    2.327993600000000000000000000000E+07
       -0.365215122699737548828125000000    2.328238200000000000000000000000E+07
       -0.364215135574340820312500000000    2.328476000000000000000000000000E+07
       -0.363215148448944091796875000000    2.328707000000000000000000000000E+07
       -0.362215161323547363281250000000    2.328931200000000000000000000000E+07
       -0.361215174198150634765625000000    2.329148600000000000000000000000E+07
       -0.360215187072753906250000000000    2.329359200000000000000000000000E+07
       -0.359215199947357177734375000000    2.329563000000000000000000000000E+07
       -0.358215212821960449218750000000    2.329760000000000000000000000000E+07
       -0.357215225696563720703125000000    2.329950200000000000000000000000E+07
       -0.356215238571166992187500000000    2.330133600000000000000000000000E+07
       -0.355215251445770263671875000000    2.330310200000000000000000000000E+07
       -0.354215264320373535156250000000    2.330480000000000000000000000000E+07
       -0.353215277194976806640625000000    2.330643000000000000000000000000E+07
       -0.352215290069580078125000000000    2.330799200000000000000000000000E+07
       -0.351215302944183349609375000000    2.330948600000000000000000000000E+07
       -0.350215315818786621093750000000    2.331091200000000000000000000000E+07
       -0.349215328693389892578125000000    2.331227000000000000000000000000E+07
       -0.348215341567993164062500000000    2.331356000000000000000000000000E+07
       -0.347215354442596435546875000000    2.331478200000000000000000000000E+07
       -0.346215367317199707031250000000    2.331593600000000000000000000000E+07
       -0.345215380191802978515625000000    2.331702200000000000000000000000E+07
       -0.344215393066406250000000000000    2.331804000000000000000000000000E+07
       -0.343215405941009521484375000000    2.331899000000000000000000000000E+07
       -0.342215418815612792968750000000    2.331987200000000000000000000000E+07
       -0.341215431690216064453125000000    2.332068600000000000000000000000E+07
       -0.340215444564819335937500000000    2.332143200000000000000000000000E+07
       -0.339215457439422607421875000000    2.332211000000000000000000000000E+07
       -0.338215470314025878906250000000    2.332272000000000000000000000000E+07
       -0.337215483188629150390625000000    2.332326200000000000000000000000E+07
       -0.336215496063232421875000000000    2.332373600000000000000000000000E+07
       -0.335215508937835693359375000000    2.332414200000000000000000000000E+07
       -0.334215521812438964843750000000    2.332448000000000000000000000000E+07
       -0.333215534687042236328125000000    2.332475000000000000000000000000E+07
       -0.332215547561645507812500000000    2.332495200000000000000000000000E+07
       -0.331215560436248779296875000000    2.332508600000000000000000000000E+07
       -0.330215573310852050781250000000    2.332515200000000000000000000000E+07
       -0.329215586185455322265625000000    2.332515000000000000000000000000E+07
       -0.328215599060058593750000000000    2.332508000000000000000000000000E+07
       -0.327215611934661865234375000000    2.332494200000000000000000000000E+07
       -0.326215624809265136718750000000    2.332473600000000000000000000000E+07
       -0.325215637683868408203125000000    2.332446200000000000000000000000E+07
       -0.324215650558471679687500000000    2.332412000000000000000000000000E+07
       -0.323215663433074951171875000000    2.332371000000000000000000000000E+07
       -0.322215676307678222656250000000    2.332323200000000000000000000000E+07
       -0.321215689182281494140625000000    2.332268600000000000000000000000E+07
       -0.320215702056884765625000000000    2.332207200000000000000000000000E+07
       -0.319215714931488037109375000000    2.332139000000000000000000000000E+07
       -0.318215727806091308593750000000    2.332064000000000000000000000000E+07
       -0.317215740680694580078125000000    2.331982200000000000000000000000E+07
       -0.316215753555297851562500000000    2.331893600000000000000000000000E+07
       -0.315215766429901123046875000000    2.331798200000000000000000000000E+07
       -0.314215779304504394531250000000    2.331696000000000000000000000000E+07
       -0.313215792179107666015625000000    2.331587000000000000000000000000E+07
       -0.312215805053710937500000000000    2.331471200000000000000000000000E+07
       -0.311215817928314208984375000000    2.331348600000000000000000000000E+07
       -0.310215830802917480468750000000    2.331219200000000000000000000000E+07
       -0.309215843677520751953125000000    2.331083000000000000000000000000E+07
       -0.308215856552124023437500000000    2.330940000000000000000000000000E+07
       -0.307215869426727294921875000000    2.330790200000000000000000000000E+07
       -0.306215882301330566406250000000    2.330633200000000000000000000000E+07
       -0.305215895175933837890625000000    2.330469000000000000000000000000E+07
       -0.304215908050537109375000000000    2.330297600000000000000000000000E+07
       -0.303215920925140380859375000000    2.330119000000000000000000000000E+07
       -0.302215933799743652343750000000    2.329933200000000000000000000000E+07
       -0.301215946674346923828125000000    2.329740200000000000000000000000E+07
       -0.300215959548950195312500000000    2.329540000000000000000000000000E+07
       -0.299215972423553466796875000000    2.329332600000000000000000000000E+07
       -0.298215985298156738281250000000    2.329118000000000000000000000000E+07
       -0.297215998172760009765625000000    2.328896200000000000000000000000E+07
       -0.296216011047363281250000000000    2.328667200000000000000000000000E+07
       -0.295216023921966552734375000000    2.328431000000000000000000000000E+07
       -0.294216036796569824218750000000    2.328187600000000000000000000000E+07
       -0.293216049671173095703125000000    2.327937000000000000000000000000E+07
       -0.292216062545776367187500000000    2.327679200000000000000000000000E+07
       -0.291216075420379638671875000000    2.327414200000000000000000000000E+07
       -0.290216088294982910156250000000    2.327142000000000000000000000000E+07
       -0.289216101169586181640625000000    2.326862600000000000000000000000E+07
       -0.288216114044189453125000000000    2.326576000000000000000000000000E+07
       -0.287216126918792724609375000000    2.326282200000000000000000000000E+07
       -0.286216139793395996093750000000    2.325981200000000000000000000000E+07
       -0.285216152667999267578125000000    2.325673000000000000000000000000E+07
       -0.284216165542602539062500000000    2.325357600000000000000000000000E+07
       -0.283216178417205810546875000000    2.325035000000000000000000000000E+07
       -0.282216191291809082031250000000    2.324705200000000000000000000000E+07
       -0.281216204166412353515625000000    2.324368200000000000000000000000E+07
       -0.280216217041015625000000000000    2.324024000000000000000000000000E+07
       -0.279216229915618896484375000000    2.323672600000000000000000000000E+07
       -0.278216242790222167968750000000    2.323314000000000000000000000000E+07
       -0.277216255664825439453125000000    2.322948200000000000000000000000E+07
       -0.276216268539428710937500000000    2.322575200000000000000000000000E+07
       -0.275216281414031982421875000000    2.322195000000000000000000000000E+07
       -0.274216294288635253906250000000    2.321807600000000000000000000000E+07
       -0.273216307163238525390625000000    2.321413000000000000000000000000E+07
       -0.272216320037841796875000000000    2.321011200000000000000000000000E+07
       -0.271216332912445068359375000000    2.320602200000000000000000000000E+07
       -0.270216345787048339843750000000    2.320186000000000000000000000000E+07
       -0.269216358661651611328125000000    2.319762600000000000000000000000E+07
       -0.268216371536254882812500000000    2.319332000000000000000000000000E+07
       -0.267216384410858154296875000000    2.318894200000000000000000000000E+07
       -0.266216397285461425781250000000    2.318449200000000000000000000000E+07
       -0.265216410160064697265625000000    2.317997000000000000000000000000E+07
       -0.264216423034667968750000000000    2.317537600000000000000000000000E+07
       -0.263216435909271240234375000000    2.317071000000000000000000000000E+07
       -0.262216448783874511718750000000    2.316597200000000000000000000000E+07
       -0.261216461658477783203125000000    2.316116200000000000000000000000E+07
       -0.260216474533081054687500000000    2.315628000000000000000000000000E+07
       -0.259216487407684326171875000000    2.315132600000000000000000000000E+07
       -0.258216500282287597656250000000    2.314630000000000000000000000000E+07
       -0.257216513156890869140625000000    2.314120200000000000000000000000E+07
       -0.256216526031494140625000000000    2.313603200000000000000000000000E+07
       -0.255216538906097412109375000000    2.313079000000000000000000000000E+07
       -0.254216551780700683593750000000    2.312547600000000000000000000000E+07
       -0.253216564655303955078125000000    2.312008600000000000000000000000E+07
       -0.252216577529907226562500000000    2.311462000000000000000000000000E+07
       -0.251216590404510498046875000000    2.310907800000000000000000000000E+07
       -0.250216603279113769531250000000    2.310346000000000000000000000000E+07
       -0.249216601252555847167968750000    2.309776600000000000000000000000E+07
       -0.248216599225997924804687500000    2.309199600000000000000000000000E+07
       -0.247216597199440002441406250000    2.308615000000000000000000000000E+07
       -0.246216595172882080078125000000    2.308022800000000000000000000000E+07
       -0.245216593146324157714843750000    2.307423000000000000000000000000E+07
       -0.244216591119766235351562500000    2.306815600000000000000000000000E+07
       -0.243216589093208312988281250000    2.306200600000000000000000000000E+07
       -0.242216587066650390625000000000    2.305578000000000000000000000000E+07
       -0.241216585040092468261718750000    2.304947800000000000000000000000E+07
       -0.240216583013534545898437500000    2.304310000000000000000000000000E+07
       -0.239216580986976623535156250000    2.303664600000000000000000000000E+07
       -0.238216578960418701171875000000    2.303011600000000000000000000000E+07
       -0.237216576933860778808593750000    2.302351000000000000000000000000E+07
       -0.236216574907302856445312500000    2.301682800000000000000000000000E+07
       -0.235216572880744934082031250000    2.301007000000000000000000000000E+07
       -0.234216570854187011718750000000    2.300323600000000000000000000000E+07
       -0.233216568827629089355468750000    2.299632600000000000000000000000E+07
       -0.232216566801071166992187500000    2.298934000000000000000000000000E+07
       -0.231216564774513244628906250000    2.298228200000000000000000000000E+07
       -0.230216562747955322265625000000    2.297515200000000000000000000000E+07
       -0.229216560721397399902343750000    2.296795000000000000000000000000E+07
       -0.228216558694839477539062500000    2.296067600000000000000000000000E+07
       -0.227216556668281555175781250000    2.295333000000000000000000000000E+07
       -0.226216554641723632812500000000    2.294591200000000000000000000000E+07
       -0.225216552615165710449218750000    2.293842200000000000000000000000E+07
       -0.224216550588607788085937500000    2.293086000000000000000000000000E+07
       -0.223216548562049865722656250000    2.292322600000000000000000000000E+07
       -0.222216546535491943359375000000    2.291552000000000000000000000000E+07
       -0.221216544508934020996093750000    2.290774200000000000000000000000E+07
       -0.220216542482376098632812500000    2.289989200000000000000000000000E+07
       -0.219216540455818176269531250000    2.289197000000000000000000000000E+07
       -0.218216538429260253906250000000    2.288397600000000000000000000000E+07
       -0.217216536402702331542968750000    2.287591000000000000000000000000E+07
       -0.216216534376144409179687500000    2.286777200000000000000000000000E+07
       -0.215216532349586486816406250000    2.285956200000000000000000000000E+07
       -0.214216530323028564453125000000    2.285128000000000000000000000000E+07
       -0.213216528296470642089843750000    2.284292600000000000000000000000E+07
       -0.212216526269912719726562500000    2.283450000000000000000000000000E+07
       -0.211216524243354797363281250000    2.282600200000000000000000000000E+07
       -0.210216522216796875000000000000    2.281743200000000000000000000000E+07
       -0.209216520190238952636718750000    2.280879000000000000000000000000E+07
       -0.208216518163681030273437500000    2.280007600000000000000000000000E+07
       -0.207216516137123107910156250000    2.279129000000000000000000000000E+07
       -0.206216514110565185546875000000    2.278243200000000000000000000000E+07
       -0.205216512084007263183593750000    2.277350200000000000000000000000E+07
       -0.204216510057449340820312500000    2.276450000000000000000000000000E+07
       -0.203216508030891418457031250000    2.275542600000000000000000000000E+07
       -0.202216506004333496093750000000    2.274628000000000000000000000000E+07
       -0.201216503977775573730468750000    2.273706200000000000000000000000E+07
       -0.200216501951217651367187500000    2.272777200000000000000000000000E+07
       -0.199216499924659729003906250000    2.271841000000000000000000000000E+07
       -0.198216497898101806640625000000    2.270897600000000000000000000000E+07
       -0.197216495871543884277343750000    2.269947000000000000000000000000E+07
       -0.196216493844985961914062500000    2.268989200000000000000000000000E+07
       -0.195216491818428039550781250000    2.268024200000000000000000000000E+07
       -0.194216489791870117187500000000    2.267052000000000000000000000000E+07
       -0.193216487765312194824218750000    2.266072600000000000000000000000E+07
       -0.192216485738754272460937500000    2.265086000000000000000000000000E+07
       -0.191216483712196350097656250000    2.264092200000000000000000000000E+07
       -0.190216481685638427734375000000    2.263091200000000000000000000000E+07
       -0.189216479659080505371093750000    2.262083000000000000000000000000E+07
       -0.188216477632522583007812500000    2.261067600000000000000000000000E+07
       -0.187216475605964660644531250000    2.260045000000000000000000000000E+07
       -0.186216473579406738281250000000    2.259015200000000000000000000000E+07
       -0.185216471552848815917968750000    2.257977800000000000000000000000E+07
       -0.184216469526290893554687500000    2.256932800000000000000000000000E+07
       -0.183216467499732971191406250000    2.255880200000000000000000000000E+07
       -0.182216465473175048828125000000    2.254820000000000000000000000000E+07
       -0.181216463446617126464843750000    2.253752200000000000000000000000E+07
       -0.180216461420059204101562500000    2.252676800000000000000000000000E+07
       -0.179216459393501281738281250000    2.251593800000000000000000000000E+07
       -0.178216457366943359375000000000    2.250503200000000000000000000000E+07
       -0.177216455340385437011718750000    2.249405000000000000000000000000E+07
       -0.176216453313827514648437500000    2.248299200000000000000000000000E+07
       -0.175216451287269592285156250000    2.247185800000000000000000000000E+07
       -0.174216449260711669921875000000    2.246064800000000000000000000000E+07
       -0.173216447234153747558593750000    2.244936200000000000000000000000E+07
       -0.172216445207595825195312500000    2.243800000000000000000000000000E+07
       -0.171216443181037902832031250000    2.242656200000000000000000000000E+07
       -0.170216441154479980468750000000    2.241504800000000000000000000000E+07
       -0.169216439127922058105468750000    2.240345800000000000000000000000E+07
       -0.168216437101364135742187500000    2.239179200000000000000000000000E+07
       -0.167216435074806213378906250000    2.238005000000000000000000000000E+07
       -0.166216433048248291015625000000    2.236823200000000000000000000000E+07
       -0.165216431021690368652343750000    2.235633800000000000000000000000E+07
       -0.164216428995132446289062500000    2.234436800000000000000000000000E+07
       -0.163216426968574523925781250000    2.233232200000000000000000000000E+07
       -0.162216424942016601562500000000    2.232020000000000000000000000000E+07
       -0.161216422915458679199218750000    2.230800200000000000000000000000E+07
       -0.160216420888900756835937500000    2.229572800000000000000000000000E+07
       -0.159216418862342834472656250000    2.228337800000000000000000000000E+07
       -0.158216416835784912109375000000    2.227095200000000000000000000000E+07
       -0.157216414809226989746093750000    2.225845000000000000000000000000E+07
       -0.156216412782669067382812500000    2.224587200000000000000000000000E+07
       -0.155216410756111145019531250000    2.223321800000000000000000000000E+07
       -0.154216408729553222656250000000    2.222048800000000000000000000000E+07
       -0.153216406702995300292968750000    2.220768200000000000000000000000E+07
       -0.152216404676437377929687500000    2.219480000000000000000000000000E+07
       -0.151216402649879455566406250000    2.218184200000000000000000000000E+07
       -0.150216400623321533203125000000    2.216880800000000000000000000000E+07
       -0.149216398596763610839843750000    2.215570200000000000000000000000E+07
       -0.148216396570205688476562500000    2.214252400000000000000000000000E+07
       -0.147216394543647766113281250000    2.212927400000000000000000000000E+07
       -0.146216392517089843750000000000    2.211595200000000000000000000000E+07
       -0.145216390490531921386718750000    2.210255800000000000000000000000E+07
       -0.144216388463973999023437500000    2.208909200000000000000000000000E+07
       -0.143216386437416076660156250000    2.207555400000000000000000000000E+07
       -0.142216384410858154296875000000    2.206194400000000000000000000000E+07
       -0.141216382384300231933593750000    2.204826200000000000000000000000E+07
       -0.140216380357742309570312500000    2.203450800000000000000000000000E+07
       -0.139216378331184387207031250000    2.202068200000000000000000000000E+07
       -0.138216376304626464843750000000    2.200678400000000000000000000000E+07
       -0.137216374278068542480468750000    2.199281400000000000000000000000E+07
       -0.136216372251510620117187500000    2.197877200000000000000000000000E+07
       -0.135216370224952697753906250000    2.196465800000000000000000000000E+07
       -0.134216368198394775390625000000    2.195047200000000000000000000000E+07
       -0.133216366171836853027343750000    2.193621400000000000000000000000E+07
       -0.132216364145278930664062500000    2.192188400000000000000000000000E+07
       -0.131216362118721008300781250000    2.190748200000000000000000000000E+07
       -0.130216360092163085937500000000    2.189300800000000000000000000000E+07
       -0.129216358065605163574218750000    2.187846200000000000000000000000E+07
       -0.128216356039047241210937500000    2.186384400000000000000000000000E+07
       -0.127216354012489318847656250000    2.184915400000000000000000000000E+07
       -0.126216351985931396484375000000    2.183439200000000000000000000000E+07
       -0.125216349959373474121093750000    2.181955800000000000000000000000E+07
       -0.124216347932815551757812500000    2.180465200000000000000000000000E+07
       -0.123216345906257629394531250000    2.178967400000000000000000000000E+07
       -0.122216343879699707031250000000    2.177462400000000000000000000000E+07
       -0.121216341853141784667968750000    2.175950200000000000000000000000E+07
       -0.120216339826583862304687500000    2.174430800000000000000000000000E+07
       -0.119216337800025939941406250000    2.172904200000000000000000000000E+07
       -0.118216335773468017578125000000    2.171370400000000000000000000000E+07
       -0.117216333746910095214843750000    2.169829400000000000000000000000E+07
       -0.116216331720352172851562500000    2.168281200000000000000000000000E+07
       -0.115216329693794250488281250000    2.166725800000000000000000000000E+07
       -0.114216327667236328125000000000    2.165163200000000000000000000000E+07
       -0.113216325640678405761718750000    2.163593400000000000000000000000E+07
       -0.112216323614120483398437500000    2.162016400000000000000000000000E+07
       -0.111216321587562561035156250000    2.160432200000000000000000000000E+07
       -0.110216319561004638671875000000    2.158840800000000000000000000000E+07
       -0.109216317534446716308593750000    2.157242200000000000000000000000E+07
       -0.108216315507888793945312500000    2.155636400000000000000000000000E+07
       -0.107216313481330871582031250000    2.154023400000000000000000000000E+07
       -0.106216311454772949218750000000    2.152403200000000000000000000000E+07
       -0.105216309428215026855468750000    2.150775800000000000000000000000E+07
       -0.104216307401657104492187500000    2.149141200000000000000000000000E+07
       -0.103216305375099182128906250000    2.147499400000000000000000000000E+07
       -0.102216303348541259765625000000    2.145850400000000000000000000000E+07
       -0.101216301321983337402343750000    2.144194200000000000000000000000E+07
       -0.100216299295425415039062500000    2.142530800000000000000000000000E+07
       -0.099216297268867492675781250000    2.140860200000000000000000000000E+07
       -0.098216295242309570312500000000    2.139182400000000000000000000000E+07
       -0.097216293215751647949218750000    2.137497400000000000000000000000E+07
       -0.096216291189193725585937500000    2.135805200000000000000000000000E+07
       -0.095216289162635803222656250000    2.134105800000000000000000000000E+07
       -0.094216287136077880859375000000    2.132399200000000000000000000000E+07
       -0.093216285109519958496093750000    2.130685400000000000000000000000E+07
       -0.092216283082962036132812500000    2.128964400000000000000000000000E+07
       -0.091216281056404113769531250000    2.127236200000000000000000000000E+07
       -0.090216279029846191406250000000    2.125500800000000000000000000000E+07
       -0.089216277003288269042968750000    2.123758200000000000000000000000E+07
       -0.088216274976730346679687500000    2.122008400000000000000000000000E+07
       -0.087216272950172424316406250000    2.120251400000000000000000000000E+07
       -0.086216270923614501953125000000    2.118487200000000000000000000000E+07
       -0.085216268897056579589843750000    2.116715800000000000000000000000E+07
       -0.084216266870498657226562500000    2.114937200000000000000000000000E+07
       -0.083216264843940734863281250000    2.113151400000000000000000000000E+07
       -0.082216262817382812500000000000    2.111358400000000000000000000000E+07
       -0.081216260790824890136718750000    2.109558200000000000000000000000E+07
       -0.080216258764266967773437500000    2.107750800000000000000000000000E+07
       -0.079216256737709045410156250000    2.105936200000000000000000000000E+07
       -0.078216254711151123046875000000    2.104114400000000000000000000000E+07
       -0.077216252684593200683593750000    2.102285400000000000000000000000E+07
       -0.076216250658035278320312500000    2.100449200000000000000000000000E+07
       -0.075216248631477355957031250000    2.098605800000000000000000000000E+07
       -0.074216246604919433593750000000    2.096755200000000000000000000000E+07
       -0.073216244578361511230468750000    2.094897800000000000000000000000E+07
       -0.072216242551803588867187500000    2.093033600000000000000000000000E+07
       -0.071216240525245666503906250000    2.091162600000000000000000000000E+07
       -0.070216238498687744140625000000    2.089284800000000000000000000000E+07
       -0.069216236472129821777343750000    2.087400200000000000000000000000E+07
       -0.068216234445571899414062500000    2.085508800000000000000000000000E+07
       -0.067216232419013977050781250000    2.083610200000000000000000000000E+07
       -0.066216230392456054687500000000    2.081704400000000000000000000000E+07
       -0.065216228365898132324218750000    2.079791400000000000000000000000E+07
       -0.064216226339340209960937500000    2.077871200000000000000000000000E+07
       -0.063216224312782287597656250000    2.075943800000000000000000000000E+07
       -0.062216226011514663696289062500    2.074009200000000000000000000000E+07
       -0.061216227710247039794921875000    2.072067400000000000000000000000E+07
       -0.060216229408979415893554687500    2.070118400000000000000000000000E+07
       -0.059216231107711791992187500000    2.068162200000000000000000000000E+07
       -0.058216232806444168090820312500    2.066198800000000000000000000000E+07
       -0.057216234505176544189453125000    2.064228200000000000000000000000E+07
       -0.056216236203908920288085937500    2.062250400000000000000000000000E+07
       -0.055216237902641296386718750000    2.060265400000000000000000000000E+07
       -0.054216239601373672485351562500    2.058273200000000000000000000000E+07
       -0.053216241300106048583984375000    2.056273800000000000000000000000E+07
       -0.052216242998838424682617187500    2.054267200000000000000000000000E+07
       -0.051216244697570800781250000000    2.052253400000000000000000000000E+07
       -0.050216246396303176879882812500    2.050232400000000000000000000000E+07
       -0.049216248095035552978515625000    2.048204200000000000000000000000E+07
       -0.048216249793767929077148437500    2.046168800000000000000000000000E+07
       -0.047216251492500305175781250000    2.044126200000000000000000000000E+07
       -0.046216253191232681274414062500    2.042076400000000000000000000000E+07
       -0.045216254889965057373046875000    2.040019400000000000000000000000E+07
       -0.044216256588697433471679687500    2.037955200000000000000000000000E+07
       -0.043216258287429809570312500000    2.035883800000000000000000000000E+07
       -0.042216259986162185668945312500    2.033805200000000000000000000000E+07
       -0.041216261684894561767578125000    2.031719400000000000000000000000E+07
       -0.040216263383626937866210937500    2.029626400000000000000000000000E+07
       -0.039216265082359313964843750000    2.027526200000000000000000000000E+07
       -0.038216266781091690063476562500    2.025418800000000000000000000000E+07
       -0.037216268479824066162109375000    2.023304200000000000000000000000E+07
       -0.036216270178556442260742187500    2.021182800000000000000000000000E+07
       -0.035216271877288818359375000000    2.019054600000000000000000000000E+07
       -0.034216273576021194458007812500    2.016919600000000000000000000000E+07
       -0.033216275274753570556640625000    2.014777800000000000000000000000E+07
       -0.032216276973485946655273437500    2.012629200000000000000000000000E+07
       -0.031216276809573173522949218750    2.010473800000000000000000000000E+07
       -0.030216276645660400390625000000    2.008311600000000000000000000000E+07
       -0.029216276481747627258300781250    2.006142600000000000000000000000E+07
       -0.028216276317834854125976562500    2.003966800000000000000000000000E+07
       -0.027216276153922080993652343750    2.001784200000000000000000000000E+07
       -0.026216275990009307861328125000    1.999594800000000000000000000000E+07
       -0.025216275826096534729003906250    1.997398600000000000000000000000E+07
       -0.024216275662183761596679687500    1.995195600000000000000000000000E+07
       -0.023216275498270988464355468750    1.992985800000000000000000000000E+07
       -0.022216275334358215332031250000    1.990769200000000000000000000000E+07
       -0.021216275170445442199707031250    1.988545800000000000000000000000E+07
       -0.020216275006532669067382812500    1.986315600000000000000000000000E+07
       -0.019216274842619895935058593750    1.984078600000000000000000000000E+07
       -0.018216274678707122802734375000    1.981834800000000000000000000000E+07
       -0.017216274514794349670410156250    1.979584200000000000000000000000E+07
       -0.016216274350881576538085937500    1.977326800000000000000000000000E+07
       -0.015216274186968803405761718750    1.975062600000000000000000000000E+07
       -0.014216274023056030273437500000    1.972791600000000000000000000000E+07
       -0.013216273859143257141113281250    1.970513800000000000000000000000E+07
       -0.012216273695230484008789062500    1.968229200000000000000000000000E+07
       -0.011216273531317710876464843750    1.965937800000000000000000000000E+07
       -0.010216273367404937744140625000    1.963639600000000000000000000000E+07
       -0.009216273203492164611816406250    1.961334600000000000000000000000E+07
       -0.008216273039579391479492187500    1.959022800000000000000000000000E+07
       -0.007216272875666618347167968750    1.956704200000000000000000000000E+07
       -0.006216272711753845214843750000    1.954378800000000000000000000000E+07
       -0.005216272547841072082519531250    1.952046600000000000000000000000E+07
       -0.004216272383928298950195312500    1.949707600000000000000000000000E+07
       -0.003216272220015525817871093750    1.947361800000000000000000000000E+07
       -0.002216272056102752685546875000    1.945009200000000000000000000000E+07
       -0.001216272008605301380157470703    1.942649800000000000000000000000E+07
       -0.000216271961107850074768066406    1.940283600000000000000000000000E+07
        0.000783728086389601230621337891    1.937910600000000000000000000000E+07
        0.001783728133887052536010742188    1.935530800000000000000000000000E+07
        0.002783728297799825668334960938    1.933144200000000000000000000000E+07
        0.003783728461712598800659179688    1.930750800000000000000000000000E+07
        0.004783728625625371932983398438    1.928350600000000000000000000000E+07
        0.005783728789538145065307617188    1.925943600000000000000000000000E+07
        0.006783728953450918197631835938    1.923529800000000000000000000000E+07
        0.007783729117363691329956054688    1.921109200000000000000000000000E+07
        0.008783728815615177154541015625    1.918681800000000000000000000000E+07
        0.009783728979527950286865234375    1.916247600000000000000000000000E+07
        0.010783729143440723419189453125    1.913806600000000000000000000000E+07
        0.011783729307353496551513671875    1.911358800000000000000000000000E+07
        0.012783729471266269683837890625    1.908904200000000000000000000000E+07
        0.013783729635179042816162109375    1.906443200000000000000000000000E+07
        0.014783729799091815948486328125    1.903975800000000000000000000000E+07
        0.015783729031682014465332031250    1.901502000000000000000000000000E+07
        0.016783729195594787597656250000    1.899021800000000000000000000000E+07
        0.017783729359507560729980468750    1.896535200000000000000000000000E+07
        0.018783729523420333862304687500    1.894042200000000000000000000000E+07
        0.019783729687333106994628906250    1.891542800000000000000000000000E+07
        0.020783729851245880126953125000    1.889037000000000000000000000000E+07
        0.021783730015158653259277343750    1.886524800000000000000000000000E+07
        0.022783730179071426391601562500    1.884006200000000000000000000000E+07
        0.023783730342984199523925781250    1.881481200000000000000000000000E+07
        0.024783730506896972656250000000    1.878949800000000000000000000000E+07
        0.025783730670809745788574218750    1.876412000000000000000000000000E+07
        0.026783730834722518920898437500    1.873867800000000000000000000000E+07
        0.027783730998635292053222656250    1.871317200000000000000000000000E+07
        0.028783731162548065185546875000    1.868760200000000000000000000000E+07
        0.029783731326460838317871093750    1.866196800000000000000000000000E+07
        0.030783731490373611450195312500    1.863627000000000000000000000000E+07
        0.031783729791641235351562500000    1.861050800000000000000000000000E+07
        0.032783728092908859252929687500    1.858468200000000000000000000000E+07
        0.033783726394176483154296875000    1.855879200000000000000000000000E+07
        0.034783724695444107055664062500    1.853283800000000000000000000000E+07
        0.035783722996711730957031250000    1.850682000000000000000000000000E+07
        0.036783721297979354858398437500    1.848073800000000000000000000000E+07
        0.037783719599246978759765625000    1.845459200000000000000000000000E+07
        0.038783717900514602661132812500    1.842838200000000000000000000000E+07
        0.039783716201782226562500000000    1.840210800000000000000000000000E+07
        0.040783714503049850463867187500    1.837577000000000000000000000000E+07
        0.041783712804317474365234375000    1.834936800000000000000000000000E+07
        0.042783711105585098266601562500    1.832290200000000000000000000000E+07
        0.043783709406852722167968750000    1.829637200000000000000000000000E+07
        0.044783707708120346069335937500    1.826977800000000000000000000000E+07
        0.045783706009387969970703125000    1.824312000000000000000000000000E+07
        0.046783704310655593872070312500    1.821639800000000000000000000000E+07
        0.047783702611923217773437500000    1.818961200000000000000000000000E+07
        0.048783700913190841674804687500    1.816276200000000000000000000000E+07
        0.049783699214458465576171875000    1.813584800000000000000000000000E+07
        0.050783697515726089477539062500    1.810887000000000000000000000000E+07
        0.051783695816993713378906250000    1.808182800000000000000000000000E+07
        0.052783694118261337280273437500    1.805472200000000000000000000000E+07
        0.053783692419528961181640625000    1.802755200000000000000000000000E+07
        0.054783690720796585083007812500    1.800031800000000000000000000000E+07
        0.055783689022064208984375000000    1.797302000000000000000000000000E+07
        0.056783687323331832885742187500    1.794565800000000000000000000000E+07
        0.057783685624599456787109375000    1.791823200000000000000000000000E+07
        0.058783683925867080688476562500    1.789074600000000000000000000000E+07
        0.059783682227134704589843750000    1.786320000000000000000000000000E+07
        0.060783680528402328491210937500    1.783559400000000000000000000000E+07
        0.061783678829669952392578125000    1.780792800000000000000000000000E+07
        0.062783680856227874755859375000    1.778020200000000000000000000000E+07
        0.063783682882785797119140625000    1.775241600000000000000000000000E+07
        0.064783684909343719482421875000    1.772457000000000000000000000000E+07
        0.065783686935901641845703125000    1.769666400000000000000000000000E+07
        0.066783688962459564208984375000    1.766869800000000000000000000000E+07
        0.067783690989017486572265625000    1.764067200000000000000000000000E+07
        0.068783693015575408935546875000    1.761258600000000000000000000000E+07
        0.069783695042133331298828125000    1.758444000000000000000000000000E+07
        0.070783697068691253662109375000    1.755623400000000000000000000000E+07
        0.071783699095249176025390625000    1.752796800000000000000000000000E+07
        0.072783701121807098388671875000    1.749964200000000000000000000000E+07
        0.073783703148365020751953125000    1.747125600000000000000000000000E+07
        0.074783705174922943115234375000    1.744281000000000000000000000000E+07
        0.075783707201480865478515625000    1.741430400000000000000000000000E+07
        0.076783709228038787841796875000    1.738573800000000000000000000000E+07
        0.077783711254596710205078125000    1.735711200000000000000000000000E+07
        0.078783713281154632568359375000    1.732843000000000000000000000000E+07
        0.079783715307712554931640625000    1.729969200000000000000000000000E+07
        0.080783717334270477294921875000    1.727089800000000000000000000000E+07
        0.081783719360828399658203125000    1.724204800000000000000000000000E+07
        0.082783721387386322021484375000    1.721314200000000000000000000000E+07
        0.083783723413944244384765625000    1.718418000000000000000000000000E+07
        0.084783725440502166748046875000    1.715516200000000000000000000000E+07
        0.085783727467060089111328125000    1.712608800000000000000000000000E+07
        0.086783729493618011474609375000    1.709695800000000000000000000000E+07
        0.087783731520175933837890625000    1.706777200000000000000000000000E+07
        0.088783733546733856201171875000    1.703853000000000000000000000000E+07
        0.089783735573291778564453125000    1.700923200000000000000000000000E+07
        0.090783737599849700927734375000    1.697987800000000000000000000000E+07
        0.091783739626407623291015625000    1.695046800000000000000000000000E+07
        0.092783741652965545654296875000    1.692100200000000000000000000000E+07
        0.093783743679523468017578125000    1.689148000000000000000000000000E+07
        0.094783745706081390380859375000    1.686190200000000000000000000000E+07
        0.095783747732639312744140625000    1.683226800000000000000000000000E+07
        0.096783749759197235107421875000    1.680257800000000000000000000000E+07
        0.097783751785755157470703125000    1.677283200000000000000000000000E+07
        0.098783753812313079833984375000    1.674303000000000000000000000000E+07
        0.099783755838871002197265625000    1.671317200000000000000000000000E+07
        0.100783757865428924560546875000    1.668325800000000000000000000000E+07
        0.101783759891986846923828125000    1.665328800000000000000000000000E+07
        0.102783761918544769287109375000    1.662326200000000000000000000000E+07
        0.103783763945102691650390625000    1.659318000000000000000000000000E+07
        0.104783765971660614013671875000    1.656304200000000000000000000000E+07
        0.105783767998218536376953125000    1.653284800000000000000000000000E+07
        0.106783770024776458740234375000    1.650259800000000000000000000000E+07
        0.107783772051334381103515625000    1.647229200000000000000000000000E+07
        0.108783774077892303466796875000    1.644193200000000000000000000000E+07
        0.109783776104450225830078125000    1.641151800000000000000000000000E+07
        0.110783778131008148193359375000    1.638105000000000000000000000000E+07
        0.111783780157566070556640625000    1.635052800000000000000000000000E+07
        0.112783782184123992919921875000    1.631995200000000000000000000000E+07
        0.113783784210681915283203125000    1.628932200000000000000000000000E+07
        0.114783786237239837646484375000    1.625863800000000000000000000000E+07
        0.115783788263797760009765625000    1.622790000000000000000000000000E+07
        0.116783790290355682373046875000    1.619710800000000000000000000000E+07
        0.117783792316913604736328125000    1.616626200000000000000000000000E+07
        0.118783794343471527099609375000    1.613536200000000000000000000000E+07
        0.119783796370029449462890625000    1.610440800000000000000000000000E+07
        0.120783798396587371826171875000    1.607340000000000000000000000000E+07
        0.121783800423145294189453125000    1.604233800000000000000000000000E+07
        0.122783802449703216552734375000    1.601122200000000000000000000000E+07
        0.123783804476261138916015625000    1.598005200000000000000000000000E+07
        0.124783806502819061279296875000    1.594882800000000000000000000000E+07
        0.125783801078796386718750000000    1.591755000000000000000000000000E+07
        0.126783803105354309082031250000    1.588621800000000000000000000000E+07
        0.127783805131912231445312500000    1.585483200000000000000000000000E+07
        0.128783807158470153808593750000    1.582339400000000000000000000000E+07
        0.129783809185028076171875000000    1.579190400000000000000000000000E+07
        0.130783811211585998535156250000    1.576036200000000000000000000000E+07
        0.131783813238143920898437500000    1.572876800000000000000000000000E+07
        0.132783815264701843261718750000    1.569712200000000000000000000000E+07
        0.133783817291259765625000000000    1.566542400000000000000000000000E+07
        0.134783819317817687988281250000    1.563367400000000000000000000000E+07
        0.135783821344375610351562500000    1.560187200000000000000000000000E+07
        0.136783823370933532714843750000    1.557001800000000000000000000000E+07
        0.137783825397491455078125000000    1.553811200000000000000000000000E+07
        0.138783827424049377441406250000    1.550615400000000000000000000000E+07
        0.139783829450607299804687500000    1.547414400000000000000000000000E+07
        0.140783831477165222167968750000    1.544208200000000000000000000000E+07
        0.141783833503723144531250000000    1.540996800000000000000000000000E+07
        0.142783835530281066894531250000    1.537780200000000000000000000000E+07
        0.143783837556838989257812500000    1.534558400000000000000000000000E+07
        0.144783839583396911621093750000    1.531331400000000000000000000000E+07
        0.145783841609954833984375000000    1.528099200000000000000000000000E+07
        0.146783843636512756347656250000    1.524861800000000000000000000000E+07
        0.147783845663070678710937500000    1.521619400000000000000000000000E+07
        0.148783847689628601074218750000    1.518372000000000000000000000000E+07
        0.149783849716186523437500000000    1.515119600000000000000000000000E+07
        0.150783851742744445800781250000    1.511862200000000000000000000000E+07
        0.151783853769302368164062500000    1.508599800000000000000000000000E+07
        0.152783855795860290527343750000    1.505332400000000000000000000000E+07
        0.153783857822418212890625000000    1.502060000000000000000000000000E+07
        0.154783859848976135253906250000    1.498782600000000000000000000000E+07
        0.155783861875534057617187500000    1.495500200000000000000000000000E+07
        0.156783863902091979980468750000    1.492212800000000000000000000000E+07
        0.157783865928649902343750000000    1.488920400000000000000000000000E+07
        0.158783867955207824707031250000    1.485623000000000000000000000000E+07
        0.159783869981765747070312500000    1.482320600000000000000000000000E+07
        0.160783872008323669433593750000    1.479013200000000000000000000000E+07
        0.161783874034881591796875000000    1.475700800000000000000000000000E+07
        0.162783876061439514160156250000    1.472383400000000000000000000000E+07
        0.163783878087997436523437500000    1.469061000000000000000000000000E+07
        0.164783880114555358886718750000    1.465733600000000000000000000000E+07
        0.165783882141113281250000000000    1.462401400000000000000000000000E+07
        0.166783884167671203613281250000    1.459064400000000000000000000000E+07
        0.167783886194229125976562500000    1.455722600000000000000000000000E+07
        0.168783888220787048339843750000    1.452376000000000000000000000000E+07
        0.169783890247344970703125000000    1.449024600000000000000000000000E+07
        0.170783892273902893066406250000    1.445668400000000000000000000000E+07
        0.171783894300460815429687500000    1.442307400000000000000000000000E+07
        0.172783896327018737792968750000    1.438941600000000000000000000000E+07
        0.173783898353576660156250000000    1.435571000000000000000000000000E+07
        0.174783900380134582519531250000    1.432195600000000000000000000000E+07
        0.175783902406692504882812500000    1.428815400000000000000000000000E+07
        0.176783904433250427246093750000    1.425430400000000000000000000000E+07
        0.177783906459808349609375000000    1.422040600000000000000000000000E+07
        0.178783908486366271972656250000    1.418646000000000000000000000000E+07
        0.179783910512924194335937500000    1.415246600000000000000000000000E+07
        0.180783912539482116699218750000    1.411842400000000000000000000000E+07
        0.181783914566040039062500000000    1.408433400000000000000000000000E+07
        0.182783916592597961425781250000    1.405019600000000000000000000000E+07
        0.183783918619155883789062500000    1.401601200000000000000000000000E+07
        0.184783920645713806152343750000    1.398178200000000000000000000000E+07
        0.185783922672271728515625000000    1.394750600000000000000000000000E+07
        0.186783924698829650878906250000    1.391318600000000000000000000000E+07
        0.187783926725387573242187500000    1.387882200000000000000000000000E+07
        0.188783928751945495605468750000    1.384441400000000000000000000000E+07
        0.189783930778503417968750000000    1.380996200000000000000000000000E+07
        0.190783932805061340332031250000    1.377546600000000000000000000000E+07
        0.191783934831619262695312500000    1.374092600000000000000000000000E+07
        0.192783936858177185058593750000    1.370634200000000000000000000000E+07
        0.193783938884735107421875000000    1.367171400000000000000000000000E+07
        0.194783940911293029785156250000    1.363704200000000000000000000000E+07
        0.195783942937850952148437500000    1.360232600000000000000000000000E+07
        0.196783944964408874511718750000    1.356756600000000000000000000000E+07
        0.197783946990966796875000000000    1.353276200000000000000000000000E+07
        0.198783949017524719238281250000    1.349791400000000000000000000000E+07
        0.199783951044082641601562500000    1.346302200000000000000000000000E+07
        0.200783953070640563964843750000    1.342808600000000000000000000000E+07
        0.201783955097198486328125000000    1.339310600000000000000000000000E+07
        0.202783957123756408691406250000    1.335808200000000000000000000000E+07
        0.203783959150314331054687500000    1.332301600000000000000000000000E+07
        0.204783961176872253417968750000    1.328790800000000000000000000000E+07
        0.205783963203430175781250000000    1.325275800000000000000000000000E+07
        0.206783965229988098144531250000    1.321756600000000000000000000000E+07
        0.207783967256546020507812500000    1.318233200000000000000000000000E+07
        0.208783969283103942871093750000    1.314705600000000000000000000000E+07
        0.209783971309661865234375000000    1.311173800000000000000000000000E+07
        0.210783973336219787597656250000    1.307637800000000000000000000000E+07
        0.211783975362777709960937500000    1.304097600000000000000000000000E+07
        0.212783977389335632324218750000    1.300553200000000000000000000000E+07
        0.213783979415893554687500000000    1.297004600000000000000000000000E+07
        0.214783981442451477050781250000    1.293451800000000000000000000000E+07
        0.215783983469009399414062500000    1.289894800000000000000000000000E+07
        0.216783985495567321777343750000    1.286333600000000000000000000000E+07
        0.217783987522125244140625000000    1.282768200000000000000000000000E+07
        0.218783989548683166503906250000    1.279198600000000000000000000000E+07
        0.219783991575241088867187500000    1.275624800000000000000000000000E+07
        0.220783993601799011230468750000    1.272046800000000000000000000000E+07
        0.221783995628356933593750000000    1.268464800000000000000000000000E+07
        0.222783997654914855957031250000    1.264878800000000000000000000000E+07
        0.223783999681472778320312500000    1.261288800000000000000000000000E+07
        0.224784001708030700683593750000    1.257694800000000000000000000000E+07
        0.225784003734588623046875000000    1.254096800000000000000000000000E+07
        0.226784005761146545410156250000    1.250494800000000000000000000000E+07
        0.227784007787704467773437500000    1.246888800000000000000000000000E+07
        0.228784009814262390136718750000    1.243278800000000000000000000000E+07
        0.229784011840820312500000000000    1.239664800000000000000000000000E+07
        0.230784013867378234863281250000    1.236046800000000000000000000000E+07
        0.231784015893936157226562500000    1.232424800000000000000000000000E+07
        0.232784017920494079589843750000    1.228798800000000000000000000000E+07
        0.233784019947052001953125000000    1.225168800000000000000000000000E+07
        0.234784021973609924316406250000    1.221534800000000000000000000000E+07
        0.235784024000167846679687500000    1.217896800000000000000000000000E+07
        0.236784026026725769042968750000    1.214254800000000000000000000000E+07
        0.237784028053283691406250000000    1.210608800000000000000000000000E+07
        0.238784030079841613769531250000    1.206959000000000000000000000000E+07
        0.239784032106399536132812500000    1.203305400000000000000000000000E+07
        0.240784034132957458496093750000    1.199648000000000000000000000000E+07
        0.241784036159515380859375000000    1.195986800000000000000000000000E+07
        0.242784038186073303222656250000    1.192321800000000000000000000000E+07
        0.243784040212631225585937500000    1.188653000000000000000000000000E+07
        0.244784042239189147949218750000    1.184980400000000000000000000000E+07
        0.245784044265747070312500000000    1.181304000000000000000000000000E+07
        0.246784046292304992675781250000    1.177623800000000000000000000000E+07
        0.247784048318862915039062500000    1.173939800000000000000000000000E+07
        0.248784050345420837402343750000    1.170252000000000000000000000000E+07
        0.249784052371978759765625000000    1.166560400000000000000000000000E+07
        0.250784039497375488281250000000    1.162865000000000000000000000000E+07
        0.251784026622772216796875000000    1.159165800000000000000000000000E+07
        0.252784013748168945312500000000    1.155462800000000000000000000000E+07
        0.253784000873565673828125000000    1.151756200000000000000000000000E+07
        0.254783987998962402343750000000    1.148046000000000000000000000000E+07
        0.255783975124359130859375000000    1.144332200000000000000000000000E+07
        0.256783962249755859375000000000    1.140614800000000000000000000000E+07
        0.257783949375152587890625000000    1.136893800000000000000000000000E+07
        0.258783936500549316406250000000    1.133169200000000000000000000000E+07
        0.259783923625946044921875000000    1.129441000000000000000000000000E+07
        0.260783910751342773437500000000    1.125709200000000000000000000000E+07
        0.261783897876739501953125000000    1.121974000000000000000000000000E+07
        0.262783885002136230468750000000    1.118235400000000000000000000000E+07
        0.263783872127532958984375000000    1.114493400000000000000000000000E+07
        0.264783859252929687500000000000    1.110748000000000000000000000000E+07
        0.265783846378326416015625000000    1.106999200000000000000000000000E+07
        0.266783833503723144531250000000    1.103247000000000000000000000000E+07
        0.267783820629119873046875000000    1.099491400000000000000000000000E+07
        0.268783807754516601562500000000    1.095732400000000000000000000000E+07
        0.269783794879913330078125000000    1.091970000000000000000000000000E+07
        0.270783782005310058593750000000    1.088204200000000000000000000000E+07
        0.271783769130706787109375000000    1.084435000000000000000000000000E+07
        0.272783756256103515625000000000    1.080662400000000000000000000000E+07
        0.273783743381500244140625000000    1.076886400000000000000000000000E+07
        0.274783730506896972656250000000    1.073107000000000000000000000000E+07
        0.275783717632293701171875000000    1.069324200000000000000000000000E+07
        0.276783704757690429687500000000    1.065538000000000000000000000000E+07
        0.277783691883087158203125000000    1.061748400000000000000000000000E+07
        0.278783679008483886718750000000    1.057955600000000000000000000000E+07
        0.279783666133880615234375000000    1.054159600000000000000000000000E+07
        0.280783653259277343750000000000    1.050360400000000000000000000000E+07
        0.281783640384674072265625000000    1.046558000000000000000000000000E+07
        0.282783627510070800781250000000    1.042752400000000000000000000000E+07
        0.283783614635467529296875000000    1.038943600000000000000000000000E+07
        0.284783601760864257812500000000    1.035131600000000000000000000000E+07
        0.285783588886260986328125000000    1.031316400000000000000000000000E+07
        0.286783576011657714843750000000    1.027498000000000000000000000000E+07
        0.287783563137054443359375000000    1.023676400000000000000000000000E+07
        0.288783550262451171875000000000    1.019851600000000000000000000000E+07
        0.289783537387847900390625000000    1.016023600000000000000000000000E+07
        0.290783524513244628906250000000    1.012192400000000000000000000000E+07
        0.291783511638641357421875000000    1.008358000000000000000000000000E+07
        0.292783498764038085937500000000    1.004520400000000000000000000000E+07
        0.293783485889434814453125000000    1.000679600000000000000000000000E+07
        0.294783473014831542968750000000    9.968356000000000000000000000000E+06
        0.295783460140228271484375000000    9.929886000000000000000000000000E+06
        0.296783447265625000000000000000    9.891386000000000000000000000000E+06
        0.297783434391021728515625000000    9.852856000000000000000000000000E+06
        0.298783421516418457031250000000    9.814296000000000000000000000000E+06
        0.299783408641815185546875000000    9.775706000000000000000000000000E+06
        0.300783395767211914062500000000    9.737086000000000000000000000000E+06
        0.301783382892608642578125000000    9.698436000000000000000000000000E+06
        0.302783370018005371093750000000    9.659756000000000000000000000000E+06
        0.303783357143402099609375000000    9.621046000000000000000000000000E+06
        0.304783344268798828125000000000    9.582306000000000000000000000000E+06
        0.305783331394195556640625000000    9.543536000000000000000000000000E+06
        0.306783318519592285156250000000    9.504738000000000000000000000000E+06
        0.307783305644989013671875000000    9.465912000000000000000000000000E+06
        0.308783292770385742187500000000    9.427058000000000000000000000000E+06
        0.309783279895782470703125000000    9.388176000000000000000000000000E+06
        0.310783267021179199218750000000    9.349266000000000000000000000000E+06
        0.311783254146575927734375000000    9.310328000000000000000000000000E+06
        0.312783241271972656250000000000    9.271362000000000000000000000000E+06
        0.313783228397369384765625000000    9.232368000000000000000000000000E+06
        0.314783215522766113281250000000    9.193346000000000000000000000000E+06
        0.315783202648162841796875000000    9.154296000000000000000000000000E+06
        0.316783189773559570312500000000    9.115218000000000000000000000000E+06
        0.317783176898956298828125000000    9.076112000000000000000000000000E+06
        0.318783164024353027343750000000    9.036978000000000000000000000000E+06
        0.319783151149749755859375000000    8.997818000000000000000000000000E+06
        0.320783138275146484375000000000    8.958632000000000000000000000000E+06
        0.321783125400543212890625000000    8.919420000000000000000000000000E+06
        0.322783112525939941406250000000    8.880182000000000000000000000000E+06
        0.323783099651336669921875000000    8.840918000000000000000000000000E+06
        0.324783086776733398437500000000    8.801628000000000000000000000000E+06
        0.325783073902130126953125000000    8.762312000000000000000000000000E+06
        0.326783061027526855468750000000    8.722970000000000000000000000000E+06
        0.327783048152923583984375000000    8.683602000000000000000000000000E+06
        0.328783035278320312500000000000    8.644208000000000000000000000000E+06
        0.329783022403717041015625000000    8.604788000000000000000000000000E+06
        0.330783009529113769531250000000    8.565342000000000000000000000000E+06
        0.331782996654510498046875000000    8.525870000000000000000000000000E+06
        0.332782983779907226562500000000    8.486372000000000000000000000000E+06
        0.333782970905303955078125000000    8.446848000000000000000000000000E+06
        0.334782958030700683593750000000    8.407298000000000000000000000000E+06
        0.335782945156097412109375000000    8.367722000000000000000000000000E+06
        0.336782932281494140625000000000    8.328121000000000000000000000000E+06
        0.337782919406890869140625000000    8.288495000000000000000000000000E+06
        0.338782906532287597656250000000    8.248844000000000000000000000000E+06
        0.339782893657684326171875000000    8.209168000000000000000000000000E+06
        0.340782880783081054687500000000    8.169468000000000000000000000000E+06
        0.341782867908477783203125000000    8.129744000000000000000000000000E+06
        0.342782855033874511718750000000    8.089996000000000000000000000000E+06
        0.343782842159271240234375000000    8.050224000000000000000000000000E+06
        0.344782829284667968750000000000    8.010428000000000000000000000000E+06
        0.345782816410064697265625000000    7.970608000000000000000000000000E+06
        0.346782803535461425781250000000    7.930764000000000000000000000000E+06
        0.347782790660858154296875000000    7.890896000000000000000000000000E+06
        0.348782777786254882812500000000    7.851004000000000000000000000000E+06
        0.349782764911651611328125000000    7.811089000000000000000000000000E+06
        0.350782752037048339843750000000    7.771151000000000000000000000000E+06
        0.351782739162445068359375000000    7.731190000000000000000000000000E+06
        0.352782726287841796875000000000    7.691207000000000000000000000000E+06
        0.353782713413238525390625000000    7.651202000000000000000000000000E+06
        0.354782700538635253906250000000    7.611175000000000000000000000000E+06
        0.355782687664031982421875000000    7.571126000000000000000000000000E+06
        0.356782674789428710937500000000    7.531055000000000000000000000000E+06
        0.357782661914825439453125000000    7.490962000000000000000000000000E+06
        0.358782649040222167968750000000    7.450848000000000000000000000000E+06
        0.359782636165618896484375000000    7.410713000000000000000000000000E+06
        0.360782623291015625000000000000    7.370557000000000000000000000000E+06
        0.361782610416412353515625000000    7.330380000000000000000000000000E+06
        0.362782597541809082031250000000    7.290182000000000000000000000000E+06
        0.363782584667205810546875000000    7.249963000000000000000000000000E+06
        0.364782571792602539062500000000    7.209723000000000000000000000000E+06
        0.365782558917999267578125000000    7.169462000000000000000000000000E+06
        0.366782546043395996093750000000    7.129180000000000000000000000000E+06
        0.367782533168792724609375000000    7.088878000000000000000000000000E+06
        0.368782520294189453125000000000    7.048556000000000000000000000000E+06
        0.369782507419586181640625000000    7.008214000000000000000000000000E+06
        0.370782494544982910156250000000    6.967852000000000000000000000000E+06
        0.371782481670379638671875000000    6.927470000000000000000000000000E+06
        0.372782468795776367187500000000    6.887068000000000000000000000000E+06
        0.373782455921173095703125000000    6.846646000000000000000000000000E+06
        0.374782443046569824218750000000    6.806204000000000000000000000000E+06
        0.375782430171966552734375000000    6.765743000000000000000000000000E+06
        0.376782417297363281250000000000    6.725263000000000000000000000000E+06
        0.377782404422760009765625000000    6.684764000000000000000000000000E+06
        0.378782391548156738281250000000    6.644246000000000000000000000000E+06
        0.379782378673553466796875000000    6.603709000000000000000000000000E+06
        0.380782365798950195312500000000    6.563153000000000000000000000000E+06
        0.381782352924346923828125000000    6.522578000000000000000000000000E+06
        0.382782340049743652343750000000    6.481984000000000000000000000000E+06
        0.383782327175140380859375000000    6.441371000000000000000000000000E+06
        0.384782314300537109375000000000    6.400740000000000000000000000000E+06
        0.385782301425933837890625000000    6.360091000000000000000000000000E+06
        0.386782288551330566406250000000    6.319424000000000000000000000000E+06
        0.387782275676727294921875000000    6.278739000000000000000000000000E+06
        0.388782262802124023437500000000    6.238036000000000000000000000000E+06
        0.389782249927520751953125000000    6.197315000000000000000000000000E+06
        0.390782237052917480468750000000    6.156576000000000000000000000000E+06
        0.391782224178314208984375000000    6.115819000000000000000000000000E+06
        0.392782211303710937500000000000    6.075045000000000000000000000000E+06
        0.393782198429107666015625000000    6.034254000000000000000000000000E+06
        0.394782185554504394531250000000    5.993446000000000000000000000000E+06
        0.395782172679901123046875000000    5.952622000000000000000000000000E+06
        0.396782159805297851562500000000    5.911782000000000000000000000000E+06
        0.397782146930694580078125000000    5.870926000000000000000000000000E+06
        0.398782134056091308593750000000    5.830054000000000000000000000000E+06
        0.399782121181488037109375000000    5.789166000000000000000000000000E+06
        0.400782108306884765625000000000    5.748262000000000000000000000000E+06
        0.401782095432281494140625000000    5.707342000000000000000000000000E+06
        0.402782082557678222656250000000    5.666406000000000000000000000000E+06
        0.403782069683074951171875000000    5.625454000000000000000000000000E+06
        0.404782056808471679687500000000    5.584487000000000000000000000000E+06
        0.405782043933868408203125000000    5.543505000000000000000000000000E+06
        0.406782031059265136718750000000    5.502508000000000000000000000000E+06
        0.407782018184661865234375000000    5.461496000000000000000000000000E+06
        0.408782005310058593750000000000    5.420469000000000000000000000000E+06
        0.409781992435455322265625000000    5.379427000000000000000000000000E+06
        0.410781979560852050781250000000    5.338370000000000000000000000000E+06
        0.411781966686248779296875000000    5.297298000000000000000000000000E+06
        0.412781953811645507812500000000    5.256211000000000000000000000000E+06
        0.413781940937042236328125000000    5.215110000000000000000000000000E+06
        0.414781928062438964843750000000    5.173995000000000000000000000000E+06
        0.415781915187835693359375000000    5.132866000000000000000000000000E+06
        0.416781902313232421875000000000    5.091723000000000000000000000000E+06
        0.417781889438629150390625000000    5.050566000000000000000000000000E+06
        0.418781876564025878906250000000    5.009395000000000000000000000000E+06
        0.419781863689422607421875000000    4.968210000000000000000000000000E+06
        0.420781850814819335937500000000    4.927011000000000000000000000000E+06
        0.421781837940216064453125000000    4.885798000000000000000000000000E+06
        0.422781825065612792968750000000    4.844572000000000000000000000000E+06
        0.423781812191009521484375000000    4.803333000000000000000000000000E+06
        0.424781799316406250000000000000    4.762081000000000000000000000000E+06
        0.425781786441802978515625000000    4.720816000000000000000000000000E+06
        0.426781773567199707031250000000    4.679538000000000000000000000000E+06
        0.427781760692596435546875000000    4.638247000000000000000000000000E+06
        0.428781747817993164062500000000    4.596944000000000000000000000000E+06
        0.429781734943389892578125000000    4.555629000000000000000000000000E+06
        0.430781722068786621093750000000    4.514302000000000000000000000000E+06
        0.431781709194183349609375000000    4.472963000000000000000000000000E+06
        0.432781696319580078125000000000    4.431612000000000000000000000000E+06
        0.433781683444976806640625000000    4.390249000000000000000000000000E+06
        0.434781670570373535156250000000    4.348874000000000000000000000000E+06
        0.435781657695770263671875000000    4.307488000000000000000000000000E+06
        0.436781644821166992187500000000    4.266091000000000000000000000000E+06
        0.437781631946563720703125000000    4.224683000000000000000000000000E+06
        0.438781619071960449218750000000    4.183264000000000000000000000000E+06
        0.439781606197357177734375000000    4.141834000000000000000000000000E+06
        0.440781593322753906250000000000    4.100393000000000000000000000000E+06
        0.441781580448150634765625000000    4.058941000000000000000000000000E+06
        0.442781567573547363281250000000    4.017478500000000000000000000000E+06
        0.443781554698944091796875000000    3.976005500000000000000000000000E+06
        0.444781541824340820312500000000    3.934522000000000000000000000000E+06
        0.445781528949737548828125000000    3.893028000000000000000000000000E+06
        0.446781516075134277343750000000    3.851524000000000000000000000000E+06
        0.447781503200531005859375000000    3.810010000000000000000000000000E+06
        0.448781490325927734375000000000    3.768486000000000000000000000000E+06
        0.449781477451324462890625000000    3.726952000000000000000000000000E+06
        0.450781464576721191406250000000    3.685408000000000000000000000000E+06
        0.451781451702117919921875000000    3.643854500000000000000000000000E+06
        0.452781438827514648437500000000    3.602291500000000000000000000000E+06
        0.453781425952911376953125000000    3.560719000000000000000000000000E+06
        0.454781413078308105468750000000    3.519137000000000000000000000000E+06
        0.455781400203704833984375000000    3.477546000000000000000000000000E+06
        0.456781387329101562500000000000    3.435946000000000000000000000000E+06
        0.457781374454498291015625000000    3.394337000000000000000000000000E+06
        0.458781361579895019531250000000    3.352719000000000000000000000000E+06
        0.459781348705291748046875000000    3.311092000000000000000000000000E+06
        0.460781335830688476562500000000    3.269456500000000000000000000000E+06
        0.461781322956085205078125000000    3.227812500000000000000000000000E+06
        0.462781310081481933593750000000    3.186160500000000000000000000000E+06
        0.463781297206878662109375000000    3.144500500000000000000000000000E+06
        0.464781284332275390625000000000    3.102832500000000000000000000000E+06
        0.465781271457672119140625000000    3.061156500000000000000000000000E+06
        0.466781258583068847656250000000    3.019473000000000000000000000000E+06
        0.467781245708465576171875000000    2.977782000000000000000000000000E+06
        0.468781232833862304687500000000    2.936083500000000000000000000000E+06
        0.469781219959259033203125000000    2.894377500000000000000000000000E+06
        0.470781207084655761718750000000    2.852664500000000000000000000000E+06
        0.471781194210052490234375000000    2.810944500000000000000000000000E+06
        0.472781181335449218750000000000    2.769217500000000000000000000000E+06
        0.473781168460845947265625000000    2.727483500000000000000000000000E+06
        0.474781155586242675781250000000    2.685742500000000000000000000000E+06
        0.475781142711639404296875000000    2.643995000000000000000000000000E+06
        0.476781129837036132812500000000    2.602241000000000000000000000000E+06
        0.477781116962432861328125000000    2.560480500000000000000000000000E+06
        0.478781104087829589843750000000    2.518713500000000000000000000000E+06
        0.479781091213226318359375000000    2.476940000000000000000000000000E+06
        0.480781078338623046875000000000    2.435160500000000000000000000000E+06
        0.481781065464019775390625000000    2.393375000000000000000000000000E+06
        0.482781052589416503906250000000    2.351583500000000000000000000000E+06
        0.483781039714813232421875000000    2.309786000000000000000000000000E+06
        0.484781026840209960937500000000    2.267982500000000000000000000000E+06
        0.485781013965606689453125000000    2.226173500000000000000000000000E+06
        0.486781001091003417968750000000    2.184359000000000000000000000000E+06
        0.487780988216400146484375000000    2.142539000000000000000000000000E+06
        0.488780975341796875000000000000    2.100713500000000000000000000000E+06
        0.489780962467193603515625000000    2.058882500000000000000000000000E+06
        0.490780949592590332031250000000    2.017046250000000000000000000000E+06
        0.491780936717987060546875000000    1.975205000000000000000000000000E+06
        0.492780923843383789062500000000    1.933358750000000000000000000000E+06
        0.493780910968780517578125000000    1.891508000000000000000000000000E+06
        0.494780898094177246093750000000    1.849652750000000000000000000000E+06
        0.495780885219573974609375000000    1.807793000000000000000000000000E+06
        0.496780872344970703125000000000    1.765929000000000000000000000000E+06
        0.497780859470367431640625000000    1.724060750000000000000000000000E+06
        0.498780846595764160156250000000    1.682188500000000000000000000000E+06
        0.499780833721160888671875000000    1.640312250000000000000000000000E+06
        0.500780820846557617187500000000    1.598432000000000000000000000000E+06
        0.501780807971954345703125000000    1.556548000000000000000000000000E+06
        0.502780795097351074218750000000    1.514660250000000000000000000000E+06
        0.503780782222747802734375000000    1.472769000000000000000000000000E+06
        0.504780769348144531250000000000    1.430874250000000000000000000000E+06
        0.505780756473541259765625000000    1.388976000000000000000000000000E+06
        0.506780743598937988281250000000    1.347074500000000000000000000000E+06
        0.507780730724334716796875000000    1.305169750000000000000000000000E+06
        0.508780717849731445312500000000    1.263262000000000000000000000000E+06
        0.509780704975128173828125000000    1.221351250000000000000000000000E+06
        0.510780692100524902343750000000    1.179437500000000000000000000000E+06
        0.511780679225921630859375000000    1.137521000000000000000000000000E+06
        0.512780666351318359375000000000    1.095601750000000000000000000000E+06
        0.513780653476715087890625000000    1.053680000000000000000000000000E+06
        0.514780640602111816406250000000    1.011755750000000000000000000000E+06
        0.515780627727508544921875000000    9.698291250000000000000000000000E+05
        0.516780614852905273437500000000    9.279002500000000000000000000000E+05
        0.517780601978302001953125000000    8.859691250000000000000000000000E+05
        0.518780589103698730468750000000    8.440358750000000000000000000000E+05
        0.519780576229095458984375000000    8.021006250000000000000000000000E+05
        0.520780563354492187500000000000    7.601635000000000000000000000000E+05
        0.521780550479888916015625000000    7.182246250000000000000000000000E+05
        0.522780537605285644531250000000    6.762841250000000000000000000000E+05
        0.523780524730682373046875000000    6.343421250000000000000000000000E+05
        0.524780511856079101562500000000    5.923987500000000000000000000000E+05
        0.525780498981475830078125000000    5.504540000000000000000000000000E+05
        0.526780486106872558593750000000    5.085080000000000000000000000000E+05
        0.527780473232269287109375000000    4.665608750000000000000000000000E+05
        0.528780460357666015625000000000    4.246126875000000000000000000000E+05
        0.529780447483062744140625000000    3.826635625000000000000000000000E+05
        0.530780434608459472656250000000    3.407135625000000000000000000000E+05
        0.531780421733856201171875000000    2.987628125000000000000000000000E+05
        0.532780408859252929687500000000    2.568113750000000000000000000000E+05
        0.533780395984649658203125000000    2.148593437500000000000000000000E+05
        0.534780383110046386718750000000    1.729068125000000000000000000000E+05
        0.535780370235443115234375000000    1.309538750000000000000000000000E+05
        0.536780357360839843750000000000    8.900064062500000000000000000000E+04
        0.537780344486236572265625000000    4.704720312500000000000000000000E+04
        0.538780331611633300781250000000    5.093656250000000000000000000000E+03
        0.539780318737030029296875000000   -3.685990234375000000000000000000E+04
        0.540780305862426757812500000000   -7.881337500000000000000000000000E+04
        0.541780292987823486328125000000   -1.207666718750000000000000000000E+05
        0.542780280113220214843750000000   -1.627196875000000000000000000000E+05
        0.543780267238616943359375000000   -2.046723281250000000000000000000E+05
        0.544780254364013671875000000000   -2.466245000000000000000000000000E+05
        0.545780241489410400390625000000   -2.885761250000000000000000000000E+05
        0.546780228614807128906250000000   -3.305271250000000000000000000000E+05
        0.547780215740203857421875000000   -3.724773750000000000000000000000E+05
        0.548780202865600585937500000000   -4.144268125000000000000000000000E+05
        0.549780189990997314453125000000   -4.563753125000000000000000000000E+05
        0.550780177116394042968750000000   -4.983228125000000000000000000000E+05
        0.551780164241790771484375000000   -5.402692500000000000000000000000E+05
        0.552780151367187500000000000000   -5.822145625000000000000000000000E+05
        0.553780138492584228515625000000   -6.241586250000000000000000000000E+05
        0.554780125617980957031250000000   -6.661013125000000000000000000000E+05
        0.555780112743377685546875000000   -7.080426250000000000000000000000E+05
        0.556780099868774414062500000000   -7.499824375000000000000000000000E+05
        0.557780086994171142578125000000   -7.919206250000000000000000000000E+05
        0.558780074119567871093750000000   -8.338570625000000000000000000000E+05
        0.559780061244964599609375000000   -8.757917500000000000000000000000E+05
        0.560780048370361328125000000000   -9.177245625000000000000000000000E+05
        0.561780035495758056640625000000   -9.596553750000000000000000000000E+05
        0.562780022621154785156250000000   -1.001584187500000000000000000000E+06
        0.563780009746551513671875000000   -1.043510875000000000000000000000E+06
        0.564779996871948242187500000000   -1.085435250000000000000000000000E+06
        0.565779983997344970703125000000   -1.127357375000000000000000000000E+06
        0.566779971122741699218750000000   -1.169277000000000000000000000000E+06
        0.567779958248138427734375000000   -1.211194125000000000000000000000E+06
        0.568779945373535156250000000000   -1.253108750000000000000000000000E+06
        0.569779932498931884765625000000   -1.295020625000000000000000000000E+06
        0.570779919624328613281250000000   -1.336929750000000000000000000000E+06
        0.571779906749725341796875000000   -1.378836125000000000000000000000E+06
        0.572779893875122070312500000000   -1.420739500000000000000000000000E+06
        0.573779881000518798828125000000   -1.462639875000000000000000000000E+06
        0.574779868125915527343750000000   -1.504537000000000000000000000000E+06
        0.575779855251312255859375000000   -1.546430875000000000000000000000E+06
        0.576779842376708984375000000000   -1.588321500000000000000000000000E+06
        0.577779829502105712890625000000   -1.630208875000000000000000000000E+06
        0.578779816627502441406250000000   -1.672093000000000000000000000000E+06
        0.579779803752899169921875000000   -1.713973625000000000000000000000E+06
        0.580779790878295898437500000000   -1.755850750000000000000000000000E+06
        0.581779778003692626953125000000   -1.797724375000000000000000000000E+06
        0.582779765129089355468750000000   -1.839594250000000000000000000000E+06
        0.583779752254486083984375000000   -1.881460375000000000000000000000E+06
        0.584779739379882812500000000000   -1.923322750000000000000000000000E+06
        0.585779726505279541015625000000   -1.965181125000000000000000000000E+06
        0.586779713630676269531250000000   -2.007035500000000000000000000000E+06
        0.587779700756072998046875000000   -2.048885875000000000000000000000E+06
        0.588779687881469726562500000000   -2.090732000000000000000000000000E+06
        0.589779675006866455078125000000   -2.132574000000000000000000000000E+06
        0.590779662132263183593750000000   -2.174411500000000000000000000000E+06
        0.591779649257659912109375000000   -2.216244500000000000000000000000E+06
        0.592779636383056640625000000000   -2.258073000000000000000000000000E+06
        0.593779623508453369140625000000   -2.299897000000000000000000000000E+06
        0.594779610633850097656250000000   -2.341716500000000000000000000000E+06
        0.595779597759246826171875000000   -2.383531500000000000000000000000E+06
        0.596779584884643554687500000000   -2.425341500000000000000000000000E+06
        0.597779572010040283203125000000   -2.467146500000000000000000000000E+06
        0.598779559135437011718750000000   -2.508946500000000000000000000000E+06
        0.599779546260833740234375000000   -2.550741500000000000000000000000E+06
        0.600779533386230468750000000000   -2.592531500000000000000000000000E+06
        0.601779520511627197265625000000   -2.634316000000000000000000000000E+06
        0.602779507637023925781250000000   -2.676095500000000000000000000000E+06
        0.603779494762420654296875000000   -2.717870000000000000000000000000E+06
        0.604779481887817382812500000000   -2.759639500000000000000000000000E+06
        0.605779469013214111328125000000   -2.801403500000000000000000000000E+06
        0.606779456138610839843750000000   -2.843162000000000000000000000000E+06
        0.607779443264007568359375000000   -2.884915000000000000000000000000E+06
        0.608779430389404296875000000000   -2.926662500000000000000000000000E+06
        0.609779417514801025390625000000   -2.968404500000000000000000000000E+06
        0.610779404640197753906250000000   -3.010141000000000000000000000000E+06
        0.611779391765594482421875000000   -3.051872000000000000000000000000E+06
        0.612779378890991210937500000000   -3.093597000000000000000000000000E+06
        0.613779366016387939453125000000   -3.135316000000000000000000000000E+06
        0.614779353141784667968750000000   -3.177029000000000000000000000000E+06
        0.615779340267181396484375000000   -3.218736000000000000000000000000E+06
        0.616779327392578125000000000000   -3.260437000000000000000000000000E+06
        0.617779314517974853515625000000   -3.302132000000000000000000000000E+06
        0.618779301643371582031250000000   -3.343820500000000000000000000000E+06
        0.619779288768768310546875000000   -3.385502500000000000000000000000E+06
        0.620779275894165039062500000000   -3.427178000000000000000000000000E+06
        0.621779263019561767578125000000   -3.468847000000000000000000000000E+06
        0.622779250144958496093750000000   -3.510509500000000000000000000000E+06
        0.623779237270355224609375000000   -3.552165500000000000000000000000E+06
        0.624779224395751953125000000000   -3.593814500000000000000000000000E+06
        0.625779211521148681640625000000   -3.635456500000000000000000000000E+06
        0.626779198646545410156250000000   -3.677092000000000000000000000000E+06
        0.627779185771942138671875000000   -3.718721000000000000000000000000E+06
        0.628779172897338867187500000000   -3.760343500000000000000000000000E+06
        0.629779160022735595703125000000   -3.801959500000000000000000000000E+06
        0.630779147148132324218750000000   -3.843568500000000000000000000000E+06
        0.631779134273529052734375000000   -3.885170500000000000000000000000E+06
        0.632779121398925781250000000000   -3.926765500000000000000000000000E+06
        0.633779108524322509765625000000   -3.968353500000000000000000000000E+06
        0.634779095649719238281250000000   -4.009934500000000000000000000000E+06
        0.635779082775115966796875000000   -4.051508500000000000000000000000E+06
        0.636779069900512695312500000000   -4.093075500000000000000000000000E+06
        0.637779057025909423828125000000   -4.134635000000000000000000000000E+06
        0.638779044151306152343750000000   -4.176187000000000000000000000000E+06
        0.639779031276702880859375000000   -4.217731500000000000000000000000E+06
        0.640779018402099609375000000000   -4.259268000000000000000000000000E+06
        0.641779005527496337890625000000   -4.300796500000000000000000000000E+06
        0.642778992652893066406250000000   -4.342317000000000000000000000000E+06
        0.643778979778289794921875000000   -4.383829500000000000000000000000E+06
        0.644778966903686523437500000000   -4.425334000000000000000000000000E+06
        0.645778954029083251953125000000   -4.466830500000000000000000000000E+06
        0.646778941154479980468750000000   -4.508319000000000000000000000000E+06
        0.647778928279876708984375000000   -4.549799500000000000000000000000E+06
        0.648778915405273437500000000000   -4.591272000000000000000000000000E+06
        0.649778902530670166015625000000   -4.632736500000000000000000000000E+06
        0.650778889656066894531250000000   -4.674193000000000000000000000000E+06
        0.651778876781463623046875000000   -4.715641500000000000000000000000E+06
        0.652778863906860351562500000000   -4.757082000000000000000000000000E+06
        0.653778851032257080078125000000   -4.798514500000000000000000000000E+06
        0.654778838157653808593750000000   -4.839939000000000000000000000000E+06
        0.655778825283050537109375000000   -4.881355500000000000000000000000E+06
        0.656778812408447265625000000000   -4.922764000000000000000000000000E+06
        0.657778799533843994140625000000   -4.964164500000000000000000000000E+06
        0.658778786659240722656250000000   -5.005557000000000000000000000000E+06
        0.659778773784637451171875000000   -5.046941500000000000000000000000E+06
        0.660778760910034179687500000000   -5.088318000000000000000000000000E+06
        0.661778748035430908203125000000   -5.129686500000000000000000000000E+06
        0.662778735160827636718750000000   -5.171046000000000000000000000000E+06
        0.663778722286224365234375000000   -5.212396500000000000000000000000E+06
        0.664778709411621093750000000000   -5.253738000000000000000000000000E+06
        0.665778696537017822265625000000   -5.295070500000000000000000000000E+06
        0.666778683662414550781250000000   -5.336394000000000000000000000000E+06
        0.667778670787811279296875000000   -5.377708500000000000000000000000E+06
        0.668778657913208007812500000000   -5.419014000000000000000000000000E+06
        0.669778645038604736328125000000   -5.460310500000000000000000000000E+06
        0.670778632164001464843750000000   -5.501598000000000000000000000000E+06
        0.671778619289398193359375000000   -5.542876500000000000000000000000E+06
        0.672778606414794921875000000000   -5.584146000000000000000000000000E+06
        0.673778593540191650390625000000   -5.625406500000000000000000000000E+06
        0.674778580665588378906250000000   -5.666658000000000000000000000000E+06
        0.675778567790985107421875000000   -5.707900500000000000000000000000E+06
        0.676778554916381835937500000000   -5.749134000000000000000000000000E+06
        0.677778542041778564453125000000   -5.790358500000000000000000000000E+06
        0.678778529167175292968750000000   -5.831574000000000000000000000000E+06
        0.679778516292572021484375000000   -5.872780500000000000000000000000E+06
        0.680778503417968750000000000000   -5.913978000000000000000000000000E+06
        0.681778490543365478515625000000   -5.955166500000000000000000000000E+06
        0.682778477668762207031250000000   -5.996346000000000000000000000000E+06
        0.683778464794158935546875000000   -6.037516500000000000000000000000E+06
        0.684778451919555664062500000000   -6.078678000000000000000000000000E+06
        0.685778439044952392578125000000   -6.119830500000000000000000000000E+06
        0.686778426170349121093750000000   -6.160974000000000000000000000000E+06
        0.687778413295745849609375000000   -6.202107500000000000000000000000E+06
        0.688778400421142578125000000000   -6.243231000000000000000000000000E+06
        0.689778387546539306640625000000   -6.284344500000000000000000000000E+06
        0.690778374671936035156250000000   -6.325448000000000000000000000000E+06
        0.691778361797332763671875000000   -6.366541500000000000000000000000E+06
        0.692778348922729492187500000000   -6.407625000000000000000000000000E+06
        0.693778336048126220703125000000   -6.448698500000000000000000000000E+06
        0.694778323173522949218750000000   -6.489763000000000000000000000000E+06
        0.695778310298919677734375000000   -6.530818500000000000000000000000E+06
        0.696778297424316406250000000000   -6.571865000000000000000000000000E+06
        0.697778284549713134765625000000   -6.612902500000000000000000000000E+06
        0.698778271675109863281250000000   -6.653931000000000000000000000000E+06
        0.699778258800506591796875000000   -6.694949500000000000000000000000E+06
        0.700778245925903320312500000000   -6.735958000000000000000000000000E+06
        0.701778233051300048828125000000   -6.776956500000000000000000000000E+06
        0.702778220176696777343750000000   -6.817945000000000000000000000000E+06
        0.703778207302093505859375000000   -6.858923500000000000000000000000E+06
        0.704778194427490234375000000000   -6.899892000000000000000000000000E+06
        0.705778181552886962890625000000   -6.940850500000000000000000000000E+06
        0.706778168678283691406250000000   -6.981799000000000000000000000000E+06
        0.707778155803680419921875000000   -7.022737500000000000000000000000E+06
        0.708778142929077148437500000000   -7.063666000000000000000000000000E+06
        0.709778130054473876953125000000   -7.104584500000000000000000000000E+06
        0.710778117179870605468750000000   -7.145493000000000000000000000000E+06
        0.711778104305267333984375000000   -7.186391500000000000000000000000E+06
        0.712778091430664062500000000000   -7.227280000000000000000000000000E+06
        0.713778078556060791015625000000   -7.268158500000000000000000000000E+06
        0.714778065681457519531250000000   -7.309027000000000000000000000000E+06
        0.715778052806854248046875000000   -7.349885500000000000000000000000E+06
        0.716778039932250976562500000000   -7.390734000000000000000000000000E+06
        0.717778027057647705078125000000   -7.431572500000000000000000000000E+06
        0.718778014183044433593750000000   -7.472401000000000000000000000000E+06
        0.719778001308441162109375000000   -7.513219500000000000000000000000E+06
        0.720777988433837890625000000000   -7.554028000000000000000000000000E+06
        0.721777975559234619140625000000   -7.594826500000000000000000000000E+06
        0.722777962684631347656250000000   -7.635615000000000000000000000000E+06
        0.723777949810028076171875000000   -7.676393500000000000000000000000E+06
        0.724777936935424804687500000000   -7.717162000000000000000000000000E+06
        0.725777924060821533203125000000   -7.757920500000000000000000000000E+06
        0.726777911186218261718750000000   -7.798669000000000000000000000000E+06
        0.727777898311614990234375000000   -7.839407500000000000000000000000E+06
        0.728777885437011718750000000000   -7.880136000000000000000000000000E+06
        0.729777872562408447265625000000   -7.920854500000000000000000000000E+06
        0.730777859687805175781250000000   -7.961563000000000000000000000000E+06
        0.731777846813201904296875000000   -8.002261500000000000000000000000E+06
        0.732777833938598632812500000000   -8.042950000000000000000000000000E+06
        0.733777821063995361328125000000   -8.083627500000000000000000000000E+06
        0.734777808189392089843750000000   -8.124294000000000000000000000000E+06
        0.735777795314788818359375000000   -8.164950500000000000000000000000E+06
        0.736777782440185546875000000000   -8.205597000000000000000000000000E+06
        0.737777769565582275390625000000   -8.246233500000000000000000000000E+06
        0.738777756690979003906250000000   -8.286860000000000000000000000000E+06
        0.739777743816375732421875000000   -8.327476500000000000000000000000E+06
        0.740777730941772460937500000000   -8.368083000000000000000000000000E+06
        0.741777718067169189453125000000   -8.408680000000000000000000000000E+06
        0.742777705192565917968750000000   -8.449267000000000000000000000000E+06
        0.743777692317962646484375000000   -8.489844000000000000000000000000E+06
        0.744777679443359375000000000000   -8.530411000000000000000000000000E+06
        0.745777666568756103515625000000   -8.570968000000000000000000000000E+06
        0.746777653694152832031250000000   -8.611515000000000000000000000000E+06
        0.747777640819549560546875000000   -8.652052000000000000000000000000E+06
        0.748777627944946289062500000000   -8.692579000000000000000000000000E+06
        0.749777615070343017578125000000   -8.733096000000000000000000000000E+06
        0.750777602195739746093750000000   -8.773603000000000000000000000000E+06
        0.751777589321136474609375000000   -8.814100000000000000000000000000E+06
        0.752777576446533203125000000000   -8.854587000000000000000000000000E+06
        0.753777563571929931640625000000   -8.895064000000000000000000000000E+06
        0.754777550697326660156250000000   -8.935531000000000000000000000000E+06
        0.755777537822723388671875000000   -8.975988000000000000000000000000E+06
        0.756777524948120117187500000000   -9.016435000000000000000000000000E+06
        0.757777512073516845703125000000   -9.056872000000000000000000000000E+06
        0.758777499198913574218750000000   -9.097299000000000000000000000000E+06
        0.759777486324310302734375000000   -9.137716000000000000000000000000E+06
        0.760777473449707031250000000000   -9.178123000000000000000000000000E+06
        0.761777460575103759765625000000   -9.218520000000000000000000000000E+06
        0.762777447700500488281250000000   -9.258907000000000000000000000000E+06
        0.763777434825897216796875000000   -9.299284000000000000000000000000E+06
        0.764777421951293945312500000000   -9.339651000000000000000000000000E+06
        0.765777409076690673828125000000   -9.380008000000000000000000000000E+06
        0.766777396202087402343750000000   -9.420355000000000000000000000000E+06
        0.767777383327484130859375000000   -9.460692000000000000000000000000E+06
        0.768777370452880859375000000000   -9.501019000000000000000000000000E+06
        0.769777357578277587890625000000   -9.541336000000000000000000000000E+06
        0.770777344703674316406250000000   -9.581643000000000000000000000000E+06
        0.771777331829071044921875000000   -9.621940000000000000000000000000E+06
        0.772777318954467773437500000000   -9.662227000000000000000000000000E+06
        0.773777306079864501953125000000   -9.702504000000000000000000000000E+06
        0.774777293205261230468750000000   -9.742771000000000000000000000000E+06
        0.775777280330657958984375000000   -9.783028000000000000000000000000E+06
        0.776777267456054687500000000000   -9.823275000000000000000000000000E+06
        0.777777254581451416015625000000   -9.863512000000000000000000000000E+06
        0.778777241706848144531250000000   -9.903739000000000000000000000000E+06
        0.779777228832244873046875000000   -9.943956000000000000000000000000E+06
        0.780777215957641601562500000000   -9.984163000000000000000000000000E+06
        0.781777203083038330078125000000   -1.002436000000000000000000000000E+07
        0.782777190208435058593750000000   -1.006454700000000000000000000000E+07
        0.783777177333831787109375000000   -1.010472400000000000000000000000E+07
        0.784777164459228515625000000000   -1.014489100000000000000000000000E+07
        0.785777151584625244140625000000   -1.018504800000000000000000000000E+07
        0.786777138710021972656250000000   -1.022519500000000000000000000000E+07
        0.787777125835418701171875000000   -1.026533200000000000000000000000E+07
        0.788777112960815429687500000000   -1.030545900000000000000000000000E+07
        0.789777100086212158203125000000   -1.034557600000000000000000000000E+07
        0.790777087211608886718750000000   -1.038568300000000000000000000000E+07
        0.791777074337005615234375000000   -1.042578000000000000000000000000E+07
        0.792777061462402343750000000000   -1.046586700000000000000000000000E+07
        0.793777048587799072265625000000   -1.050594400000000000000000000000E+07
        0.794777035713195800781250000000   -1.054601300000000000000000000000E+07
        0.795777022838592529296875000000   -1.058607400000000000000000000000E+07
        0.796777009963989257812500000000   -1.062612700000000000000000000000E+07
        0.797776997089385986328125000000   -1.066617200000000000000000000000E+07
        0.798776984214782714843750000000   -1.070620900000000000000000000000E+07
        0.799776971340179443359375000000   -1.074623800000000000000000000000E+07
        0.800776958465576171875000000000   -1.078625900000000000000000000000E+07
        0.801776945590972900390625000000   -1.082627000000000000000000000000E+07
        0.802776932716369628906250000000   -1.086627100000000000000000000000E+07
        0.803776919841766357421875000000   -1.090626200000000000000000000000E+07
        0.804776906967163085937500000000   -1.094624300000000000000000000000E+07
        0.805776894092559814453125000000   -1.098621400000000000000000000000E+07
        0.806776881217956542968750000000   -1.102617500000000000000000000000E+07
        0.807776868343353271484375000000   -1.106612600000000000000000000000E+07
        0.808776855468750000000000000000   -1.110606700000000000000000000000E+07
        0.809776842594146728515625000000   -1.114599800000000000000000000000E+07
        0.810776829719543457031250000000   -1.118591900000000000000000000000E+07
        0.811776816844940185546875000000   -1.122583000000000000000000000000E+07
        0.812776803970336914062500000000   -1.126573300000000000000000000000E+07
        0.813776791095733642578125000000   -1.130562800000000000000000000000E+07
        0.814776778221130371093750000000   -1.134551500000000000000000000000E+07
        0.815776765346527099609375000000   -1.138539400000000000000000000000E+07
        0.816776752471923828125000000000   -1.142526500000000000000000000000E+07
        0.817776739597320556640625000000   -1.146512800000000000000000000000E+07
        0.818776726722717285156250000000   -1.150498300000000000000000000000E+07
        0.819776713848114013671875000000   -1.154483000000000000000000000000E+07
        0.820776700973510742187500000000   -1.158466900000000000000000000000E+07
        0.821776688098907470703125000000   -1.162450000000000000000000000000E+07
        0.822776675224304199218750000000   -1.166432300000000000000000000000E+07
        0.823776662349700927734375000000   -1.170413800000000000000000000000E+07
        0.824776649475097656250000000000   -1.174394500000000000000000000000E+07
        0.825776636600494384765625000000   -1.178374400000000000000000000000E+07
        0.826776623725891113281250000000   -1.182353500000000000000000000000E+07
        0.827776610851287841796875000000   -1.186331800000000000000000000000E+07
        0.828776597976684570312500000000   -1.190309300000000000000000000000E+07
        0.829776585102081298828125000000   -1.194286000000000000000000000000E+07
        0.830776572227478027343750000000   -1.198261900000000000000000000000E+07
        0.831776559352874755859375000000   -1.202237000000000000000000000000E+07
        0.832776546478271484375000000000   -1.206211300000000000000000000000E+07
        0.833776533603668212890625000000   -1.210184800000000000000000000000E+07
        0.834776520729064941406250000000   -1.214157500000000000000000000000E+07
        0.835776507854461669921875000000   -1.218129400000000000000000000000E+07
        0.836776494979858398437500000000   -1.222100500000000000000000000000E+07
        0.837776482105255126953125000000   -1.226070800000000000000000000000E+07
        0.838776469230651855468750000000   -1.230040300000000000000000000000E+07
        0.839776456356048583984375000000   -1.234009000000000000000000000000E+07
        0.840776443481445312500000000000   -1.237976900000000000000000000000E+07
        0.841776430606842041015625000000   -1.241944000000000000000000000000E+07
        0.842776417732238769531250000000   -1.245910300000000000000000000000E+07
        0.843776404857635498046875000000   -1.249875800000000000000000000000E+07
        0.844776391983032226562500000000   -1.253840500000000000000000000000E+07
        0.845776379108428955078125000000   -1.257804400000000000000000000000E+07
        0.846776366233825683593750000000   -1.261767500000000000000000000000E+07
        0.847776353359222412109375000000   -1.265729800000000000000000000000E+07
        0.848776340484619140625000000000   -1.269691500000000000000000000000E+07
        0.849776327610015869140625000000   -1.273652600000000000000000000000E+07
        0.850776314735412597656250000000   -1.277613100000000000000000000000E+07
        0.851776301860809326171875000000   -1.281573000000000000000000000000E+07
        0.852776288986206054687500000000   -1.285532300000000000000000000000E+07
        0.853776276111602783203125000000   -1.289491000000000000000000000000E+07
        0.854776263236999511718750000000   -1.293449100000000000000000000000E+07
        0.855776250362396240234375000000   -1.297406600000000000000000000000E+07
        0.856776237487792968750000000000   -1.301363500000000000000000000000E+07
        0.857776224613189697265625000000   -1.305319800000000000000000000000E+07
        0.858776211738586425781250000000   -1.309275500000000000000000000000E+07
        0.859776198863983154296875000000   -1.313230600000000000000000000000E+07
        0.860776185989379882812500000000   -1.317185100000000000000000000000E+07
        0.861776173114776611328125000000   -1.321139000000000000000000000000E+07
        0.862776160240173339843750000000   -1.325092300000000000000000000000E+07
        0.863776147365570068359375000000   -1.329045000000000000000000000000E+07
        0.864776134490966796875000000000   -1.332997100000000000000000000000E+07
        0.865776121616363525390625000000   -1.336948600000000000000000000000E+07
        0.866776108741760253906250000000   -1.340899700000000000000000000000E+07
        0.867776095867156982421875000000   -1.344850400000000000000000000000E+07
        0.868776082992553710937500000000   -1.348800700000000000000000000000E+07
        0.869776070117950439453125000000   -1.352750600000000000000000000000E+07
        0.870776057243347167968750000000   -1.356700100000000000000000000000E+07
        0.871776044368743896484375000000   -1.360649200000000000000000000000E+07
        0.872776031494140625000000000000   -1.364597900000000000000000000000E+07
        0.873776018619537353515625000000   -1.368546200000000000000000000000E+07
        0.874776005744934082031250000000   -1.372494100000000000000000000000E+07
        0.875775992870330810546875000000   -1.376441600000000000000000000000E+07
        0.876775979995727539062500000000   -1.380388700000000000000000000000E+07
        0.877775967121124267578125000000   -1.384335400000000000000000000000E+07
        0.878775954246520996093750000000   -1.388281700000000000000000000000E+07
        0.879775941371917724609375000000   -1.392227600000000000000000000000E+07
        0.880775928497314453125000000000   -1.396173100000000000000000000000E+07
        0.881775915622711181640625000000   -1.400118200000000000000000000000E+07
        0.882775902748107910156250000000   -1.404062700000000000000000000000E+07
        0.883775889873504638671875000000   -1.408006800000000000000000000000E+07
        0.884775876998901367187500000000   -1.411950500000000000000000000000E+07
        0.885775864124298095703125000000   -1.415893800000000000000000000000E+07
        0.886775851249694824218750000000   -1.419836700000000000000000000000E+07
        0.887775838375091552734375000000   -1.423779200000000000000000000000E+07
        0.888775825500488281250000000000   -1.427721300000000000000000000000E+07
        0.889775812625885009765625000000   -1.431663000000000000000000000000E+07
        0.890775799751281738281250000000   -1.435604300000000000000000000000E+07
        0.891775786876678466796875000000   -1.439545200000000000000000000000E+07
        0.892775774002075195312500000000   -1.443485700000000000000000000000E+07
        0.893775761127471923828125000000   -1.447425800000000000000000000000E+07
        0.894775748252868652343750000000   -1.451365500000000000000000000000E+07
        0.895775735378265380859375000000   -1.455304800000000000000000000000E+07
        0.896775722503662109375000000000   -1.459243700000000000000000000000E+07
        0.897775709629058837890625000000   -1.463182200000000000000000000000E+07
        0.898775696754455566406250000000   -1.467120300000000000000000000000E+07
        0.899775683879852294921875000000   -1.471058200000000000000000000000E+07
        0.900775671005249023437500000000   -1.474995900000000000000000000000E+07
        0.901775658130645751953125000000   -1.478933400000000000000000000000E+07
        0.902775645256042480468750000000   -1.482870700000000000000000000000E+07
        0.903775632381439208984375000000   -1.486807800000000000000000000000E+07
        0.904775619506835937500000000000   -1.490744700000000000000000000000E+07
        0.905775606632232666015625000000   -1.494681400000000000000000000000E+07
        0.906775593757629394531250000000   -1.498617900000000000000000000000E+07
        0.907775580883026123046875000000   -1.502554200000000000000000000000E+07
        0.908775568008422851562500000000   -1.506490300000000000000000000000E+07
        0.909775555133819580078125000000   -1.510426200000000000000000000000E+07
        0.910775542259216308593750000000   -1.514361900000000000000000000000E+07
        0.911775529384613037109375000000   -1.518297400000000000000000000000E+07
        0.912775516510009765625000000000   -1.522232700000000000000000000000E+07
        0.913775503635406494140625000000   -1.526167800000000000000000000000E+07
        0.914775490760803222656250000000   -1.530102700000000000000000000000E+07
        0.915775477886199951171875000000   -1.534037400000000000000000000000E+07
        0.916775465011596679687500000000   -1.537972100000000000000000000000E+07
        0.917775452136993408203125000000   -1.541906800000000000000000000000E+07
        0.918775439262390136718750000000   -1.545841500000000000000000000000E+07
        0.919775426387786865234375000000   -1.549776200000000000000000000000E+07
        0.920775413513183593750000000000   -1.553710900000000000000000000000E+07
        0.921775400638580322265625000000   -1.557645600000000000000000000000E+07
        0.922775387763977050781250000000   -1.561580300000000000000000000000E+07
        0.923775374889373779296875000000   -1.565515000000000000000000000000E+07
        0.924775362014770507812500000000   -1.569449700000000000000000000000E+07
        0.925775349140167236328125000000   -1.573384400000000000000000000000E+07
        0.926775336265563964843750000000   -1.577319100000000000000000000000E+07
        0.927775323390960693359375000000   -1.581253800000000000000000000000E+07
        0.928775310516357421875000000000   -1.585188500000000000000000000000E+07
        0.929775297641754150390625000000   -1.589123200000000000000000000000E+07
        0.930775284767150878906250000000   -1.593057900000000000000000000000E+07
        0.931775271892547607421875000000   -1.596992600000000000000000000000E+07
        0.932775259017944335937500000000   -1.600927300000000000000000000000E+07
        0.933775246143341064453125000000   -1.604862000000000000000000000000E+07
        0.934775233268737792968750000000   -1.608796700000000000000000000000E+07
        0.935775220394134521484375000000   -1.612731400000000000000000000000E+07
        0.936775207519531250000000000000   -1.616666100000000000000000000000E+07
        0.937775194644927978515625000000   -1.620600800000000000000000000000E+07
        0.938775181770324707031250000000   -1.624535500000000000000000000000E+07
        0.939775168895721435546875000000   -1.628470200000000000000000000000E+07
        0.940775156021118164062500000000   -1.632405300000000000000000000000E+07
        0.941775143146514892578125000000   -1.636340800000000000000000000000E+07
        0.942775130271911621093750000000   -1.640276700000000000000000000000E+07
        0.943775117397308349609375000000   -1.644213000000000000000000000000E+07
        0.944775104522705078125000000000   -1.648149700000000000000000000000E+07
        0.945775091648101806640625000000   -1.652086800000000000000000000000E+07
        0.946775078773498535156250000000   -1.656024300000000000000000000000E+07
        0.947775065898895263671875000000   -1.659962200000000000000000000000E+07
        0.948775053024291992187500000000   -1.663900500000000000000000000000E+07
        0.949775040149688720703125000000   -1.667839200000000000000000000000E+07
        0.950775027275085449218750000000   -1.671778300000000000000000000000E+07
        0.951775014400482177734375000000   -1.675717800000000000000000000000E+07
        0.952775001525878906250000000000   -1.679657600000000000000000000000E+07
        0.953774988651275634765625000000   -1.683597800000000000000000000000E+07
        0.954774975776672363281250000000   -1.687538400000000000000000000000E+07
        0.955774962902069091796875000000   -1.691479400000000000000000000000E+07
        0.956774950027465820312500000000   -1.695420800000000000000000000000E+07
        0.957774937152862548828125000000   -1.699362600000000000000000000000E+07
        0.958774924278259277343750000000   -1.703304800000000000000000000000E+07
        0.959774911403656005859375000000   -1.707247400000000000000000000000E+07
        0.960774898529052734375000000000   -1.711190400000000000000000000000E+07
        0.961774885654449462890625000000   -1.715133800000000000000000000000E+07
        0.962774872779846191406250000000   -1.719077600000000000000000000000E+07
        0.963774859905242919921875000000   -1.723021800000000000000000000000E+07
        0.964774847030639648437500000000   -1.726966400000000000000000000000E+07
        0.965774834156036376953125000000   -1.730911400000000000000000000000E+07
        0.966774821281433105468750000000   -1.734856800000000000000000000000E+07
        0.967774808406829833984375000000   -1.738802600000000000000000000000E+07
        0.968774795532226562500000000000   -1.742748800000000000000000000000E+07
        0.969774782657623291015625000000   -1.746695400000000000000000000000E+07
        0.970774769783020019531250000000   -1.750642400000000000000000000000E+07
        0.971774756908416748046875000000   -1.754590200000000000000000000000E+07
        0.972774744033813476562500000000   -1.758538800000000000000000000000E+07
        0.973774731159210205078125000000   -1.762488200000000000000000000000E+07
        0.974774718284606933593750000000   -1.766438400000000000000000000000E+07
        0.975774705410003662109375000000   -1.770389400000000000000000000000E+07
        0.976774692535400390625000000000   -1.774341200000000000000000000000E+07
        0.977774679660797119140625000000   -1.778293800000000000000000000000E+07
        0.978774666786193847656250000000   -1.782247200000000000000000000000E+07
        0.979774653911590576171875000000   -1.786201400000000000000000000000E+07
        0.980774641036987304687500000000   -1.790156400000000000000000000000E+07
        0.981774628162384033203125000000   -1.794112200000000000000000000000E+07
        0.982774615287780761718750000000   -1.798068800000000000000000000000E+07
        0.983774602413177490234375000000   -1.802026200000000000000000000000E+07
        0.984774589538574218750000000000   -1.805984400000000000000000000000E+07
        0.985774576663970947265625000000   -1.809943400000000000000000000000E+07
        0.986774563789367675781250000000   -1.813903200000000000000000000000E+07
        0.987774550914764404296875000000   -1.817863800000000000000000000000E+07
        0.988774538040161132812500000000   -1.821825200000000000000000000000E+07
        0.989774525165557861328125000000   -1.825787400000000000000000000000E+07
        0.990774512290954589843750000000   -1.829750400000000000000000000000E+07
        0.991774499416351318359375000000   -1.833714200000000000000000000000E+07
        0.992774486541748046875000000000   -1.837678800000000000000000000000E+07
        0.993774473667144775390625000000   -1.841644200000000000000000000000E+07
        0.994774460792541503906250000000   -1.845610400000000000000000000000E+07
        0.995774447917938232421875000000   -1.849577400000000000000000000000E+07
        0.996774435043334960937500000000   -1.853545200000000000000000000000E+07
        0.997774422168731689453125000000   -1.857513800000000000000000000000E+07
        0.998774409294128417968750000000   -1.861483200000000000000000000000E+07
        0.999774396419525146484375000000   -1.865453400000000000000000000000E+07
        1.000774383544921875000000000000   -1.869424400000000000000000000000E+07
        1.001774430274963378906250000000   -1.873396600000000000000000000000E+07
        1.002774477005004882812500000000   -1.877370000000000000000000000000E+07
        1.003774523735046386718750000000   -1.881344600000000000000000000000E+07
        1.004774570465087890625000000000   -1.885320400000000000000000000000E+07
        1.005774617195129394531250000000   -1.889297400000000000000000000000E+07
        1.006774663925170898437500000000   -1.893275600000000000000000000000E+07
        1.007774710655212402343750000000   -1.897255000000000000000000000000E+07
        1.008774757385253906250000000000   -1.901235600000000000000000000000E+07
        1.009774804115295410156250000000   -1.905217400000000000000000000000E+07
        1.010774850845336914062500000000   -1.909200400000000000000000000000E+07
        1.011774897575378417968750000000   -1.913184600000000000000000000000E+07
        1.012774944305419921875000000000   -1.917170000000000000000000000000E+07
        1.013774991035461425781250000000   -1.921156600000000000000000000000E+07
        1.014775037765502929687500000000   -1.925144400000000000000000000000E+07
        1.015775084495544433593750000000   -1.929133400000000000000000000000E+07
        1.016775131225585937500000000000   -1.933123600000000000000000000000E+07
        1.017775177955627441406250000000   -1.937115000000000000000000000000E+07
        1.018775224685668945312500000000   -1.941107600000000000000000000000E+07
        1.019775271415710449218750000000   -1.945101400000000000000000000000E+07
        1.020775318145751953125000000000   -1.949096400000000000000000000000E+07
        1.021775364875793457031250000000   -1.953092600000000000000000000000E+07
        1.022775411605834960937500000000   -1.957090000000000000000000000000E+07
        1.023775458335876464843750000000   -1.961088600000000000000000000000E+07
        1.024775505065917968750000000000   -1.965088800000000000000000000000E+07
        1.025775551795959472656250000000   -1.969090600000000000000000000000E+07
        1.026775598526000976562500000000   -1.973094000000000000000000000000E+07
        1.027775645256042480468750000000   -1.977099000000000000000000000000E+07
        1.028775691986083984375000000000   -1.981105600000000000000000000000E+07
        1.029775738716125488281250000000   -1.985113800000000000000000000000E+07
        1.030775785446166992187500000000   -1.989123600000000000000000000000E+07
        1.031775832176208496093750000000   -1.993135400000000000000000000000E+07
        1.032775878906250000000000000000   -1.997149200000000000000000000000E+07
        1.033775925636291503906250000000   -2.001165000000000000000000000000E+07
        1.034775972366333007812500000000   -2.005182800000000000000000000000E+07
        1.035776019096374511718750000000   -2.009202600000000000000000000000E+07
        1.036776065826416015625000000000   -2.013224400000000000000000000000E+07
        1.037776112556457519531250000000   -2.017248200000000000000000000000E+07
        1.038776159286499023437500000000   -2.021274000000000000000000000000E+07
        1.039776206016540527343750000000   -2.025301800000000000000000000000E+07
        1.040776252746582031250000000000   -2.029331600000000000000000000000E+07
        1.041776299476623535156250000000   -2.033363400000000000000000000000E+07
        1.042776346206665039062500000000   -2.037397200000000000000000000000E+07
        1.043776392936706542968750000000   -2.041433000000000000000000000000E+07
        1.044776439666748046875000000000   -2.045470800000000000000000000000E+07
        1.045776486396789550781250000000   -2.049510600000000000000000000000E+07
        1.046776533126831054687500000000   -2.053552400000000000000000000000E+07
        1.047776579856872558593750000000   -2.057596200000000000000000000000E+07
        1.048776626586914062500000000000   -2.061642000000000000000000000000E+07
        1.049776673316955566406250000000   -2.065689800000000000000000000000E+07
        1.050776720046997070312500000000   -2.069739600000000000000000000000E+07
        1.051776766777038574218750000000   -2.073791400000000000000000000000E+07
        1.052776813507080078125000000000   -2.077845200000000000000000000000E+07
        1.053776860237121582031250000000   -2.081901000000000000000000000000E+07
        1.054776906967163085937500000000   -2.085958800000000000000000000000E+07
        1.055776953697204589843750000000   -2.090018600000000000000000000000E+07
        1.056777000427246093750000000000   -2.094080400000000000000000000000E+07
        1.057777047157287597656250000000   -2.098144200000000000000000000000E+07
        1.058777093887329101562500000000   -2.102210000000000000000000000000E+07
        1.059777140617370605468750000000   -2.106278200000000000000000000000E+07
        1.060777187347412109375000000000   -2.110348800000000000000000000000E+07
        1.061777234077453613281250000000   -2.114421800000000000000000000000E+07
        1.062777280807495117187500000000   -2.118497200000000000000000000000E+07
        1.063777327537536621093750000000   -2.122575000000000000000000000000E+07
        1.064777374267578125000000000000   -2.126655200000000000000000000000E+07
        1.065777420997619628906250000000   -2.130737800000000000000000000000E+07
        1.066777467727661132812500000000   -2.134822800000000000000000000000E+07
        1.067777514457702636718750000000   -2.138910200000000000000000000000E+07
        1.068777561187744140625000000000   -2.143000000000000000000000000000E+07
        1.069777607917785644531250000000   -2.147092200000000000000000000000E+07
        1.070777654647827148437500000000   -2.151186800000000000000000000000E+07
        1.071777701377868652343750000000   -2.155283800000000000000000000000E+07
        1.072777748107910156250000000000   -2.159383200000000000000000000000E+07
        1.073777794837951660156250000000   -2.163485000000000000000000000000E+07
        1.074777841567993164062500000000   -2.167589200000000000000000000000E+07
        1.075777888298034667968750000000   -2.171695800000000000000000000000E+07
        1.076777935028076171875000000000   -2.175804800000000000000000000000E+07
        1.077777981758117675781250000000   -2.179916200000000000000000000000E+07
        1.078778028488159179687500000000   -2.184030000000000000000000000000E+07
        1.079778075218200683593750000000   -2.188146600000000000000000000000E+07
        1.080778121948242187500000000000   -2.192266000000000000000000000000E+07
        1.081778168678283691406250000000   -2.196388200000000000000000000000E+07
        1.082778215408325195312500000000   -2.200513200000000000000000000000E+07
        1.083778262138366699218750000000   -2.204641000000000000000000000000E+07
        1.084778308868408203125000000000   -2.208771600000000000000000000000E+07
        1.085778355598449707031250000000   -2.212905000000000000000000000000E+07
        1.086778402328491210937500000000   -2.217041200000000000000000000000E+07
        1.087778449058532714843750000000   -2.221180600000000000000000000000E+07
        1.088778495788574218750000000000   -2.225323200000000000000000000000E+07
        1.089778542518615722656250000000   -2.229469000000000000000000000000E+07
        1.090778589248657226562500000000   -2.233618000000000000000000000000E+07
        1.091778635978698730468750000000   -2.237770200000000000000000000000E+07
        1.092778682708740234375000000000   -2.241925600000000000000000000000E+07
        1.093778729438781738281250000000   -2.246084200000000000000000000000E+07
        1.094778776168823242187500000000   -2.250246000000000000000000000000E+07
        1.095778822898864746093750000000   -2.254411000000000000000000000000E+07
        1.096778869628906250000000000000   -2.258579200000000000000000000000E+07
        1.097778916358947753906250000000   -2.262750600000000000000000000000E+07
        1.098778963088989257812500000000   -2.266925200000000000000000000000E+07
        1.099779009819030761718750000000   -2.271103000000000000000000000000E+07
        1.100779056549072265625000000000   -2.275284000000000000000000000000E+07
        1.101779103279113769531250000000   -2.279468200000000000000000000000E+07
        1.102779150009155273437500000000   -2.283655600000000000000000000000E+07
        1.103779196739196777343750000000   -2.287846200000000000000000000000E+07
        1.104779243469238281250000000000   -2.292040000000000000000000000000E+07
        1.105779290199279785156250000000   -2.296237000000000000000000000000E+07
        1.106779336929321289062500000000   -2.300437200000000000000000000000E+07
        1.107779383659362792968750000000   -2.304640600000000000000000000000E+07
        1.108779430389404296875000000000   -2.308847200000000000000000000000E+07
        1.109779477119445800781250000000   -2.313057000000000000000000000000E+07
        1.110779523849487304687500000000   -2.317270000000000000000000000000E+07
        1.111779570579528808593750000000   -2.321486200000000000000000000000E+07
        1.112779617309570312500000000000   -2.325705600000000000000000000000E+07
        1.113779664039611816406250000000   -2.329928200000000000000000000000E+07
        1.114779710769653320312500000000   -2.334154800000000000000000000000E+07
        1.115779757499694824218750000000   -2.338385400000000000000000000000E+07
        1.116779804229736328125000000000   -2.342620000000000000000000000000E+07
        1.117779850959777832031250000000   -2.346858600000000000000000000000E+07
        1.118779897689819335937500000000   -2.351101200000000000000000000000E+07
        1.119779944419860839843750000000   -2.355347800000000000000000000000E+07
        1.120779991149902343750000000000   -2.359598400000000000000000000000E+07
        1.121780037879943847656250000000   -2.363853000000000000000000000000E+07
        1.122780084609985351562500000000   -2.368111600000000000000000000000E+07
        1.123780131340026855468750000000   -2.372374200000000000000000000000E+07
        1.124780178070068359375000000000   -2.376640800000000000000000000000E+07
        1.125780224800109863281250000000   -2.380911400000000000000000000000E+07
        1.126780271530151367187500000000   -2.385186000000000000000000000000E+07
        1.127780318260192871093750000000   -2.389464600000000000000000000000E+07
        1.128780364990234375000000000000   -2.393747200000000000000000000000E+07
        1.129780411720275878906250000000   -2.398033800000000000000000000000E+07
        1.130780458450317382812500000000   -2.402324400000000000000000000000E+07
        1.131780505180358886718750000000   -2.406619000000000000000000000000E+07
        1.132780551910400390625000000000   -2.410917600000000000000000000000E+07
        1.133780598640441894531250000000   -2.415220200000000000000000000000E+07
        1.134780645370483398437500000000   -2.419526800000000000000000000000E+07
        1.135780692100524902343750000000   -2.423837400000000000000000000000E+07
        1.136780738830566406250000000000   -2.428152000000000000000000000000E+07
        1.137780785560607910156250000000   -2.432470600000000000000000000000E+07
        1.138780832290649414062500000000   -2.436793200000000000000000000000E+07
        1.139780879020690917968750000000   -2.441119800000000000000000000000E+07
        1.140780925750732421875000000000   -2.445451200000000000000000000000E+07
        1.141780972480773925781250000000   -2.449787400000000000000000000000E+07
        1.142781019210815429687500000000   -2.454128400000000000000000000000E+07
        1.143781065940856933593750000000   -2.458474200000000000000000000000E+07
        1.144781112670898437500000000000   -2.462824800000000000000000000000E+07
        1.145781159400939941406250000000   -2.467180200000000000000000000000E+07
        1.146781206130981445312500000000   -2.471540400000000000000000000000E+07
        1.147781252861022949218750000000   -2.475905400000000000000000000000E+07
        1.148781299591064453125000000000   -2.480275200000000000000000000000E+07
        1.149781346321105957031250000000   -2.484649800000000000000000000000E+07
        1.150781393051147460937500000000   -2.489029200000000000000000000000E+07
        1.151781439781188964843750000000   -2.493413400000000000000000000000E+07
        1.152781486511230468750000000000   -2.497802400000000000000000000000E+07
        1.153781533241271972656250000000   -2.502196200000000000000000000000E+07
        1.154781579971313476562500000000   -2.506594800000000000000000000000E+07
        1.155781626701354980468750000000   -2.510998200000000000000000000000E+07
        1.156781673431396484375000000000   -2.515406400000000000000000000000E+07
        1.157781720161437988281250000000   -2.519819400000000000000000000000E+07
        1.158781766891479492187500000000   -2.524237200000000000000000000000E+07
        1.159781813621520996093750000000   -2.528659800000000000000000000000E+07
        1.160781860351562500000000000000   -2.533087200000000000000000000000E+07
        1.161781907081604003906250000000   -2.537519400000000000000000000000E+07
        1.162781953811645507812500000000   -2.541956400000000000000000000000E+07
        1.163782000541687011718750000000   -2.546398200000000000000000000000E+07
        1.164782047271728515625000000000   -2.550844800000000000000000000000E+07
        1.165782094001770019531250000000   -2.555296200000000000000000000000E+07
        1.166782140731811523437500000000   -2.559753200000000000000000000000E+07
        1.167782187461853027343750000000   -2.564215800000000000000000000000E+07
        1.168782234191894531250000000000   -2.568684000000000000000000000000E+07
        1.169782280921936035156250000000   -2.573157800000000000000000000000E+07
        1.170782327651977539062500000000   -2.577637200000000000000000000000E+07
        1.171782374382019042968750000000   -2.582122200000000000000000000000E+07
        1.172782421112060546875000000000   -2.586612800000000000000000000000E+07
        1.173782467842102050781250000000   -2.591109000000000000000000000000E+07
        1.174782514572143554687500000000   -2.595610800000000000000000000000E+07
        1.175782561302185058593750000000   -2.600118200000000000000000000000E+07
        1.176782608032226562500000000000   -2.604631200000000000000000000000E+07
        1.177782654762268066406250000000   -2.609149800000000000000000000000E+07
        1.178782701492309570312500000000   -2.613674000000000000000000000000E+07
        1.179782748222351074218750000000   -2.618203800000000000000000000000E+07
        1.180782794952392578125000000000   -2.622739200000000000000000000000E+07
        1.181782841682434082031250000000   -2.627280200000000000000000000000E+07
        1.182782888412475585937500000000   -2.631826800000000000000000000000E+07
        1.183782935142517089843750000000   -2.636379000000000000000000000000E+07
        1.184782981872558593750000000000   -2.640936800000000000000000000000E+07
        1.185783028602600097656250000000   -2.645500200000000000000000000000E+07
        1.186783075332641601562500000000   -2.650069200000000000000000000000E+07
        1.187783122062683105468750000000   -2.654643800000000000000000000000E+07
        1.188783168792724609375000000000   -2.659224000000000000000000000000E+07
        1.189783215522766113281250000000   -2.663809800000000000000000000000E+07
        1.190783262252807617187500000000   -2.668401200000000000000000000000E+07
        1.191783308982849121093750000000   -2.672999000000000000000000000000E+07
        1.192783355712890625000000000000   -2.677603200000000000000000000000E+07
        1.193783402442932128906250000000   -2.682213800000000000000000000000E+07
        1.194783449172973632812500000000   -2.686830800000000000000000000000E+07
        1.195783495903015136718750000000   -2.691454200000000000000000000000E+07
        1.196783542633056640625000000000   -2.696084000000000000000000000000E+07
        1.197783589363098144531250000000   -2.700720200000000000000000000000E+07
        1.198783636093139648437500000000   -2.705362800000000000000000000000E+07
        1.199783682823181152343750000000   -2.710011800000000000000000000000E+07
        1.200783729553222656250000000000   -2.714667200000000000000000000000E+07
        1.201783776283264160156250000000   -2.719329000000000000000000000000E+07
        1.202783823013305664062500000000   -2.723997200000000000000000000000E+07
        1.203783869743347167968750000000   -2.728671800000000000000000000000E+07
        1.204783916473388671875000000000   -2.733352800000000000000000000000E+07
        1.205783963203430175781250000000   -2.738040200000000000000000000000E+07
        1.206784009933471679687500000000   -2.742734000000000000000000000000E+07
        1.207784056663513183593750000000   -2.747434200000000000000000000000E+07
        1.208784103393554687500000000000   -2.752140800000000000000000000000E+07
        1.209784150123596191406250000000   -2.756853800000000000000000000000E+07
        1.210784196853637695312500000000   -2.761573200000000000000000000000E+07
        1.211784243583679199218750000000   -2.766299000000000000000000000000E+07
        1.212784290313720703125000000000   -2.771031200000000000000000000000E+07
        1.213784337043762207031250000000   -2.775770200000000000000000000000E+07
        1.214784383773803710937500000000   -2.780516000000000000000000000000E+07
        1.215784430503845214843750000000   -2.785268600000000000000000000000E+07
        1.216784477233886718750000000000   -2.790028400000000000000000000000E+07
        1.217784523963928222656250000000   -2.794795400000000000000000000000E+07
        1.218784570693969726562500000000   -2.799569600000000000000000000000E+07
        1.219784617424011230468750000000   -2.804351000000000000000000000000E+07
        1.220784664154052734375000000000   -2.809139600000000000000000000000E+07
        1.221784710884094238281250000000   -2.813935400000000000000000000000E+07
        1.222784757614135742187500000000   -2.818738400000000000000000000000E+07
        1.223784804344177246093750000000   -2.823548600000000000000000000000E+07
        1.224784851074218750000000000000   -2.828366400000000000000000000000E+07
        1.225784897804260253906250000000   -2.833191800000000000000000000000E+07
        1.226784944534301757812500000000   -2.838024800000000000000000000000E+07
        1.227784991264343261718750000000   -2.842865400000000000000000000000E+07
        1.228785037994384765625000000000   -2.847713600000000000000000000000E+07
        1.229785084724426269531250000000   -2.852569400000000000000000000000E+07
        1.230785131454467773437500000000   -2.857432800000000000000000000000E+07
        1.231785178184509277343750000000   -2.862303800000000000000000000000E+07
        1.232785224914550781250000000000   -2.867182400000000000000000000000E+07
        1.233785271644592285156250000000   -2.872068600000000000000000000000E+07
        1.234785318374633789062500000000   -2.876962400000000000000000000000E+07
        1.235785365104675292968750000000   -2.881863800000000000000000000000E+07
        1.236785411834716796875000000000   -2.886772800000000000000000000000E+07
        1.237785458564758300781250000000   -2.891689400000000000000000000000E+07
        1.238785505294799804687500000000   -2.896613600000000000000000000000E+07
        1.239785552024841308593750000000   -2.901545400000000000000000000000E+07
        1.240785598754882812500000000000   -2.906485600000000000000000000000E+07
        1.241785645484924316406250000000   -2.911434200000000000000000000000E+07
        1.242785692214965820312500000000   -2.916391200000000000000000000000E+07
        1.243785738945007324218750000000   -2.921356600000000000000000000000E+07
        1.244785785675048828125000000000   -2.926330400000000000000000000000E+07
        1.245785832405090332031250000000   -2.931312600000000000000000000000E+07
        1.246785879135131835937500000000   -2.936303200000000000000000000000E+07
        1.247785925865173339843750000000   -2.941302200000000000000000000000E+07
        1.248785972595214843750000000000   -2.946309600000000000000000000000E+07
        1.249786019325256347656250000000   -2.951325400000000000000000000000E+07
        1.250786066055297851562500000000   -2.956349600000000000000000000000E+07
        1.251786112785339355468750000000   -2.961382200000000000000000000000E+07
        1.252786159515380859375000000000   -2.966423200000000000000000000000E+07
        1.253786206245422363281250000000   -2.971472600000000000000000000000E+07
        1.254786252975463867187500000000   -2.976530400000000000000000000000E+07
        1.255786299705505371093750000000   -2.981596600000000000000000000000E+07
        1.256786346435546875000000000000   -2.986671200000000000000000000000E+07
        1.257786393165588378906250000000   -2.991754200000000000000000000000E+07
        1.258786439895629882812500000000   -2.996845600000000000000000000000E+07
        1.259786486625671386718750000000   -3.001945400000000000000000000000E+07
        1.260786533355712890625000000000   -3.007053600000000000000000000000E+07
        1.261786580085754394531250000000   -3.012170600000000000000000000000E+07
        1.262786626815795898437500000000   -3.017296400000000000000000000000E+07
        1.263786673545837402343750000000   -3.022431000000000000000000000000E+07
        1.264786720275878906250000000000   -3.027574800000000000000000000000E+07
        1.265786767005920410156250000000   -3.032727800000000000000000000000E+07
        1.266786813735961914062500000000   -3.037890000000000000000000000000E+07
        1.267786860466003417968750000000   -3.043061800000000000000000000000E+07
        1.268786907196044921875000000000   -3.048243200000000000000000000000E+07
        1.269786953926086425781250000000   -3.053434200000000000000000000000E+07
        1.270787000656127929687500000000   -3.058634800000000000000000000000E+07
        1.271787047386169433593750000000   -3.063845000000000000000000000000E+07
        1.272787094116210937500000000000   -3.069064800000000000000000000000E+07
        1.273787140846252441406250000000   -3.074294200000000000000000000000E+07
        1.274787187576293945312500000000   -3.079533200000000000000000000000E+07
        1.275787234306335449218750000000   -3.084781800000000000000000000000E+07
        1.276787281036376953125000000000   -3.090040000000000000000000000000E+07
        1.277787327766418457031250000000   -3.095307800000000000000000000000E+07
        1.278787374496459960937500000000   -3.100585200000000000000000000000E+07
        1.279787421226501464843750000000   -3.105872200000000000000000000000E+07
        1.280787467956542968750000000000   -3.111168800000000000000000000000E+07
        1.281787514686584472656250000000   -3.116475000000000000000000000000E+07
        1.282787561416625976562500000000   -3.121790800000000000000000000000E+07
        1.283787608146667480468750000000   -3.127116200000000000000000000000E+07
        1.284787654876708984375000000000   -3.132451200000000000000000000000E+07
        1.285787701606750488281250000000   -3.137795800000000000000000000000E+07
        1.286787748336791992187500000000   -3.143150000000000000000000000000E+07
        1.287787795066833496093750000000   -3.148513800000000000000000000000E+07
        1.288787841796875000000000000000   -3.153888000000000000000000000000E+07
        1.289787888526916503906250000000   -3.159272600000000000000000000000E+07
        1.290787935256958007812500000000   -3.164667600000000000000000000000E+07
        1.291787981986999511718750000000   -3.170073000000000000000000000000E+07
        1.292788028717041015625000000000   -3.175488800000000000000000000000E+07
        1.293788075447082519531250000000   -3.180915000000000000000000000000E+07
        1.294788122177124023437500000000   -3.186352000000000000000000000000E+07
        1.295788168907165527343750000000   -3.191799800000000000000000000000E+07
        1.296788215637207031250000000000   -3.197258400000000000000000000000E+07
        1.297788262367248535156250000000   -3.202727800000000000000000000000E+07
        1.298788309097290039062500000000   -3.208208000000000000000000000000E+07
        1.299788355827331542968750000000   -3.213699000000000000000000000000E+07
        1.300788402557373046875000000000   -3.219200800000000000000000000000E+07
        1.301788449287414550781250000000   -3.224713400000000000000000000000E+07
        1.302788496017456054687500000000   -3.230236800000000000000000000000E+07
        1.303788542747497558593750000000   -3.235771000000000000000000000000E+07
        1.304788589477539062500000000000   -3.241316000000000000000000000000E+07
        1.305788636207580566406250000000   -3.246871800000000000000000000000E+07
        1.306788682937622070312500000000   -3.252438400000000000000000000000E+07
        1.307788729667663574218750000000   -3.258015800000000000000000000000E+07
        1.308788776397705078125000000000   -3.263604000000000000000000000000E+07
        1.309788823127746582031250000000   -3.269203000000000000000000000000E+07
        1.310788869857788085937500000000   -3.274812800000000000000000000000E+07
        1.311788916587829589843750000000   -3.280434200000000000000000000000E+07
        1.312788963317871093750000000000   -3.286067200000000000000000000000E+07
        1.313789010047912597656250000000   -3.291711800000000000000000000000E+07
        1.314789056777954101562500000000   -3.297368000000000000000000000000E+07
        1.315789103507995605468750000000   -3.303035800000000000000000000000E+07
        1.316789150238037109375000000000   -3.308715600000000000000000000000E+07
        1.317789196968078613281250000000   -3.314407400000000000000000000000E+07
        1.318789243698120117187500000000   -3.320111200000000000000000000000E+07
        1.319789290428161621093750000000   -3.325827000000000000000000000000E+07
        1.320789337158203125000000000000   -3.331554800000000000000000000000E+07
        1.321789383888244628906250000000   -3.337294600000000000000000000000E+07
        1.322789430618286132812500000000   -3.343046400000000000000000000000E+07
        1.323789477348327636718750000000   -3.348810200000000000000000000000E+07
        1.324789524078369140625000000000   -3.354586000000000000000000000000E+07
        1.325789570808410644531250000000   -3.360373600000000000000000000000E+07
        1.326789617538452148437500000000   -3.366173200000000000000000000000E+07
        1.327789664268493652343750000000   -3.371984800000000000000000000000E+07
        1.328789710998535156250000000000   -3.377808400000000000000000000000E+07
        1.329789757728576660156250000000   -3.383644000000000000000000000000E+07
        1.330789804458618164062500000000   -3.389491600000000000000000000000E+07
        1.331789851188659667968750000000   -3.395351200000000000000000000000E+07
        1.332789897918701171875000000000   -3.401222800000000000000000000000E+07
        1.333789944648742675781250000000   -3.407107200000000000000000000000E+07
        1.334789991378784179687500000000   -3.413004400000000000000000000000E+07
        1.335790038108825683593750000000   -3.418914400000000000000000000000E+07
        1.336790084838867187500000000000   -3.424837200000000000000000000000E+07
        1.337790131568908691406250000000   -3.430772800000000000000000000000E+07
        1.338790178298950195312500000000   -3.436721200000000000000000000000E+07
        1.339790225028991699218750000000   -3.442682400000000000000000000000E+07
        1.340790271759033203125000000000   -3.448656400000000000000000000000E+07
        1.341790318489074707031250000000   -3.454643200000000000000000000000E+07
        1.342790365219116210937500000000   -3.460642800000000000000000000000E+07
        1.343790411949157714843750000000   -3.466656000000000000000000000000E+07
        1.344790458679199218750000000000   -3.472682800000000000000000000000E+07
        1.345790505409240722656250000000   -3.478723200000000000000000000000E+07
        1.346790552139282226562500000000   -3.484777200000000000000000000000E+07
        1.347790598869323730468750000000   -3.490844800000000000000000000000E+07
        1.348790645599365234375000000000   -3.496926000000000000000000000000E+07
        1.349790692329406738281250000000   -3.503020800000000000000000000000E+07
        1.350790739059448242187500000000   -3.509129200000000000000000000000E+07
        1.351790785789489746093750000000   -3.515251200000000000000000000000E+07
        1.352790832519531250000000000000   -3.521386800000000000000000000000E+07
        1.353790879249572753906250000000   -3.527536000000000000000000000000E+07
        1.354790925979614257812500000000   -3.533698800000000000000000000000E+07
        1.355790972709655761718750000000   -3.539876000000000000000000000000E+07
        1.356791019439697265625000000000   -3.546067600000000000000000000000E+07
        1.357791066169738769531250000000   -3.552273600000000000000000000000E+07
        1.358791112899780273437500000000   -3.558494000000000000000000000000E+07
        1.359791159629821777343750000000   -3.564728800000000000000000000000E+07
        1.360791206359863281250000000000   -3.570978000000000000000000000000E+07
        1.361791253089904785156250000000   -3.577241600000000000000000000000E+07
        1.362791299819946289062500000000   -3.583519600000000000000000000000E+07
        1.363791346549987792968750000000   -3.589812000000000000000000000000E+07
        1.364791393280029296875000000000   -3.596118800000000000000000000000E+07
        1.365791440010070800781250000000   -3.602440000000000000000000000000E+07
        1.366791486740112304687500000000   -3.608775600000000000000000000000E+07
        1.367791533470153808593750000000   -3.615125600000000000000000000000E+07
        1.368791580200195312500000000000   -3.621490000000000000000000000000E+07
        1.369791626930236816406250000000   -3.627868800000000000000000000000E+07
        1.370791673660278320312500000000   -3.634262000000000000000000000000E+07
        1.371791720390319824218750000000   -3.640669600000000000000000000000E+07
        1.372791767120361328125000000000   -3.647091600000000000000000000000E+07
        1.373791813850402832031250000000   -3.653528000000000000000000000000E+07
        1.374791860580444335937500000000   -3.659979600000000000000000000000E+07
        1.375791907310485839843750000000   -3.666446400000000000000000000000E+07
        1.376791954040527343750000000000   -3.672928400000000000000000000000E+07
        1.377792000770568847656250000000   -3.679426400000000000000000000000E+07
        1.378792047500610351562500000000   -3.685940400000000000000000000000E+07
        1.379792094230651855468750000000   -3.692470400000000000000000000000E+07
        1.380792140960693359375000000000   -3.699016400000000000000000000000E+07
        1.381792187690734863281250000000   -3.705578400000000000000000000000E+07
        1.382792234420776367187500000000   -3.712156400000000000000000000000E+07
        1.383792281150817871093750000000   -3.718750400000000000000000000000E+07
        1.384792327880859375000000000000   -3.725360400000000000000000000000E+07
        1.385792374610900878906250000000   -3.731986400000000000000000000000E+07
        1.386792421340942382812500000000   -3.738628400000000000000000000000E+07
        1.387792468070983886718750000000   -3.745286400000000000000000000000E+07
        1.388792514801025390625000000000   -3.751960400000000000000000000000E+07
        1.389792561531066894531250000000   -3.758650400000000000000000000000E+07
        1.390792608261108398437500000000   -3.765356400000000000000000000000E+07
        1.391792654991149902343750000000   -3.772078400000000000000000000000E+07
        1.392792701721191406250000000000   -3.778816400000000000000000000000E+07
        1.393792748451232910156250000000   -3.785570400000000000000000000000E+07
        1.394792795181274414062500000000   -3.792340400000000000000000000000E+07
        1.395792841911315917968750000000   -3.799126400000000000000000000000E+07
        1.396792888641357421875000000000   -3.805928400000000000000000000000E+07
        1.397792935371398925781250000000   -3.812746400000000000000000000000E+07
        1.398792982101440429687500000000   -3.819580400000000000000000000000E+07
        1.399793028831481933593750000000   -3.826432000000000000000000000000E+07
        1.400793075561523437500000000000   -3.833301200000000000000000000000E+07
        1.401793122291564941406250000000   -3.840188000000000000000000000000E+07
        1.402793169021606445312500000000   -3.847092400000000000000000000000E+07
        1.403793215751647949218750000000   -3.854014400000000000000000000000E+07
        1.404793262481689453125000000000   -3.860954000000000000000000000000E+07
        1.405793309211730957031250000000   -3.867911200000000000000000000000E+07
        1.406793355941772460937500000000   -3.874886000000000000000000000000E+07
        1.407793402671813964843750000000   -3.881878400000000000000000000000E+07
        1.408793449401855468750000000000   -3.888888400000000000000000000000E+07
        1.409793496131896972656250000000   -3.895916000000000000000000000000E+07
        1.410793542861938476562500000000   -3.902961200000000000000000000000E+07
        1.411793589591979980468750000000   -3.910024000000000000000000000000E+07
        1.412793636322021484375000000000   -3.917104400000000000000000000000E+07
        1.413793683052062988281250000000   -3.924202400000000000000000000000E+07
        1.414793729782104492187500000000   -3.931318000000000000000000000000E+07
        1.415793776512145996093750000000   -3.938451200000000000000000000000E+07
        1.416793823242187500000000000000   -3.945602000000000000000000000000E+07
        1.417793869972229003906250000000   -3.952770400000000000000000000000E+07
        1.418793916702270507812500000000   -3.959956400000000000000000000000E+07
        1.419793963432312011718750000000   -3.967160000000000000000000000000E+07
        1.420794010162353515625000000000   -3.974382800000000000000000000000E+07
        1.421794056892395019531250000000   -3.981624800000000000000000000000E+07
        1.422794103622436523437500000000   -3.988886000000000000000000000000E+07
        1.423794150352478027343750000000   -3.996166400000000000000000000000E+07
        1.424794197082519531250000000000   -4.003466000000000000000000000000E+07
        1.425794243812561035156250000000   -4.010784800000000000000000000000E+07
        1.426794290542602539062500000000   -4.018122800000000000000000000000E+07
        1.427794337272644042968750000000   -4.025480000000000000000000000000E+07
        1.428794384002685546875000000000   -4.032856400000000000000000000000E+07
        1.429794430732727050781250000000   -4.040252000000000000000000000000E+07
        1.430794477462768554687500000000   -4.047666800000000000000000000000E+07
        1.431794524192810058593750000000   -4.055100800000000000000000000000E+07
        1.432794570922851562500000000000   -4.062554000000000000000000000000E+07
        1.433794617652893066406250000000   -4.070026400000000000000000000000E+07
        1.434794664382934570312500000000   -4.077518000000000000000000000000E+07
        1.435794711112976074218750000000   -4.085028800000000000000000000000E+07
        1.436794757843017578125000000000   -4.092558800000000000000000000000E+07
        1.437794804573059082031250000000   -4.100108000000000000000000000000E+07
        1.438794851303100585937500000000   -4.107676400000000000000000000000E+07
        1.439794898033142089843750000000   -4.115264000000000000000000000000E+07
        1.440794944763183593750000000000   -4.122871600000000000000000000000E+07
        1.441794991493225097656250000000   -4.130500000000000000000000000000E+07
        1.442795038223266601562500000000   -4.138149200000000000000000000000E+07
        1.443795084953308105468750000000   -4.145819200000000000000000000000E+07
        1.444795131683349609375000000000   -4.153510000000000000000000000000E+07
        1.445795178413391113281250000000   -4.161221600000000000000000000000E+07
        1.446795225143432617187500000000   -4.168954000000000000000000000000E+07
        1.447795271873474121093750000000   -4.176707200000000000000000000000E+07
        1.448795318603515625000000000000   -4.184481200000000000000000000000E+07
        1.449795365333557128906250000000   -4.192276000000000000000000000000E+07
        1.450795412063598632812500000000   -4.200091600000000000000000000000E+07
        1.451795458793640136718750000000   -4.207928000000000000000000000000E+07
        1.452795505523681640625000000000   -4.215785200000000000000000000000E+07
        1.453795552253723144531250000000   -4.223663200000000000000000000000E+07
        1.454795598983764648437500000000   -4.231562000000000000000000000000E+07
        1.455795645713806152343750000000   -4.239481600000000000000000000000E+07
        1.456795692443847656250000000000   -4.247422800000000000000000000000E+07
        1.457795739173889160156250000000   -4.255385600000000000000000000000E+07
        1.458795785903930664062500000000   -4.263370000000000000000000000000E+07
        1.459795832633972167968750000000   -4.271376000000000000000000000000E+07
        1.460795879364013671875000000000   -4.279403600000000000000000000000E+07
        1.461795926094055175781250000000   -4.287453600000000000000000000000E+07
        1.462795972824096679687500000000   -4.295526000000000000000000000000E+07
        1.463796019554138183593750000000   -4.303620800000000000000000000000E+07
        1.464796066284179687500000000000   -4.311738000000000000000000000000E+07
        1.465796113014221191406250000000   -4.319877600000000000000000000000E+07
        1.466796159744262695312500000000   -4.328039600000000000000000000000E+07
        1.467796206474304199218750000000   -4.336224000000000000000000000000E+07
        1.468796253204345703125000000000   -4.344430800000000000000000000000E+07
        1.469796299934387207031250000000   -4.352660000000000000000000000000E+07
        1.470796346664428710937500000000   -4.360912400000000000000000000000E+07
        1.471796393394470214843750000000   -4.369188000000000000000000000000E+07
        1.472796440124511718750000000000   -4.377486800000000000000000000000E+07
        1.473796486854553222656250000000   -4.385808800000000000000000000000E+07
        1.474796533584594726562500000000   -4.394154000000000000000000000000E+07
        1.475796580314636230468750000000   -4.402522400000000000000000000000E+07
        1.476796627044677734375000000000   -4.410914000000000000000000000000E+07
        1.477796673774719238281250000000   -4.419328800000000000000000000000E+07
        1.478796720504760742187500000000   -4.427766800000000000000000000000E+07
        1.479796767234802246093750000000   -4.436228000000000000000000000000E+07
        1.480796813964843750000000000000   -4.444712400000000000000000000000E+07
        1.481796860694885253906250000000   -4.453220800000000000000000000000E+07
        1.482796907424926757812500000000   -4.461754000000000000000000000000E+07
        1.483796954154968261718750000000   -4.470312000000000000000000000000E+07
        1.484797000885009765625000000000   -4.478894800000000000000000000000E+07
        1.485797047615051269531250000000   -4.487502400000000000000000000000E+07
        1.486797094345092773437500000000   -4.496134800000000000000000000000E+07
        1.487797141075134277343750000000   -4.504792000000000000000000000000E+07
        1.488797187805175781250000000000   -4.513474000000000000000000000000E+07
        1.489797234535217285156250000000   -4.522180800000000000000000000000E+07
        1.490797281265258789062500000000   -4.530912400000000000000000000000E+07
        1.491797327995300292968750000000   -4.539668800000000000000000000000E+07
        1.492797374725341796875000000000   -4.548450000000000000000000000000E+07
        1.493797421455383300781250000000   -4.557256000000000000000000000000E+07
        1.494797468185424804687500000000   -4.566086800000000000000000000000E+07
        1.495797514915466308593750000000   -4.574942400000000000000000000000E+07
        1.496797561645507812500000000000   -4.583822800000000000000000000000E+07
        1.497797608375549316406250000000   -4.592728000000000000000000000000E+07
        1.498797655105590820312500000000   -4.601658000000000000000000000000E+07
        1.499797701835632324218750000000   -4.610613600000000000000000000000E+07
        1.500797748565673828125000000000   -4.619594800000000000000000000000E+07
        1.501797795295715332031250000000   -4.628602400000000000000000000000E+07
        1.502797842025756835937500000000   -4.637636400000000000000000000000E+07
        1.503797888755798339843750000000   -4.646696800000000000000000000000E+07
        1.504797935485839843750000000000   -4.655783600000000000000000000000E+07
        1.505797982215881347656250000000   -4.664896800000000000000000000000E+07
        1.506798028945922851562500000000   -4.674036400000000000000000000000E+07
        1.507798075675964355468750000000   -4.683202400000000000000000000000E+07
        1.508798122406005859375000000000   -4.692394800000000000000000000000E+07
        1.509798169136047363281250000000   -4.701614400000000000000000000000E+07
        1.510798215866088867187500000000   -4.710861200000000000000000000000E+07
        1.511798262596130371093750000000   -4.720135200000000000000000000000E+07
        1.512798309326171875000000000000   -4.729436400000000000000000000000E+07
        1.513798356056213378906250000000   -4.738764800000000000000000000000E+07
        1.514798402786254882812500000000   -4.748120400000000000000000000000E+07
        1.515798449516296386718750000000   -4.757503200000000000000000000000E+07
        1.516798496246337890625000000000   -4.766913200000000000000000000000E+07
        1.517798542976379394531250000000   -4.776350400000000000000000000000E+07
        1.518798589706420898437500000000   -4.785814800000000000000000000000E+07
        1.519798636436462402343750000000   -4.795306400000000000000000000000E+07
        1.520798683166503906250000000000   -4.804825200000000000000000000000E+07
        1.521798729896545410156250000000   -4.814372800000000000000000000000E+07
        1.522798776626586914062500000000   -4.823949200000000000000000000000E+07
        1.523798823356628417968750000000   -4.833554400000000000000000000000E+07
        1.524798870086669921875000000000   -4.843188400000000000000000000000E+07
        1.525798916816711425781250000000   -4.852851200000000000000000000000E+07
        1.526798963546752929687500000000   -4.862542800000000000000000000000E+07
        1.527799010276794433593750000000   -4.872263200000000000000000000000E+07
        1.528799057006835937500000000000   -4.882012400000000000000000000000E+07
        1.529799103736877441406250000000   -4.891790400000000000000000000000E+07
        1.530799150466918945312500000000   -4.901597200000000000000000000000E+07
        1.531799197196960449218750000000   -4.911433600000000000000000000000E+07
        1.532799243927001953125000000000   -4.921299600000000000000000000000E+07
        1.533799290657043457031250000000   -4.931195200000000000000000000000E+07
        1.534799337387084960937500000000   -4.941120400000000000000000000000E+07
        1.535799384117126464843750000000   -4.951075200000000000000000000000E+07
        1.536799430847167968750000000000   -4.961059600000000000000000000000E+07
        1.537799477577209472656250000000   -4.971073600000000000000000000000E+07
        1.538799524307250976562500000000   -4.981117200000000000000000000000E+07
        1.539799571037292480468750000000   -4.991190400000000000000000000000E+07
        1.540799617767333984375000000000   -5.001294800000000000000000000000E+07
        1.541799664497375488281250000000   -5.011430400000000000000000000000E+07
        1.542799711227416992187500000000   -5.021597200000000000000000000000E+07
        1.543799757957458496093750000000   -5.031795200000000000000000000000E+07
        1.544799804687500000000000000000   -5.042024400000000000000000000000E+07
        1.545799851417541503906250000000   -5.052284800000000000000000000000E+07
        1.546799898147583007812500000000   -5.062576400000000000000000000000E+07
        1.547799944877624511718750000000   -5.072899200000000000000000000000E+07
        1.548799991607666015625000000000   -5.083253200000000000000000000000E+07
        1.549800038337707519531250000000   -5.093638400000000000000000000000E+07
        1.550800085067749023437500000000   -5.104054800000000000000000000000E+07
        1.551800131797790527343750000000   -5.114503200000000000000000000000E+07
        1.552800178527832031250000000000   -5.124983600000000000000000000000E+07
        1.553800225257873535156250000000   -5.135496000000000000000000000000E+07
        1.554800271987915039062500000000   -5.146040400000000000000000000000E+07
        1.555800318717956542968750000000   -5.156616800000000000000000000000E+07
        1.556800365447998046875000000000   -5.167225200000000000000000000000E+07
        1.557800412178039550781250000000   -5.177865600000000000000000000000E+07
        1.558800458908081054687500000000   -5.188538000000000000000000000000E+07
        1.559800505638122558593750000000   -5.199242400000000000000000000000E+07
        1.560800552368164062500000000000   -5.209980400000000000000000000000E+07
        1.561800599098205566406250000000   -5.220752000000000000000000000000E+07
        1.562800645828247070312500000000   -5.231557200000000000000000000000E+07
        1.563800692558288574218750000000   -5.242396000000000000000000000000E+07
        1.564800739288330078125000000000   -5.253268400000000000000000000000E+07
        1.565800786018371582031250000000   -5.264174400000000000000000000000E+07
        1.566800832748413085937500000000   -5.275114000000000000000000000000E+07
        1.567800879478454589843750000000   -5.286087200000000000000000000000E+07
        1.568800926208496093750000000000   -5.297094800000000000000000000000E+07
        1.569800972938537597656250000000   -5.308136800000000000000000000000E+07
        1.570801019668579101562500000000   -5.319213200000000000000000000000E+07
        1.571801066398620605468750000000   -5.330324000000000000000000000000E+07
        1.572801113128662109375000000000   -5.341469200000000000000000000000E+07
        1.573801159858703613281250000000   -5.352648800000000000000000000000E+07
        1.574801206588745117187500000000   -5.363862800000000000000000000000E+07
        1.575801253318786621093750000000   -5.375111200000000000000000000000E+07
        1.576801300048828125000000000000   -5.386394000000000000000000000000E+07
        1.577801346778869628906250000000   -5.397711200000000000000000000000E+07
        1.578801393508911132812500000000   -5.409062800000000000000000000000E+07
        1.579801440238952636718750000000   -5.420450400000000000000000000000E+07
        1.580801486968994140625000000000   -5.431874000000000000000000000000E+07
        1.581801533699035644531250000000   -5.443333600000000000000000000000E+07
        1.582801580429077148437500000000   -5.454829200000000000000000000000E+07
        1.583801627159118652343750000000   -5.466361600000000000000000000000E+07
        1.584801673889160156250000000000   -5.477930800000000000000000000000E+07
        1.585801720619201660156250000000   -5.489536800000000000000000000000E+07
        1.586801767349243164062500000000   -5.501179600000000000000000000000E+07
        1.587801814079284667968750000000   -5.512859200000000000000000000000E+07
        1.588801860809326171875000000000   -5.524575600000000000000000000000E+07
        1.589801907539367675781250000000   -5.536328800000000000000000000000E+07
        1.590801954269409179687500000000   -5.548118800000000000000000000000E+07
        1.591802000999450683593750000000   -5.559945600000000000000000000000E+07
        1.592802047729492187500000000000   -5.571809200000000000000000000000E+07
        1.593802094459533691406250000000   -5.583709600000000000000000000000E+07
        1.594802141189575195312500000000   -5.595647600000000000000000000000E+07
        1.595802187919616699218750000000   -5.607623200000000000000000000000E+07
        1.596802234649658203125000000000   -5.619636400000000000000000000000E+07
        1.597802281379699707031250000000   -5.631688800000000000000000000000E+07
        1.598802328109741210937500000000   -5.643780400000000000000000000000E+07
        1.599802374839782714843750000000   -5.655911200000000000000000000000E+07
        1.600802421569824218750000000000   -5.668081200000000000000000000000E+07
        1.601802468299865722656250000000   -5.680290400000000000000000000000E+07
        1.602802515029907226562500000000   -5.692538800000000000000000000000E+07
        1.603802561759948730468750000000   -5.704826400000000000000000000000E+07
        1.604802608489990234375000000000   -5.717153200000000000000000000000E+07
        1.605802655220031738281250000000   -5.729519200000000000000000000000E+07
        1.606802701950073242187500000000   -5.741925200000000000000000000000E+07
        1.607802748680114746093750000000   -5.754371200000000000000000000000E+07
        1.608802795410156250000000000000   -5.766857200000000000000000000000E+07
        1.609802842140197753906250000000   -5.779383200000000000000000000000E+07
        1.610802888870239257812500000000   -5.791949200000000000000000000000E+07
        1.611802935600280761718750000000   -5.804555200000000000000000000000E+07
        1.612802982330322265625000000000   -5.817201200000000000000000000000E+07
        1.613803029060363769531250000000   -5.829887200000000000000000000000E+07
        1.614803075790405273437500000000   -5.842613200000000000000000000000E+07
        1.615803122520446777343750000000   -5.855379200000000000000000000000E+07
        1.616803169250488281250000000000   -5.868186800000000000000000000000E+07
        1.617803215980529785156250000000   -5.881036000000000000000000000000E+07
        1.618803262710571289062500000000   -5.893927600000000000000000000000E+07
        1.619803309440612792968750000000   -5.906861600000000000000000000000E+07
        1.620803356170654296875000000000   -5.919838000000000000000000000000E+07
        1.621803402900695800781250000000   -5.932856800000000000000000000000E+07
        1.622803449630737304687500000000   -5.945918000000000000000000000000E+07
        1.623803496360778808593750000000   -5.959021600000000000000000000000E+07
        1.624803543090820312500000000000   -5.972167600000000000000000000000E+07
        1.625803589820861816406250000000   -5.985356000000000000000000000000E+07
        1.626803636550903320312500000000   -5.998587600000000000000000000000E+07
        1.627803683280944824218750000000   -6.011862400000000000000000000000E+07
        1.628803730010986328125000000000   -6.025180400000000000000000000000E+07
        1.629803776741027832031250000000   -6.038541600000000000000000000000E+07
        1.630803823471069335937500000000   -6.051946000000000000000000000000E+07
        1.631803870201110839843750000000   -6.065393600000000000000000000000E+07
        1.632803916931152343750000000000   -6.078884400000000000000000000000E+07
        1.633803963661193847656250000000   -6.092418400000000000000000000000E+07
        1.634804010391235351562500000000   -6.105997200000000000000000000000E+07
        1.635804057121276855468750000000   -6.119620800000000000000000000000E+07
        1.636804103851318359375000000000   -6.133290000000000000000000000000E+07
        1.637804150581359863281250000000   -6.147004800000000000000000000000E+07
        1.638804197311401367187500000000   -6.160765200000000000000000000000E+07
        1.639804244041442871093750000000   -6.174571200000000000000000000000E+07
        1.640804290771484375000000000000   -6.188422800000000000000000000000E+07
        1.641804337501525878906250000000   -6.202320000000000000000000000000E+07
        1.642804384231567382812500000000   -6.216262800000000000000000000000E+07
        1.643804430961608886718750000000   -6.230251200000000000000000000000E+07
        1.644804477691650390625000000000   -6.244286000000000000000000000000E+07
        1.645804524421691894531250000000   -6.258367200000000000000000000000E+07
        1.646804571151733398437500000000   -6.272494800000000000000000000000E+07
        1.647804617881774902343750000000   -6.286668800000000000000000000000E+07
        1.648804664611816406250000000000   -6.300889200000000000000000000000E+07
        1.649804711341857910156250000000   -6.315156000000000000000000000000E+07
        1.650804758071899414062500000000   -6.329469200000000000000000000000E+07
        1.651804804801940917968750000000   -6.343828800000000000000000000000E+07
        1.652804851531982421875000000000   -6.358236400000000000000000000000E+07
        1.653804898262023925781250000000   -6.372692800000000000000000000000E+07
        1.654804944992065429687500000000   -6.387198000000000000000000000000E+07
        1.655804991722106933593750000000   -6.401752000000000000000000000000E+07
        1.656805038452148437500000000000   -6.416354800000000000000000000000E+07
        1.657805085182189941406250000000   -6.431006400000000000000000000000E+07
        1.658805131912231445312500000000   -6.445706800000000000000000000000E+07
        1.659805178642272949218750000000   -6.460456000000000000000000000000E+07
        1.660805225372314453125000000000   -6.475254800000000000000000000000E+07
        1.661805272102355957031250000000   -6.490103200000000000000000000000E+07
        1.662805318832397460937500000000   -6.505001200000000000000000000000E+07
        1.663805365562438964843750000000   -6.519948800000000000000000000000E+07
        1.664805412292480468750000000000   -6.534946000000000000000000000000E+07
        1.665805459022521972656250000000   -6.549992800000000000000000000000E+07
        1.666805505752563476562500000000   -6.565089200000000000000000000000E+07
        1.667805552482604980468750000000   -6.580236000000000000000000000000E+07
        1.668805599212646484375000000000   -6.595433200000000000000000000000E+07
        1.669805645942687988281250000000   -6.610680800000000000000000000000E+07
        1.670805692672729492187500000000   -6.625980400000000000000000000000E+07
        1.671805739402770996093750000000   -6.641332000000000000000000000000E+07
        1.672805786132812500000000000000   -6.656735600000000000000000000000E+07
        1.673805832862854003906250000000   -6.672191200000000000000000000000E+07
        1.674805879592895507812500000000   -6.687699600000000000000000000000E+07
        1.675805926322937011718750000000   -6.703260800000000000000000000000E+07
        1.676805973052978515625000000000   -6.718875200000000000000000000000E+07
        1.677806019783020019531250000000   -6.734542400000000000000000000000E+07
        1.678806066513061523437500000000   -6.750262400000000000000000000000E+07
        1.679806113243103027343750000000   -6.766035200000000000000000000000E+07
        1.680806159973144531250000000000   -6.781860800000000000000000000000E+07
        1.681806206703186035156250000000   -6.797739200000000000000000000000E+07
        1.682806253433227539062500000000   -6.813670400000000000000000000000E+07
        1.683806300163269042968750000000   -6.829656000000000000000000000000E+07
        1.684806346893310546875000000000   -6.845696000000000000000000000000E+07
        1.685806393623352050781250000000   -6.861790400000000000000000000000E+07
        1.686806440353393554687500000000   -6.877939200000000000000000000000E+07
        1.687806487083435058593750000000   -6.894142400000000000000000000000E+07
        1.688806533813476562500000000000   -6.910401600000000000000000000000E+07
        1.689806580543518066406250000000   -6.926716800000000000000000000000E+07
        1.690806627273559570312500000000   -6.943088000000000000000000000000E+07
        1.691806674003601074218750000000   -6.959515200000000000000000000000E+07
        1.692806720733642578125000000000   -6.975998400000000000000000000000E+07
        1.693806767463684082031250000000   -6.992537600000000000000000000000E+07
        1.694806814193725585937500000000   -7.009132800000000000000000000000E+07
        1.695806860923767089843750000000   -7.025785600000000000000000000000E+07
        1.696806907653808593750000000000   -7.042496000000000000000000000000E+07
        1.697806954383850097656250000000   -7.059264000000000000000000000000E+07
        1.698807001113891601562500000000   -7.076089600000000000000000000000E+07
        1.699807047843933105468750000000   -7.092972800000000000000000000000E+07
        1.700807094573974609375000000000   -7.109913600000000000000000000000E+07
        1.701807141304016113281250000000   -7.126912000000000000000000000000E+07
        1.702807188034057617187500000000   -7.143968000000000000000000000000E+07
        1.703807234764099121093750000000   -7.161081600000000000000000000000E+07
        1.704807281494140625000000000000   -7.178252800000000000000000000000E+07
        1.705807328224182128906250000000   -7.195481600000000000000000000000E+07
        1.706807374954223632812500000000   -7.212771200000000000000000000000E+07
        1.707807421684265136718750000000   -7.230121600000000000000000000000E+07
        1.708807468414306640625000000000   -7.247532800000000000000000000000E+07
        1.709807515144348144531250000000   -7.265004800000000000000000000000E+07
        1.710807561874389648437500000000   -7.282537600000000000000000000000E+07
        1.711807608604431152343750000000   -7.300131200000000000000000000000E+07
        1.712807655334472656250000000000   -7.317785600000000000000000000000E+07
        1.713807702064514160156250000000   -7.335500800000000000000000000000E+07
        1.714807748794555664062500000000   -7.353276800000000000000000000000E+07
        1.715807795524597167968750000000   -7.371113600000000000000000000000E+07
        1.716807842254638671875000000000   -7.389011200000000000000000000000E+07
        1.717807888984680175781250000000   -7.406971200000000000000000000000E+07
        1.718807935714721679687500000000   -7.424993600000000000000000000000E+07
        1.719807982444763183593750000000   -7.443078400000000000000000000000E+07
        1.720808029174804687500000000000   -7.461225600000000000000000000000E+07
        1.721808075904846191406250000000   -7.479435200000000000000000000000E+07
        1.722808122634887695312500000000   -7.497707200000000000000000000000E+07
        1.723808169364929199218750000000   -7.516043200000000000000000000000E+07
        1.724808216094970703125000000000   -7.534443200000000000000000000000E+07
        1.725808262825012207031250000000   -7.552907200000000000000000000000E+07
        1.726808309555053710937500000000   -7.571436800000000000000000000000E+07
        1.727808356285095214843750000000   -7.590032000000000000000000000000E+07
        1.728808403015136718750000000000   -7.608692800000000000000000000000E+07
        1.729808449745178222656250000000   -7.627419200000000000000000000000E+07
        1.730808496475219726562500000000   -7.646211200000000000000000000000E+07
        1.731808543205261230468750000000   -7.665068800000000000000000000000E+07
        1.732808589935302734375000000000   -7.683992000000000000000000000000E+07
        1.733808636665344238281250000000   -7.702980800000000000000000000000E+07
        1.734808683395385742187500000000   -7.722035200000000000000000000000E+07
        1.735808730125427246093750000000   -7.741155200000000000000000000000E+07
        1.736808776855468750000000000000   -7.760342400000000000000000000000E+07
        1.737808823585510253906250000000   -7.779596800000000000000000000000E+07
        1.738808870315551757812500000000   -7.798918400000000000000000000000E+07
        1.739808917045593261718750000000   -7.818307200000000000000000000000E+07
        1.740808963775634765625000000000   -7.837764800000000000000000000000E+07
        1.741809010505676269531250000000   -7.857291200000000000000000000000E+07
        1.742809057235717773437500000000   -7.876886400000000000000000000000E+07
        1.743809103965759277343750000000   -7.896550400000000000000000000000E+07
        1.744809150695800781250000000000   -7.916284800000000000000000000000E+07
        1.745809197425842285156250000000   -7.936089600000000000000000000000E+07
        1.746809244155883789062500000000   -7.955964800000000000000000000000E+07
        1.747809290885925292968750000000   -7.975910400000000000000000000000E+07
        1.748809337615966796875000000000   -7.995926400000000000000000000000E+07
        1.749809384346008300781250000000   -8.016012800000000000000000000000E+07
        1.750809431076049804687500000000   -8.036169600000000000000000000000E+07
        1.751809477806091308593750000000   -8.056396800000000000000000000000E+07
        1.752809524536132812500000000000   -8.076694400000000000000000000000E+07
        1.753809571266174316406250000000   -8.097064000000000000000000000000E+07
        1.754809617996215820312500000000   -8.117505600000000000000000000000E+07
        1.755809664726257324218750000000   -8.138019200000000000000000000000E+07
        1.756809711456298828125000000000   -8.158604800000000000000000000000E+07
        1.757809758186340332031250000000   -8.179264000000000000000000000000E+07
        1.758809804916381835937500000000   -8.199996800000000000000000000000E+07
        1.759809851646423339843750000000   -8.220803200000000000000000000000E+07
        1.760809898376464843750000000000   -8.241684800000000000000000000000E+07
        1.761809945106506347656250000000   -8.262641600000000000000000000000E+07
        1.762809991836547851562500000000   -8.283673600000000000000000000000E+07
        1.763810038566589355468750000000   -8.304780800000000000000000000000E+07
        1.764810085296630859375000000000   -8.325963200000000000000000000000E+07
        1.765810132026672363281250000000   -8.347220800000000000000000000000E+07
        1.766810178756713867187500000000   -8.368553600000000000000000000000E+07
        1.767810225486755371093750000000   -8.389961600000000000000000000000E+07
        1.768810272216796875000000000000   -8.411446400000000000000000000000E+07
        1.769810318946838378906250000000   -8.433008000000000000000000000000E+07
        1.770810365676879882812500000000   -8.454646400000000000000000000000E+07
        1.771810412406921386718750000000   -8.476361600000000000000000000000E+07
        1.772810459136962890625000000000   -8.498153600000000000000000000000E+07
        1.773810505867004394531250000000   -8.520022400000000000000000000000E+07
        1.774810552597045898437500000000   -8.541971200000000000000000000000E+07
        1.775810599327087402343750000000   -8.564000000000000000000000000000E+07
        1.776810646057128906250000000000   -8.586108800000000000000000000000E+07
        1.777810692787170410156250000000   -8.608297600000000000000000000000E+07
        1.778810739517211914062500000000   -8.630566400000000000000000000000E+07
        1.779810786247253417968750000000   -8.652915200000000000000000000000E+07
        1.780810832977294921875000000000   -8.675344000000000000000000000000E+07
        1.781810879707336425781250000000   -8.697852800000000000000000000000E+07
        1.782810926437377929687500000000   -8.720443200000000000000000000000E+07
        1.783810973167419433593750000000   -8.743115200000000000000000000000E+07
        1.784811019897460937500000000000   -8.765868800000000000000000000000E+07
        1.785811066627502441406250000000   -8.788704000000000000000000000000E+07
        1.786811113357543945312500000000   -8.811620800000000000000000000000E+07
        1.787811160087585449218750000000   -8.834619200000000000000000000000E+07
        1.788811206817626953125000000000   -8.857699200000000000000000000000E+07
        1.789811253547668457031250000000   -8.880860800000000000000000000000E+07
        1.790811300277709960937500000000   -8.904105600000000000000000000000E+07
        1.791811347007751464843750000000   -8.927435200000000000000000000000E+07
        1.792811393737792968750000000000   -8.950849600000000000000000000000E+07
        1.793811440467834472656250000000   -8.974348800000000000000000000000E+07
        1.794811487197875976562500000000   -8.997932800000000000000000000000E+07
        1.795811533927917480468750000000   -9.021603200000000000000000000000E+07
        1.796811580657958984375000000000   -9.045360000000000000000000000000E+07
        1.797811627388000488281250000000   -9.069203200000000000000000000000E+07
        1.798811674118041992187500000000   -9.093132800000000000000000000000E+07
        1.799811720848083496093750000000   -9.117148800000000000000000000000E+07
        1.800811767578125000000000000000   -9.141251200000000000000000000000E+07
        1.801811814308166503906250000000   -9.165440000000000000000000000000E+07
        1.802811861038208007812500000000   -9.189716800000000000000000000000E+07
        1.803811907768249511718750000000   -9.214081600000000000000000000000E+07
        1.804811954498291015625000000000   -9.238534400000000000000000000000E+07
        1.805812001228332519531250000000   -9.263075200000000000000000000000E+07
        1.806812047958374023437500000000   -9.287704000000000000000000000000E+07
        1.807812094688415527343750000000   -9.312424000000000000000000000000E+07
        1.808812141418457031250000000000   -9.337235200000000000000000000000E+07
        1.809812188148498535156250000000   -9.362137600000000000000000000000E+07
        1.810812234878540039062500000000   -9.387131200000000000000000000000E+07
        1.811812281608581542968750000000   -9.412216000000000000000000000000E+07
        1.812812328338623046875000000000   -9.437393600000000000000000000000E+07
        1.813812375068664550781250000000   -9.462664000000000000000000000000E+07
        1.814812421798706054687500000000   -9.488027200000000000000000000000E+07
        1.815812468528747558593750000000   -9.513483200000000000000000000000E+07
        1.816812515258789062500000000000   -9.539032000000000000000000000000E+07
        1.817812561988830566406250000000   -9.564673600000000000000000000000E+07
        1.818812608718872070312500000000   -9.590408000000000000000000000000E+07
        1.819812655448913574218750000000   -9.616236800000000000000000000000E+07
        1.820812702178955078125000000000   -9.642160000000000000000000000000E+07
        1.821812748908996582031250000000   -9.668177600000000000000000000000E+07
        1.822812795639038085937500000000   -9.694289600000000000000000000000E+07
        1.823812842369079589843750000000   -9.720496000000000000000000000000E+07
        1.824812889099121093750000000000   -9.746800000000000000000000000000E+07
        1.825812935829162597656250000000   -9.773201600000000000000000000000E+07
        1.826812982559204101562500000000   -9.799700800000000000000000000000E+07
        1.827813029289245605468750000000   -9.826297600000000000000000000000E+07
        1.828813076019287109375000000000   -9.852992000000000000000000000000E+07
        1.829813122749328613281250000000   -9.879785600000000000000000000000E+07
        1.830813169479370117187500000000   -9.906678400000000000000000000000E+07
        1.831813216209411621093750000000   -9.933670400000000000000000000000E+07
        1.832813262939453125000000000000   -9.960761600000000000000000000000E+07
        1.833813309669494628906250000000   -9.987952000000000000000000000000E+07
        1.834813356399536132812500000000   -1.001524320000000000000000000000E+08
        1.835813403129577636718750000000   -1.004263520000000000000000000000E+08
        1.836813449859619140625000000000   -1.007012800000000000000000000000E+08
        1.837813496589660644531250000000   -1.009772160000000000000000000000E+08
        1.838813543319702148437500000000   -1.012541600000000000000000000000E+08
        1.839813590049743652343750000000   -1.015321120000000000000000000000E+08
        1.840813636779785156250000000000   -1.018111040000000000000000000000E+08
        1.841813683509826660156250000000   -1.020911360000000000000000000000E+08
        1.842813730239868164062500000000   -1.023722080000000000000000000000E+08
        1.843813776969909667968750000000   -1.026543360000000000000000000000E+08
        1.844813823699951171875000000000   -1.029375200000000000000000000000E+08
        1.845813870429992675781250000000   -1.032217600000000000000000000000E+08
        1.846813917160034179687500000000   -1.035070560000000000000000000000E+08
        1.847813963890075683593750000000   -1.037934080000000000000000000000E+08
        1.848814010620117187500000000000   -1.040808320000000000000000000000E+08
        1.849814057350158691406250000000   -1.043693280000000000000000000000E+08
        1.850814104080200195312500000000   -1.046588960000000000000000000000E+08
        1.851814150810241699218750000000   -1.049495360000000000000000000000E+08
        1.852814197540283203125000000000   -1.052412480000000000000000000000E+08
        1.853814244270324707031250000000   -1.055340320000000000000000000000E+08
        1.854814291000366210937500000000   -1.058279040000000000000000000000E+08
        1.855814337730407714843750000000   -1.061228640000000000000000000000E+08
        1.856814384460449218750000000000   -1.064189440000000000000000000000E+08
        1.857814431190490722656250000000   -1.067161440000000000000000000000E+08
        1.858814477920532226562500000000   -1.070144640000000000000000000000E+08
        1.859814524650573730468750000000   -1.073139040000000000000000000000E+08
        1.860814571380615234375000000000   -1.076144640000000000000000000000E+08
        1.861814618110656738281250000000   -1.079161600000000000000000000000E+08
        1.862814664840698242187500000000   -1.082189920000000000000000000000E+08
        1.863814711570739746093750000000   -1.085229600000000000000000000000E+08
        1.864814758300781250000000000000   -1.088280640000000000000000000000E+08
        1.865814805030822753906250000000   -1.091343040000000000000000000000E+08
        1.866814851760864257812500000000   -1.094416960000000000000000000000E+08
        1.867814898490905761718750000000   -1.097502400000000000000000000000E+08
        1.868814945220947265625000000000   -1.100599360000000000000000000000E+08
        1.869814991950988769531250000000   -1.103707840000000000000000000000E+08
        1.870815038681030273437500000000   -1.106827840000000000000000000000E+08
        1.871815085411071777343750000000   -1.109959520000000000000000000000E+08
        1.872815132141113281250000000000   -1.113103040000000000000000000000E+08
        1.873815178871154785156250000000   -1.116258560000000000000000000000E+08
        1.874815225601196289062500000000   -1.119426080000000000000000000000E+08
        1.875815272331237792968750000000   -1.122605600000000000000000000000E+08
        1.876815319061279296875000000000   -1.125797120000000000000000000000E+08
        1.877815365791320800781250000000   -1.129000640000000000000000000000E+08
        1.878815412521362304687500000000   -1.132216320000000000000000000000E+08
        1.879815459251403808593750000000   -1.135444160000000000000000000000E+08
        1.880815505981445312500000000000   -1.138684160000000000000000000000E+08
        1.881815552711486816406250000000   -1.141936320000000000000000000000E+08
        1.882815599441528320312500000000   -1.145200800000000000000000000000E+08
        1.883815646171569824218750000000   -1.148477600000000000000000000000E+08
        1.884815692901611328125000000000   -1.151766720000000000000000000000E+08
        1.885815739631652832031250000000   -1.155068160000000000000000000000E+08
        1.886815786361694335937500000000   -1.158381920000000000000000000000E+08
        1.887815833091735839843750000000   -1.161708160000000000000000000000E+08
        1.888815879821777343750000000000   -1.165047200000000000000000000000E+08
        1.889815926551818847656250000000   -1.168399040000000000000000000000E+08
        1.890815973281860351562500000000   -1.171763680000000000000000000000E+08
        1.891816020011901855468750000000   -1.175141120000000000000000000000E+08
        1.892816066741943359375000000000   -1.178531520000000000000000000000E+08
        1.893816113471984863281250000000   -1.181934880000000000000000000000E+08
        1.894816160202026367187500000000   -1.185351200000000000000000000000E+08
        1.895816206932067871093750000000   -1.188780480000000000000000000000E+08
        1.896816253662109375000000000000   -1.192222720000000000000000000000E+08
        1.897816300392150878906250000000   -1.195678080000000000000000000000E+08
        1.898816347122192382812500000000   -1.199146560000000000000000000000E+08
        1.899816393852233886718750000000   -1.202628160000000000000000000000E+08
        1.900816440582275390625000000000   -1.206122880000000000000000000000E+08
        1.901816487312316894531250000000   -1.209630880000000000000000000000E+08
        1.902816534042358398437500000000   -1.213152160000000000000000000000E+08
        1.903816580772399902343750000000   -1.216686720000000000000000000000E+08
        1.904816627502441406250000000000   -1.220234880000000000000000000000E+08
        1.905816674232482910156250000000   -1.223796640000000000000000000000E+08
        1.906816720962524414062500000000   -1.227372160000000000000000000000E+08
        1.907816767692565917968750000000   -1.230961440000000000000000000000E+08
        1.908816814422607421875000000000   -1.234564480000000000000000000000E+08
        1.909816861152648925781250000000   -1.238181280000000000000000000000E+08
        1.910816907882690429687500000000   -1.241812000000000000000000000000E+08
        1.911816954612731933593750000000   -1.245456640000000000000000000000E+08
        1.912817001342773437500000000000   -1.249115200000000000000000000000E+08
        1.913817048072814941406250000000   -1.252787680000000000000000000000E+08
        1.914817094802856445312500000000   -1.256474240000000000000000000000E+08
        1.915817141532897949218750000000   -1.260174880000000000000000000000E+08
        1.916817188262939453125000000000   -1.263889600000000000000000000000E+08
        1.917817234992980957031250000000   -1.267618560000000000000000000000E+08
        1.918817281723022460937500000000   -1.271361760000000000000000000000E+08
        1.919817328453063964843750000000   -1.275119520000000000000000000000E+08
        1.920817375183105468750000000000   -1.278891840000000000000000000000E+08
        1.921817421913146972656250000000   -1.282678720000000000000000000000E+08
        1.922817468643188476562500000000   -1.286480320000000000000000000000E+08
        1.923817515373229980468750000000   -1.290296640000000000000000000000E+08
        1.924817562103271484375000000000   -1.294127680000000000000000000000E+08
        1.925817608833312988281250000000   -1.297973600000000000000000000000E+08
        1.926817655563354492187500000000   -1.301834400000000000000000000000E+08
        1.927817702293395996093750000000   -1.305710080000000000000000000000E+08
        1.928817749023437500000000000000   -1.309600640000000000000000000000E+08
        1.929817795753479003906250000000   -1.313506240000000000000000000000E+08
        1.930817842483520507812500000000   -1.317426880000000000000000000000E+08
        1.931817889213562011718750000000   -1.321362560000000000000000000000E+08
        1.932817935943603515625000000000   -1.325313440000000000000000000000E+08
        1.933817982673645019531250000000   -1.329279520000000000000000000000E+08
        1.934818029403686523437500000000   -1.333260800000000000000000000000E+08
        1.935818076133728027343750000000   -1.337257600000000000000000000000E+08
        1.936818122863769531250000000000   -1.341270080000000000000000000000E+08
        1.937818169593811035156250000000   -1.345298240000000000000000000000E+08
        1.938818216323852539062500000000   -1.349342080000000000000000000000E+08
        1.939818263053894042968750000000   -1.353401600000000000000000000000E+08
        1.940818309783935546875000000000   -1.357476800000000000000000000000E+08
        1.941818356513977050781250000000   -1.361568000000000000000000000000E+08
        1.942818403244018554687500000000   -1.365675200000000000000000000000E+08
        1.943818449974060058593750000000   -1.369798400000000000000000000000E+08
        1.944818496704101562500000000000   -1.373937600000000000000000000000E+08
        1.945818543434143066406250000000   -1.378092800000000000000000000000E+08
        1.946818590164184570312500000000   -1.382264000000000000000000000000E+08
        1.947818636894226074218750000000   -1.386451200000000000000000000000E+08
        1.948818683624267578125000000000   -1.390654720000000000000000000000E+08
        1.949818730354309082031250000000   -1.394874560000000000000000000000E+08
        1.950818777084350585937500000000   -1.399111040000000000000000000000E+08
        1.951818823814392089843750000000   -1.403364160000000000000000000000E+08
        1.952818870544433593750000000000   -1.407633920000000000000000000000E+08
        1.953818917274475097656250000000   -1.411920320000000000000000000000E+08
        1.954818964004516601562500000000   -1.416223680000000000000000000000E+08
        1.955819010734558105468750000000   -1.420544000000000000000000000000E+08
        1.956819057464599609375000000000   -1.424881280000000000000000000000E+08
        1.957819104194641113281250000000   -1.429235520000000000000000000000E+08
        1.958819150924682617187500000000   -1.433606720000000000000000000000E+08
        1.959819197654724121093750000000   -1.437994880000000000000000000000E+08
        1.960819244384765625000000000000   -1.442400320000000000000000000000E+08
        1.961819291114807128906250000000   -1.446823040000000000000000000000E+08
        1.962819337844848632812500000000   -1.451263040000000000000000000000E+08
        1.963819384574890136718750000000   -1.455720320000000000000000000000E+08
        1.964819431304931640625000000000   -1.460194880000000000000000000000E+08
        1.965819478034973144531250000000   -1.464687040000000000000000000000E+08
        1.966819524765014648437500000000   -1.469197120000000000000000000000E+08
        1.967819571495056152343750000000   -1.473725120000000000000000000000E+08
        1.968819618225097656250000000000   -1.478271040000000000000000000000E+08
        1.969819664955139160156250000000   -1.482834880000000000000000000000E+08
        1.970819711685180664062500000000   -1.487416640000000000000000000000E+08
        1.971819758415222167968750000000   -1.492016640000000000000000000000E+08
        1.972819805145263671875000000000   -1.496634880000000000000000000000E+08
        1.973819851875305175781250000000   -1.501271360000000000000000000000E+08
        1.974819898605346679687500000000   -1.505926080000000000000000000000E+08
        1.975819945335388183593750000000   -1.510599040000000000000000000000E+08
        1.976819992065429687500000000000   -1.515290240000000000000000000000E+08
        1.977820038795471191406250000000   -1.520000000000000000000000000000E+08
        1.978820085525512695312500000000   -1.524728320000000000000000000000E+08
        1.979820132255554199218750000000   -1.529475200000000000000000000000E+08
        1.980820178985595703125000000000   -1.534240960000000000000000000000E+08
        1.981820225715637207031250000000   -1.539025600000000000000000000000E+08
        1.982820272445678710937500000000   -1.543829440000000000000000000000E+08
        1.983820319175720214843750000000   -1.548652480000000000000000000000E+08
        1.984820365905761718750000000000   -1.553494720000000000000000000000E+08
        1.985820412635803222656250000000   -1.558356160000000000000000000000E+08
        1.986820459365844726562500000000   -1.563236800000000000000000000000E+08
        1.987820506095886230468750000000   -1.568136960000000000000000000000E+08
        1.988820552825927734375000000000   -1.573056640000000000000000000000E+08
        1.989820599555969238281250000000   -1.577995840000000000000000000000E+08
        1.990820646286010742187500000000   -1.582954560000000000000000000000E+08
        1.991820693016052246093750000000   -1.587932800000000000000000000000E+08
        1.992820739746093750000000000000   -1.592930880000000000000000000000E+08
        1.993820786476135253906250000000   -1.597948800000000000000000000000E+08
        1.994820833206176757812500000000   -1.602986560000000000000000000000E+08
        1.995820879936218261718750000000   -1.608044480000000000000000000000E+08
        1.996820926666259765625000000000   -1.613122560000000000000000000000E+08
        1.997820973396301269531250000000   -1.618221120000000000000000000000E+08
        1.998821020126342773437500000000   -1.623340160000000000000000000000E+08
        1.999821066856384277343750000000   -1.628479680000000000000000000000E+08
        2.000821113586425781250000000000   -1.633639680000000000000000000000E+08
        2.001821041107177734375000000000   -1.638820480000000000000000000000E+08
        2.002820968627929687500000000000   -1.644022080000000000000000000000E+08
        2.003820896148681640625000000000   -1.649244480000000000000000000000E+08
        2.004820823669433593750000000000   -1.654487680000000000000000000000E+08
        2.005820751190185546875000000000   -1.659751680000000000000000000000E+08
        2.006820678710937500000000000000   -1.665036800000000000000000000000E+08
        2.007820606231689453125000000000   -1.670343040000000000000000000000E+08
        2.008820533752441406250000000000   -1.675670400000000000000000000000E+08
        2.009820461273193359375000000000   -1.681018880000000000000000000000E+08
        2.010820388793945312500000000000   -1.686389120000000000000000000000E+08
        2.011820316314697265625000000000   -1.691781120000000000000000000000E+08
        2.012820243835449218750000000000   -1.697194880000000000000000000000E+08
        2.013820171356201171875000000000   -1.702630400000000000000000000000E+08
        2.014820098876953125000000000000   -1.708088000000000000000000000000E+08
        2.015820026397705078125000000000   -1.713567680000000000000000000000E+08
        2.016819953918457031250000000000   -1.719069440000000000000000000000E+08
        2.017819881439208984375000000000   -1.724593280000000000000000000000E+08
        2.018819808959960937500000000000   -1.730139200000000000000000000000E+08
        2.019819736480712890625000000000   -1.735707520000000000000000000000E+08
        2.020819664001464843750000000000   -1.741298240000000000000000000000E+08
        2.021819591522216796875000000000   -1.746911360000000000000000000000E+08
        2.022819519042968750000000000000   -1.752546880000000000000000000000E+08
        2.023819446563720703125000000000   -1.758205120000000000000000000000E+08
        2.024819374084472656250000000000   -1.763886080000000000000000000000E+08
        2.025819301605224609375000000000   -1.769590080000000000000000000000E+08
        2.026819229125976562500000000000   -1.775317440000000000000000000000E+08
        2.027819156646728515625000000000   -1.781068160000000000000000000000E+08
        2.028819084167480468750000000000   -1.786842240000000000000000000000E+08
        2.029819011688232421875000000000   -1.792639680000000000000000000000E+08
        2.030818939208984375000000000000   -1.798460480000000000000000000000E+08
        2.031818866729736328125000000000   -1.804304960000000000000000000000E+08
        2.032818794250488281250000000000   -1.810173120000000000000000000000E+08
        2.033818721771240234375000000000   -1.816064960000000000000000000000E+08
        2.034818649291992187500000000000   -1.821980480000000000000000000000E+08
        2.035818576812744140625000000000   -1.827920000000000000000000000000E+08
        2.036818504333496093750000000000   -1.833883520000000000000000000000E+08
        2.037818431854248046875000000000   -1.839871040000000000000000000000E+08
        2.038818359375000000000000000000   -1.845882560000000000000000000000E+08
        2.039818286895751953125000000000   -1.851918400000000000000000000000E+08
        2.040818214416503906250000000000   -1.857978880000000000000000000000E+08
        2.041818141937255859375000000000   -1.864064320000000000000000000000E+08
        2.042818069458007812500000000000   -1.870174720000000000000000000000E+08
        2.043817996978759765625000000000   -1.876310080000000000000000000000E+08
        2.044817924499511718750000000000   -1.882470400000000000000000000000E+08
        2.045817852020263671875000000000   -1.888656000000000000000000000000E+08
        2.046817779541015625000000000000   -1.894866880000000000000000000000E+08
        2.047817707061767578125000000000   -1.901103040000000000000000000000E+08
        2.048817634582519531250000000000   -1.907364480000000000000000000000E+08
        2.049817562103271484375000000000   -1.913651520000000000000000000000E+08
        2.050817489624023437500000000000   -1.919964160000000000000000000000E+08
        2.051817417144775390625000000000   -1.926302400000000000000000000000E+08
        2.052817344665527343750000000000   -1.932666240000000000000000000000E+08
        2.053817272186279296875000000000   -1.939056000000000000000000000000E+08
        2.054817199707031250000000000000   -1.945472000000000000000000000000E+08
        2.055817127227783203125000000000   -1.951914560000000000000000000000E+08
        2.056817054748535156250000000000   -1.958383680000000000000000000000E+08
        2.057816982269287109375000000000   -1.964879360000000000000000000000E+08
        2.058816909790039062500000000000   -1.971401600000000000000000000000E+08
        2.059816837310791015625000000000   -1.977950720000000000000000000000E+08
        2.060816764831542968750000000000   -1.984526720000000000000000000000E+08
        2.061816692352294921875000000000   -1.991129600000000000000000000000E+08
        2.062816619873046875000000000000   -1.997759680000000000000000000000E+08
        2.063816547393798828125000000000   -2.004416960000000000000000000000E+08
        2.064816474914550781250000000000   -2.011101440000000000000000000000E+08
        2.065816402435302734375000000000   -2.017813120000000000000000000000E+08
        2.066816329956054687500000000000   -2.024552320000000000000000000000E+08
        2.067816257476806640625000000000   -2.031319040000000000000000000000E+08
        2.068816184997558593750000000000   -2.038113280000000000000000000000E+08
        2.069816112518310546875000000000   -2.044935680000000000000000000000E+08
        2.070816040039062500000000000000   -2.051786240000000000000000000000E+08
        2.071815967559814453125000000000   -2.058665280000000000000000000000E+08
        2.072815895080566406250000000000   -2.065572800000000000000000000000E+08
        2.073815822601318359375000000000   -2.072508800000000000000000000000E+08
        2.074815750122070312500000000000   -2.079473600000000000000000000000E+08
        2.075815677642822265625000000000   -2.086467200000000000000000000000E+08
        2.076815605163574218750000000000   -2.093489600000000000000000000000E+08
        2.077815532684326171875000000000   -2.100540800000000000000000000000E+08
        2.078815460205078125000000000000   -2.107621120000000000000000000000E+08
        2.079815387725830078125000000000   -2.114730560000000000000000000000E+08
        2.080815315246582031250000000000   -2.121869120000000000000000000000E+08
        2.081815242767333984375000000000   -2.129037120000000000000000000000E+08
        2.082815170288085937500000000000   -2.136234560000000000000000000000E+08
        2.083815097808837890625000000000   -2.143462080000000000000000000000E+08
        2.084815025329589843750000000000   -2.150719680000000000000000000000E+08
        2.085814952850341796875000000000   -2.158007680000000000000000000000E+08
        2.086814880371093750000000000000   -2.165326080000000000000000000000E+08
        2.087814807891845703125000000000   -2.172674880000000000000000000000E+08
        2.088814735412597656250000000000   -2.180054400000000000000000000000E+08
        2.089814662933349609375000000000   -2.187464640000000000000000000000E+08
        2.090814590454101562500000000000   -2.194905600000000000000000000000E+08
        2.091814517974853515625000000000   -2.202377280000000000000000000000E+08
        2.092814445495605468750000000000   -2.209880000000000000000000000000E+08
        2.093814373016357421875000000000   -2.217413760000000000000000000000E+08
        2.094814300537109375000000000000   -2.224978560000000000000000000000E+08
        2.095814228057861328125000000000   -2.232574720000000000000000000000E+08
        2.096814155578613281250000000000   -2.240202240000000000000000000000E+08
        2.097814083099365234375000000000   -2.247861760000000000000000000000E+08
        2.098814010620117187500000000000   -2.255553280000000000000000000000E+08
        2.099813938140869140625000000000   -2.263277120000000000000000000000E+08
        2.100813865661621093750000000000   -2.271033280000000000000000000000E+08
        2.101813793182373046875000000000   -2.278822080000000000000000000000E+08
        2.102813720703125000000000000000   -2.286643520000000000000000000000E+08
        2.103813648223876953125000000000   -2.294497600000000000000000000000E+08
        2.104813575744628906250000000000   -2.302384640000000000000000000000E+08
        2.105813503265380859375000000000   -2.310304640000000000000000000000E+08
        2.106813430786132812500000000000   -2.318257600000000000000000000000E+08
        2.107813358306884765625000000000   -2.326243840000000000000000000000E+08
        2.108813285827636718750000000000   -2.334263360000000000000000000000E+08
        2.109813213348388671875000000000   -2.342316160000000000000000000000E+08
        2.110813140869140625000000000000   -2.350402560000000000000000000000E+08
        2.111813068389892578125000000000   -2.358522560000000000000000000000E+08
        2.112812995910644531250000000000   -2.366676800000000000000000000000E+08
        2.113812923431396484375000000000   -2.374865600000000000000000000000E+08
        2.114812850952148437500000000000   -2.383088960000000000000000000000E+08
        2.115812778472900390625000000000   -2.391346880000000000000000000000E+08
        2.116812705993652343750000000000   -2.399639680000000000000000000000E+08
        2.117812633514404296875000000000   -2.407967360000000000000000000000E+08
        2.118812561035156250000000000000   -2.416329920000000000000000000000E+08
        2.119812488555908203125000000000   -2.424727680000000000000000000000E+08
        2.120812416076660156250000000000   -2.433160640000000000000000000000E+08
        2.121812343597412109375000000000   -2.441629120000000000000000000000E+08
        2.122812271118164062500000000000   -2.450133120000000000000000000000E+08
        2.123812198638916015625000000000   -2.458672640000000000000000000000E+08
        2.124812126159667968750000000000   -2.467248000000000000000000000000E+08
        2.125812053680419921875000000000   -2.475859200000000000000000000000E+08
        2.126811981201171875000000000000   -2.484506880000000000000000000000E+08
        2.127811908721923828125000000000   -2.493191360000000000000000000000E+08
        2.128811836242675781250000000000   -2.501912640000000000000000000000E+08
        2.129811763763427734375000000000   -2.510671040000000000000000000000E+08
        2.130811691284179687500000000000   -2.519466560000000000000000000000E+08
        2.131811618804931640625000000000   -2.528299200000000000000000000000E+08
        2.132811546325683593750000000000   -2.537169280000000000000000000000E+08
        2.133811473846435546875000000000   -2.546076800000000000000000000000E+08
        2.134811401367187500000000000000   -2.555022080000000000000000000000E+08
        2.135811328887939453125000000000   -2.564005120000000000000000000000E+08
        2.136811256408691406250000000000   -2.573025920000000000000000000000E+08
        2.137811183929443359375000000000   -2.582084800000000000000000000000E+08
        2.138811111450195312500000000000   -2.591181760000000000000000000000E+08
        2.139811038970947265625000000000   -2.600317120000000000000000000000E+08
        2.140810966491699218750000000000   -2.609491520000000000000000000000E+08
        2.141810894012451171875000000000   -2.618704960000000000000000000000E+08
        2.142810821533203125000000000000   -2.627957760000000000000000000000E+08
        2.143810749053955078125000000000   -2.637249920000000000000000000000E+08
        2.144810676574707031250000000000   -2.646581760000000000000000000000E+08
        2.145810604095458984375000000000   -2.655953280000000000000000000000E+08
        2.146810531616210937500000000000   -2.665364800000000000000000000000E+08
        2.147810459136962890625000000000   -2.674816320000000000000000000000E+08
        2.148810386657714843750000000000   -2.684308160000000000000000000000E+08
        2.149810314178466796875000000000   -2.693840320000000000000000000000E+08
        2.150810241699218750000000000000   -2.703412800000000000000000000000E+08
        2.151810169219970703125000000000   -2.713025600000000000000000000000E+08
        2.152810096740722656250000000000   -2.722679360000000000000000000000E+08
        2.153810024261474609375000000000   -2.732374720000000000000000000000E+08
        2.154809951782226562500000000000   -2.742111680000000000000000000000E+08
        2.155809879302978515625000000000   -2.751890240000000000000000000000E+08
        2.156809806823730468750000000000   -2.761711040000000000000000000000E+08
        2.157809734344482421875000000000   -2.771574080000000000000000000000E+08
        2.158809661865234375000000000000   -2.781479360000000000000000000000E+08
        2.159809589385986328125000000000   -2.791426880000000000000000000000E+08
        2.160809516906738281250000000000   -2.801417280000000000000000000000E+08
        2.161809444427490234375000000000   -2.811450560000000000000000000000E+08
        2.162809371948242187500000000000   -2.821526720000000000000000000000E+08
        2.163809299468994140625000000000   -2.831645760000000000000000000000E+08
        2.164809226989746093750000000000   -2.841808320000000000000000000000E+08
        2.165809154510498046875000000000   -2.852014400000000000000000000000E+08
        2.166809082031250000000000000000   -2.862264000000000000000000000000E+08
        2.167809009552001953125000000000   -2.872557760000000000000000000000E+08
        2.168808937072753906250000000000   -2.882896320000000000000000000000E+08
        2.169808864593505859375000000000   -2.893279680000000000000000000000E+08
        2.170808792114257812500000000000   -2.903707840000000000000000000000E+08
        2.171808719635009765625000000000   -2.914180800000000000000000000000E+08
        2.172808647155761718750000000000   -2.924699200000000000000000000000E+08
        2.173808574676513671875000000000   -2.935263040000000000000000000000E+08
        2.174808502197265625000000000000   -2.945872320000000000000000000000E+08
        2.175808429718017578125000000000   -2.956527040000000000000000000000E+08
        2.176808357238769531250000000000   -2.967227840000000000000000000000E+08
        2.177808284759521484375000000000   -2.977974720000000000000000000000E+08
        2.178808212280273437500000000000   -2.988767680000000000000000000000E+08
        2.179808139801025390625000000000   -2.999606720000000000000000000000E+08
        2.180808067321777343750000000000   -3.010492480000000000000000000000E+08
        2.181807994842529296875000000000   -3.021425600000000000000000000000E+08
        2.182807922363281250000000000000   -3.032406080000000000000000000000E+08
        2.183807849884033203125000000000   -3.043434560000000000000000000000E+08
        2.184807777404785156250000000000   -3.054511040000000000000000000000E+08
        2.185807704925537109375000000000   -3.065635520000000000000000000000E+08
        2.186807632446289062500000000000   -3.076808000000000000000000000000E+08
        2.187807559967041015625000000000   -3.088029120000000000000000000000E+08
        2.188807487487792968750000000000   -3.099298880000000000000000000000E+08
        2.189807415008544921875000000000   -3.110617280000000000000000000000E+08
        2.190807342529296875000000000000   -3.121984320000000000000000000000E+08
        2.191807270050048828125000000000   -3.133400640000000000000000000000E+08
        2.192807197570800781250000000000   -3.144866240000000000000000000000E+08
        2.193807125091552734375000000000   -3.156381120000000000000000000000E+08
        2.194807052612304687500000000000   -3.167945920000000000000000000000E+08
        2.195806980133056640625000000000   -3.179561280000000000000000000000E+08
        2.196806907653808593750000000000   -3.191227200000000000000000000000E+08
        2.197806835174560546875000000000   -3.202944320000000000000000000000E+08
        2.198806762695312500000000000000   -3.214712640000000000000000000000E+08
        2.199806690216064453125000000000   -3.226532160000000000000000000000E+08
        2.200806617736816406250000000000   -3.238403520000000000000000000000E+08
        2.201806545257568359375000000000   -3.250326720000000000000000000000E+08
        2.202806472778320312500000000000   -3.262301760000000000000000000000E+08
        2.203806400299072265625000000000   -3.274328640000000000000000000000E+08
        2.204806327819824218750000000000   -3.286408000000000000000000000000E+08
        2.205806255340576171875000000000   -3.298539840000000000000000000000E+08
        2.206806182861328125000000000000   -3.310724160000000000000000000000E+08
        2.207806110382080078125000000000   -3.322961600000000000000000000000E+08
        2.208806037902832031250000000000   -3.335252800000000000000000000000E+08
        2.209805965423583984375000000000   -3.347597760000000000000000000000E+08
        2.210805892944335937500000000000   -3.359997120000000000000000000000E+08
        2.211805820465087890625000000000   -3.372450880000000000000000000000E+08
        2.212805747985839843750000000000   -3.384959040000000000000000000000E+08
        2.213805675506591796875000000000   -3.397522240000000000000000000000E+08
        2.214805603027343750000000000000   -3.410140480000000000000000000000E+08
        2.215805530548095703125000000000   -3.422813760000000000000000000000E+08
        2.216805458068847656250000000000   -3.435542720000000000000000000000E+08
        2.217805385589599609375000000000   -3.448327360000000000000000000000E+08
        2.218805313110351562500000000000   -3.461167680000000000000000000000E+08
        2.219805240631103515625000000000   -3.474064320000000000000000000000E+08
        2.220805168151855468750000000000   -3.487017280000000000000000000000E+08
        2.221805095672607421875000000000   -3.500026560000000000000000000000E+08
        2.222805023193359375000000000000   -3.513093440000000000000000000000E+08
        2.223804950714111328125000000000   -3.526217920000000000000000000000E+08
        2.224804878234863281250000000000   -3.539400640000000000000000000000E+08
        2.225804805755615234375000000000   -3.552641600000000000000000000000E+08
        2.226804733276367187500000000000   -3.565940800000000000000000000000E+08
        2.227804660797119140625000000000   -3.579298880000000000000000000000E+08
        2.228804588317871093750000000000   -3.592715840000000000000000000000E+08
        2.229804515838623046875000000000   -3.606191680000000000000000000000E+08
        2.230804443359375000000000000000   -3.619727040000000000000000000000E+08
        2.231804370880126953125000000000   -3.633321920000000000000000000000E+08
        2.232804298400878906250000000000   -3.646976320000000000000000000000E+08
        2.233804225921630859375000000000   -3.660690880000000000000000000000E+08
        2.234804153442382812500000000000   -3.674465600000000000000000000000E+08
        2.235804080963134765625000000000   -3.688301760000000000000000000000E+08
        2.236804008483886718750000000000   -3.702199360000000000000000000000E+08
        2.237803936004638671875000000000   -3.716159040000000000000000000000E+08
        2.238803863525390625000000000000   -3.730180800000000000000000000000E+08
        2.239803791046142578125000000000   -3.744264640000000000000000000000E+08
        2.240803718566894531250000000000   -3.758411200000000000000000000000E+08
        2.241803646087646484375000000000   -3.772620480000000000000000000000E+08
        2.242803573608398437500000000000   -3.786892480000000000000000000000E+08
        2.243803501129150390625000000000   -3.801227840000000000000000000000E+08
        2.244803428649902343750000000000   -3.815626560000000000000000000000E+08
        2.245803356170654296875000000000   -3.830089280000000000000000000000E+08
        2.246803283691406250000000000000   -3.844616000000000000000000000000E+08
        2.247803211212158203125000000000   -3.859206720000000000000000000000E+08
        2.248803138732910156250000000000   -3.873862720000000000000000000000E+08
        2.249803066253662109375000000000   -3.888584000000000000000000000000E+08
        2.250802993774414062500000000000   -3.903371200000000000000000000000E+08
        2.251802921295166015625000000000   -3.918224320000000000000000000000E+08
        2.252802848815917968750000000000   -3.933144000000000000000000000000E+08
        2.253802776336669921875000000000   -3.948130240000000000000000000000E+08
        2.254802703857421875000000000000   -3.963183040000000000000000000000E+08
        2.255802631378173828125000000000   -3.978303040000000000000000000000E+08
        2.256802558898925781250000000000   -3.993490240000000000000000000000E+08
        2.257802486419677734375000000000   -4.008745280000000000000000000000E+08
        2.258802413940429687500000000000   -4.024068160000000000000000000000E+08
        2.259802341461181640625000000000   -4.039458880000000000000000000000E+08
        2.260802268981933593750000000000   -4.054918080000000000000000000000E+08
        2.261802196502685546875000000000   -4.070447040000000000000000000000E+08
        2.262802124023437500000000000000   -4.086045760000000000000000000000E+08
        2.263802051544189453125000000000   -4.101714880000000000000000000000E+08
        2.264801979064941406250000000000   -4.117454400000000000000000000000E+08
        2.265801906585693359375000000000   -4.133264320000000000000000000000E+08
        2.266801834106445312500000000000   -4.149145280000000000000000000000E+08
        2.267801761627197265625000000000   -4.165097280000000000000000000000E+08
        2.268801689147949218750000000000   -4.181120960000000000000000000000E+08
        2.269801616668701171875000000000   -4.197216320000000000000000000000E+08
        2.270801544189453125000000000000   -4.213384000000000000000000000000E+08
        2.271801471710205078125000000000   -4.229624000000000000000000000000E+08
        2.272801399230957031250000000000   -4.245936320000000000000000000000E+08
        2.273801326751708984375000000000   -4.262321600000000000000000000000E+08
        2.274801254272460937500000000000   -4.278779840000000000000000000000E+08
        2.275801181793212890625000000000   -4.295312320000000000000000000000E+08
        2.276801109313964843750000000000   -4.311919680000000000000000000000E+08
        2.277801036834716796875000000000   -4.328601920000000000000000000000E+08
        2.278800964355468750000000000000   -4.345359680000000000000000000000E+08
        2.279800891876220703125000000000   -4.362192960000000000000000000000E+08
        2.280800819396972656250000000000   -4.379102400000000000000000000000E+08
        2.281800746917724609375000000000   -4.396088000000000000000000000000E+08
        2.282800674438476562500000000000   -4.413150400000000000000000000000E+08
        2.283800601959228515625000000000   -4.430289600000000000000000000000E+08
        2.284800529479980468750000000000   -4.447505600000000000000000000000E+08
        2.285800457000732421875000000000   -4.464799040000000000000000000000E+08
        2.286800384521484375000000000000   -4.482169920000000000000000000000E+08
        2.287800312042236328125000000000   -4.499618880000000000000000000000E+08
        2.288800239562988281250000000000   -4.517147200000000000000000000000E+08
        2.289800167083740234375000000000   -4.534755520000000000000000000000E+08
        2.290800094604492187500000000000   -4.552443840000000000000000000000E+08
        2.291800022125244140625000000000   -4.570212160000000000000000000000E+08
        2.292799949645996093750000000000   -4.588061120000000000000000000000E+08
        2.293799877166748046875000000000   -4.605990720000000000000000000000E+08
        2.294799804687500000000000000000   -4.624001600000000000000000000000E+08
        2.295799732208251953125000000000   -4.642093760000000000000000000000E+08
        2.296799659729003906250000000000   -4.660267840000000000000000000000E+08
        2.297799587249755859375000000000   -4.678523840000000000000000000000E+08
        2.298799514770507812500000000000   -4.696862400000000000000000000000E+08
        2.299799442291259765625000000000   -4.715283520000000000000000000000E+08
        2.300799369812011718750000000000   -4.733787840000000000000000000000E+08
        2.301799297332763671875000000000   -4.752376640000000000000000000000E+08
        2.302799224853515625000000000000   -4.771050560000000000000000000000E+08
        2.303799152374267578125000000000   -4.789809600000000000000000000000E+08
        2.304799079895019531250000000000   -4.808654400000000000000000000000E+08
        2.305799007415771484375000000000   -4.827584960000000000000000000000E+08
        2.306798934936523437500000000000   -4.846601920000000000000000000000E+08
        2.307798862457275390625000000000   -4.865705280000000000000000000000E+08
        2.308798789978027343750000000000   -4.884895680000000000000000000000E+08
        2.309798717498779296875000000000   -4.904173120000000000000000000000E+08
        2.310798645019531250000000000000   -4.923538240000000000000000000000E+08
        2.311798572540283203125000000000   -4.942991680000000000000000000000E+08
        2.312798500061035156250000000000   -4.962533440000000000000000000000E+08
        2.313798427581787109375000000000   -4.982164160000000000000000000000E+08
        2.314798355102539062500000000000   -5.001885120000000000000000000000E+08
        2.315798282623291015625000000000   -5.021696960000000000000000000000E+08
        2.316798210144042968750000000000   -5.041599680000000000000000000000E+08
        2.317798137664794921875000000000   -5.061593920000000000000000000000E+08
        2.318798065185546875000000000000   -5.081679680000000000000000000000E+08
        2.319797992706298828125000000000   -5.101857600000000000000000000000E+08
        2.320797920227050781250000000000   -5.122127680000000000000000000000E+08
        2.321797847747802734375000000000   -5.142490560000000000000000000000E+08
        2.322797775268554687500000000000   -5.162946880000000000000000000000E+08
        2.323797702789306640625000000000   -5.183496640000000000000000000000E+08
        2.324797630310058593750000000000   -5.204140480000000000000000000000E+08
        2.325797557830810546875000000000   -5.224878400000000000000000000000E+08
        2.326797485351562500000000000000   -5.245712320000000000000000000000E+08
        2.327797412872314453125000000000   -5.266642240000000000000000000000E+08
        2.328797340393066406250000000000   -5.287668800000000000000000000000E+08
        2.329797267913818359375000000000   -5.308792640000000000000000000000E+08
        2.330797195434570312500000000000   -5.330013760000000000000000000000E+08
        2.331797122955322265625000000000   -5.351332800000000000000000000000E+08
        2.332797050476074218750000000000   -5.372750080000000000000000000000E+08
        2.333796977996826171875000000000   -5.394265600000000000000000000000E+08
        2.334796905517578125000000000000   -5.415879680000000000000000000000E+08
        2.335796833038330078125000000000   -5.437593600000000000000000000000E+08
        2.336796760559082031250000000000   -5.459407360000000000000000000000E+08
        2.337796688079833984375000000000   -5.481320960000000000000000000000E+08
        2.338796615600585937500000000000   -5.503335680000000000000000000000E+08
        2.339796543121337890625000000000   -5.525452800000000000000000000000E+08
        2.340796470642089843750000000000   -5.547672320000000000000000000000E+08
        2.341796398162841796875000000000   -5.569995520000000000000000000000E+08
        2.342796325683593750000000000000   -5.592422400000000000000000000000E+08
        2.343796253204345703125000000000   -5.614952960000000000000000000000E+08
        2.344796180725097656250000000000   -5.637588480000000000000000000000E+08
        2.345796108245849609375000000000   -5.660328960000000000000000000000E+08
        2.346796035766601562500000000000   -5.683174400000000000000000000000E+08
        2.347795963287353515625000000000   -5.706126080000000000000000000000E+08
        2.348795890808105468750000000000   -5.729184000000000000000000000000E+08
        2.349795818328857421875000000000   -5.752348160000000000000000000000E+08
        2.350795745849609375000000000000   -5.775619840000000000000000000000E+08
        2.351795673370361328125000000000   -5.798999040000000000000000000000E+08
        2.352795600891113281250000000000   -5.822487040000000000000000000000E+08
        2.353795528411865234375000000000   -5.846085120000000000000000000000E+08
        2.354795455932617187500000000000   -5.869793280000000000000000000000E+08
        2.355795383453369140625000000000   -5.893611520000000000000000000000E+08
        2.356795310974121093750000000000   -5.917541120000000000000000000000E+08
        2.357795238494873046875000000000   -5.941582080000000000000000000000E+08
        2.358795166015625000000000000000   -5.965734400000000000000000000000E+08
        2.359795093536376953125000000000   -5.989999360000000000000000000000E+08
        2.360795021057128906250000000000   -6.014376960000000000000000000000E+08
        2.361794948577880859375000000000   -6.038868480000000000000000000000E+08
        2.362794876098632812500000000000   -6.063473920000000000000000000000E+08
        2.363794803619384765625000000000   -6.088193280000000000000000000000E+08
        2.364794731140136718750000000000   -6.113027840000000000000000000000E+08
        2.365794658660888671875000000000   -6.137978880000000000000000000000E+08
        2.366794586181640625000000000000   -6.163046400000000000000000000000E+08
        2.367794513702392578125000000000   -6.188231680000000000000000000000E+08
        2.368794441223144531250000000000   -6.213534720000000000000000000000E+08
        2.369794368743896484375000000000   -6.238956800000000000000000000000E+08
        2.370794296264648437500000000000   -6.264497920000000000000000000000E+08
        2.371794223785400390625000000000   -6.290158080000000000000000000000E+08
        2.372794151306152343750000000000   -6.315938560000000000000000000000E+08
        2.373794078826904296875000000000   -6.341839360000000000000000000000E+08
        2.374794006347656250000000000000   -6.367861760000000000000000000000E+08
        2.375793933868408203125000000000   -6.394005760000000000000000000000E+08
        2.376793861389160156250000000000   -6.420271360000000000000000000000E+08
        2.377793788909912109375000000000   -6.446661120000000000000000000000E+08
        2.378793716430664062500000000000   -6.473175040000000000000000000000E+08
        2.379793643951416015625000000000   -6.499814400000000000000000000000E+08
        2.380793571472167968750000000000   -6.526579200000000000000000000000E+08
        2.381793498992919921875000000000   -6.553469440000000000000000000000E+08
        2.382793426513671875000000000000   -6.580486400000000000000000000000E+08
        2.383793354034423828125000000000   -6.607630080000000000000000000000E+08
        2.384793281555175781250000000000   -6.634901760000000000000000000000E+08
        2.385793209075927734375000000000   -6.662301440000000000000000000000E+08
        2.386793136596679687500000000000   -6.689830400000000000000000000000E+08
        2.387793064117431640625000000000   -6.717488640000000000000000000000E+08
        2.388792991638183593750000000000   -6.745276160000000000000000000000E+08
        2.389792919158935546875000000000   -6.773194240000000000000000000000E+08
        2.390792846679687500000000000000   -6.801244160000000000000000000000E+08
        2.391792774200439453125000000000   -6.829427200000000000000000000000E+08
        2.392792701721191406250000000000   -6.857743360000000000000000000000E+08
        2.393792629241943359375000000000   -6.886193920000000000000000000000E+08
        2.394792556762695312500000000000   -6.914778880000000000000000000000E+08
        2.395792484283447265625000000000   -6.943499520000000000000000000000E+08
        2.396792411804199218750000000000   -6.972355840000000000000000000000E+08
        2.397792339324951171875000000000   -7.001347840000000000000000000000E+08
        2.398792266845703125000000000000   -7.030476800000000000000000000000E+08
        2.399792194366455078125000000000   -7.059742720000000000000000000000E+08
        2.400792121887207031250000000000   -7.089146880000000000000000000000E+08
        2.401792049407958984375000000000   -7.118689280000000000000000000000E+08
        2.402791976928710937500000000000   -7.148372480000000000000000000000E+08
        2.403791904449462890625000000000   -7.178197760000000000000000000000E+08
        2.404791831970214843750000000000   -7.208165120000000000000000000000E+08
        2.405791759490966796875000000000   -7.238274560000000000000000000000E+08
        2.406791687011718750000000000000   -7.268527360000000000000000000000E+08
        2.407791614532470703125000000000   -7.298923520000000000000000000000E+08
        2.408791542053222656250000000000   -7.329464320000000000000000000000E+08
        2.409791469573974609375000000000   -7.360149760000000000000000000000E+08
        2.410791397094726562500000000000   -7.390981120000000000000000000000E+08
        2.411791324615478515625000000000   -7.421958400000000000000000000000E+08
        2.412791252136230468750000000000   -7.453082880000000000000000000000E+08
        2.413791179656982421875000000000   -7.484354560000000000000000000000E+08
        2.414791107177734375000000000000   -7.515776000000000000000000000000E+08
        2.415791034698486328125000000000   -7.547348480000000000000000000000E+08
        2.416790962219238281250000000000   -7.579072000000000000000000000000E+08
        2.417790889739990234375000000000   -7.610947840000000000000000000000E+08
        2.418790817260742187500000000000   -7.642976000000000000000000000000E+08
        2.419790744781494140625000000000   -7.675157760000000000000000000000E+08
        2.420790672302246093750000000000   -7.707493120000000000000000000000E+08
        2.421790599822998046875000000000   -7.739983360000000000000000000000E+08
        2.422790527343750000000000000000   -7.772628480000000000000000000000E+08
        2.423790454864501953125000000000   -7.805429760000000000000000000000E+08
        2.424790382385253906250000000000   -7.838387200000000000000000000000E+08
        2.425790309906005859375000000000   -7.871502080000000000000000000000E+08
        2.426790237426757812500000000000   -7.904774400000000000000000000000E+08
        2.427790164947509765625000000000   -7.938206720000000000000000000000E+08
        2.428790092468261718750000000000   -7.971800320000000000000000000000E+08
        2.429790019989013671875000000000   -8.005555200000000000000000000000E+08
        2.430789947509765625000000000000   -8.039472640000000000000000000000E+08
        2.431789875030517578125000000000   -8.073552640000000000000000000000E+08
        2.432789802551269531250000000000   -8.107796480000000000000000000000E+08
        2.433789730072021484375000000000   -8.142204160000000000000000000000E+08
        2.434789657592773437500000000000   -8.176776960000000000000000000000E+08
        2.435789585113525390625000000000   -8.211514880000000000000000000000E+08
        2.436789512634277343750000000000   -8.246419200000000000000000000000E+08
        2.437789440155029296875000000000   -8.281491200000000000000000000000E+08
        2.438789367675781250000000000000   -8.316730880000000000000000000000E+08
        2.439789295196533203125000000000   -8.352140800000000000000000000000E+08
        2.440789222717285156250000000000   -8.387722240000000000000000000000E+08
        2.441789150238037109375000000000   -8.423475200000000000000000000000E+08
        2.442789077758789062500000000000   -8.459400960000000000000000000000E+08
        2.443789005279541015625000000000   -8.495500800000000000000000000000E+08
        2.444788932800292968750000000000   -8.531774720000000000000000000000E+08
        2.445788860321044921875000000000   -8.568224000000000000000000000000E+08
        2.446788787841796875000000000000   -8.604848640000000000000000000000E+08
        2.447788715362548828125000000000   -8.641649920000000000000000000000E+08
        2.448788642883300781250000000000   -8.678627840000000000000000000000E+08
        2.449788570404052734375000000000   -8.715783680000000000000000000000E+08
        2.450788497924804687500000000000   -8.753118720000000000000000000000E+08
        2.451788425445556640625000000000   -8.790635520000000000000000000000E+08
        2.452788352966308593750000000000   -8.828334080000000000000000000000E+08
        2.453788280487060546875000000000   -8.866215680000000000000000000000E+08
        2.454788208007812500000000000000   -8.904281600000000000000000000000E+08
        2.455788135528564453125000000000   -8.942531840000000000000000000000E+08
        2.456788063049316406250000000000   -8.980967680000000000000000000000E+08
        2.457787990570068359375000000000   -9.019590400000000000000000000000E+08
        2.458787918090820312500000000000   -9.058400000000000000000000000000E+08
        2.459787845611572265625000000000   -9.097397760000000000000000000000E+08
        2.460787773132324218750000000000   -9.136583680000000000000000000000E+08
        2.461787700653076171875000000000   -9.175959040000000000000000000000E+08
        2.462787628173828125000000000000   -9.215525120000000000000000000000E+08
        2.463787555694580078125000000000   -9.255284480000000000000000000000E+08
        2.464787483215332031250000000000   -9.295238400000000000000000000000E+08
        2.465787410736083984375000000000   -9.335386880000000000000000000000E+08
        2.466787338256835937500000000000   -9.375731200000000000000000000000E+08
        2.467787265777587890625000000000   -9.416272640000000000000000000000E+08
        2.468787193298339843750000000000   -9.457011200000000000000000000000E+08
        2.469787120819091796875000000000   -9.497948160000000000000000000000E+08
        2.470787048339843750000000000000   -9.539084800000000000000000000000E+08
        2.471786975860595703125000000000   -9.580421120000000000000000000000E+08
        2.472786903381347656250000000000   -9.621958400000000000000000000000E+08
        2.473786830902099609375000000000   -9.663697920000000000000000000000E+08
        2.474786758422851562500000000000   -9.705639680000000000000000000000E+08
        2.475786685943603515625000000000   -9.747787520000000000000000000000E+08
        2.476786613464355468750000000000   -9.790142720000000000000000000000E+08
        2.477786540985107421875000000000   -9.832705280000000000000000000000E+08
        2.478786468505859375000000000000   -9.875476480000000000000000000000E+08
        2.479786396026611328125000000000   -9.918457600000000000000000000000E+08
        2.480786323547363281250000000000   -9.961648640000000000000000000000E+08
        2.481786251068115234375000000000   -1.000505088000000000000000000000E+09
        2.482786178588867187500000000000   -1.004866560000000000000000000000E+09
        2.483786106109619140625000000000   -1.009249408000000000000000000000E+09
        2.484786033630371093750000000000   -1.013653632000000000000000000000E+09
        2.485785961151123046875000000000   -1.018079360000000000000000000000E+09
        2.486785888671875000000000000000   -1.022526720000000000000000000000E+09
        2.487785816192626953125000000000   -1.026995968000000000000000000000E+09
        2.488785743713378906250000000000   -1.031487232000000000000000000000E+09
        2.489785671234130859375000000000   -1.036000640000000000000000000000E+09
        2.490785598754882812500000000000   -1.040536320000000000000000000000E+09
        2.491785526275634765625000000000   -1.045094272000000000000000000000E+09
        2.492785453796386718750000000000   -1.049674624000000000000000000000E+09
        2.493785381317138671875000000000   -1.054277504000000000000000000000E+09
        2.494785308837890625000000000000   -1.058903040000000000000000000000E+09
        2.495785236358642578125000000000   -1.063551360000000000000000000000E+09
        2.496785163879394531250000000000   -1.068222464000000000000000000000E+09
        2.497785091400146484375000000000   -1.072916480000000000000000000000E+09
        2.498785018920898437500000000000   -1.077633536000000000000000000000E+09
        2.499784946441650390625000000000   -1.082373888000000000000000000000E+09
        2.500784873962402343750000000000   -1.087137792000000000000000000000E+09
        2.501784801483154296875000000000   -1.091925248000000000000000000000E+09
        2.502784729003906250000000000000   -1.096736512000000000000000000000E+09
        2.503784656524658203125000000000   -1.101571584000000000000000000000E+09
        2.504784584045410156250000000000   -1.106430464000000000000000000000E+09
        2.505784511566162109375000000000   -1.111313408000000000000000000000E+09
        2.506784439086914062500000000000   -1.116220416000000000000000000000E+09
        2.507784366607666015625000000000   -1.121151744000000000000000000000E+09
        2.508784294128417968750000000000   -1.126107392000000000000000000000E+09
        2.509784221649169921875000000000   -1.131087360000000000000000000000E+09
        2.510784149169921875000000000000   -1.136091904000000000000000000000E+09
        2.511784076690673828125000000000   -1.141121280000000000000000000000E+09
        2.512784004211425781250000000000   -1.146175744000000000000000000000E+09
        2.513783931732177734375000000000   -1.151255296000000000000000000000E+09
        2.514783859252929687500000000000   -1.156360192000000000000000000000E+09
        2.515783786773681640625000000000   -1.161490432000000000000000000000E+09
        2.516783714294433593750000000000   -1.166646272000000000000000000000E+09
        2.517783641815185546875000000000   -1.171827712000000000000000000000E+09
        2.518783569335937500000000000000   -1.177034752000000000000000000000E+09
        2.519783496856689453125000000000   -1.182267648000000000000000000000E+09
        2.520783424377441406250000000000   -1.187526400000000000000000000000E+09
        2.521783351898193359375000000000   -1.192811264000000000000000000000E+09
        2.522783279418945312500000000000   -1.198122240000000000000000000000E+09
        2.523783206939697265625000000000   -1.203459840000000000000000000000E+09
        2.524783134460449218750000000000   -1.208824064000000000000000000000E+09
        2.525783061981201171875000000000   -1.214215168000000000000000000000E+09
        2.526782989501953125000000000000   -1.219633152000000000000000000000E+09
        2.527782917022705078125000000000   -1.225078272000000000000000000000E+09
        2.528782844543457031250000000000   -1.230550528000000000000000000000E+09
        2.529782772064208984375000000000   -1.236050176000000000000000000000E+09
        2.530782699584960937500000000000   -1.241577216000000000000000000000E+09
        2.531782627105712890625000000000   -1.247131904000000000000000000000E+09
        2.532782554626464843750000000000   -1.252714240000000000000000000000E+09
        2.533782482147216796875000000000   -1.258324480000000000000000000000E+09
        2.534782409667968750000000000000   -1.263962624000000000000000000000E+09
        2.535782337188720703125000000000   -1.269629184000000000000000000000E+09
        2.536782264709472656250000000000   -1.275324160000000000000000000000E+09
        2.537782192230224609375000000000   -1.281047808000000000000000000000E+09
        2.538782119750976562500000000000   -1.286800128000000000000000000000E+09
        2.539782047271728515625000000000   -1.292581376000000000000000000000E+09
        2.540781974792480468750000000000   -1.298391552000000000000000000000E+09
        2.541781902313232421875000000000   -1.304230912000000000000000000000E+09
        2.542781829833984375000000000000   -1.310099456000000000000000000000E+09
        2.543781757354736328125000000000   -1.315997440000000000000000000000E+09
        2.544781684875488281250000000000   -1.321924864000000000000000000000E+09
        2.545781612396240234375000000000   -1.327881984000000000000000000000E+09
        2.546781539916992187500000000000   -1.333868800000000000000000000000E+09
        2.547781467437744140625000000000   -1.339885824000000000000000000000E+09
        2.548781394958496093750000000000   -1.345933312000000000000000000000E+09
        2.549781322479248046875000000000   -1.352011264000000000000000000000E+09
        2.550781250000000000000000000000   -1.358119936000000000000000000000E+09
        2.551781177520751953125000000000   -1.364259328000000000000000000000E+09
        2.552781105041503906250000000000   -1.370429696000000000000000000000E+09
        2.553781032562255859375000000000   -1.376631040000000000000000000000E+09
        2.554780960083007812500000000000   -1.382863616000000000000000000000E+09
        2.555780887603759765625000000000   -1.389127424000000000000000000000E+09
        2.556780815124511718750000000000   -1.395422720000000000000000000000E+09
        2.557780742645263671875000000000   -1.401749504000000000000000000000E+09
        2.558780670166015625000000000000   -1.408108288000000000000000000000E+09
        2.559780597686767578125000000000   -1.414499328000000000000000000000E+09
        2.560780525207519531250000000000   -1.420922624000000000000000000000E+09
        2.561780452728271484375000000000   -1.427378432000000000000000000000E+09
        2.562780380249023437500000000000   -1.433867008000000000000000000000E+09
        2.563780307769775390625000000000   -1.440388352000000000000000000000E+09
        2.564780235290527343750000000000   -1.446942720000000000000000000000E+09
        2.565780162811279296875000000000   -1.453530112000000000000000000000E+09
        2.566780090332031250000000000000   -1.460150784000000000000000000000E+09
        2.567780017852783203125000000000   -1.466804992000000000000000000000E+09
        2.568779945373535156250000000000   -1.473492736000000000000000000000E+09
        2.569779872894287109375000000000   -1.480214272000000000000000000000E+09
        2.570779800415039062500000000000   -1.486970112000000000000000000000E+09
        2.571779727935791015625000000000   -1.493760256000000000000000000000E+09
        2.572779655456542968750000000000   -1.500584960000000000000000000000E+09
        2.573779582977294921875000000000   -1.507444480000000000000000000000E+09
        2.574779510498046875000000000000   -1.514338816000000000000000000000E+09
        2.575779438018798828125000000000   -1.521268224000000000000000000000E+09
        2.576779365539550781250000000000   -1.528232704000000000000000000000E+09
        2.577779293060302734375000000000   -1.535232512000000000000000000000E+09
        2.578779220581054687500000000000   -1.542267904000000000000000000000E+09
        2.579779148101806640625000000000   -1.549338880000000000000000000000E+09
        2.580779075622558593750000000000   -1.556445696000000000000000000000E+09
        2.581779003143310546875000000000   -1.563588864000000000000000000000E+09
        2.582778930664062500000000000000   -1.570768640000000000000000000000E+09
        2.583778858184814453125000000000   -1.577985024000000000000000000000E+09
        2.584778785705566406250000000000   -1.585238272000000000000000000000E+09
        2.585778713226318359375000000000   -1.592528640000000000000000000000E+09
        2.586778640747070312500000000000   -1.599856128000000000000000000000E+09
        2.587778568267822265625000000000   -1.607220992000000000000000000000E+09
        2.588778495788574218750000000000   -1.614623488000000000000000000000E+09
        2.589778423309326171875000000000   -1.622063616000000000000000000000E+09
        2.590778350830078125000000000000   -1.629541632000000000000000000000E+09
        2.591778278350830078125000000000   -1.637057792000000000000000000000E+09
        2.592778205871582031250000000000   -1.644612096000000000000000000000E+09
        2.593778133392333984375000000000   -1.652205312000000000000000000000E+09
        2.594778060913085937500000000000   -1.659837440000000000000000000000E+09
        2.595777988433837890625000000000   -1.667508736000000000000000000000E+09
        2.596777915954589843750000000000   -1.675219456000000000000000000000E+09
        2.597777843475341796875000000000   -1.682969600000000000000000000000E+09
        2.598777770996093750000000000000   -1.690759424000000000000000000000E+09
        2.599777698516845703125000000000   -1.698589184000000000000000000000E+09
        2.600777626037597656250000000000   -1.706459136000000000000000000000E+09
        2.601777553558349609375000000000   -1.714369280000000000000000000000E+09
        2.602777481079101562500000000000   -1.722319872000000000000000000000E+09
        2.603777408599853515625000000000   -1.730311168000000000000000000000E+09
        2.604777336120605468750000000000   -1.738343680000000000000000000000E+09
        2.605777263641357421875000000000   -1.746417664000000000000000000000E+09
        2.606777191162109375000000000000   -1.754533376000000000000000000000E+09
        2.607777118682861328125000000000   -1.762690816000000000000000000000E+09
        2.608777046203613281250000000000   -1.770890240000000000000000000000E+09
        2.609776973724365234375000000000   -1.779131904000000000000000000000E+09
        2.610776901245117187500000000000   -1.787416064000000000000000000000E+09
        2.611776828765869140625000000000   -1.795742720000000000000000000000E+09
        2.612776756286621093750000000000   -1.804112128000000000000000000000E+09
        2.613776683807373046875000000000   -1.812524544000000000000000000000E+09
        2.614776611328125000000000000000   -1.820980224000000000000000000000E+09
        2.615776538848876953125000000000   -1.829479424000000000000000000000E+09
        2.616776466369628906250000000000   -1.838022656000000000000000000000E+09
        2.617776393890380859375000000000   -1.846610176000000000000000000000E+09
        2.618776321411132812500000000000   -1.855242240000000000000000000000E+09
        2.619776248931884765625000000000   -1.863919104000000000000000000000E+09
        2.620776176452636718750000000000   -1.872640768000000000000000000000E+09
        2.621776103973388671875000000000   -1.881407488000000000000000000000E+09
        2.622776031494140625000000000000   -1.890219520000000000000000000000E+09
        2.623775959014892578125000000000   -1.899077120000000000000000000000E+09
        2.624775886535644531250000000000   -1.907980544000000000000000000000E+09
        2.625775814056396484375000000000   -1.916929792000000000000000000000E+09
        2.626775741577148437500000000000   -1.925925120000000000000000000000E+09
        2.627775669097900390625000000000   -1.934967296000000000000000000000E+09
        2.628775596618652343750000000000   -1.944056576000000000000000000000E+09
        2.629775524139404296875000000000   -1.953193216000000000000000000000E+09
        2.630775451660156250000000000000   -1.962377472000000000000000000000E+09
        2.631775379180908203125000000000   -1.971609344000000000000000000000E+09
        2.632775306701660156250000000000   -1.980889088000000000000000000000E+09
        2.633775234222412109375000000000   -1.990216960000000000000000000000E+09
        2.634775161743164062500000000000   -1.999593216000000000000000000000E+09
        2.635775089263916015625000000000   -2.009018112000000000000000000000E+09
        2.636775016784667968750000000000   -2.018491904000000000000000000000E+09
        2.637774944305419921875000000000   -2.028014848000000000000000000000E+09
        2.638774871826171875000000000000   -2.037587200000000000000000000000E+09
        2.639774799346923828125000000000   -2.047209472000000000000000000000E+09
        2.640774726867675781250000000000   -2.056881920000000000000000000000E+09
        2.641774654388427734375000000000   -2.066604800000000000000000000000E+09
        2.642774581909179687500000000000   -2.076378368000000000000000000000E+09
        2.643774509429931640625000000000   -2.086202880000000000000000000000E+09
        2.644774436950683593750000000000   -2.096078592000000000000000000000E+09
        2.645774364471435546875000000000   -2.106005760000000000000000000000E+09
        2.646774291992187500000000000000   -2.115984640000000000000000000000E+09
        2.647774219512939453125000000000   -2.126015488000000000000000000000E+09
        2.648774147033691406250000000000   -2.136098560000000000000000000000E+09
        2.649774074554443359375000000000   -2.146234112000000000000000000000E+09
        2.650774002075195312500000000000   -2.156422912000000000000000000000E+09
        2.651773929595947265625000000000   -2.166664960000000000000000000000E+09
        2.652773857116699218750000000000   -2.176960768000000000000000000000E+09
        2.653773784637451171875000000000   -2.187310336000000000000000000000E+09
        2.654773712158203125000000000000   -2.197714176000000000000000000000E+09
        2.655773639678955078125000000000   -2.208172288000000000000000000000E+09
        2.656773567199707031250000000000   -2.218685184000000000000000000000E+09
        2.657773494720458984375000000000   -2.229252864000000000000000000000E+09
        2.658773422241210937500000000000   -2.239875840000000000000000000000E+09
        2.659773349761962890625000000000   -2.250554112000000000000000000000E+09
        2.660773277282714843750000000000   -2.261288192000000000000000000000E+09
        2.661773204803466796875000000000   -2.272079104000000000000000000000E+09
        2.662773132324218750000000000000   -2.282926848000000000000000000000E+09
        2.663773059844970703125000000000   -2.293831936000000000000000000000E+09
        2.664772987365722656250000000000   -2.304794368000000000000000000000E+09
        2.665772914886474609375000000000   -2.315814656000000000000000000000E+09
        2.666772842407226562500000000000   -2.326892800000000000000000000000E+09
        2.667772769927978515625000000000   -2.338029312000000000000000000000E+09
        2.668772697448730468750000000000   -2.349224192000000000000000000000E+09
        2.669772624969482421875000000000   -2.360477952000000000000000000000E+09
        2.670772552490234375000000000000   -2.371790592000000000000000000000E+09
        2.671772480010986328125000000000   -2.383162624000000000000000000000E+09
        2.672772407531738281250000000000   -2.394595072000000000000000000000E+09
        2.673772335052490234375000000000   -2.406087936000000000000000000000E+09
        2.674772262573242187500000000000   -2.417641728000000000000000000000E+09
        2.675772190093994140625000000000   -2.429256448000000000000000000000E+09
        2.676772117614746093750000000000   -2.440932608000000000000000000000E+09
        2.677772045135498046875000000000   -2.452670208000000000000000000000E+09
        2.678771972656250000000000000000   -2.464469760000000000000000000000E+09
        2.679771900177001953125000000000   -2.476331776000000000000000000000E+09
        2.680771827697753906250000000000   -2.488256256000000000000000000000E+09
        2.681771755218505859375000000000   -2.500243712000000000000000000000E+09
        2.682771682739257812500000000000   -2.512294144000000000000000000000E+09
        2.683771610260009765625000000000   -2.524408576000000000000000000000E+09
        2.684771537780761718750000000000   -2.536587520000000000000000000000E+09
        2.685771465301513671875000000000   -2.548830976000000000000000000000E+09
        2.686771392822265625000000000000   -2.561139456000000000000000000000E+09
        2.687771320343017578125000000000   -2.573513472000000000000000000000E+09
        2.688771247863769531250000000000   -2.585953024000000000000000000000E+09
        2.689771175384521484375000000000   -2.598458624000000000000000000000E+09
        2.690771102905273437500000000000   -2.611030272000000000000000000000E+09
        2.691771030426025390625000000000   -2.623668480000000000000000000000E+09
        2.692770957946777343750000000000   -2.636373760000000000000000000000E+09
        2.693770885467529296875000000000   -2.649146112000000000000000000000E+09
        2.694770812988281250000000000000   -2.661986560000000000000000000000E+09
        2.695770740509033203125000000000   -2.674895616000000000000000000000E+09
        2.696770668029785156250000000000   -2.687873792000000000000000000000E+09
        2.697770595550537109375000000000   -2.700921088000000000000000000000E+09
        2.698770523071289062500000000000   -2.714038016000000000000000000000E+09
        2.699770450592041015625000000000   -2.727224576000000000000000000000E+09
        2.700770378112792968750000000000   -2.740481280000000000000000000000E+09
        2.701770305633544921875000000000   -2.753808640000000000000000000000E+09
        2.702770233154296875000000000000   -2.767206656000000000000000000000E+09
        2.703770160675048828125000000000   -2.780675840000000000000000000000E+09
        2.704770088195800781250000000000   -2.794216704000000000000000000000E+09
        2.705770015716552734375000000000   -2.807830272000000000000000000000E+09
        2.706769943237304687500000000000   -2.821517056000000000000000000000E+09
        2.707769870758056640625000000000   -2.835277056000000000000000000000E+09
        2.708769798278808593750000000000   -2.849110784000000000000000000000E+09
        2.709769725799560546875000000000   -2.863018752000000000000000000000E+09
        2.710769653320312500000000000000   -2.877000960000000000000000000000E+09
        2.711769580841064453125000000000   -2.891057920000000000000000000000E+09
        2.712769508361816406250000000000   -2.905190144000000000000000000000E+09
        2.713769435882568359375000000000   -2.919397632000000000000000000000E+09
        2.714769363403320312500000000000   -2.933680896000000000000000000000E+09
        2.715769290924072265625000000000   -2.948040448000000000000000000000E+09
        2.716769218444824218750000000000   -2.962477312000000000000000000000E+09
        2.717769145965576171875000000000   -2.976992000000000000000000000000E+09
        2.718769073486328125000000000000   -2.991584512000000000000000000000E+09
        2.719769001007080078125000000000   -3.006255360000000000000000000000E+09
        2.720768928527832031250000000000   -3.021005056000000000000000000000E+09
        2.721768856048583984375000000000   -3.035834112000000000000000000000E+09
        2.722768783569335937500000000000   -3.050743040000000000000000000000E+09
        2.723768711090087890625000000000   -3.065731840000000000000000000000E+09
        2.724768638610839843750000000000   -3.080801024000000000000000000000E+09
        2.725768566131591796875000000000   -3.095951104000000000000000000000E+09
        2.726768493652343750000000000000   -3.111182592000000000000000000000E+09
        2.727768421173095703125000000000   -3.126496512000000000000000000000E+09
        2.728768348693847656250000000000   -3.141893376000000000000000000000E+09
        2.729768276214599609375000000000   -3.157373184000000000000000000000E+09
        2.730768203735351562500000000000   -3.172936448000000000000000000000E+09
        2.731768131256103515625000000000   -3.188583680000000000000000000000E+09
        2.732768058776855468750000000000   -3.204315392000000000000000000000E+09
        2.733767986297607421875000000000   -3.220132096000000000000000000000E+09
        2.734767913818359375000000000000   -3.236033792000000000000000000000E+09
        2.735767841339111328125000000000   -3.252020992000000000000000000000E+09
        2.736767768859863281250000000000   -3.268094208000000000000000000000E+09
        2.737767696380615234375000000000   -3.284253952000000000000000000000E+09
        2.738767623901367187500000000000   -3.300501248000000000000000000000E+09
        2.739767551422119140625000000000   -3.316836608000000000000000000000E+09
        2.740767478942871093750000000000   -3.333260544000000000000000000000E+09
        2.741767406463623046875000000000   -3.349773568000000000000000000000E+09
        2.742767333984375000000000000000   -3.366376192000000000000000000000E+09
        2.743767261505126953125000000000   -3.383068928000000000000000000000E+09
        2.744767189025878906250000000000   -3.399851776000000000000000000000E+09
        2.745767116546630859375000000000   -3.416725248000000000000000000000E+09
        2.746767044067382812500000000000   -3.433689856000000000000000000000E+09
        2.747766971588134765625000000000   -3.450746112000000000000000000000E+09
        2.748766899108886718750000000000   -3.467894528000000000000000000000E+09
        2.749766826629638671875000000000   -3.485136128000000000000000000000E+09
        2.750766754150390625000000000000   -3.502471424000000000000000000000E+09
        2.751766681671142578125000000000   -3.519900928000000000000000000000E+09
        2.752766609191894531250000000000   -3.537425152000000000000000000000E+09
        2.753766536712646484375000000000   -3.555044608000000000000000000000E+09
        2.754766464233398437500000000000   -3.572759808000000000000000000000E+09
        2.755766391754150390625000000000   -3.590571264000000000000000000000E+09
        2.756766319274902343750000000000   -3.608479488000000000000000000000E+09
        2.757766246795654296875000000000   -3.626484992000000000000000000000E+09
        2.758766174316406250000000000000   -3.644588288000000000000000000000E+09
        2.759766101837158203125000000000   -3.662789888000000000000000000000E+09
        2.760766029357910156250000000000   -3.681090816000000000000000000000E+09
        2.761765956878662109375000000000   -3.699491584000000000000000000000E+09
        2.762765884399414062500000000000   -3.717992704000000000000000000000E+09
        2.763765811920166015625000000000   -3.736594688000000000000000000000E+09
        2.764765739440917968750000000000   -3.755298048000000000000000000000E+09
        2.765765666961669921875000000000   -3.774103296000000000000000000000E+09
        2.766765594482421875000000000000   -3.793010944000000000000000000000E+09
        2.767765522003173828125000000000   -3.812021504000000000000000000000E+09
        2.768765449523925781250000000000   -3.831135488000000000000000000000E+09
        2.769765377044677734375000000000   -3.850353408000000000000000000000E+09
        2.770765304565429687500000000000   -3.869675776000000000000000000000E+09
        2.771765232086181640625000000000   -3.889104128000000000000000000000E+09
        2.772765159606933593750000000000   -3.908638976000000000000000000000E+09
        2.773765087127685546875000000000   -3.928280832000000000000000000000E+09
        2.774765014648437500000000000000   -3.948030208000000000000000000000E+09
        2.775764942169189453125000000000   -3.967887616000000000000000000000E+09
        2.776764869689941406250000000000   -3.987853568000000000000000000000E+09
        2.777764797210693359375000000000   -4.007929088000000000000000000000E+09
        2.778764724731445312500000000000   -4.028114688000000000000000000000E+09
        2.779764652252197265625000000000   -4.048410880000000000000000000000E+09
        2.780764579772949218750000000000   -4.068818176000000000000000000000E+09
        2.781764507293701171875000000000   -4.089337088000000000000000000000E+09
        2.782764434814453125000000000000   -4.109969152000000000000000000000E+09
        2.783764362335205078125000000000   -4.130714880000000000000000000000E+09
        2.784764289855957031250000000000   -4.151574784000000000000000000000E+09
        2.785764217376708984375000000000   -4.172549376000000000000000000000E+09
        2.786764144897460937500000000000   -4.193639168000000000000000000000E+09
        2.787764072418212890625000000000   -4.214845184000000000000000000000E+09
        2.788763999938964843750000000000   -4.236167936000000000000000000000E+09
        2.789763927459716796875000000000   -4.257607936000000000000000000000E+09
        2.790763854980468750000000000000   -4.279165696000000000000000000000E+09
        2.791763782501220703125000000000   -4.300841984000000000000000000000E+09
        2.792763710021972656250000000000   -4.322637824000000000000000000000E+09
        2.793763637542724609375000000000   -4.344554496000000000000000000000E+09
        2.794763565063476562500000000000   -4.366592000000000000000000000000E+09
        2.795763492584228515625000000000   -4.388751360000000000000000000000E+09
        2.796763420104980468750000000000   -4.411033600000000000000000000000E+09
        2.797763347625732421875000000000   -4.433438720000000000000000000000E+09
        2.798763275146484375000000000000   -4.455967744000000000000000000000E+09
        2.799763202667236328125000000000   -4.478620672000000000000000000000E+09
        2.800763130187988281250000000000   -4.501398528000000000000000000000E+09
        2.801763057708740234375000000000   -4.524302336000000000000000000000E+09
        2.802762985229492187500000000000   -4.547332096000000000000000000000E+09
        2.803762912750244140625000000000   -4.570489856000000000000000000000E+09
        2.804762840270996093750000000000   -4.593776640000000000000000000000E+09
        2.805762767791748046875000000000   -4.617192448000000000000000000000E+09
        2.806762695312500000000000000000   -4.640738304000000000000000000000E+09
        2.807762622833251953125000000000   -4.664414208000000000000000000000E+09
        2.808762550354003906250000000000   -4.688221184000000000000000000000E+09
        2.809762477874755859375000000000   -4.712160256000000000000000000000E+09
        2.810762405395507812500000000000   -4.736231424000000000000000000000E+09
        2.811762332916259765625000000000   -4.760435712000000000000000000000E+09
        2.812762260437011718750000000000   -4.784774144000000000000000000000E+09
        2.813762187957763671875000000000   -4.809248768000000000000000000000E+09
        2.814762115478515625000000000000   -4.833859584000000000000000000000E+09
        2.815762042999267578125000000000   -4.858607616000000000000000000000E+09
        2.816761970520019531250000000000   -4.883493888000000000000000000000E+09
        2.817761898040771484375000000000   -4.908518400000000000000000000000E+09
        2.818761825561523437500000000000   -4.933682176000000000000000000000E+09
        2.819761753082275390625000000000   -4.958986240000000000000000000000E+09
        2.820761680603027343750000000000   -4.984430592000000000000000000000E+09
        2.821761608123779296875000000000   -5.010016256000000000000000000000E+09
        2.822761535644531250000000000000   -5.035744256000000000000000000000E+09
        2.823761463165283203125000000000   -5.061615616000000000000000000000E+09
        2.824761390686035156250000000000   -5.087631360000000000000000000000E+09
        2.825761318206787109375000000000   -5.113792512000000000000000000000E+09
        2.826761245727539062500000000000   -5.140100096000000000000000000000E+09
        2.827761173248291015625000000000   -5.166555136000000000000000000000E+09
        2.828761100769042968750000000000   -5.193157632000000000000000000000E+09
        2.829761028289794921875000000000   -5.219908608000000000000000000000E+09
        2.830760955810546875000000000000   -5.246809088000000000000000000000E+09
        2.831760883331298828125000000000   -5.273860096000000000000000000000E+09
        2.832760810852050781250000000000   -5.301061632000000000000000000000E+09
        2.833760738372802734375000000000   -5.328414720000000000000000000000E+09
        2.834760665893554687500000000000   -5.355920384000000000000000000000E+09
        2.835760593414306640625000000000   -5.383580672000000000000000000000E+09
        2.836760520935058593750000000000   -5.411396608000000000000000000000E+09
        2.837760448455810546875000000000   -5.439368192000000000000000000000E+09
        2.838760375976562500000000000000   -5.467496448000000000000000000000E+09
        2.839760303497314453125000000000   -5.495782400000000000000000000000E+09
        2.840760231018066406250000000000   -5.524227072000000000000000000000E+09
        2.841760158538818359375000000000   -5.552831488000000000000000000000E+09
        2.842760086059570312500000000000   -5.581595648000000000000000000000E+09
        2.843760013580322265625000000000   -5.610520576000000000000000000000E+09
        2.844759941101074218750000000000   -5.639607296000000000000000000000E+09
        2.845759868621826171875000000000   -5.668857856000000000000000000000E+09
        2.846759796142578125000000000000   -5.698273280000000000000000000000E+09
        2.847759723663330078125000000000   -5.727854592000000000000000000000E+09
        2.848759651184082031250000000000   -5.757602816000000000000000000000E+09
        2.849759578704833984375000000000   -5.787518976000000000000000000000E+09
        2.850759506225585937500000000000   -5.817603072000000000000000000000E+09
        2.851759433746337890625000000000   -5.847856128000000000000000000000E+09
        2.852759361267089843750000000000   -5.878279168000000000000000000000E+09
        2.853759288787841796875000000000   -5.908873216000000000000000000000E+09
        2.854759216308593750000000000000   -5.939639296000000000000000000000E+09
        2.855759143829345703125000000000   -5.970578432000000000000000000000E+09
        2.856759071350097656250000000000   -6.001692672000000000000000000000E+09
        2.857758998870849609375000000000   -6.032983040000000000000000000000E+09
        2.858758926391601562500000000000   -6.064450560000000000000000000000E+09
        2.859758853912353515625000000000   -6.096096256000000000000000000000E+09
        2.860758781433105468750000000000   -6.127921152000000000000000000000E+09
        2.861758708953857421875000000000   -6.159925248000000000000000000000E+09
        2.862758636474609375000000000000   -6.192109568000000000000000000000E+09
        2.863758563995361328125000000000   -6.224475136000000000000000000000E+09
        2.864758491516113281250000000000   -6.257022976000000000000000000000E+09
        2.865758419036865234375000000000   -6.289754112000000000000000000000E+09
        2.866758346557617187500000000000   -6.322671616000000000000000000000E+09
        2.867758274078369140625000000000   -6.355776512000000000000000000000E+09
        2.868758201599121093750000000000   -6.389068800000000000000000000000E+09
        2.869758129119873046875000000000   -6.422549504000000000000000000000E+09
        2.870758056640625000000000000000   -6.456219648000000000000000000000E+09
        2.871757984161376953125000000000   -6.490080256000000000000000000000E+09
        2.872757911682128906250000000000   -6.524132352000000000000000000000E+09
        2.873757839202880859375000000000   -6.558376960000000000000000000000E+09
        2.874757766723632812500000000000   -6.592815104000000000000000000000E+09
        2.875757694244384765625000000000   -6.627447808000000000000000000000E+09
        2.876757621765136718750000000000   -6.662278144000000000000000000000E+09
        2.877757549285888671875000000000   -6.697307136000000000000000000000E+09
        2.878757476806640625000000000000   -6.732535808000000000000000000000E+09
        2.879757404327392578125000000000   -6.767965184000000000000000000000E+09
        2.880757331848144531250000000000   -6.803596288000000000000000000000E+09
        2.881757259368896484375000000000   -6.839430144000000000000000000000E+09
        2.882757186889648437500000000000   -6.875467776000000000000000000000E+09
        2.883757114410400390625000000000   -6.911710208000000000000000000000E+09
        2.884757041931152343750000000000   -6.948158464000000000000000000000E+09
        2.885756969451904296875000000000   -6.984813568000000000000000000000E+09
        2.886756896972656250000000000000   -7.021676544000000000000000000000E+09
        2.887756824493408203125000000000   -7.058750464000000000000000000000E+09
        2.888756752014160156250000000000   -7.096036352000000000000000000000E+09
        2.889756679534912109375000000000   -7.133535232000000000000000000000E+09
        2.890756607055664062500000000000   -7.171248128000000000000000000000E+09
        2.891756534576416015625000000000   -7.209176064000000000000000000000E+09
        2.892756462097167968750000000000   -7.247320064000000000000000000000E+09
        2.893756389617919921875000000000   -7.285682176000000000000000000000E+09
        2.894756317138671875000000000000   -7.324263424000000000000000000000E+09
        2.895756244659423828125000000000   -7.363064832000000000000000000000E+09
        2.896756172180175781250000000000   -7.402087424000000000000000000000E+09
        2.897756099700927734375000000000   -7.441334272000000000000000000000E+09
        2.898756027221679687500000000000   -7.480806400000000000000000000000E+09
        2.899755954742431640625000000000   -7.520504832000000000000000000000E+09
        2.900755882263183593750000000000   -7.560430592000000000000000000000E+09
        2.901755809783935546875000000000   -7.600585728000000000000000000000E+09
        2.902755737304687500000000000000   -7.640971264000000000000000000000E+09
        2.903755664825439453125000000000   -7.681588224000000000000000000000E+09
        2.904755592346191406250000000000   -7.722437632000000000000000000000E+09
        2.905755519866943359375000000000   -7.763520512000000000000000000000E+09
        2.906755447387695312500000000000   -7.804838912000000000000000000000E+09
        2.907755374908447265625000000000   -7.846395904000000000000000000000E+09
        2.908755302429199218750000000000   -7.888192512000000000000000000000E+09
        2.909755229949951171875000000000   -7.930229760000000000000000000000E+09
        2.910755157470703125000000000000   -7.972508672000000000000000000000E+09
        2.911755084991455078125000000000   -8.015031296000000000000000000000E+09
        2.912755012512207031250000000000   -8.057798656000000000000000000000E+09
        2.913754940032958984375000000000   -8.100811776000000000000000000000E+09
        2.914754867553710937500000000000   -8.144071680000000000000000000000E+09
        2.915754795074462890625000000000   -8.187580416000000000000000000000E+09
        2.916754722595214843750000000000   -8.231339008000000000000000000000E+09
        2.917754650115966796875000000000   -8.275350528000000000000000000000E+09
        2.918754577636718750000000000000   -8.319617024000000000000000000000E+09
        2.919754505157470703125000000000   -8.364139520000000000000000000000E+09
        2.920754432678222656250000000000   -8.408919040000000000000000000000E+09
        2.921754360198974609375000000000   -8.453957632000000000000000000000E+09
        2.922754287719726562500000000000   -8.499256320000000000000000000000E+09
        2.923754215240478515625000000000   -8.544816128000000000000000000000E+09
        2.924754142761230468750000000000   -8.590639104000000000000000000000E+09
        2.925754070281982421875000000000   -8.636726272000000000000000000000E+09
        2.926753997802734375000000000000   -8.683079680000000000000000000000E+09
        2.927753925323486328125000000000   -8.729699328000000000000000000000E+09
        2.928753852844238281250000000000   -8.776589312000000000000000000000E+09
        2.929753780364990234375000000000   -8.823751680000000000000000000000E+09
        2.930753707885742187500000000000   -8.871188480000000000000000000000E+09
        2.931753635406494140625000000000   -8.918899712000000000000000000000E+09
        2.932753562927246093750000000000   -8.966887424000000000000000000000E+09
        2.933753490447998046875000000000   -9.015153664000000000000000000000E+09
        2.934753417968750000000000000000   -9.063698432000000000000000000000E+09
        2.935753345489501953125000000000   -9.112523776000000000000000000000E+09
        2.936753273010253906250000000000   -9.161631744000000000000000000000E+09
        2.937753200531005859375000000000   -9.211024384000000000000000000000E+09
        2.938753128051757812500000000000   -9.260703744000000000000000000000E+09
        2.939753055572509765625000000000   -9.310671872000000000000000000000E+09
        2.940752983093261718750000000000   -9.360930816000000000000000000000E+09
        2.941752910614013671875000000000   -9.411482624000000000000000000000E+09
        2.942752838134765625000000000000   -9.462329344000000000000000000000E+09
        2.943752765655517578125000000000   -9.513470976000000000000000000000E+09
        2.944752693176269531250000000000   -9.564909568000000000000000000000E+09
        2.945752620697021484375000000000   -9.616647168000000000000000000000E+09
        2.946752548217773437500000000000   -9.668685824000000000000000000000E+09
        2.947752475738525390625000000000   -9.721025536000000000000000000000E+09
        2.948752403259277343750000000000   -9.773670400000000000000000000000E+09
        2.949752330780029296875000000000   -9.826622464000000000000000000000E+09
        2.950752258300781250000000000000   -9.879883776000000000000000000000E+09
        2.951752185821533203125000000000   -9.933456384000000000000000000000E+09
        2.952752113342285156250000000000   -9.987342336000000000000000000000E+09
        2.953752040863037109375000000000   -1.004154163200000000000000000000E+10
        2.954751968383789062500000000000   -1.009605632000000000000000000000E+10
        2.955751895904541015625000000000   -1.015088844800000000000000000000E+10
        2.956751823425292968750000000000   -1.020604006400000000000000000000E+10
        2.957751750946044921875000000000   -1.026151321600000000000000000000E+10
        2.958751678466796875000000000000   -1.031731200000000000000000000000E+10
        2.959751605987548828125000000000   -1.037343846400000000000000000000E+10
        2.960751533508300781250000000000   -1.042989465600000000000000000000E+10
        2.961751461029052734375000000000   -1.048668057600000000000000000000E+10
        2.962751388549804687500000000000   -1.054379827200000000000000000000E+10
        2.963751316070556640625000000000   -1.060124979200000000000000000000E+10
        2.964751243591308593750000000000   -1.065903718400000000000000000000E+10
        2.965751171112060546875000000000   -1.071716249600000000000000000000E+10
        2.966751098632812500000000000000   -1.077562777600000000000000000000E+10
        2.967751026153564453125000000000   -1.083443507200000000000000000000E+10
        2.968750953674316406250000000000   -1.089358848000000000000000000000E+10
        2.969750881195068359375000000000   -1.095309004800000000000000000000E+10
        2.970750808715820312500000000000   -1.101294182400000000000000000000E+10
        2.971750736236572265625000000000   -1.107314585600000000000000000000E+10
        2.972750663757324218750000000000   -1.113370419200000000000000000000E+10
        2.973750591278076171875000000000   -1.119461888000000000000000000000E+10
        2.974750518798828125000000000000   -1.125589196800000000000000000000E+10
        2.975750446319580078125000000000   -1.131752550400000000000000000000E+10
        2.976750373840332031250000000000   -1.137952153600000000000000000000E+10
        2.977750301361083984375000000000   -1.144188211200000000000000000000E+10
        2.978750228881835937500000000000   -1.150461132800000000000000000000E+10
        2.979750156402587890625000000000   -1.156771123200000000000000000000E+10
        2.980750083923339843750000000000   -1.163118387200000000000000000000E+10
        2.981750011444091796875000000000   -1.169503129600000000000000000000E+10
        2.982749938964843750000000000000   -1.175925555200000000000000000000E+10
        2.983749866485595703125000000000   -1.182385868800000000000000000000E+10
        2.984749794006347656250000000000   -1.188884275200000000000000000000E+10
        2.985749721527099609375000000000   -1.195420979200000000000000000000E+10
        2.986749649047851562500000000000   -1.201996185600000000000000000000E+10
        2.987749576568603515625000000000   -1.208610099200000000000000000000E+10
        2.988749504089355468750000000000   -1.215263129600000000000000000000E+10
        2.989749431610107421875000000000   -1.221955481600000000000000000000E+10
        2.990749359130859375000000000000   -1.228687360000000000000000000000E+10
        2.991749286651611328125000000000   -1.235459174400000000000000000000E+10
        2.992749214172363281250000000000   -1.242271129600000000000000000000E+10
        2.993749141693115234375000000000   -1.249123430400000000000000000000E+10
        2.994749069213867187500000000000   -1.256016281600000000000000000000E+10
        2.995748996734619140625000000000   -1.262949888000000000000000000000E+10
        2.996748924255371093750000000000   -1.269924454400000000000000000000E+10
        2.997748851776123046875000000000   -1.276940185600000000000000000000E+10
        2.998748779296875000000000000000   -1.283997696000000000000000000000E+10
        2.999748706817626953125000000000   -1.291097190400000000000000000000E+10
        3.000748634338378906250000000000   -1.298238873600000000000000000000E+10
        3.001748561859130859375000000000   -1.305422950400000000000000000000E+10
        3.002748489379882812500000000000   -1.312649625600000000000000000000E+10
        3.003748416900634765625000000000   -1.319919104000000000000000000000E+10
        3.004748344421386718750000000000   -1.327231795200000000000000000000E+10
        3.005748271942138671875000000000   -1.334587904000000000000000000000E+10
        3.006748199462890625000000000000   -1.341987635200000000000000000000E+10
        3.007748126983642578125000000000   -1.349431193600000000000000000000E+10
        3.008748054504394531250000000000   -1.356919193600000000000000000000E+10
        3.009747982025146484375000000000   -1.364451840000000000000000000000E+10
        3.010747909545898437500000000000   -1.372029337600000000000000000000E+10
        3.011747837066650390625000000000   -1.379651891200000000000000000000E+10
        3.012747764587402343750000000000   -1.387319910400000000000000000000E+10
        3.013747692108154296875000000000   -1.395033600000000000000000000000E+10
        3.014747619628906250000000000000   -1.402793164800000000000000000000E+10
        3.015747547149658203125000000000   -1.410598809600000000000000000000E+10
        3.016747474670410156250000000000   -1.418450944000000000000000000000E+10
        3.017747402191162109375000000000   -1.426349772800000000000000000000E+10
        3.018747329711914062500000000000   -1.434295910400000000000000000000E+10
        3.019747257232666015625000000000   -1.442289561600000000000000000000E+10
        3.020747184753417968750000000000   -1.450330931200000000000000000000E+10
        3.021747112274169921875000000000   -1.458420428800000000000000000000E+10
        3.022747039794921875000000000000   -1.466558259200000000000000000000E+10
        3.023746967315673828125000000000   -1.474744627200000000000000000000E+10
        3.024746894836425781250000000000   -1.482979942400000000000000000000E+10
        3.025746822357177734375000000000   -1.491264409600000000000000000000E+10
        3.026746749877929687500000000000   -1.499598233600000000000000000000E+10
        3.027746677398681640625000000000   -1.507981824000000000000000000000E+10
        3.028746604919433593750000000000   -1.516415795200000000000000000000E+10
        3.029746532440185546875000000000   -1.524900352000000000000000000000E+10
        3.030746459960937500000000000000   -1.533435904000000000000000000000E+10
        3.031746387481689453125000000000   -1.542022656000000000000000000000E+10
        3.032746315002441406250000000000   -1.550660812800000000000000000000E+10
        3.033746242523193359375000000000   -1.559350784000000000000000000000E+10
        3.034746170043945312500000000000   -1.568092774400000000000000000000E+10
        3.035746097564697265625000000000   -1.576887193600000000000000000000E+10
        3.036746025085449218750000000000   -1.585734246400000000000000000000E+10
        3.037745952606201171875000000000   -1.594634137600000000000000000000E+10
        3.038745880126953125000000000000   -1.603587686400000000000000000000E+10
        3.039745807647705078125000000000   -1.612595097600000000000000000000E+10
        3.040745735168457031250000000000   -1.621656780800000000000000000000E+10
        3.041745662689208984375000000000   -1.630772940800000000000000000000E+10
        3.042745590209960937500000000000   -1.639943987200000000000000000000E+10
        3.043745517730712890625000000000   -1.649170124800000000000000000000E+10
        3.044745445251464843750000000000   -1.658451763200000000000000000000E+10
        3.045745372772216796875000000000   -1.667789107200000000000000000000E+10
        3.046745300292968750000000000000   -1.677182566400000000000000000000E+10
        3.047745227813720703125000000000   -1.686632755200000000000000000000E+10
        3.048745155334472656250000000000   -1.696140083200000000000000000000E+10
        3.049745082855224609375000000000   -1.705704755200000000000000000000E+10
        3.050745010375976562500000000000   -1.715327180800000000000000000000E+10
        3.051744937896728515625000000000   -1.725007872000000000000000000000E+10
        3.052744865417480468750000000000   -1.734747136000000000000000000000E+10
        3.053744792938232421875000000000   -1.744544972800000000000000000000E+10
        3.054744720458984375000000000000   -1.754401792000000000000000000000E+10
        3.055744647979736328125000000000   -1.764318003200000000000000000000E+10
        3.056744575500488281250000000000   -1.774294016000000000000000000000E+10
        3.057744503021240234375000000000   -1.784330649600000000000000000000E+10
        3.058744430541992187500000000000   -1.794428313600000000000000000000E+10
        3.059744358062744140625000000000   -1.804587008000000000000000000000E+10
        3.060744285583496093750000000000   -1.814807142400000000000000000000E+10
        3.061744213104248046875000000000   -1.825089126400000000000000000000E+10
        3.062744140625000000000000000000   -1.835433369600000000000000000000E+10
        3.063744068145751953125000000000   -1.845840281600000000000000000000E+10
        3.064743995666503906250000000000   -1.856310272000000000000000000000E+10
        3.065743923187255859375000000000   -1.866843750400000000000000000000E+10
        3.066743850708007812500000000000   -1.877440716800000000000000000000E+10
        3.067743778228759765625000000000   -1.888101990400000000000000000000E+10
        3.068743705749511718750000000000   -1.898827980800000000000000000000E+10
        3.069743633270263671875000000000   -1.909619097600000000000000000000E+10
        3.070743560791015625000000000000   -1.920475750400000000000000000000E+10
        3.071743488311767578125000000000   -1.931398348800000000000000000000E+10
        3.072743415832519531250000000000   -1.942387302400000000000000000000E+10
        3.073743343353271484375000000000   -1.953443020800000000000000000000E+10
        3.074743270874023437500000000000   -1.964565913600000000000000000000E+10
        3.075743198394775390625000000000   -1.975756390400000000000000000000E+10
        3.076743125915527343750000000000   -1.987014860800000000000000000000E+10
        3.077743053436279296875000000000   -1.998342144000000000000000000000E+10
        3.078742980957031250000000000000   -2.009738649600000000000000000000E+10
        3.079742908477783203125000000000   -2.021204787200000000000000000000E+10
        3.080742835998535156250000000000   -2.032740966400000000000000000000E+10
        3.081742763519287109375000000000   -2.044347596800000000000000000000E+10
        3.082742691040039062500000000000   -2.056025088000000000000000000000E+10
        3.083742618560791015625000000000   -2.067773849600000000000000000000E+10
        3.084742546081542968750000000000   -2.079594291200000000000000000000E+10
        3.085742473602294921875000000000   -2.091486822400000000000000000000E+10
        3.086742401123046875000000000000   -2.103452262400000000000000000000E+10
        3.087742328643798828125000000000   -2.115491020800000000000000000000E+10
        3.088742256164550781250000000000   -2.127603507200000000000000000000E+10
        3.089742183685302734375000000000   -2.139790131200000000000000000000E+10
        3.090742111206054687500000000000   -2.152051302400000000000000000000E+10
        3.091742038726806640625000000000   -2.164387430400000000000000000000E+10
        3.092741966247558593750000000000   -2.176798924800000000000000000000E+10
        3.093741893768310546875000000000   -2.189286195200000000000000000000E+10
        3.094741821289062500000000000000   -2.201849651200000000000000000000E+10
        3.095741748809814453125000000000   -2.214489702400000000000000000000E+10
        3.096741676330566406250000000000   -2.227207168000000000000000000000E+10
        3.097741603851318359375000000000   -2.240002867200000000000000000000E+10
        3.098741531372070312500000000000   -2.252877209600000000000000000000E+10
        3.099741458892822265625000000000   -2.265830604800000000000000000000E+10
        3.100741386413574218750000000000   -2.278863462400000000000000000000E+10
        3.101741313934326171875000000000   -2.291976192000000000000000000000E+10
        3.102741241455078125000000000000   -2.305169203200000000000000000000E+10
        3.103741168975830078125000000000   -2.318442905600000000000000000000E+10
        3.104741096496582031250000000000   -2.331797708800000000000000000000E+10
        3.105741024017333984375000000000   -2.345234432000000000000000000000E+10
        3.106740951538085937500000000000   -2.358753894400000000000000000000E+10
        3.107740879058837890625000000000   -2.372356505600000000000000000000E+10
        3.108740806579589843750000000000   -2.386042675200000000000000000000E+10
        3.109740734100341796875000000000   -2.399813222400000000000000000000E+10
        3.110740661621093750000000000000   -2.413668556800000000000000000000E+10
        3.111740589141845703125000000000   -2.427609088000000000000000000000E+10
        3.112740516662597656250000000000   -2.441635225600000000000000000000E+10
        3.113740444183349609375000000000   -2.455747379200000000000000000000E+10
        3.114740371704101562500000000000   -2.469946368000000000000000000000E+10
        3.115740299224853515625000000000   -2.484233011200000000000000000000E+10
        3.116740226745605468750000000000   -2.498607718400000000000000000000E+10
        3.117740154266357421875000000000   -2.513071308800000000000000000000E+10
        3.118740081787109375000000000000   -2.527624192000000000000000000000E+10
        3.119740009307861328125000000000   -2.542266777600000000000000000000E+10
        3.120739936828613281250000000000   -2.556999475200000000000000000000E+10
        3.121739864349365234375000000000   -2.571823104000000000000000000000E+10
        3.122739791870117187500000000000   -2.586738073600000000000000000000E+10
        3.123739719390869140625000000000   -2.601744793600000000000000000000E+10
        3.124739646911621093750000000000   -2.616844083200000000000000000000E+10
        3.125739574432373046875000000000   -2.632036761600000000000000000000E+10
        3.126739501953125000000000000000   -2.647323648000000000000000000000E+10
        3.127739429473876953125000000000   -2.662705152000000000000000000000E+10
        3.128739356994628906250000000000   -2.678181683200000000000000000000E+10
        3.129739284515380859375000000000   -2.693754060800000000000000000000E+10
        3.130739212036132812500000000000   -2.709422694400000000000000000000E+10
        3.131739139556884765625000000000   -2.725188403200000000000000000000E+10
        3.132739067077636718750000000000   -2.741051596800000000000000000000E+10
        3.133738994598388671875000000000   -2.757012684800000000000000000000E+10
        3.134738922119140625000000000000   -2.773072896000000000000000000000E+10
        3.135738849639892578125000000000   -2.789233049600000000000000000000E+10
        3.136738777160644531250000000000   -2.805493555200000000000000000000E+10
        3.137738704681396484375000000000   -2.821855232000000000000000000000E+10
        3.138738632202148437500000000000   -2.838318489600000000000000000000E+10
        3.139738559722900390625000000000   -2.854883737600000000000000000000E+10
        3.140738487243652343750000000000   -2.871551795200000000000000000000E+10
        3.141738414764404296875000000000   -2.888323072000000000000000000000E+10
        3.142738342285156250000000000000   -2.905198387200000000000000000000E+10
        3.143738269805908203125000000000   -2.922178150400000000000000000000E+10
        3.144738197326660156250000000000   -2.939264000000000000000000000000E+10
        3.145738124847412109375000000000   -2.956456345600000000000000000000E+10
        3.146738052368164062500000000000   -2.973756006400000000000000000000E+10
        3.147737979888916015625000000000   -2.991163392000000000000000000000E+10
        3.148737907409667968750000000000   -3.008679321600000000000000000000E+10
        3.149737834930419921875000000000   -3.026304204800000000000000000000E+10
        3.150737762451171875000000000000   -3.044038860800000000000000000000E+10
        3.151737689971923828125000000000   -3.061883699200000000000000000000E+10
        3.152737617492675781250000000000   -3.079839539200000000000000000000E+10
        3.153737545013427734375000000000   -3.097907609600000000000000000000E+10
        3.154737472534179687500000000000   -3.116088729600000000000000000000E+10
        3.155737400054931640625000000000   -3.134383718400000000000000000000E+10
        3.156737327575683593750000000000   -3.152792985600000000000000000000E+10
        3.157737255096435546875000000000   -3.171317350400000000000000000000E+10
        3.158737182617187500000000000000   -3.189957222400000000000000000000E+10
        3.159737110137939453125000000000   -3.208713420800000000000000000000E+10
        3.160737037658691406250000000000   -3.227586764800000000000000000000E+10
        3.161736965179443359375000000000   -3.246577664000000000000000000000E+10
        3.162736892700195312500000000000   -3.265686937600000000000000000000E+10
        3.163736820220947265625000000000   -3.284916224000000000000000000000E+10
        3.164736747741699218750000000000   -3.304265932800000000000000000000E+10
        3.165736675262451171875000000000   -3.323736883200000000000000000000E+10
        3.166736602783203125000000000000   -3.343329894400000000000000000000E+10
        3.167736530303955078125000000000   -3.363045785600000000000000000000E+10
        3.168736457824707031250000000000   -3.382884966400000000000000000000E+10
        3.169736385345458984375000000000   -3.402848256000000000000000000000E+10
        3.170736312866210937500000000000   -3.422936473600000000000000000000E+10
        3.171736240386962890625000000000   -3.443150438400000000000000000000E+10
        3.172736167907714843750000000000   -3.463491584000000000000000000000E+10
        3.173736095428466796875000000000   -3.483960524800000000000000000000E+10
        3.174736022949218750000000000000   -3.504558080000000000000000000000E+10
        3.175735950469970703125000000000   -3.525285068800000000000000000000E+10
        3.176735877990722656250000000000   -3.546142310400000000000000000000E+10
        3.177735805511474609375000000000   -3.567130624000000000000000000000E+10
        3.178735733032226562500000000000   -3.588250828800000000000000000000E+10
        3.179735660552978515625000000000   -3.609503744000000000000000000000E+10
        3.180735588073730468750000000000   -3.630890188800000000000000000000E+10
        3.181735515594482421875000000000   -3.652411801600000000000000000000E+10
        3.182735443115234375000000000000   -3.674069401600000000000000000000E+10
        3.183735370635986328125000000000   -3.695863808000000000000000000000E+10
        3.184735298156738281250000000000   -3.717795840000000000000000000000E+10
        3.185735225677490234375000000000   -3.739866316800000000000000000000E+10
        3.186735153198242187500000000000   -3.762076057600000000000000000000E+10
        3.187735080718994140625000000000   -3.784425881600000000000000000000E+10
        3.188735008239746093750000000000   -3.806916608000000000000000000000E+10
        3.189734935760498046875000000000   -3.829549056000000000000000000000E+10
        3.190734863281250000000000000000   -3.852324044800000000000000000000E+10
        3.191734790802001953125000000000   -3.875243212800000000000000000000E+10
        3.192734718322753906250000000000   -3.898307379200000000000000000000E+10
        3.193734645843505859375000000000   -3.921517363200000000000000000000E+10
        3.194734573364257812500000000000   -3.944873984000000000000000000000E+10
        3.195734500885009765625000000000   -3.968378060800000000000000000000E+10
        3.196734428405761718750000000000   -3.992030412800000000000000000000E+10
        3.197734355926513671875000000000   -4.015831859200000000000000000000E+10
        3.198734283447265625000000000000   -4.039783219200000000000000000000E+10
        3.199734210968017578125000000000   -4.063886131200000000000000000000E+10
        3.200734138488769531250000000000   -4.088142233600000000000000000000E+10
        3.201734066009521484375000000000   -4.112552345600000000000000000000E+10
        3.202733993530273437500000000000   -4.137117286400000000000000000000E+10
        3.203733921051025390625000000000   -4.161837875200000000000000000000E+10
        3.204733848571777343750000000000   -4.186714931200000000000000000000E+10
        3.205733776092529296875000000000   -4.211750092800000000000000000000E+10
        3.206733703613281250000000000000   -4.236944179200000000000000000000E+10
        3.207733631134033203125000000000   -4.262298009600000000000000000000E+10
        3.208733558654785156250000000000   -4.287812403200000000000000000000E+10
        3.209733486175537109375000000000   -4.313488998400000000000000000000E+10
        3.210733413696289062500000000000   -4.339329433600000000000000000000E+10
        3.211733341217041015625000000000   -4.365334528000000000000000000000E+10
        3.212733268737792968750000000000   -4.391505100800000000000000000000E+10
        3.213733196258544921875000000000   -4.417841971200000000000000000000E+10
        3.214733123779296875000000000000   -4.444345958400000000000000000000E+10
        3.215733051300048828125000000000   -4.471018700800000000000000000000E+10
        3.216732978820800781250000000000   -4.497861017600000000000000000000E+10
        3.217732906341552734375000000000   -4.524873728000000000000000000000E+10
        3.218732833862304687500000000000   -4.552057651200000000000000000000E+10
        3.219732761383056640625000000000   -4.579415244800000000000000000000E+10
        3.220732688903808593750000000000   -4.606947328000000000000000000000E+10
        3.221732616424560546875000000000   -4.634655539200000000000000000000E+10
        3.222732543945312500000000000000   -4.662540697600000000000000000000E+10
        3.223732471466064453125000000000   -4.690603622400000000000000000000E+10
        3.224732398986816406250000000000   -4.718845132800000000000000000000E+10
        3.225732326507568359375000000000   -4.747266867200000000000000000000E+10
        3.226732254028320312500000000000   -4.775869644800000000000000000000E+10
        3.227732181549072265625000000000   -4.804654284800000000000000000000E+10
        3.228732109069824218750000000000   -4.833623244800000000000000000000E+10
        3.229732036590576171875000000000   -4.862777344000000000000000000000E+10
        3.230731964111328125000000000000   -4.892118220800000000000000000000E+10
        3.231731891632080078125000000000   -4.921646694400000000000000000000E+10
        3.232731819152832031250000000000   -4.951364403200000000000000000000E+10
        3.233731746673583984375000000000   -4.981272166400000000000000000000E+10
        3.234731674194335937500000000000   -5.011370803200000000000000000000E+10
        3.235731601715087890625000000000   -5.041661952000000000000000000000E+10
        3.236731529235839843750000000000   -5.072146432000000000000000000000E+10
        3.237731456756591796875000000000   -5.102826700800000000000000000000E+10
        3.238731384277343750000000000000   -5.133704396800000000000000000000E+10
        3.239731311798095703125000000000   -5.164780339200000000000000000000E+10
        3.240731239318847656250000000000   -5.196056166400000000000000000000E+10
        3.241731166839599609375000000000   -5.227532697600000000000000000000E+10
        3.242731094360351562500000000000   -5.259210752000000000000000000000E+10
        3.243731021881103515625000000000   -5.291091968000000000000000000000E+10
        3.244730949401855468750000000000   -5.323177164800000000000000000000E+10
        3.245730876922607421875000000000   -5.355467980800000000000000000000E+10
        3.246730804443359375000000000000   -5.387966873600000000000000000000E+10
        3.247730731964111328125000000000   -5.420675481600000000000000000000E+10
        3.248730659484863281250000000000   -5.453594624000000000000000000000E+10
        3.249730587005615234375000000000   -5.486725939200000000000000000000E+10
        3.250730514526367187500000000000   -5.520070246400000000000000000000E+10
        3.251730442047119140625000000000   -5.553629184000000000000000000000E+10
        3.252730369567871093750000000000   -5.587403571200000000000000000000E+10
        3.253730297088623046875000000000   -5.621395046400000000000000000000E+10
        3.254730224609375000000000000000   -5.655605248000000000000000000000E+10
        3.255730152130126953125000000000   -5.690036633600000000000000000000E+10
        3.256730079650878906250000000000   -5.724690841600000000000000000000E+10
        3.257730007171630859375000000000   -5.759568691200000000000000000000E+10
        3.258729934692382812500000000000   -5.794671820800000000000000000000E+10
        3.259729862213134765625000000000   -5.830001868800000000000000000000E+10
        3.260729789733886718750000000000   -5.865559654400000000000000000000E+10
        3.261729717254638671875000000000   -5.901346816000000000000000000000E+10
        3.262729644775390625000000000000   -5.937364992000000000000000000000E+10
        3.263729572296142578125000000000   -5.973615001600000000000000000000E+10
        3.264729499816894531250000000000   -6.010098483200000000000000000000E+10
        3.265729427337646484375000000000   -6.046818713600000000000000000000E+10
        3.266729354858398437500000000000   -6.083776512000000000000000000000E+10
        3.267729282379150390625000000000   -6.120973516800000000000000000000E+10
        3.268729209899902343750000000000   -6.158411366400000000000000000000E+10
        3.269729137420654296875000000000   -6.196091699200000000000000000000E+10
        3.270729064941406250000000000000   -6.234016153600000000000000000000E+10
        3.271728992462158203125000000000   -6.272185548800000000000000000000E+10
        3.272728919982910156250000000000   -6.310601523200000000000000000000E+10
        3.273728847503662109375000000000   -6.349265715200000000000000000000E+10
        3.274728775024414062500000000000   -6.388181401600000000000000000000E+10
        3.275728702545166015625000000000   -6.427350220800000000000000000000E+10
        3.276728630065917968750000000000   -6.466773811200000000000000000000E+10
        3.277728557586669921875000000000   -6.506452992000000000000000000000E+10
        3.278728485107421875000000000000   -6.546389401600000000000000000000E+10
        3.279728412628173828125000000000   -6.586584678400000000000000000000E+10
        3.280728340148925781250000000000   -6.627040460800000000000000000000E+10
        3.281728267669677734375000000000   -6.667758387200000000000000000000E+10
        3.282728195190429687500000000000   -6.708740096000000000000000000000E+10
        3.283728122711181640625000000000   -6.749988864000000000000000000000E+10
        3.284728050231933593750000000000   -6.791506329600000000000000000000E+10
        3.285727977752685546875000000000   -6.833294131200000000000000000000E+10
        3.286727905273437500000000000000   -6.875353907200000000000000000000E+10
        3.287727832794189453125000000000   -6.917686886400000000000000000000E+10
        3.288727760314941406250000000000   -6.960295116800000000000000000000E+10
        3.289727687835693359375000000000   -7.003180236800000000000000000000E+10
        3.290727615356445312500000000000   -7.046343884800000000000000000000E+10
        3.291727542877197265625000000000   -7.089787699200000000000000000000E+10
        3.292727470397949218750000000000   -7.133514956800000000000000000000E+10
        3.293727397918701171875000000000   -7.177527296000000000000000000000E+10
        3.294727325439453125000000000000   -7.221826355200000000000000000000E+10
        3.295727252960205078125000000000   -7.266415411200000000000000000000E+10
        3.296727180480957031250000000000   -7.311296102400000000000000000000E+10
        3.297727108001708984375000000000   -7.356470067200000000000000000000E+10
        3.298727035522460937500000000000   -7.401938944000000000000000000000E+10
        3.299726963043212890625000000000   -7.447704371200000000000000000000E+10
        3.300726890563964843750000000000   -7.493767987200000000000000000000E+10
        3.301726818084716796875000000000   -7.540133068800000000000000000000E+10
        3.302726745605468750000000000000   -7.586801254400000000000000000000E+10
        3.303726673126220703125000000000   -7.633775820800000000000000000000E+10
        3.304726600646972656250000000000   -7.681058406400000000000000000000E+10
        3.305726528167724609375000000000   -7.728650649600000000000000000000E+10
        3.306726455688476562500000000000   -7.776554188800000000000000000000E+10
        3.307726383209228515625000000000   -7.824770662400000000000000000000E+10
        3.308726310729980468750000000000   -7.873301708800000000000000000000E+10
        3.309726238250732421875000000000   -7.922150604800000000000000000000E+10
        3.310726165771484375000000000000   -7.971320627200000000000000000000E+10
        3.311726093292236328125000000000   -8.020813414400000000000000000000E+10
        3.312726020812988281250000000000   -8.070630604800000000000000000000E+10
        3.313725948333740234375000000000   -8.120775475200000000000000000000E+10
        3.314725875854492187500000000000   -8.171249664000000000000000000000E+10
        3.315725803375244140625000000000   -8.222054809600000000000000000000E+10
        3.316725730895996093750000000000   -8.273192550400000000000000000000E+10
        3.317725658416748046875000000000   -8.324666163200000000000000000000E+10
        3.318725585937500000000000000000   -8.376477286400000000000000000000E+10
        3.319725513458251953125000000000   -8.428629196800000000000000000000E+10
        3.320725440979003906250000000000   -8.481125171200000000000000000000E+10
        3.321725368499755859375000000000   -8.533966848000000000000000000000E+10
        3.322725296020507812500000000000   -8.587155865600000000000000000000E+10
        3.323725223541259765625000000000   -8.640695500800000000000000000000E+10
        3.324725151062011718750000000000   -8.694587392000000000000000000000E+10
        3.325725078582763671875000000000   -8.748833177600000000000000000000E+10
        3.326725006103515625000000000000   -8.803436134400000000000000000000E+10
        3.327724933624267578125000000000   -8.858397900800000000000000000000E+10
        3.328724861145019531250000000000   -8.913723392000000000000000000000E+10
        3.329724788665771484375000000000   -8.969414246400000000000000000000E+10
        3.330724716186523437500000000000   -9.025472102400000000000000000000E+10
        3.331724643707275390625000000000   -9.081900236800000000000000000000E+10
        3.332724571228027343750000000000   -9.138700288000000000000000000000E+10
        3.333724498748779296875000000000   -9.195875532800000000000000000000E+10
        3.334724426269531250000000000000   -9.253427609600000000000000000000E+10
        3.335724353790283203125000000000   -9.311359795200000000000000000000E+10
        3.336724281311035156250000000000   -9.369673728000000000000000000000E+10
        3.337724208831787109375000000000   -9.428374323200000000000000000000E+10
        3.338724136352539062500000000000   -9.487463219200000000000000000000E+10
        3.339724063873291015625000000000   -9.546943692800000000000000000000E+10
        3.340723991394042968750000000000   -9.606817382400000000000000000000E+10
        3.341723918914794921875000000000   -9.667087564800000000000000000000E+10
        3.342723846435546875000000000000   -9.727755878400000000000000000000E+10
        3.343723773956298828125000000000   -9.788825600000000000000000000000E+10
        3.344723701477050781250000000000   -9.850298368000000000000000000000E+10
        3.345723628997802734375000000000   -9.912177459200000000000000000000E+10
        3.346723556518554687500000000000   -9.974467788800000000000000000000E+10
        3.347723484039306640625000000000   -1.003717263360000000000000000000E+11
        3.348723411560058593750000000000   -1.010029363200000000000000000000E+11
        3.349723339080810546875000000000   -1.016383406080000000000000000000E+11
        3.350723266601562500000000000000   -1.022779555840000000000000000000E+11
        3.351723194122314453125000000000   -1.029218140160000000000000000000E+11
        3.352723121643066406250000000000   -1.035699486720000000000000000000E+11
        3.353723049163818359375000000000   -1.042223759360000000000000000000E+11
        3.354722976684570312500000000000   -1.048791285760000000000000000000E+11
        3.355722904205322265625000000000   -1.055402557440000000000000000000E+11
        3.356722831726074218750000000000   -1.062057902080000000000000000000E+11
        3.357722759246826171875000000000   -1.068757483520000000000000000000E+11
        3.358722686767578125000000000000   -1.075501629440000000000000000000E+11
        3.359722614288330078125000000000   -1.082290667520000000000000000000E+11
        3.360722541809082031250000000000   -1.089124925440000000000000000000E+11
        3.361722469329833984375000000000   -1.096004567040000000000000000000E+11
        3.362722396850585937500000000000   -1.102929920000000000000000000000E+11
        3.363722324371337890625000000000   -1.109901475840000000000000000000E+11
        3.364722251892089843750000000000   -1.116919562240000000000000000000E+11
        3.365722179412841796875000000000   -1.123984506880000000000000000000E+11
        3.366722106933593750000000000000   -1.131096637440000000000000000000E+11
        3.367722034454345703125000000000   -1.138256281600000000000000000000E+11
        3.368721961975097656250000000000   -1.145463767040000000000000000000E+11
        3.369721889495849609375000000000   -1.152719257600000000000000000000E+11
        3.370721817016601562500000000000   -1.160023080960000000000000000000E+11
        3.371721744537353515625000000000   -1.167375564800000000000000000000E+11
        3.372721672058105468750000000000   -1.174777364480000000000000000000E+11
        3.373721599578857421875000000000   -1.182228807680000000000000000000E+11
        3.374721527099609375000000000000   -1.189730222080000000000000000000E+11
        3.375721454620361328125000000000   -1.197281771520000000000000000000E+11
        3.376721382141113281250000000000   -1.204883783680000000000000000000E+11
        3.377721309661865234375000000000   -1.212536586240000000000000000000E+11
        3.378721237182617187500000000000   -1.220240506880000000000000000000E+11
        3.379721164703369140625000000000   -1.227995873280000000000000000000E+11
        3.380721092224121093750000000000   -1.235803013120000000000000000000E+11
        3.381721019744873046875000000000   -1.243662581760000000000000000000E+11
        3.382720947265625000000000000000   -1.251574906880000000000000000000E+11
        3.383720874786376953125000000000   -1.259540316160000000000000000000E+11
        3.384720802307128906250000000000   -1.267559137280000000000000000000E+11
        3.385720729827880859375000000000   -1.275631697920000000000000000000E+11
        3.386720657348632812500000000000   -1.283758325760000000000000000000E+11
        3.387720584869384765625000000000   -1.291939512320000000000000000000E+11
        3.388720512390136718750000000000   -1.300175585280000000000000000000E+11
        3.389720439910888671875000000000   -1.308466872320000000000000000000E+11
        3.390720367431640625000000000000   -1.316814028800000000000000000000E+11
        3.391720294952392578125000000000   -1.325217382400000000000000000000E+11
        3.392720222473144531250000000000   -1.333677260800000000000000000000E+11
        3.393720149993896484375000000000   -1.342193991680000000000000000000E+11
        3.394720077514648437500000000000   -1.350768066560000000000000000000E+11
        3.395720005035400390625000000000   -1.359399813120000000000000000000E+11
        3.396719932556152343750000000000   -1.368089559040000000000000000000E+11
        3.397719860076904296875000000000   -1.376837632000000000000000000000E+11
        3.398719787597656250000000000000   -1.385644359680000000000000000000E+11
        3.399719715118408203125000000000   -1.394510397440000000000000000000E+11
        3.400719642639160156250000000000   -1.403436400640000000000000000000E+11
        3.401719570159912109375000000000   -1.412422696960000000000000000000E+11
        3.402719497680664062500000000000   -1.421469614080000000000000000000E+11
        3.403719425201416015625000000000   -1.430577479680000000000000000000E+11
        3.404719352722167968750000000000   -1.439746621440000000000000000000E+11
        3.405719280242919921875000000000   -1.448977694720000000000000000000E+11
        3.406719207763671875000000000000   -1.458271027200000000000000000000E+11
        3.407719135284423828125000000000   -1.467626946560000000000000000000E+11
        3.408719062805175781250000000000   -1.477046108160000000000000000000E+11
        3.409718990325927734375000000000   -1.486529167360000000000000000000E+11
        3.410718917846679687500000000000   -1.496076451840000000000000000000E+11
        3.411718845367431640625000000000   -1.505688289280000000000000000000E+11
        3.412718772888183593750000000000   -1.515365007360000000000000000000E+11
        3.413718700408935546875000000000   -1.525107261440000000000000000000E+11
        3.414718627929687500000000000000   -1.534915379200000000000000000000E+11
        3.415718555450439453125000000000   -1.544789688320000000000000000000E+11
        3.416718482971191406250000000000   -1.554731171840000000000000000000E+11
        3.417718410491943359375000000000   -1.564740157440000000000000000000E+11
        3.418718338012695312500000000000   -1.574816972800000000000000000000E+11
        3.419718265533447265625000000000   -1.584962273280000000000000000000E+11
        3.420718193054199218750000000000   -1.595176386560000000000000000000E+11
        3.421718120574951171875000000000   -1.605459640320000000000000000000E+11
        3.422718048095703125000000000000   -1.615812689920000000000000000000E+11
        3.423717975616455078125000000000   -1.626235863040000000000000000000E+11
        3.424717903137207031250000000000   -1.636729487360000000000000000000E+11
        3.425717830657958984375000000000   -1.647294545920000000000000000000E+11
        3.426717758178710937500000000000   -1.657931366400000000000000000000E+11
        3.427717685699462890625000000000   -1.668640604160000000000000000000E+11
        3.428717613220214843750000000000   -1.679422586880000000000000000000E+11
        3.429717540740966796875000000000   -1.690277969920000000000000000000E+11
        3.430717468261718750000000000000   -1.701207080960000000000000000000E+11
        3.431717395782470703125000000000   -1.712210575360000000000000000000E+11
        3.432717323303222656250000000000   -1.723288780800000000000000000000E+11
        3.433717250823974609375000000000   -1.734442024960000000000000000000E+11
        3.434717178344726562500000000000   -1.745671290880000000000000000000E+11
        3.435717105865478515625000000000   -1.756977233920000000000000000000E+11
        3.436717033386230468750000000000   -1.768360181760000000000000000000E+11
        3.437716960906982421875000000000   -1.779820789760000000000000000000E+11
        3.438716888427734375000000000000   -1.791359385600000000000000000000E+11
        3.439716815948486328125000000000   -1.802976624640000000000000000000E+11
        3.440716743469238281250000000000   -1.814672834560000000000000000000E+11
        3.441716670989990234375000000000   -1.826448670720000000000000000000E+11
        3.442716598510742187500000000000   -1.838305116160000000000000000000E+11
        3.443716526031494140625000000000   -1.850242498560000000000000000000E+11
        3.444716453552246093750000000000   -1.862261473280000000000000000000E+11
        3.445716381072998046875000000000   -1.874362695680000000000000000000E+11
        3.446716308593750000000000000000   -1.886546493440000000000000000000E+11
        3.447716236114501953125000000000   -1.898813521920000000000000000000E+11
        3.448716163635253906250000000000   -1.911164436480000000000000000000E+11
        3.449716091156005859375000000000   -1.923599564800000000000000000000E+11
        3.450716018676757812500000000000   -1.936119562240000000000000000000E+11
        3.451715946197509765625000000000   -1.948725411840000000000000000000E+11
        3.452715873718261718750000000000   -1.961417768960000000000000000000E+11
        3.453715801239013671875000000000   -1.974196961280000000000000000000E+11
        3.454715728759765625000000000000   -1.987063644160000000000000000000E+11
        3.455715656280517578125000000000   -2.000018472960000000000000000000E+11
        3.456715583801269531250000000000   -2.013062103040000000000000000000E+11
        3.457715511322021484375000000000   -2.026194862080000000000000000000E+11
        3.458715438842773437500000000000   -2.039417405440000000000000000000E+11
        3.459715366363525390625000000000   -2.052730388480000000000000000000E+11
        3.460715293884277343750000000000   -2.066134794240000000000000000000E+11
        3.461715221405029296875000000000   -2.079631278080000000000000000000E+11
        3.462715148925781250000000000000   -2.093220495360000000000000000000E+11
        3.463715076446533203125000000000   -2.106903101440000000000000000000E+11
        3.464715003967285156250000000000   -2.120679751680000000000000000000E+11
        3.465714931488037109375000000000   -2.134551101440000000000000000000E+11
        3.466714859008789062500000000000   -2.148517478400000000000000000000E+11
        3.467714786529541015625000000000   -2.162579537920000000000000000000E+11
        3.468714714050292968750000000000   -2.176738590720000000000000000000E+11
        3.469714641571044921875000000000   -2.190995292160000000000000000000E+11
        3.470714569091796875000000000000   -2.205350297600000000000000000000E+11
        3.471714496612548828125000000000   -2.219804262400000000000000000000E+11
        3.472714424133300781250000000000   -2.234357841920000000000000000000E+11
        3.473714351654052734375000000000   -2.249011691520000000000000000000E+11
        3.474714279174804687500000000000   -2.263766466560000000000000000000E+11
        3.475714206695556640625000000000   -2.278622822400000000000000000000E+11
        3.476714134216308593750000000000   -2.293581414400000000000000000000E+11
        3.477714061737060546875000000000   -2.308643225600000000000000000000E+11
        3.478713989257812500000000000000   -2.323808911360000000000000000000E+11
        3.479713916778564453125000000000   -2.339079454720000000000000000000E+11
        3.480713844299316406250000000000   -2.354455511040000000000000000000E+11
        3.481713771820068359375000000000   -2.369937735680000000000000000000E+11
        3.482713699340820312500000000000   -2.385526784000000000000000000000E+11
        3.483713626861572265625000000000   -2.401223311360000000000000000000E+11
        3.484713554382324218750000000000   -2.417027973120000000000000000000E+11
        3.485713481903076171875000000000   -2.432942080000000000000000000000E+11
        3.486713409423828125000000000000   -2.448966287360000000000000000000E+11
        3.487713336944580078125000000000   -2.465101578240000000000000000000E+11
        3.488713264465332031250000000000   -2.481348608000000000000000000000E+11
        3.489713191986083984375000000000   -2.497708032000000000000000000000E+11
        3.490713119506835937500000000000   -2.514180505600000000000000000000E+11
        3.491713047027587890625000000000   -2.530767011840000000000000000000E+11
        3.492712974548339843750000000000   -2.547468206080000000000000000000E+11
        3.493712902069091796875000000000   -2.564284743680000000000000000000E+11
        3.494712829589843750000000000000   -2.581217935360000000000000000000E+11
        3.495712757110595703125000000000   -2.598268764160000000000000000000E+11
        3.496712684631347656250000000000   -2.615437885440000000000000000000E+11
        3.497712612152099609375000000000   -2.632725954560000000000000000000E+11
        3.498712539672851562500000000000   -2.650133954560000000000000000000E+11
        3.499712467193603515625000000000   -2.667662540800000000000000000000E+11
        3.500712394714355468750000000000   -2.685312696320000000000000000000E+11
        3.501712322235107421875000000000   -2.703085076480000000000000000000E+11
        3.502712249755859375000000000000   -2.720981319680000000000000000000E+11
        3.503712177276611328125000000000   -2.739002081280000000000000000000E+11
        3.504712104797363281250000000000   -2.757148344320000000000000000000E+11
        3.505712032318115234375000000000   -2.775421091840000000000000000000E+11
        3.506711959838867187500000000000   -2.793820979200000000000000000000E+11
        3.507711887359619140625000000000   -2.812348661760000000000000000000E+11
        3.508711814880371093750000000000   -2.831004794880000000000000000000E+11
        3.509711742401123046875000000000   -2.849790689280000000000000000000E+11
        3.510711669921875000000000000000   -2.868707000320000000000000000000E+11
        3.511711597442626953125000000000   -2.887755038720000000000000000000E+11
        3.512711524963378906250000000000   -2.906936115200000000000000000000E+11
        3.513711452484130859375000000000   -2.926250885120000000000000000000E+11
        3.514711380004882812500000000000   -2.945700003840000000000000000000E+11
        3.515711307525634765625000000000   -2.965284782080000000000000000000E+11
        3.516711235046386718750000000000   -2.985005875200000000000000000000E+11
        3.517711162567138671875000000000   -3.004864593920000000000000000000E+11
        3.518711090087890625000000000000   -3.024861593600000000000000000000E+11
        3.519711017608642578125000000000   -3.044998184960000000000000000000E+11
        3.520710945129394531250000000000   -3.065275678720000000000000000000E+11
        3.521710872650146484375000000000   -3.085694730240000000000000000000E+11
        3.522710800170898437500000000000   -3.106256650240000000000000000000E+11
        3.523710727691650390625000000000   -3.126962094080000000000000000000E+11
        3.524710655212402343750000000000   -3.147812372480000000000000000000E+11
        3.525710582733154296875000000000   -3.168808140800000000000000000000E+11
        3.526710510253906250000000000000   -3.189950709760000000000000000000E+11
        3.527710437774658203125000000000   -3.211240734720000000000000000000E+11
        3.528710365295410156250000000000   -3.232680181760000000000000000000E+11
        3.529710292816162109375000000000   -3.254269706240000000000000000000E+11
        3.530710220336914062500000000000   -3.276010618880000000000000000000E+11
        3.531710147857666015625000000000   -3.297903575040000000000000000000E+11
        3.532710075378417968750000000000   -3.319949885440000000000000000000E+11
        3.533710002899169921875000000000   -3.342150860800000000000000000000E+11
        3.534709930419921875000000000000   -3.364507156480000000000000000000E+11
        3.535709857940673828125000000000   -3.387020083200000000000000000000E+11
        3.536709785461425781250000000000   -3.409691607040000000000000000000E+11
        3.537709712982177734375000000000   -3.432522383360000000000000000000E+11
        3.538709640502929687500000000000   -3.455513722880000000000000000000E+11
        3.539709568023681640625000000000   -3.478666280960000000000000000000E+11
        3.540709495544433593750000000000   -3.501981368320000000000000000000E+11
        3.541709423065185546875000000000   -3.525460295680000000000000000000E+11
        3.542709350585937500000000000000   -3.549103718400000000000000000000E+11
        3.543709278106689453125000000000   -3.572912947200000000000000000000E+11
        3.544709205627441406250000000000   -3.596889292800000000000000000000E+11
        3.545709133148193359375000000000   -3.621034721280000000000000000000E+11
        3.546709060668945312500000000000   -3.645350543360000000000000000000E+11
        3.547708988189697265625000000000   -3.669837414400000000000000000000E+11
        3.548708915710449218750000000000   -3.694496645120000000000000000000E+11
        3.549708843231201171875000000000   -3.719329546240000000000000000000E+11
        3.550708770751953125000000000000   -3.744337428480000000000000000000E+11
        3.551708698272705078125000000000   -3.769520947200000000000000000000E+11
        3.552708625793457031250000000000   -3.794881413120000000000000000000E+11
        3.553708553314208984375000000000   -3.820420792320000000000000000000E+11
        3.554708480834960937500000000000   -3.846140395520000000000000000000E+11
        3.555708408355712890625000000000   -3.872041533440000000000000000000E+11
        3.556708335876464843750000000000   -3.898125516800000000000000000000E+11
        3.557708263397216796875000000000   -3.924393656320000000000000000000E+11
        3.558708190917968750000000000000   -3.950847262720000000000000000000E+11
        3.559708118438720703125000000000   -3.977487646720000000000000000000E+11
        3.560708045959472656250000000000   -4.004316119040000000000000000000E+11
        3.561707973480224609375000000000   -4.031334645760000000000000000000E+11
        3.562707901000976562500000000000   -4.058544537600000000000000000000E+11
        3.563707828521728515625000000000   -4.085947105280000000000000000000E+11
        3.564707756042480468750000000000   -4.113543659520000000000000000000E+11
        3.565707683563232421875000000000   -4.141335511040000000000000000000E+11
        3.566707611083984375000000000000   -4.169323970560000000000000000000E+11
        3.567707538604736328125000000000   -4.197510348800000000000000000000E+11
        3.568707466125488281250000000000   -4.225895956480000000000000000000E+11
        3.569707393646240234375000000000   -4.254482104320000000000000000000E+11
        3.570707321166992187500000000000   -4.283271413760000000000000000000E+11
        3.571707248687744140625000000000   -4.312265195520000000000000000000E+11
        3.572707176208496093750000000000   -4.341464760320000000000000000000E+11
        3.573707103729248046875000000000   -4.370871418880000000000000000000E+11
        3.574707031250000000000000000000   -4.400486481920000000000000000000E+11
        3.575706958770751953125000000000   -4.430311260160000000000000000000E+11
        3.576706886291503906250000000000   -4.460347064320000000000000000000E+11
        3.577706813812255859375000000000   -4.490595860480000000000000000000E+11
        3.578706741333007812500000000000   -4.521059614720000000000000000000E+11
        3.579706668853759765625000000000   -4.551740293120000000000000000000E+11
        3.580706596374511718750000000000   -4.582639206400000000000000000000E+11
        3.581706523895263671875000000000   -4.613757665280000000000000000000E+11
        3.582706451416015625000000000000   -4.645096980480000000000000000000E+11
        3.583706378936767578125000000000   -4.676659118080000000000000000000E+11
        3.584706306457519531250000000000   -4.708445388800000000000000000000E+11
        3.585706233978271484375000000000   -4.740457103360000000000000000000E+11
        3.586706161499023437500000000000   -4.772696883200000000000000000000E+11
        3.587706089019775390625000000000   -4.805166694400000000000000000000E+11
        3.588706016540527343750000000000   -4.837867847680000000000000000000E+11
        3.589705944061279296875000000000   -4.870802309120000000000000000000E+11
        3.590705871582031250000000000000   -4.903971389440000000000000000000E+11
        3.591705799102783203125000000000   -4.937376399360000000000000000000E+11
        3.592705726623535156250000000000   -4.971019304960000000000000000000E+11
        3.593705654144287109375000000000   -5.004901416960000000000000000000E+11
        3.594705581665039062500000000000   -5.039024701440000000000000000000E+11
        3.595705509185791015625000000000   -5.073391779840000000000000000000E+11
        3.596705436706542968750000000000   -5.108004618240000000000000000000E+11
        3.597705364227294921875000000000   -5.142864527360000000000000000000E+11
        3.598705291748046875000000000000   -5.177973473280000000000000000000E+11
        3.599705219268798828125000000000   -5.213332766720000000000000000000E+11
        3.600705146789550781250000000000   -5.248944373760000000000000000000E+11
        3.601705074310302734375000000000   -5.284810260480000000000000000000E+11
        3.602705001831054687500000000000   -5.320931737600000000000000000000E+11
        3.603704929351806640625000000000   -5.357312081920000000000000000000E+11
        3.604704856872558593750000000000   -5.393953259520000000000000000000E+11
        3.605704784393310546875000000000   -5.430856581120000000000000000000E+11
        3.606704711914062500000000000000   -5.468024012800000000000000000000E+11
        3.607704639434814453125000000000   -5.505457848320000000000000000000E+11
        3.608704566955566406250000000000   -5.543159398400000000000000000000E+11
        3.609704494476318359375000000000   -5.581130956800000000000000000000E+11
        3.610704421997070312500000000000   -5.619373834240000000000000000000E+11
        3.611704349517822265625000000000   -5.657891962880000000000000000000E+11
        3.612704277038574218750000000000   -5.696686653440000000000000000000E+11
        3.613704204559326171875000000000   -5.735759216640000000000000000000E+11
        3.614704132080078125000000000000   -5.775112273920000000000000000000E+11
        3.615704059600830078125000000000   -5.814747136000000000000000000000E+11
        3.616703987121582031250000000000   -5.854666424320000000000000000000E+11
        3.617703914642333984375000000000   -5.894871449600000000000000000000E+11
        3.618703842163085937500000000000   -5.935364833280000000000000000000E+11
        3.619703769683837890625000000000   -5.976147886080000000000000000000E+11
        3.620703697204589843750000000000   -6.017224540160000000000000000000E+11
        3.621703624725341796875000000000   -6.058596106240000000000000000000E+11
        3.622703552246093750000000000000   -6.100265205760000000000000000000E+11
        3.623703479766845703125000000000   -6.142234460160000000000000000000E+11
        3.624703407287597656250000000000   -6.184505180160000000000000000000E+11
        3.625703334808349609375000000000   -6.227079987200000000000000000000E+11
        3.626703262329101562500000000000   -6.269960192000000000000000000000E+11
        3.627703189849853515625000000000   -6.313148416000000000000000000000E+11
        3.628703117370605468750000000000   -6.356648591360000000000000000000E+11
        3.629703044891357421875000000000   -6.400462028800000000000000000000E+11
        3.630702972412109375000000000000   -6.444591349760000000000000000000E+11
        3.631702899932861328125000000000   -6.489039175680000000000000000000E+11
        3.632702827453613281250000000000   -6.533806817280000000000000000000E+11
        3.633702754974365234375000000000   -6.578896896000000000000000000000E+11
        3.634702682495117187500000000000   -6.624312033280000000000000000000E+11
        3.635702610015869140625000000000   -6.670053539840000000000000000000E+11
        3.636702537536621093750000000000   -6.716125347840000000000000000000E+11
        3.637702465057373046875000000000   -6.762530078720000000000000000000E+11
        3.638702392578125000000000000000   -6.809270353920000000000000000000E+11
        3.639702320098876953125000000000   -6.856348794880000000000000000000E+11
        3.640702247619628906250000000000   -6.903766712320000000000000000000E+11
        3.641702175140380859375000000000   -6.951526727680000000000000000000E+11
        3.642702102661132812500000000000   -6.999631462400000000000000000000E+11
        3.643702030181884765625000000000   -7.048083537920000000000000000000E+11
        3.644701957702636718750000000000   -7.096886886400000000000000000000E+11
        3.645701885223388671875000000000   -7.146044129280000000000000000000E+11
        3.646701812744140625000000000000   -7.195557888000000000000000000000E+11
        3.647701740264892578125000000000   -7.245430784000000000000000000000E+11
        3.648701667785644531250000000000   -7.295664128000000000000000000000E+11
        3.649701595306396484375000000000   -7.346260541440000000000000000000E+11
        3.650701522827148437500000000000   -7.397222645760000000000000000000E+11
        3.651701450347900390625000000000   -7.448553062400000000000000000000E+11
        3.652701377868652343750000000000   -7.500257034240000000000000000000E+11
        3.653701305389404296875000000000   -7.552337182720000000000000000000E+11
        3.654701232910156250000000000000   -7.604794818560000000000000000000E+11
        3.655701160430908203125000000000   -7.657632563200000000000000000000E+11
        3.656701087951660156250000000000   -7.710854348800000000000000000000E+11
        3.657701015472412109375000000000   -7.764462796800000000000000000000E+11
        3.658700942993164062500000000000   -7.818460528640000000000000000000E+11
        3.659700870513916015625000000000   -7.872850165760000000000000000000E+11
        3.660700798034667968750000000000   -7.927634329600000000000000000000E+11
        3.661700725555419921875000000000   -7.982816952320000000000000000000E+11
        3.662700653076171875000000000000   -8.038400655360000000000000000000E+11
        3.663700580596923828125000000000   -8.094389370880000000000000000000E+11
        3.664700508117675781250000000000   -8.150785720320000000000000000000E+11
        3.665700435638427734375000000000   -8.207592325120000000000000000000E+11
        3.666700363159179687500000000000   -8.264811806720000000000000000000E+11
        3.667700290679931640625000000000   -8.322446786560000000000000000000E+11
        3.668700218200683593750000000000   -8.380499886080000000000000000000E+11
        3.669700145721435546875000000000   -8.438976348160000000000000000000E+11
        3.670700073242187500000000000000   -8.497878794240000000000000000000E+11
        3.671700000762939453125000000000   -8.557211156480000000000000000000E+11
        3.672699928283691406250000000000   -8.616976056320000000000000000000E+11
        3.673699855804443359375000000000   -8.677176115200000000000000000000E+11
        3.674699783325195312500000000000   -8.737815265280000000000000000000E+11
        3.675699710845947265625000000000   -8.798896128000000000000000000000E+11
        3.676699638366699218750000000000   -8.860421324800000000000000000000E+11
        3.677699565887451171875000000000   -8.922396098560000000000000000000E+11
        3.678699493408203125000000000000   -8.984824381440000000000000000000E+11
        3.679699420928955078125000000000   -9.047708794880000000000000000000E+11
        3.680699348449707031250000000000   -9.111053271040000000000000000000E+11
        3.681699275970458984375000000000   -9.174860431360000000000000000000E+11
        3.682699203491210937500000000000   -9.239132897280000000000000000000E+11
        3.683699131011962890625000000000   -9.303874600960000000000000000000E+11
        3.684699058532714843750000000000   -9.369088163840000000000000000000E+11
        3.685698986053466796875000000000   -9.434780139520000000000000000000E+11
        3.686698913574218750000000000000   -9.500953149440000000000000000000E+11
        3.687698841094970703125000000000   -9.567611125760000000000000000000E+11
        3.688698768615722656250000000000   -9.634756689920000000000000000000E+11
        3.689698696136474609375000000000   -9.702393774080000000000000000000E+11
        3.690698623657226562500000000000   -9.770526310400000000000000000000E+11
        3.691698551177978515625000000000   -9.839156920320000000000000000000E+11
        3.692698478698730468750000000000   -9.908289536000000000000000000000E+11
        3.693698406219482421875000000000   -9.977929400320000000000000000000E+11
        3.694698333740234375000000000000   -1.004808044544000000000000000000E+12
        3.695698261260986328125000000000   -1.011874660352000000000000000000E+12
        3.696698188781738281250000000000   -1.018993180672000000000000000000E+12
        3.697698116302490234375000000000   -1.026163998720000000000000000000E+12
        3.698698043823242187500000000000   -1.033387376640000000000000000000E+12
        3.699697971343994140625000000000   -1.040663707648000000000000000000E+12
        3.700697898864746093750000000000   -1.047993384960000000000000000000E+12
        3.701697826385498046875000000000   -1.055377063936000000000000000000E+12
        3.702697753906250000000000000000   -1.062815137792000000000000000000E+12
        3.703697681427001953125000000000   -1.070307999744000000000000000000E+12
        3.704697608947753906250000000000   -1.077856043008000000000000000000E+12
        3.705697536468505859375000000000   -1.085459529728000000000000000000E+12
        3.706697463989257812500000000000   -1.093118853120000000000000000000E+12
        3.707697391510009765625000000000   -1.100834406400000000000000000000E+12
        3.708697319030761718750000000000   -1.108606582784000000000000000000E+12
        3.709697246551513671875000000000   -1.116436168704000000000000000000E+12
        3.710697174072265625000000000000   -1.124323426304000000000000000000E+12
        3.711697101593017578125000000000   -1.132268879872000000000000000000E+12
        3.712697029113769531250000000000   -1.140272791552000000000000000000E+12
        3.713696956634521484375000000000   -1.148335685632000000000000000000E+12
        3.714696884155273437500000000000   -1.156458086400000000000000000000E+12
        3.715696811676025390625000000000   -1.164640256000000000000000000000E+12
        3.716696739196777343750000000000   -1.172882718720000000000000000000E+12
        3.717696666717529296875000000000   -1.181186260992000000000000000000E+12
        3.718696594238281250000000000000   -1.189551144960000000000000000000E+12
        3.719696521759033203125000000000   -1.197977894912000000000000000000E+12
        3.720696449279785156250000000000   -1.206467035136000000000000000000E+12
        3.721696376800537109375000000000   -1.215018827776000000000000000000E+12
        3.722696304321289062500000000000   -1.223633797120000000000000000000E+12
        3.723696231842041015625000000000   -1.232312467456000000000000000000E+12
        3.724696159362792968750000000000   -1.241055100928000000000000000000E+12
        3.725696086883544921875000000000   -1.249862483968000000000000000000E+12
        3.726696014404296875000000000000   -1.258735140864000000000000000000E+12
        3.727695941925048828125000000000   -1.267673595904000000000000000000E+12
        3.728695869445800781250000000000   -1.276678111232000000000000000000E+12
        3.729695796966552734375000000000   -1.285749211136000000000000000000E+12
        3.730695724487304687500000000000   -1.294887419904000000000000000000E+12
        3.731695652008056640625000000000   -1.304093261824000000000000000000E+12
        3.732695579528808593750000000000   -1.313367261184000000000000000000E+12
        3.733695507049560546875000000000   -1.322710204416000000000000000000E+12
        3.734695434570312500000000000000   -1.332122615808000000000000000000E+12
        3.735695362091064453125000000000   -1.341605019648000000000000000000E+12
        3.736695289611816406250000000000   -1.351157678080000000000000000000E+12
        3.737695217132568359375000000000   -1.360781115392000000000000000000E+12
        3.738695144653320312500000000000   -1.370475855872000000000000000000E+12
        3.739695072174072265625000000000   -1.380242423808000000000000000000E+12
        3.740694999694824218750000000000   -1.390081343488000000000000000000E+12
        3.741694927215576171875000000000   -1.399993401344000000000000000000E+12
        3.742694854736328125000000000000   -1.409979121664000000000000000000E+12
        3.743694782257080078125000000000   -1.420039028736000000000000000000E+12
        3.744694709777832031250000000000   -1.430173646848000000000000000000E+12
        3.745694637298583984375000000000   -1.440383500288000000000000000000E+12
        3.746694564819335937500000000000   -1.450669375488000000000000000000E+12
        3.747694492340087890625000000000   -1.461031796736000000000000000000E+12
        3.748694419860839843750000000000   -1.471471288320000000000000000000E+12
        3.749694347381591796875000000000   -1.481988636672000000000000000000E+12
        3.750694274902343750000000000000   -1.492584366080000000000000000000E+12
        3.751694202423095703125000000000   -1.503259000832000000000000000000E+12
        3.752694129943847656250000000000   -1.514013327360000000000000000000E+12
        3.753694057464599609375000000000   -1.524847869952000000000000000000E+12
        3.754693984985351562500000000000   -1.535763152896000000000000000000E+12
        3.755693912506103515625000000000   -1.546759700480000000000000000000E+12
        3.756693840026855468750000000000   -1.557838036992000000000000000000E+12
        3.757693767547607421875000000000   -1.568999211008000000000000000000E+12
        3.758693695068359375000000000000   -1.580243746816000000000000000000E+12
        3.759693622589111328125000000000   -1.591572430848000000000000000000E+12
        3.760693550109863281250000000000   -1.602985787392000000000000000000E+12
        3.761693477630615234375000000000   -1.614484340736000000000000000000E+12
        3.762693405151367187500000000000   -1.626068615168000000000000000000E+12
        3.763693332672119140625000000000   -1.637739397120000000000000000000E+12
        3.764693260192871093750000000000   -1.649497210880000000000000000000E+12
        3.765693187713623046875000000000   -1.661343105024000000000000000000E+12
        3.766693115234375000000000000000   -1.673277603840000000000000000000E+12
        3.767693042755126953125000000000   -1.685301493760000000000000000000E+12
        3.768692970275878906250000000000   -1.697415299072000000000000000000E+12
        3.769692897796630859375000000000   -1.709619806208000000000000000000E+12
        3.770692825317382812500000000000   -1.721915539456000000000000000000E+12
        3.771692752838134765625000000000   -1.734303285248000000000000000000E+12
        3.772692680358886718750000000000   -1.746783567872000000000000000000E+12
        3.773692607879638671875000000000   -1.759357435904000000000000000000E+12
        3.774692535400390625000000000000   -1.772025675776000000000000000000E+12
        3.775692462921142578125000000000   -1.784789073920000000000000000000E+12
        3.776692390441894531250000000000   -1.797648154624000000000000000000E+12
        3.777692317962646484375000000000   -1.810603704320000000000000000000E+12
        3.778692245483398437500000000000   -1.823656509440000000000000000000E+12
        3.779692173004150390625000000000   -1.836807094272000000000000000000E+12
        3.780692100524902343750000000000   -1.850056245248000000000000000000E+12
        3.781692028045654296875000000000   -1.863405010944000000000000000000E+12
        3.782691955566406250000000000000   -1.876854177792000000000000000000E+12
        3.783691883087158203125000000000   -1.890404532224000000000000000000E+12
        3.784691810607910156250000000000   -1.904056860672000000000000000000E+12
        3.785691738128662109375000000000   -1.917811687424000000000000000000E+12
        3.786691665649414062500000000000   -1.931669798912000000000000000000E+12
        3.787691593170166015625000000000   -1.945631981568000000000000000000E+12
        3.788691520690917968750000000000   -1.959699021824000000000000000000E+12
        3.789691448211669921875000000000   -1.973872230400000000000000000000E+12
        3.790691375732421875000000000000   -1.988152393728000000000000000000E+12
        3.791691303253173828125000000000   -2.002540036096000000000000000000E+12
        3.792691230773925781250000000000   -2.017035943936000000000000000000E+12
        3.793691158294677734375000000000   -2.031640903680000000000000000000E+12
        3.794691085815429687500000000000   -2.046355701760000000000000000000E+12
        3.795691013336181640625000000000   -2.061181124608000000000000000000E+12
        3.796690940856933593750000000000   -2.076118482944000000000000000000E+12
        3.797690868377685546875000000000   -2.091168825344000000000000000000E+12
        3.798690795898437500000000000000   -2.106332938240000000000000000000E+12
        3.799690723419189453125000000000   -2.121611608064000000000000000000E+12
        3.800690650939941406250000000000   -2.137005621248000000000000000000E+12
        3.801690578460693359375000000000   -2.152515764224000000000000000000E+12
        3.802690505981445312500000000000   -2.168142823424000000000000000000E+12
        3.803690433502197265625000000000   -2.183887847424000000000000000000E+12
        3.804690361022949218750000000000   -2.199752015872000000000000000000E+12
        3.805690288543701171875000000000   -2.215736246272000000000000000000E+12
        3.806690216064453125000000000000   -2.231841587200000000000000000000E+12
        3.807690143585205078125000000000   -2.248068562944000000000000000000E+12
        3.808690071105957031250000000000   -2.264418222080000000000000000000E+12
        3.809689998626708984375000000000   -2.280891613184000000000000000000E+12
        3.810689926147460937500000000000   -2.297489784832000000000000000000E+12
        3.811689853668212890625000000000   -2.314213261312000000000000000000E+12
        3.812689781188964843750000000000   -2.331063615488000000000000000000E+12
        3.813689708709716796875000000000   -2.348041895936000000000000000000E+12
        3.814689636230468750000000000000   -2.365149151232000000000000000000E+12
        3.815689563751220703125000000000   -2.382385905664000000000000000000E+12
        3.816689491271972656250000000000   -2.399753207808000000000000000000E+12
        3.817689418792724609375000000000   -2.417252106240000000000000000000E+12
        3.818689346313476562500000000000   -2.434883649536000000000000000000E+12
        3.819689273834228515625000000000   -2.452648886272000000000000000000E+12
        3.820689201354980468750000000000   -2.470549389312000000000000000000E+12
        3.821689128875732421875000000000   -2.488586207232000000000000000000E+12
        3.822689056396484375000000000000   -2.506759864320000000000000000000E+12
        3.823688983917236328125000000000   -2.525071409152000000000000000000E+12
        3.824688911437988281250000000000   -2.543521890304000000000000000000E+12
        3.825688838958740234375000000000   -2.562112356352000000000000000000E+12
        3.826688766479492187500000000000   -2.580843855872000000000000000000E+12
        3.827688694000244140625000000000   -2.599717437440000000000000000000E+12
        3.828688621520996093750000000000   -2.618734673920000000000000000000E+12
        3.829688549041748046875000000000   -2.637896613888000000000000000000E+12
        3.830688476562500000000000000000   -2.657204305920000000000000000000E+12
        3.831688404083251953125000000000   -2.676658798592000000000000000000E+12
        3.832688331604003906250000000000   -2.696261140480000000000000000000E+12
        3.833688259124755859375000000000   -2.716012380160000000000000000000E+12
        3.834688186645507812500000000000   -2.735914090496000000000000000000E+12
        3.835688114166259765625000000000   -2.755967844352000000000000000000E+12
        3.836688041687011718750000000000   -2.776174690304000000000000000000E+12
        3.837687969207763671875000000000   -2.796535676928000000000000000000E+12
        3.838687896728515625000000000000   -2.817051852800000000000000000000E+12
        3.839687824249267578125000000000   -2.837724266496000000000000000000E+12
        3.840687751770019531250000000000   -2.858554490880000000000000000000E+12
        3.841687679290771484375000000000   -2.879543574528000000000000000000E+12
        3.842687606811523437500000000000   -2.900692566016000000000000000000E+12
        3.843687534332275390625000000000   -2.922003562496000000000000000000E+12
        3.844687461853027343750000000000   -2.943477612544000000000000000000E+12
        3.845687389373779296875000000000   -2.965115764736000000000000000000E+12
        3.846687316894531250000000000000   -2.986919591936000000000000000000E+12
        3.847687244415283203125000000000   -3.008890142720000000000000000000E+12
        3.848687171936035156250000000000   -3.031028465664000000000000000000E+12
        3.849687099456787109375000000000   -3.053336133632000000000000000000E+12
        3.850687026977539062500000000000   -3.075814195200000000000000000000E+12
        3.851686954498291015625000000000   -3.098464747520000000000000000000E+12
        3.852686882019042968750000000000   -3.121288839168000000000000000000E+12
        3.853686809539794921875000000000   -3.144288043008000000000000000000E+12
        3.854686737060546875000000000000   -3.167463407616000000000000000000E+12
        3.855686664581298828125000000000   -3.190815981568000000000000000000E+12
        3.856686592102050781250000000000   -3.214347337728000000000000000000E+12
        3.857686519622802734375000000000   -3.238059048960000000000000000000E+12
        3.858686447143554687500000000000   -3.261952163840000000000000000000E+12
        3.859686374664306640625000000000   -3.286028779520000000000000000000E+12
        3.860686302185058593750000000000   -3.310290468864000000000000000000E+12
        3.861686229705810546875000000000   -3.334738280448000000000000000000E+12
        3.862686157226562500000000000000   -3.359373787136000000000000000000E+12
        3.863686084747314453125000000000   -3.384198561792000000000000000000E+12
        3.864686012268066406250000000000   -3.409213652992000000000000000000E+12
        3.865685939788818359375000000000   -3.434420633600000000000000000000E+12
        3.866685867309570312500000000000   -3.459821600768000000000000000000E+12
        3.867685794830322265625000000000   -3.485418127360000000000000000000E+12
        3.868685722351074218750000000000   -3.511211786240000000000000000000E+12
        3.869685649871826171875000000000   -3.537203625984000000000000000000E+12
        3.870685577392578125000000000000   -3.563395219456000000000000000000E+12
        3.871685504913330078125000000000   -3.589788139520000000000000000000E+12
        3.872685432434082031250000000000   -3.616383959040000000000000000000E+12
        3.873685359954833984375000000000   -3.643184250880000000000000000000E+12
        3.874685287475585937500000000000   -3.670191112192000000000000000000E+12
        3.875685214996337890625000000000   -3.697406115840000000000000000000E+12
        3.876685142517089843750000000000   -3.724830834688000000000000000000E+12
        3.877685070037841796875000000000   -3.752466841600000000000000000000E+12
        3.878684997558593750000000000000   -3.780315709440000000000000000000E+12
        3.879684925079345703125000000000   -3.808379011072000000000000000000E+12
        3.880684852600097656250000000000   -3.836658319360000000000000000000E+12
        3.881684780120849609375000000000   -3.865155207168000000000000000000E+12
        3.882684707641601562500000000000   -3.893872295936000000000000000000E+12
        3.883684635162353515625000000000   -3.922811158528000000000000000000E+12
        3.884684562683105468750000000000   -3.951973367808000000000000000000E+12
        3.885684490203857421875000000000   -3.981361020928000000000000000000E+12
        3.886684417724609375000000000000   -4.010975690752000000000000000000E+12
        3.887684345245361328125000000000   -4.040818950144000000000000000000E+12
        3.888684272766113281250000000000   -4.070892371968000000000000000000E+12
        3.889684200286865234375000000000   -4.101198577664000000000000000000E+12
        3.890684127807617187500000000000   -4.131739664384000000000000000000E+12
        3.891684055328369140625000000000   -4.162517204992000000000000000000E+12
        3.892683982849121093750000000000   -4.193532772352000000000000000000E+12
        3.893683910369873046875000000000   -4.224788463616000000000000000000E+12
        3.894683837890625000000000000000   -4.256285851648000000000000000000E+12
        3.895683765411376953125000000000   -4.288027033600000000000000000000E+12
        3.896683692932128906250000000000   -4.320013582336000000000000000000E+12
        3.897683620452880859375000000000   -4.352248119296000000000000000000E+12
        3.898683547973632812500000000000   -4.384732741632000000000000000000E+12
        3.899683475494384765625000000000   -4.417469284352000000000000000000E+12
        3.900683403015136718750000000000   -4.450459582464000000000000000000E+12
        3.901683330535888671875000000000   -4.483705733120000000000000000000E+12
        3.902683258056640625000000000000   -4.517209833472000000000000000000E+12
        3.903683185577392578125000000000   -4.550973980672000000000000000000E+12
        3.904683113098144531250000000000   -4.584999223296000000000000000000E+12
        3.905683040618896484375000000000   -4.619288707072000000000000000000E+12
        3.906682968139648437500000000000   -4.653844529152000000000000000000E+12
        3.907682895660400390625000000000   -4.688668786688000000000000000000E+12
        3.908682823181152343750000000000   -4.723763576832000000000000000000E+12
        3.909682750701904296875000000000   -4.759130996736000000000000000000E+12
        3.910682678222656250000000000000   -4.794773143552000000000000000000E+12
        3.911682605743408203125000000000   -4.830692114432000000000000000000E+12
        3.912682533264160156250000000000   -4.866891055104000000000000000000E+12
        3.913682460784912109375000000000   -4.903372062720000000000000000000E+12
        3.914682388305664062500000000000   -4.940137234432000000000000000000E+12
        3.915682315826416015625000000000   -4.977188667392000000000000000000E+12
        3.916682243347167968750000000000   -5.014528458752000000000000000000E+12
        3.917682170867919921875000000000   -5.052158705664000000000000000000E+12
        3.918682098388671875000000000000   -5.090081505280000000000000000000E+12
        3.919682025909423828125000000000   -5.128298954752000000000000000000E+12
        3.920681953430175781250000000000   -5.166815248384000000000000000000E+12
        3.921681880950927734375000000000   -5.205632483328000000000000000000E+12
        3.922681808471679687500000000000   -5.244752756736000000000000000000E+12
        3.923681735992431640625000000000   -5.284178165760000000000000000000E+12
        3.924681663513183593750000000000   -5.323910807552000000000000000000E+12
        3.925681591033935546875000000000   -5.363952779264000000000000000000E+12
        3.926681518554687500000000000000   -5.404307226624000000000000000000E+12
        3.927681446075439453125000000000   -5.444976246784000000000000000000E+12
        3.928681373596191406250000000000   -5.485962985472000000000000000000E+12
        3.929681301116943359375000000000   -5.527270588416000000000000000000E+12
        3.930681228637695312500000000000   -5.568901152768000000000000000000E+12
        3.931681156158447265625000000000   -5.610856775680000000000000000000E+12
        3.932681083679199218750000000000   -5.653140602880000000000000000000E+12
        3.933681011199951171875000000000   -5.695754731520000000000000000000E+12
        3.934680938720703125000000000000   -5.738701258752000000000000000000E+12
        3.935680866241455078125000000000   -5.781984378880000000000000000000E+12
        3.936680793762207031250000000000   -5.825606189056000000000000000000E+12
        3.937680721282958984375000000000   -5.869569835008000000000000000000E+12
        3.938680648803710937500000000000   -5.913877413888000000000000000000E+12
        3.939680576324462890625000000000   -5.958532071424000000000000000000E+12
        3.940680503845214843750000000000   -6.003535904768000000000000000000E+12
        3.941680431365966796875000000000   -6.048892059648000000000000000000E+12
        3.942680358886718750000000000000   -6.094602633216000000000000000000E+12
        3.943680286407470703125000000000   -6.140671819776000000000000000000E+12
        3.944680213928222656250000000000   -6.187102765056000000000000000000E+12
        3.945680141448974609375000000000   -6.233897566208000000000000000000E+12
        3.946680068969726562500000000000   -6.281059368960000000000000000000E+12
        3.947679996490478515625000000000   -6.328591319040000000000000000000E+12
        3.948679924011230468750000000000   -6.376495513600000000000000000000E+12
        3.949679851531982421875000000000   -6.424775098368000000000000000000E+12
        3.950679779052734375000000000000   -6.473434267648000000000000000000E+12
        3.951679706573486328125000000000   -6.522476167168000000000000000000E+12
        3.952679634094238281250000000000   -6.571903942656000000000000000000E+12
        3.953679561614990234375000000000   -6.621720739840000000000000000000E+12
        3.954679489135742187500000000000   -6.671928655872000000000000000000E+12
        3.955679416656494140625000000000   -6.722530836480000000000000000000E+12
        3.956679344177246093750000000000   -6.773530427392000000000000000000E+12
        3.957679271697998046875000000000   -6.824930574336000000000000000000E+12
        3.958679199218750000000000000000   -6.876735471616000000000000000000E+12
        3.959679126739501953125000000000   -6.928948264960000000000000000000E+12
        3.960679054260253906250000000000   -6.981572100096000000000000000000E+12
        3.961678981781005859375000000000   -7.034610122752000000000000000000E+12
        3.962678909301757812500000000000   -7.088065478656000000000000000000E+12
        3.963678836822509765625000000000   -7.141941313536000000000000000000E+12
        3.964678764343261718750000000000   -7.196240773120000000000000000000E+12
        3.965678691864013671875000000000   -7.250969100288000000000000000000E+12
        3.966678619384765625000000000000   -7.306129440768000000000000000000E+12
        3.967678546905517578125000000000   -7.361724940288000000000000000000E+12
        3.968678474426269531250000000000   -7.417758744576000000000000000000E+12
        3.969678401947021484375000000000   -7.474235047936000000000000000000E+12
        3.970678329467773437500000000000   -7.531156996096000000000000000000E+12
        3.971678256988525390625000000000   -7.588527734784000000000000000000E+12
        3.972678184509277343750000000000   -7.646350409728000000000000000000E+12
        3.973678112030029296875000000000   -7.704630263808000000000000000000E+12
        3.974678039550781250000000000000   -7.763371491328000000000000000000E+12
        3.975677967071533203125000000000   -7.822577238016000000000000000000E+12
        3.976677894592285156250000000000   -7.882250649600000000000000000000E+12
        3.977677822113037109375000000000   -7.942395920384000000000000000000E+12
        3.978677749633789062500000000000   -8.003016196096000000000000000000E+12
        3.979677677154541015625000000000   -8.064115671040000000000000000000E+12
        3.980677604675292968750000000000   -8.125699588096000000000000000000E+12
        3.981677532196044921875000000000   -8.187772141568000000000000000000E+12
        3.982677459716796875000000000000   -8.250336477184000000000000000000E+12
        3.983677387237548828125000000000   -8.313396789248000000000000000000E+12
        3.984677314758300781250000000000   -8.376956223488000000000000000000E+12
        3.985677242279052734375000000000   -8.441018974208000000000000000000E+12
        3.986677169799804687500000000000   -8.505589235712000000000000000000E+12
        3.987677097320556640625000000000   -8.570670153728000000000000000000E+12
        3.988677024841308593750000000000   -8.636268019712000000000000000000E+12
        3.989676952362060546875000000000   -8.702387027968000000000000000000E+12
        3.990676879882812500000000000000   -8.769031372800000000000000000000E+12
        3.991676807403564453125000000000   -8.836204199936000000000000000000E+12
        3.992676734924316406250000000000   -8.903909703680000000000000000000E+12
        3.993676662445068359375000000000   -8.972152078336000000000000000000E+12
        3.994676589965820312500000000000   -9.040935518208000000000000000000E+12
        3.995676517486572265625000000000   -9.110266314752000000000000000000E+12
        3.996676445007324218750000000000   -9.180148662272000000000000000000E+12
        3.997676372528076171875000000000   -9.250586755072000000000000000000E+12
        3.998676300048828125000000000000   -9.321584787456000000000000000000E+12
        3.999676227569580078125000000000   -9.393146953728000000000000000000E+12
        4.000676155090332031250000000000   -9.465277448192000000000000000000E+12
        4.001676082611083984375000000000   -9.537980465152000000000000000000E+12
        4.002676010131835937500000000000   -9.611260198912000000000000000000E+12
        4.003675937652587890625000000000   -9.685125038080000000000000000000E+12
        4.004675865173339843750000000000   -9.759579176960000000000000000000E+12
        4.005675792694091796875000000000   -9.834626809856000000000000000000E+12
        4.006675720214843750000000000000   -9.910272131072000000000000000000E+12
        4.007675647735595703125000000000   -9.986519334912000000000000000000E+12
        4.008675575256347656250000000000   -1.006337471283200000000000000000E+13
        4.009675502777099609375000000000   -1.014084245913600000000000000000E+13
        4.010675430297851562500000000000   -1.021892886528000000000000000000E+13
        4.011675357818603515625000000000   -1.029763812556800000000000000000E+13
        4.012675285339355468750000000000   -1.037697653145600000000000000000E+13
        4.013675212860107421875000000000   -1.045694827724800000000000000000E+13
        4.014675140380859375000000000000   -1.053755755724800000000000000000E+13
        4.015675067901611328125000000000   -1.061881066291200000000000000000E+13
        4.016674995422363281250000000000   -1.070071178854400000000000000000E+13
        4.017674922943115234375000000000   -1.078326512844800000000000000000E+13
        4.018674850463867187500000000000   -1.086647907123200000000000000000E+13
        4.019674777984619140625000000000   -1.095035781120000000000000000000E+13
        4.020674705505371093750000000000   -1.103490763980800000000000000000E+13
        4.021674633026123046875000000000   -1.112013275136000000000000000000E+13
        4.022674560546875000000000000000   -1.120603943731200000000000000000E+13
        4.023674488067626953125000000000   -1.129263189196800000000000000000E+13
        4.024674415588378906250000000000   -1.137991640678400000000000000000E+13
        4.025674343109130859375000000000   -1.146790137036800000000000000000E+13
        4.026674270629882812500000000000   -1.155659097702400000000000000000E+13
        4.027674198150634765625000000000   -1.164599151820800000000000000000E+13
        4.028674125671386718750000000000   -1.173610928537600000000000000000E+13
        4.029674053192138671875000000000   -1.182694847283200000000000000000E+13
        4.030673980712890625000000000000   -1.191851537203200000000000000000E+13
        4.031673908233642578125000000000   -1.201081627443200000000000000000E+13
        4.032673835754394531250000000000   -1.210385956864000000000000000000E+13
        4.033673763275146484375000000000   -1.219764944896000000000000000000E+13
        4.034673690795898437500000000000   -1.229219220684800000000000000000E+13
        4.035673618316650390625000000000   -1.238749413376000000000000000000E+13
        4.036673545837402343750000000000   -1.248356152115200000000000000000E+13
        4.037673473358154296875000000000   -1.258040066048000000000000000000E+13
        4.038673400878906250000000000000   -1.267801574604800000000000000000E+13
        4.039673328399658203125000000000   -1.277641306931200000000000000000E+13
        4.040673255920410156250000000000   -1.287560311603200000000000000000E+13
        4.041673183441162109375000000000   -1.297559217766400000000000000000E+13
        4.042673110961914062500000000000   -1.307638654566400000000000000000E+13
        4.043673038482666015625000000000   -1.317799251148800000000000000000E+13
        4.044672966003417968750000000000   -1.328041636659200000000000000000E+13
        4.045672893524169921875000000000   -1.338366440243200000000000000000E+13
        4.046672821044921875000000000000   -1.348774291046400000000000000000E+13
        4.047672748565673828125000000000   -1.359266027929600000000000000000E+13
        4.048672676086425781250000000000   -1.369842280038400000000000000000E+13
        4.049672603607177734375000000000   -1.380503676518400000000000000000E+13
        4.050672531127929687500000000000   -1.391251056230400000000000000000E+13
        4.051672458648681640625000000000   -1.402085048320000000000000000000E+13
        4.052672386169433593750000000000   -1.413006281932800000000000000000E+13
        4.053672313690185546875000000000   -1.424015386214400000000000000000E+13
        4.054672241210937500000000000000   -1.435113200025600000000000000000E+13
        4.055672168731689453125000000000   -1.446300562227200000000000000000E+13
        4.056672096252441406250000000000   -1.457578311680000000000000000000E+13
        4.057672023773193359375000000000   -1.468947077529600000000000000000E+13
        4.058671951293945312500000000000   -1.480407698636800000000000000000E+13
        4.059671878814697265625000000000   -1.491960804147200000000000000000E+13
        4.060671806335449218750000000000   -1.503607023206400000000000000000E+13
        4.061671733856201171875000000000   -1.515347194675200000000000000000E+13
        4.062671661376953125000000000000   -1.527182367129600000000000000000E+13
        4.063671588897705078125000000000   -1.539113379430400000000000000000E+13
        4.064671516418457031250000000000   -1.551140860723200000000000000000E+13
        4.065671443939208984375000000000   -1.563265649868800000000000000000E+13
        4.066671371459960937500000000000   -1.575488376012800000000000000000E+13
        4.067671298980712890625000000000   -1.587809878016000000000000000000E+13
        4.068671226501464843750000000000   -1.600230994739200000000000000000E+13
        4.069671154022216796875000000000   -1.612752774758400000000000000000E+13
        4.070671081542968750000000000000   -1.625376056934400000000000000000E+13
        4.071671009063720703125000000000   -1.638101680128000000000000000000E+13
        4.072670936584472656250000000000   -1.650930483200000000000000000000E+13
        4.073670864105224609375000000000   -1.663863095296000000000000000000E+13
        4.074670791625976562500000000000   -1.676900355276800000000000000000E+13
        4.075670719146728515625000000000   -1.690043102003200000000000000000E+13
        4.076670646667480468750000000000   -1.703292174336000000000000000000E+13
        4.077670574188232421875000000000   -1.716648830566400000000000000000E+13
        4.078670501708984375000000000000   -1.730113909555200000000000000000E+13
        4.079670429229736328125000000000   -1.743688250163200000000000000000E+13
        4.080670356750488281250000000000   -1.757372691251200000000000000000E+13
        4.081670284271240234375000000000   -1.771168176537600000000000000000E+13
        4.082670211791992187500000000000   -1.785075649740800000000000000000E+13
        4.083670139312744140625000000000   -1.799095949721600000000000000000E+13
        4.084670066833496093750000000000   -1.813230334771200000000000000000E+13
        4.085669994354248046875000000000   -1.827479643750400000000000000000E+13
        4.086669921875000000000000000000   -1.841844715520000000000000000000E+13
        4.087669849395751953125000000000   -1.856326388940800000000000000000E+13
        4.088669776916503906250000000000   -1.870925922304000000000000000000E+13
        4.089669704437255859375000000000   -1.885644154470400000000000000000E+13
        4.090669631958007812500000000000   -1.900481924300800000000000000000E+13
        4.091669559478759765625000000000   -1.915440490086400000000000000000E+13
        4.092669486999511718750000000000   -1.930521110118400000000000000000E+13
        4.093669414520263671875000000000   -1.945724623257600000000000000000E+13
        4.094669342041015625000000000000   -1.961051868364800000000000000000E+13
        4.095669269561767578125000000000   -1.976504103731200000000000000000E+13
        4.096669197082519531250000000000   -1.992082168217600000000000000000E+13
        4.097669124603271484375000000000   -2.007786900684800000000000000000E+13
        4.098669052124023437500000000000   -2.023619978854400000000000000000E+13
        4.099668979644775390625000000000   -2.039582241587200000000000000000E+13
        4.100668907165527343750000000000   -2.055674947174400000000000000000E+13
        4.101668834686279296875000000000   -2.071898934476800000000000000000E+13
        4.102668762207031250000000000000   -2.088255461785600000000000000000E+13
        4.103668689727783203125000000000   -2.104745367961600000000000000000E+13
        4.104668617248535156250000000000   -2.121369911296000000000000000000E+13
        4.105668544769287109375000000000   -2.138129930649600000000000000000E+13
        4.106668472290039062500000000000   -2.155027103744000000000000000000E+13
        4.107668399810791015625000000000   -2.172062688870400000000000000000E+13
        4.108668327331542968750000000000   -2.189237524889600000000000000000E+13
        4.109668254852294921875000000000   -2.206552870092800000000000000000E+13
        4.110668182373046875000000000000   -2.224009563340800000000000000000E+13
        4.111668109893798828125000000000   -2.241608862924800000000000000000E+13
        4.112668037414550781250000000000   -2.259352027136000000000000000000E+13
        4.113667964935302734375000000000   -2.277240733696000000000000000000E+13
        4.114667892456054687500000000000   -2.295276240896000000000000000000E+13
        4.115667819976806640625000000000   -2.313459387596800000000000000000E+13
        4.116667747497558593750000000000   -2.331791432089600000000000000000E+13
        4.117667675018310546875000000000   -2.350273632665600000000000000000E+13
        4.118667602539062500000000000000   -2.368907247616000000000000000000E+13
        4.119667530059814453125000000000   -2.387693535232000000000000000000E+13
        4.120667457580566406250000000000   -2.406634173235200000000000000000E+13
        4.121667385101318359375000000000   -2.425730419916800000000000000000E+13
        4.122667312622070312500000000000   -2.444983533568000000000000000000E+13
        4.123667240142822265625000000000   -2.464394772480000000000000000000E+13
        4.124667167663574218750000000000   -2.483965394944000000000000000000E+13
        4.125667095184326171875000000000   -2.503696659251200000000000000000E+13
        4.126667022705078125000000000000   -2.523589823692800000000000000000E+13
        4.127666950225830078125000000000   -2.543646565990400000000000000000E+13
        4.128666877746582031250000000000   -2.563868144435200000000000000000E+13
        4.129666805267333984375000000000   -2.584255817318400000000000000000E+13
        4.130666732788085937500000000000   -2.604811262361600000000000000000E+13
        4.131666660308837890625000000000   -2.625535737856000000000000000000E+13
        4.132666587829589843750000000000   -2.646430502092800000000000000000E+13
        4.133666515350341796875000000000   -2.667496813363200000000000000000E+13
        4.134666442871093750000000000000   -2.688735929958400000000000000000E+13
        4.135666370391845703125000000000   -2.710149949030400000000000000000E+13
        4.136666297912597656250000000000   -2.731740548300800000000000000000E+13
        4.137666225433349609375000000000   -2.753508986060800000000000000000E+13
        4.138666152954101562500000000000   -2.775456520601600000000000000000E+13
        4.139666080474853515625000000000   -2.797584829644800000000000000000E+13
        4.140666007995605468750000000000   -2.819895171481600000000000000000E+13
        4.141665935516357421875000000000   -2.842389223833600000000000000000E+13
        4.142665863037109375000000000000   -2.865069083852800000000000000000E+13
        4.143665790557861328125000000000   -2.887936009830400000000000000000E+13
        4.144665718078613281250000000000   -2.910991679488000000000000000000E+13
        4.145665645599365234375000000000   -2.934237351116800000000000000000E+13
        4.146665573120117187500000000000   -2.957674702438400000000000000000E+13
        4.147665500640869140625000000000   -2.981305411174400000000000000000E+13
        4.148665428161621093750000000000   -3.005130735616000000000000000000E+13
        4.149665355682373046875000000000   -3.029153192345600000000000000000E+13
        4.150665283203125000000000000000   -3.053374459084800000000000000000E+13
        4.151665210723876953125000000000   -3.077795794124800000000000000000E+13
        4.152665138244628906250000000000   -3.102418875187200000000000000000E+13
        4.153665065765380859375000000000   -3.127245379993600000000000000000E+13
        4.154664993286132812500000000000   -3.152276986265600000000000000000E+13
        4.155664920806884765625000000000   -3.177515371724800000000000000000E+13
        4.156664848327636718750000000000   -3.202963052953600000000000000000E+13
        4.157664775848388671875000000000   -3.228621707673600000000000000000E+13
        4.158664703369140625000000000000   -3.254493013606400000000000000000E+13
        4.159664630889892578125000000000   -3.280578648473600000000000000000E+13
        4.160664558410644531250000000000   -3.306880289996800000000000000000E+13
        4.161664485931396484375000000000   -3.333399615897600000000000000000E+13
        4.162664413452148437500000000000   -3.360138303897600000000000000000E+13
        4.163664340972900390625000000000   -3.387098870579200000000000000000E+13
        4.164664268493652343750000000000   -3.414282993664000000000000000000E+13
        4.165664196014404296875000000000   -3.441692770304000000000000000000E+13
        4.166664123535156250000000000000   -3.469329878220800000000000000000E+13
        4.167664051055908203125000000000   -3.497195995136000000000000000000E+13
        4.168663978576660156250000000000   -3.525293218201600000000000000000E+13
        4.169663906097412109375000000000   -3.553623644569600000000000000000E+13
        4.170663833618164062500000000000   -3.582189790822400000000000000000E+13
        4.171663761138916015625000000000   -3.610993334681600000000000000000E+13
        4.172663688659667968750000000000   -3.640035953868800000000000000000E+13
        4.173663616180419921875000000000   -3.669320164966400000000000000000E+13
        4.174663543701171875000000000000   -3.698847645696000000000000000000E+13
        4.175663471221923828125000000000   -3.728620073779200000000000000000E+13
        4.176663398742675781250000000000   -3.758639965798400000000000000000E+13
        4.177663326263427734375000000000   -3.788908999475200000000000000000E+13
        4.178663253784179687500000000000   -3.819429691392000000000000000000E+13
        4.179663181304931640625000000000   -3.850204558131200000000000000000E+13
        4.180663108825683593750000000000   -3.881235277414400000000000000000E+13
        4.181663036346435546875000000000   -3.912524365824000000000000000000E+13
        4.182662963867187500000000000000   -3.944073501081600000000000000000E+13
        4.183662891387939453125000000000   -3.975885199769600000000000000000E+13
        4.184662818908691406250000000000   -4.007961139609600000000000000000E+13
        4.185662746429443359375000000000   -4.040304676044800000000000000000E+13
        4.186662673950195312500000000000   -4.072918325657600000000000000000E+13
        4.187662601470947265625000000000   -4.105803766169600000000000000000E+13
        4.188662528991699218750000000000   -4.138963514163200000000000000000E+13
        4.189662456512451171875000000000   -4.172399247360000000000000000000E+13
        4.190662384033203125000000000000   -4.206113482342400000000000000000E+13
        4.191662311553955078125000000000   -4.240108735692800000000000000000E+13
        4.192662239074707031250000000000   -4.274388362854400000000000000000E+13
        4.193662166595458984375000000000   -4.308954041548800000000000000000E+13
        4.194662094116210937500000000000   -4.343808288358400000000000000000E+13
        4.195662021636962890625000000000   -4.378953619865600000000000000000E+13
        4.196661949157714843750000000000   -4.414392552652800000000000000000E+13
        4.197661876678466796875000000000   -4.450127603302400000000000000000E+13
        4.198661804199218750000000000000   -4.486160449536000000000000000000E+13
        4.199661731719970703125000000000   -4.522495285657600000000000000000E+13
        4.200661659240722656250000000000   -4.559133789388800000000000000000E+13
        4.201661586761474609375000000000   -4.596078477312000000000000000000E+13
        4.202661514282226562500000000000   -4.633331866009600000000000000000E+13
        4.203661441802978515625000000000   -4.670896472064000000000000000000E+13
        4.204661369323730468750000000000   -4.708774812057600000000000000000E+13
        4.205661296844482421875000000000   -4.746969402572800000000000000000E+13
        4.206661224365234375000000000000   -4.785484437913600000000000000000E+13
        4.207661151885986328125000000000   -4.824322434662400000000000000000E+13
        4.208661079406738281250000000000   -4.863485909401600000000000000000E+13
        4.209661006927490234375000000000   -4.902977378713600000000000000000E+13
        4.210660934448242187500000000000   -4.942799359180800000000000000000E+13
        4.211660861968994140625000000000   -4.982955206246400000000000000000E+13
        4.212660789489746093750000000000   -5.023447436492800000000000000000E+13
        4.213660717010498046875000000000   -5.064279405363200000000000000000E+13
        4.214660644531250000000000000000   -5.105454468300800000000000000000E+13
        4.215660572052001953125000000000   -5.146975141888000000000000000000E+13
        4.216660499572753906250000000000   -5.188843942707200000000000000000E+13
        4.217660427093505859375000000000   -5.231064226201600000000000000000E+13
        4.218660354614257812500000000000   -5.273638508953600000000000000000E+13
        4.219660282135009765625000000000   -5.316570146406400000000000000000E+13
        4.220660209655761718750000000000   -5.359863332864000000000000000000E+13
        4.221660137176513671875000000000   -5.403520584908800000000000000000E+13
        4.222660064697265625000000000000   -5.447545257984000000000000000000E+13
        4.223659992218017578125000000000   -5.491939868672000000000000000000E+13
        4.224659919738769531250000000000   -5.536707772416000000000000000000E+13
        4.225659847259521484375000000000   -5.581851485798400000000000000000E+13
        4.226659774780273437500000000000   -5.627374364262400000000000000000E+13
        4.227659702301025390625000000000   -5.673280602112000000000000000000E+13
        4.228659629821777343750000000000   -5.719573554790400000000000000000E+13
        4.229659557342529296875000000000   -5.766256577740800000000000000000E+13
        4.230659484863281250000000000000   -5.813333026406400000000000000000E+13
        4.231659412384033203125000000000   -5.860806256230400000000000000000E+13
        4.232659339904785156250000000000   -5.908678783795200000000000000000E+13
        4.233659267425537109375000000000   -5.956953964544000000000000000000E+13
        4.234659194946289062500000000000   -6.005636831641600000000000000000E+13
        4.235659122467041015625000000000   -6.054730740531200000000000000000E+13
        4.236659049987792968750000000000   -6.104239046656000000000000000000E+13
        4.237658977508544921875000000000   -6.154165105459200000000000000000E+13
        4.238658905029296875000000000000   -6.204512272384000000000000000000E+13
        4.239658832550048828125000000000   -6.255283902873600000000000000000E+13
        4.240658760070800781250000000000   -6.306483352371200000000000000000E+13
        4.241658687591552734375000000000   -6.358115654041600000000000000000E+13
        4.242658615112304687500000000000   -6.410184163328000000000000000000E+13
        4.243658542633056640625000000000   -6.462693074534400000000000000000E+13
        4.244658470153808593750000000000   -6.515645743104000000000000000000E+13
        4.245658397674560546875000000000   -6.569045524480000000000000000000E+13
        4.246658325195312500000000000000   -6.622896612966400000000000000000E+13
        4.247658252716064453125000000000   -6.677202364006400000000000000000E+13
        4.248658180236816406250000000000   -6.731967810764800000000000000000E+13
        4.249658107757568359375000000000   -6.787197147545600000000000000000E+13
        4.250658035278320312500000000000   -6.842893729792000000000000000000E+13
        4.251657962799072265625000000000   -6.899061751808000000000000000000E+13
        4.252657890319824218750000000000   -6.955705407897600000000000000000E+13
        4.253657817840576171875000000000   -7.012828053504000000000000000000E+13
        4.254657745361328125000000000000   -7.070433882931200000000000000000E+13
        4.255657672882080078125000000000   -7.128528348774400000000000000000E+13
        4.256657600402832031250000000000   -7.187116064768000000000000000000E+13
        4.257657527923583984375000000000   -7.246200386355200000000000000000E+13
        4.258657455444335937500000000000   -7.305786346700800000000000000000E+13
        4.259657382965087890625000000000   -7.365877301248000000000000000000E+13
        4.260657310485839843750000000000   -7.426478283161600000000000000000E+13
        4.261657238006591796875000000000   -7.487592647884800000000000000000E+13
        4.262657165527343750000000000000   -7.549227106304000000000000000000E+13
        4.263657093048095703125000000000   -7.611385013862400000000000000000E+13
        4.264657020568847656250000000000   -7.674071403724800000000000000000E+13
        4.265656948089599609375000000000   -7.737289631334400000000000000000E+13
        4.266656875610351562500000000000   -7.801044729856000000000000000000E+13
        4.267656803131103515625000000000   -7.865341732454400000000000000000E+13
        4.268656730651855468750000000000   -7.930183994572800000000000000000E+13
        4.269656658172607421875000000000   -7.995578227097600000000000000000E+13
        4.270656585693359375000000000000   -8.061529463193600000000000000000E+13
        4.271656513214111328125000000000   -8.128042736025600000000000000000E+13
        4.272656440734863281250000000000   -8.195121401036800000000000000000E+13
        4.273656368255615234375000000000   -8.262770491392000000000000000000E+13
        4.274656295776367187500000000000   -8.330995040256000000000000000000E+13
        4.275656223297119140625000000000   -8.399800080793600000000000000000E+13
        4.276656150817871093750000000000   -8.469192323891200000000000000000E+13
        4.277656078338623046875000000000   -8.539176802713600000000000000000E+13
        4.278656005859375000000000000000   -8.609758550425600000000000000000E+13
        4.279655933380126953125000000000   -8.680940922470400000000000000000E+13
        4.280655860900878906250000000000   -8.752728952012800000000000000000E+13
        4.281655788421630859375000000000   -8.825127672217600000000000000000E+13
        4.282655715942382812500000000000   -8.898142116249600000000000000000E+13
        4.283655643463134765625000000000   -8.971780672716800000000000000000E+13
        4.284655570983886718750000000000   -9.046048374784000000000000000000E+13
        4.285655498504638671875000000000   -9.120950255616000000000000000000E+13
        4.286655426025390625000000000000   -9.196491348377600000000000000000E+13
        4.287655353546142578125000000000   -9.272676686233600000000000000000E+13
        4.288655281066894531250000000000   -9.349511302348800000000000000000E+13
        4.289655208587646484375000000000   -9.427001907609600000000000000000E+13
        4.290655136108398437500000000000   -9.505155212902400000000000000000E+13
        4.291655063629150390625000000000   -9.583976251392000000000000000000E+13
        4.292654991149902343750000000000   -9.663471733964800000000000000000E+13
        4.293654918670654296875000000000   -9.743646693785600000000000000000E+13
        4.294654846191406250000000000000   -9.824506164019200000000000000000E+13
        4.295654773712158203125000000000   -9.906056855552000000000000000000E+13
        4.296654701232910156250000000000   -9.988303801548800000000000000000E+13
        4.297654628753662109375000000000   -1.007125539061760000000000000000E+14
        4.298654556274414062500000000000   -1.015491833364480000000000000000E+14
        4.299654483795166015625000000000   -1.023929766379520000000000000000E+14
        4.300654411315917968750000000000   -1.032440009195520000000000000000E+14
        4.301654338836669921875000000000   -1.041023065128960000000000000000E+14
        4.302654266357421875000000000000   -1.049679605268480000000000000000E+14
        4.303654193878173828125000000000   -1.058410300702720000000000000000E+14
        4.304654121398925781250000000000   -1.067215990292480000000000000000E+14
        4.305654048919677734375000000000   -1.076097177354240000000000000000E+14
        4.306653976440429687500000000000   -1.085054532976640000000000000000E+14
        4.307653903961181640625000000000   -1.094088728248320000000000000000E+14
        4.308653831481933593750000000000   -1.103200434257920000000000000000E+14
        4.309653759002685546875000000000   -1.112390322094080000000000000000E+14
        4.310653686523437500000000000000   -1.121658895073280000000000000000E+14
        4.311653614044189453125000000000   -1.131007159828480000000000000000E+14
        4.312653541564941406250000000000   -1.140435787448320000000000000000E+14
        4.313653469085693359375000000000   -1.149945449021440000000000000000E+14
        4.314653396606445312500000000000   -1.159536815636480000000000000000E+14
        4.315653324127197265625000000000   -1.169210558382080000000000000000E+14
        4.316653251647949218750000000000   -1.178967348346880000000000000000E+14
        4.317653179168701171875000000000   -1.188807856619520000000000000000E+14
        4.318653106689453125000000000000   -1.198733089832960000000000000000E+14
        4.319653034210205078125000000000   -1.208743719075840000000000000000E+14
        4.320652961730957031250000000000   -1.218840583208960000000000000000E+14
        4.321652889251708984375000000000   -1.229024353320960000000000000000E+14
        4.322652816772460937500000000000   -1.239295700500480000000000000000E+14
        4.323652744293212890625000000000   -1.249655463608320000000000000000E+14
        4.324652671813964843750000000000   -1.260104313733120000000000000000E+14
        4.325652599334716796875000000000   -1.270643257507840000000000000000E+14
        4.326652526855468750000000000000   -1.281273133793280000000000000000E+14
        4.327652454376220703125000000000   -1.291994613678080000000000000000E+14
        4.328652381896972656250000000000   -1.302808536023040000000000000000E+14
        4.329652309417724609375000000000   -1.313715571916800000000000000000E+14
        4.330652236938476562500000000000   -1.324716560220160000000000000000E+14
        4.331652164459228515625000000000   -1.335812339793920000000000000000E+14
        4.332652091979980468750000000000   -1.347003917271040000000000000000E+14
        4.333652019500732421875000000000   -1.358292131512320000000000000000E+14
        4.334651947021484375000000000000   -1.369677821378560000000000000000E+14
        4.335651874542236328125000000000   -1.381161825730560000000000000000E+14
        4.336651802062988281250000000000   -1.392744983429120000000000000000E+14
        4.337651729583740234375000000000   -1.404428133335040000000000000000E+14
        4.338651657104492187500000000000   -1.416212114309120000000000000000E+14
        4.339651584625244140625000000000   -1.428098100756480000000000000000E+14
        4.340651512145996093750000000000   -1.440086763765760000000000000000E+14
        4.341651439666748046875000000000   -1.452179109969920000000000000000E+14
        4.342651367187500000000000000000   -1.464376146001920000000000000000E+14
        4.343651294708251953125000000000   -1.476678542950400000000000000000E+14
        4.344651222229003906250000000000   -1.489087307448320000000000000000E+14
        4.345651149749755859375000000000   -1.501603781672960000000000000000E+14
        4.346651077270507812500000000000   -1.514228636712960000000000000000E+14
        4.347651004791259765625000000000   -1.526962879201280000000000000000E+14
        4.348650932312011718750000000000   -1.539807515770880000000000000000E+14
        4.349650859832763671875000000000   -1.552763553054720000000000000000E+14
        4.350650787353515625000000000000   -1.565831662141440000000000000000E+14
        4.351650714874267578125000000000   -1.579012849664000000000000000000E+14
        4.352650642395019531250000000000   -1.592308457799680000000000000000E+14
        4.353650569915771484375000000000   -1.605719493181440000000000000000E+14
        4.354650497436523437500000000000   -1.619246962442240000000000000000E+14
        4.355650424957275390625000000000   -1.632891872215040000000000000000E+14
        4.356650352478027343750000000000   -1.646655229132800000000000000000E+14
        4.357650279998779296875000000000   -1.660538039828480000000000000000E+14
        4.358650207519531250000000000000   -1.674541310935040000000000000000E+14
        4.359650135040283203125000000000   -1.688666384629760000000000000000E+14
        4.360650062561035156250000000000   -1.702914267545600000000000000000E+14
        4.361649990081787109375000000000   -1.717285966315520000000000000000E+14
        4.362649917602539062500000000000   -1.731782487572480000000000000000E+14
        4.363649845123291015625000000000   -1.746404837949440000000000000000E+14
        4.364649772644042968750000000000   -1.761154024079360000000000000000E+14
        4.365649700164794921875000000000   -1.776031388139520000000000000000E+14
        4.366649627685546875000000000000   -1.791038272307200000000000000000E+14
        4.367649555206298828125000000000   -1.806175683215360000000000000000E+14
        4.368649482727050781250000000000   -1.821444963041280000000000000000E+14
        4.369649410247802734375000000000   -1.836847118417920000000000000000E+14
        4.370649337768554687500000000000   -1.852383155978240000000000000000E+14
        4.371649265289306640625000000000   -1.868054417899520000000000000000E+14
        4.372649192810058593750000000000   -1.883861910814720000000000000000E+14
        4.373649120330810546875000000000   -1.899807312445440000000000000000E+14
        4.374649047851562500000000000000   -1.915891629424640000000000000000E+14
        4.375648975372314453125000000000   -1.932116203929600000000000000000E+14
        4.376648902893066406250000000000   -1.948482042593280000000000000000E+14
        4.377648830413818359375000000000   -1.964990487592960000000000000000E+14
        4.378648757934570312500000000000   -1.981642881105920000000000000000E+14
        4.379648685455322265625000000000   -1.998440229765120000000000000000E+14
        4.380648612976074218750000000000   -2.015384211292160000000000000000E+14
        4.381648540496826171875000000000   -2.032476167864320000000000000000E+14
        4.382648468017578125000000000000   -2.049717441658880000000000000000E+14
        4.383648395538330078125000000000   -2.067109374853120000000000000000E+14
        4.384648323059082031250000000000   -2.084652974080000000000000000000E+14
        4.385648250579833984375000000000   -2.102349581516800000000000000000E+14
        4.386648178100585937500000000000   -2.120201210429440000000000000000E+14
        4.387648105621337890625000000000   -2.138209202995200000000000000000E+14
        4.388648033142089843750000000000   -2.156374565847040000000000000000E+14
        4.389647960662841796875000000000   -2.174698641162240000000000000000E+14
        4.390647888183593750000000000000   -2.193182771118080000000000000000E+14
        4.391647815704345703125000000000   -2.211828633436160000000000000000E+14
        4.392647743225097656250000000000   -2.230637570293760000000000000000E+14
        4.393647670745849609375000000000   -2.249611259412480000000000000000E+14
        4.394647598266601562500000000000   -2.268751378513920000000000000000E+14
        4.395647525787353515625000000000   -2.288059269775360000000000000000E+14
        4.396647453308105468750000000000   -2.307536275374080000000000000000E+14
        4.397647380828857421875000000000   -2.327183737487360000000000000000E+14
        4.398647308349609375000000000000   -2.347003333836800000000000000000E+14
        4.399647235870361328125000000000   -2.366996406599680000000000000000E+14
        4.400647163391113281250000000000   -2.387164969041920000000000000000E+14
        4.401647090911865234375000000000   -2.407510698885120000000000000000E+14
        4.402647018432617187500000000000   -2.428034938306560000000000000000E+14
        4.403646945953369140625000000000   -2.448739365027840000000000000000E+14
        4.404646873474121093750000000000   -2.469625321226240000000000000000E+14
        4.405646800994873046875000000000   -2.490694484623360000000000000000E+14
        4.406646728515625000000000000000   -2.511948197396480000000000000000E+14
        4.407646656036376953125000000000   -2.533388808355840000000000000000E+14
        4.408646583557128906250000000000   -2.555017995223040000000000000000E+14
        4.409646511077880859375000000000   -2.576837100175360000000000000000E+14
        4.410646438598632812500000000000   -2.598847800934400000000000000000E+14
        4.411646366119384765625000000000   -2.621051775221760000000000000000E+14
        4.412646293640136718750000000000   -2.643450700759040000000000000000E+14
        4.413646221160888671875000000000   -2.666046255267840000000000000000E+14
        4.414646148681640625000000000000   -2.688840787558400000000000000000E+14
        4.415646076202392578125000000000   -2.711835975352320000000000000000E+14
        4.416646003723144531250000000000   -2.735033496371200000000000000000E+14
        4.417645931243896484375000000000   -2.758435028336640000000000000000E+14
        4.418645858764648437500000000000   -2.782042248970240000000000000000E+14
        4.419645786285400390625000000000   -2.805857171537920000000000000000E+14
        4.420645713806152343750000000000   -2.829882144849920000000000000000E+14
        4.421645641326904296875000000000   -2.854119182172160000000000000000E+14
        4.422645568847656250000000000000   -2.878569625681920000000000000000E+14
        4.423645496368408203125000000000   -2.903235488645120000000000000000E+14
        4.424645423889160156250000000000   -2.928118784327680000000000000000E+14
        4.425645351409912109375000000000   -2.953221525995520000000000000000E+14
        4.426645278930664062500000000000   -2.978545055825920000000000000000E+14
        4.427645206451416015625000000000   -3.004092058173440000000000000000E+14
        4.428645133972167968750000000000   -3.029864546304000000000000000000E+14
        4.429645061492919921875000000000   -3.055864533483520000000000000000E+14
        4.430644989013671875000000000000   -3.082094032977920000000000000000E+14
        4.431644916534423828125000000000   -3.108555058053120000000000000000E+14
        4.432644844055175781250000000000   -3.135249621975040000000000000000E+14
        4.433644771575927734375000000000   -3.162179738009600000000000000000E+14
        4.434644699096679687500000000000   -3.189348090511360000000000000000E+14
        4.435644626617431640625000000000   -3.216756692746240000000000000000E+14
        4.436644554138183593750000000000   -3.244407557980160000000000000000E+14
        4.437644481658935546875000000000   -3.272302699479040000000000000000E+14
        4.438644409179687500000000000000   -3.300444130508800000000000000000E+14
        4.439644336700439453125000000000   -3.328834535424000000000000000000E+14
        4.440644264221191406250000000000   -3.357476598579200000000000000000E+14
        4.441644191741943359375000000000   -3.386372333240320000000000000000E+14
        4.442644119262695312500000000000   -3.415523752673280000000000000000E+14
        4.443644046783447265625000000000   -3.444933541232640000000000000000E+14
        4.444643974304199218750000000000   -3.474603712184320000000000000000E+14
        4.445643901824951171875000000000   -3.504536278794240000000000000000E+14
        4.446643829345703125000000000000   -3.534733925416960000000000000000E+14
        4.447643756866455078125000000000   -3.565199336407040000000000000000E+14
        4.448643684387207031250000000000   -3.595935196119040000000000000000E+14
        4.449643611907958984375000000000   -3.626943517818880000000000000000E+14
        4.450643539428710937500000000000   -3.658226985861120000000000000000E+14
        4.451643466949462890625000000000   -3.689787613511680000000000000000E+14
        4.452643394470214843750000000000   -3.721628085125120000000000000000E+14
        4.453643321990966796875000000000   -3.753750413967360000000000000000E+14
        4.454643249511718750000000000000   -3.786157955481600000000000000000E+14
        4.455643177032470703125000000000   -3.818853394022400000000000000000E+14
        4.456643104553222656250000000000   -3.851839413944320000000000000000E+14
        4.457643032073974609375000000000   -3.885118699601920000000000000000E+14
        4.458642959594726562500000000000   -3.918693264261120000000000000000E+14
        4.459642887115478515625000000000   -3.952565792276480000000000000000E+14
        4.460642814636230468750000000000   -3.986738968002560000000000000000E+14
        4.461642742156982421875000000000   -4.021216146882560000000000000000E+14
        4.462642669677734375000000000000   -4.056000013271040000000000000000E+14
        4.463642597198486328125000000000   -4.091093251522560000000000000000E+14
        4.464642524719238281250000000000   -4.126498545991680000000000000000E+14
        4.465642452239990234375000000000   -4.162218581032960000000000000000E+14
        4.466642379760742187500000000000   -4.198256041000960000000000000000E+14
        4.467642307281494140625000000000   -4.234614952427520000000000000000E+14
        4.468642234802246093750000000000   -4.271297999667200000000000000000E+14
        4.469642162322998046875000000000   -4.308307867074560000000000000000E+14
        4.470642089843750000000000000000   -4.345647239004160000000000000000E+14
        4.471642017364501953125000000000   -4.383319470899200000000000000000E+14
        4.472641944885253906250000000000   -4.421327247114240000000000000000E+14
        4.473641872406005859375000000000   -4.459673252003840000000000000000E+14
        4.474641799926757812500000000000   -4.498361512099840000000000000000E+14
        4.475641727447509765625000000000   -4.537395382845440000000000000000E+14
        4.476641654968261718750000000000   -4.576777548595200000000000000000E+14
        4.477641582489013671875000000000   -4.616511364792320000000000000000E+14
        4.478641510009765625000000000000   -4.656599515791360000000000000000E+14
        4.479641437530517578125000000000   -4.697045357035520000000000000000E+14
        4.480641365051269531250000000000   -4.737851572879360000000000000000E+14
        4.481641292572021484375000000000   -4.779022860943360000000000000000E+14
        4.482641220092773437500000000000   -4.820561905582080000000000000000E+14
        4.483641147613525390625000000000   -4.862472062238720000000000000000E+14
        4.484641075134277343750000000000   -4.904756686356480000000000000000E+14
        4.485641002655029296875000000000   -4.947419133378560000000000000000E+14
        4.486640930175781250000000000000   -4.990462758748160000000000000000E+14
        4.487640857696533203125000000000   -5.033891588997120000000000000000E+14
        4.488640785217285156250000000000   -5.077708979568640000000000000000E+14
        4.489640712738037109375000000000   -5.121918285905920000000000000000E+14
        4.490640640258789062500000000000   -5.166523534540800000000000000000E+14
        4.491640567779541015625000000000   -5.211528080916480000000000000000E+14
        4.492640495300292968750000000000   -5.256935280476160000000000000000E+14
        4.493640422821044921875000000000   -5.302748488663040000000000000000E+14
        4.494640350341796875000000000000   -5.348972403097600000000000000000E+14
        4.495640277862548828125000000000   -5.395611050311680000000000000000E+14
        4.496640205383300781250000000000   -5.442667785748480000000000000000E+14
        4.497640132904052734375000000000   -5.490145964851200000000000000000E+14
        4.498640060424804687500000000000   -5.538049614151680000000000000000E+14
        4.499639987945556640625000000000   -5.586382089093120000000000000000E+14
        4.500639915466308593750000000000   -5.635148758384640000000000000000E+14
        4.501639842987060546875000000000   -5.684352977469440000000000000000E+14
        4.502639770507812500000000000000   -5.733998772879360000000000000000E+14
        4.503639698028564453125000000000   -5.784090171146240000000000000000E+14
        4.504639625549316406250000000000   -5.834631198801920000000000000000E+14
        4.505639553070068359375000000000   -5.885625882378240000000000000000E+14
        4.506639480590820312500000000000   -5.937078248407040000000000000000E+14
        4.507639408111572265625000000000   -5.988993665597440000000000000000E+14
        4.508639335632324218750000000000   -6.041376160481280000000000000000E+14
        4.509639263153076171875000000000   -6.094229759590400000000000000000E+14
        4.510639190673828125000000000000   -6.147558489456640000000000000000E+14
        4.511639118194580078125000000000   -6.201366376611840000000000000000E+14
        4.512639045715332031250000000000   -6.255657447587840000000000000000E+14
        4.513638973236083984375000000000   -6.310435728916480000000000000000E+14
        4.514638900756835937500000000000   -6.365707931484160000000000000000E+14
        4.515638828277587890625000000000   -6.421478081822720000000000000000E+14
        4.516638755798339843750000000000   -6.477750206464000000000000000000E+14
        4.517638683319091796875000000000   -6.534528331939840000000000000000E+14
        4.518638610839843750000000000000   -6.591817826959360000000000000000E+14
        4.519638538360595703125000000000   -6.649622718054400000000000000000E+14
        4.520638465881347656250000000000   -6.707949716111360000000000000000E+14
        4.521638393402099609375000000000   -6.766802847662080000000000000000E+14
        4.522638320922851562500000000000   -6.826186139238400000000000000000E+14
        4.523638248443603515625000000000   -6.886104959549440000000000000000E+14
        4.524638175964355468750000000000   -6.946563335127040000000000000000E+14
        4.525638103485107421875000000000   -7.007566634680320000000000000000E+14
        4.526638031005859375000000000000   -7.069120226918400000000000000000E+14
        4.527637958526611328125000000000   -7.131229480550400000000000000000E+14
        4.528637886047363281250000000000   -7.193899764285440000000000000000E+14
        4.529637813568115234375000000000   -7.257136446832640000000000000000E+14
        4.530637741088867187500000000000   -7.320943554723840000000000000000E+14
        4.531637668609619140625000000000   -7.385326456668160000000000000000E+14
        4.532637596130371093750000000000   -7.450290521374720000000000000000E+14
        4.533637523651123046875000000000   -7.515842459729920000000000000000E+14
        4.534637451171875000000000000000   -7.581987640442880000000000000000E+14
        4.535637378692626953125000000000   -7.648731432222720000000000000000E+14
        4.536637306213378906250000000000   -7.716079203778560000000000000000E+14
        4.537637233734130859375000000000   -7.784036323819520000000000000000E+14
        4.538637161254882812500000000000   -7.852608161054720000000000000000E+14
        4.539637088775634765625000000000   -7.921800084193280000000000000000E+14
        4.540637016296386718750000000000   -7.991618804121600000000000000000E+14
        4.541636943817138671875000000000   -8.062069689548800000000000000000E+14
        4.542636871337890625000000000000   -8.133158109184000000000000000000E+14
        4.543636798858642578125000000000   -8.204890773913600000000000000000E+14
        4.544636726379394531250000000000   -8.277273052446720000000000000000E+14
        4.545636653900146484375000000000   -8.350310313492480000000000000000E+14
        4.546636581420898437500000000000   -8.424007925760000000000000000000E+14
        4.547636508941650390625000000000   -8.498373942312960000000000000000E+14
        4.548636436462402343750000000000   -8.573415074037760000000000000000E+14
        4.549636363983154296875000000000   -8.649136689643520000000000000000E+14
        4.550636291503906250000000000000   -8.725545500016640000000000000000E+14
        4.551636219024658203125000000000   -8.802646873866240000000000000000E+14
        4.552636146545410156250000000000   -8.880447522078720000000000000000E+14
        4.553636074066162109375000000000   -8.958955497717760000000000000000E+14
        4.554636001586914062500000000000   -9.038177511669760000000000000000E+14
        4.555635929107666015625000000000   -9.118118932643840000000000000000E+14
        4.556635856628417968750000000000   -9.198786471526400000000000000000E+14
        4.557635784149169921875000000000   -9.280186839203840000000000000000E+14
        4.558635711669921875000000000000   -9.362326746562560000000000000000E+14
        4.559635639190673828125000000000   -9.445211562311680000000000000000E+14
        4.560635566711425781250000000000   -9.528850681692160000000000000000E+14
        4.561635494232177734375000000000   -9.613250815590400000000000000000E+14
        4.562635421752929687500000000000   -9.698418674892800000000000000000E+14
        4.563635349273681640625000000000   -9.784360970485760000000000000000E+14
        4.564635276794433593750000000000   -9.871084413255680000000000000000E+14
        4.565635204315185546875000000000   -9.958595714088960000000000000000E+14
        4.566635131835937500000000000000   -1.004690426822656000000000000000E+15
        4.567635059356689453125000000000   -1.013601812873216000000000000000E+15
        4.568634986877441406250000000000   -1.022594400649216000000000000000E+15
        4.569634914398193359375000000000   -1.031668861239296000000000000000E+15
        4.570634841918945312500000000000   -1.040825999949824000000000000000E+15
        4.571634769439697265625000000000   -1.050066487869440000000000000000E+15
        4.572634696960449218750000000000   -1.059391130304512000000000000000E+15
        4.573634624481201171875000000000   -1.068800866779136000000000000000E+15
        4.574634552001953125000000000000   -1.078296502599680000000000000000E+15
        4.575634479522705078125000000000   -1.087878843072512000000000000000E+15
        4.576634407043457031250000000000   -1.097548559286272000000000000000E+15
        4.577634334564208984375000000000   -1.107306456547328000000000000000E+15
        4.578634262084960937500000000000   -1.117153340162048000000000000000E+15
        4.579634189605712890625000000000   -1.127090283872256000000000000000E+15
        4.580634117126464843750000000000   -1.137117958766592000000000000000E+15
        4.581634044647216796875000000000   -1.147237170151424000000000000000E+15
        4.582633972167968750000000000000   -1.157448723333120000000000000000E+15
        4.583633899688720703125000000000   -1.167753423618048000000000000000E+15
        4.584633827209472656250000000000   -1.178152344748032000000000000000E+15
        4.585633754730224609375000000000   -1.188646292029440000000000000000E+15
        4.586633682250976562500000000000   -1.199236339204096000000000000000E+15
        4.587633609771728515625000000000   -1.209923291578368000000000000000E+15
        4.588633537292480468750000000000   -1.220707954458624000000000000000E+15
        4.589633464813232421875000000000   -1.231591401586688000000000000000E+15
        4.590633392333984375000000000000   -1.242574438268928000000000000000E+15
        4.591633319854736328125000000000   -1.253657869811712000000000000000E+15
        4.592633247375488281250000000000   -1.264843038392320000000000000000E+15
        4.593633174896240234375000000000   -1.276130749317120000000000000000E+15
        4.594633102416992187500000000000   -1.287521807892480000000000000000E+15
        4.595633029937744140625000000000   -1.299017287860224000000000000000E+15
        4.596632957458496093750000000000   -1.310617994526720000000000000000E+15
        4.597632884979248046875000000000   -1.322325001633792000000000000000E+15
        4.598632812500000000000000000000   -1.334139114487808000000000000000E+15
        4.599632740020751953125000000000   -1.346061675266048000000000000000E+15
        4.600632667541503906250000000000   -1.358093757710336000000000000000E+15
        4.601632595062255859375000000000   -1.370236167127040000000000000000E+15
        4.602632522583007812500000000000   -1.382489977257984000000000000000E+15
        4.603632450103759765625000000000   -1.394856261844992000000000000000E+15
        4.604632377624511718750000000000   -1.407335826194432000000000000000E+15
        4.605632305145263671875000000000   -1.419930012483584000000000000000E+15
        4.606632232666015625000000000000   -1.432639894454272000000000000000E+15
        4.607632160186767578125000000000   -1.445466545848320000000000000000E+15
        4.608632087707519531250000000000   -1.458411040407552000000000000000E+15
        4.609632015228271484375000000000   -1.471474451873792000000000000000E+15
        4.610631942749023437500000000000   -1.484657853988864000000000000000E+15
        4.611631870269775390625000000000   -1.497962320494592000000000000000E+15
        4.612631797790527343750000000000   -1.511389193568256000000000000000E+15
        4.613631725311279296875000000000   -1.524939546951680000000000000000E+15
        4.614631652832031250000000000000   -1.538614722822144000000000000000E+15
        4.615631580352783203125000000000   -1.552415794921472000000000000000E+15
        4.616631507873535156250000000000   -1.566343836991488000000000000000E+15
        4.617631435394287109375000000000   -1.580399922774016000000000000000E+15
        4.618631362915039062500000000000   -1.594585662881792000000000000000E+15
        4.619631290435791015625000000000   -1.608902131056640000000000000000E+15
        4.620631217956542968750000000000   -1.623350669475840000000000000000E+15
        4.621631145477294921875000000000   -1.637932351881216000000000000000E+15
        4.622631072998046875000000000000   -1.652648252014592000000000000000E+15
        4.623631000518798828125000000000   -1.667499712053248000000000000000E+15
        4.624630928039550781250000000000   -1.682487805739008000000000000000E+15
        4.625630855560302734375000000000   -1.697614412120064000000000000000E+15
        4.626630783081054687500000000000   -1.712880604938240000000000000000E+15
        4.627630710601806640625000000000   -1.728287726370816000000000000000E+15
        4.628630638122558593750000000000   -1.743837118595072000000000000000E+15
        4.629630565643310546875000000000   -1.759529855352832000000000000000E+15
        4.630630493164062500000000000000   -1.775367278821376000000000000000E+15
        4.631630420684814453125000000000   -1.791351268048896000000000000000E+15
        4.632630348205566406250000000000   -1.807482896777216000000000000000E+15
        4.633630275726318359375000000000   -1.823763507183616000000000000000E+15
        4.634630203247070312500000000000   -1.840194441445376000000000000000E+15
        4.635630130767822265625000000000   -1.856777310175232000000000000000E+15
        4.636630058288574218750000000000   -1.873513455550464000000000000000E+15
        4.637629985809326171875000000000   -1.890404488183808000000000000000E+15
        4.638629913330078125000000000000   -1.907452018688000000000000000000E+15
        4.639629840850830078125000000000   -1.924657389240320000000000000000E+15
        4.640629768371582031250000000000   -1.942021942018048000000000000000E+15
        4.641629695892333984375000000000   -1.959547287633920000000000000000E+15
        4.642629623413085937500000000000   -1.977234768265216000000000000000E+15
        4.643629550933837890625000000000   -1.995085726089216000000000000000E+15
        4.644629478454589843750000000000   -2.013102308589568000000000000000E+15
        4.645629405975341796875000000000   -2.031285857943552000000000000000E+15
        4.646629333496093750000000000000   -2.049637984763904000000000000000E+15
        4.647629261016845703125000000000   -2.068160299663360000000000000000E+15
        4.648629188537597656250000000000   -2.086854144819200000000000000000E+15
        4.649629116058349609375000000000   -2.105721130844160000000000000000E+15
        4.650629043579101562500000000000   -2.124763405221888000000000000000E+15
        4.651628971099853515625000000000   -2.143982578565120000000000000000E+15
        4.652628898620605468750000000000   -2.163380261486592000000000000000E+15
        4.653628826141357421875000000000   -2.182958064599040000000000000000E+15
        4.654628753662109375000000000000   -2.202717598515200000000000000000E+15
        4.655628681182861328125000000000   -2.222660473847808000000000000000E+15
        4.656628608703613281250000000000   -2.242788301209600000000000000000E+15
        4.657628536224365234375000000000   -2.263103093866496000000000000000E+15
        4.658628463745117187500000000000   -2.283606730866688000000000000000E+15
        4.659628391265869140625000000000   -2.304300957040640000000000000000E+15
        4.660628318786621093750000000000   -2.325187383001088000000000000000E+15
        4.661628246307373046875000000000   -2.346267619360768000000000000000E+15
        4.662628173828125000000000000000   -2.367543813603328000000000000000E+15
        4.663628101348876953125000000000   -2.389018113212416000000000000000E+15
        4.664628028869628906250000000000   -2.410692128800768000000000000000E+15
        4.665627956390380859375000000000   -2.432568007852032000000000000000E+15
        4.666627883911132812500000000000   -2.454647360978944000000000000000E+15
        4.667627811431884765625000000000   -2.476932335665152000000000000000E+15
        4.668627738952636718750000000000   -2.499424542523392000000000000000E+15
        4.669627666473388671875000000000   -2.522126665908224000000000000000E+15
        4.670627593994140625000000000000   -2.545040316432384000000000000000E+15
        4.671627521514892578125000000000   -2.568167641579520000000000000000E+15
        4.672627449035644531250000000000   -2.591510251962368000000000000000E+15
        4.673627376556396484375000000000   -2.615070295064576000000000000000E+15
        4.674627304077148437500000000000   -2.638849918369792000000000000000E+15
        4.675627231597900390625000000000   -2.662851269361664000000000000000E+15
        4.676627159118652343750000000000   -2.687076495523840000000000000000E+15
        4.677627086639404296875000000000   -2.711527744339968000000000000000E+15
        4.678627014160156250000000000000   -2.736207163293696000000000000000E+15
        4.679626941680908203125000000000   -2.761116899868672000000000000000E+15
        4.680626869201660156250000000000   -2.786259101548544000000000000000E+15
        4.681626796722412109375000000000   -2.811635915816960000000000000000E+15
        4.682626724243164062500000000000   -2.837250027028480000000000000000E+15
        4.683626651763916015625000000000   -2.863103582666752000000000000000E+15
        4.684626579284667968750000000000   -2.889198730215424000000000000000E+15
        4.685626506805419921875000000000   -2.915537617158144000000000000000E+15
        4.686626434326171875000000000000   -2.942122390978560000000000000000E+15
        4.687626361846923828125000000000   -2.968955736031232000000000000000E+15
        4.688626289367675781250000000000   -2.996039799799808000000000000000E+15
        4.689626216888427734375000000000   -3.023377266638848000000000000000E+15
        4.690626144409179687500000000000   -3.050970820902912000000000000000E+15
        4.691626071929931640625000000000   -3.078822610075648000000000000000E+15
        4.692625999450683593750000000000   -3.106934781640704000000000000000E+15
        4.693625926971435546875000000000   -3.135310019952640000000000000000E+15
        4.694625854492187500000000000000   -3.163950472495104000000000000000E+15
        4.695625782012939453125000000000   -3.192859360493568000000000000000E+15
        4.696625709533691406250000000000   -3.222039368302592000000000000000E+15
        4.697625637054443359375000000000   -3.251492643405824000000000000000E+15
        4.698625564575195312500000000000   -3.281221870157824000000000000000E+15
        4.699625492095947265625000000000   -3.311229732913152000000000000000E+15
        4.700625419616699218750000000000   -3.341518379155456000000000000000E+15
        4.701625347137451171875000000000   -3.372091566981120000000000000000E+15
        4.702625274658203125000000000000   -3.402951980744704000000000000000E+15
        4.703625202178955078125000000000   -3.434102304800768000000000000000E+15
        4.704625129699707031250000000000   -3.465544686632960000000000000000E+15
        4.705625057220458984375000000000   -3.497281810595840000000000000000E+15
        4.706624984741210937500000000000   -3.529316361043968000000000000000E+15
        4.707624912261962890625000000000   -3.561651559202816000000000000000E+15
        4.708624839782714843750000000000   -3.594290626297856000000000000000E+15
        4.709624767303466796875000000000   -3.627236246683648000000000000000E+15
        4.710624694824218750000000000000   -3.660491641585664000000000000000E+15
        4.711624622344970703125000000000   -3.694059495358464000000000000000E+15
        4.712624549865722656250000000000   -3.727942492356608000000000000000E+15
        4.713624477386474609375000000000   -3.762143853805568000000000000000E+15
        4.714624404907226562500000000000   -3.796667337801728000000000000000E+15
        4.715624332427978515625000000000   -3.831515628699648000000000000000E+15
        4.716624259948730468750000000000   -3.866691947724800000000000000000E+15
        4.717624187469482421875000000000   -3.902198979231744000000000000000E+15
        4.718624114990234375000000000000   -3.938039944445952000000000000000E+15
        4.719624042510986328125000000000   -3.974218064592896000000000000000E+15
        4.720623970031738281250000000000   -4.010737097768960000000000000000E+15
        4.721623897552490234375000000000   -4.047600265199616000000000000000E+15
        4.722623825073242187500000000000   -4.084810788110336000000000000000E+15
        4.723623752593994140625000000000   -4.122371887726592000000000000000E+15
        4.724623680114746093750000000000   -4.160286785273856000000000000000E+15
        4.725623607635498046875000000000   -4.198558701977600000000000000000E+15
        4.726623535156250000000000000000   -4.237190859063296000000000000000E+15
        4.727623462677001953125000000000   -4.276187551498240000000000000000E+15
        4.728623390197753906250000000000   -4.315552537378816000000000000000E+15
        4.729623317718505859375000000000   -4.355289037930496000000000000000E+15
        4.730623245239257812500000000000   -4.395400274378752000000000000000E+15
        4.731623172760009765625000000000   -4.435890004819968000000000000000E+15
        4.732623100280761718750000000000   -4.476761450479616000000000000000E+15
        4.733623027801513671875000000000   -4.518019443195904000000000000000E+15
        4.734622955322265625000000000000   -4.559667204194304000000000000000E+15
        4.735622882843017578125000000000   -4.601709028442112000000000000000E+15
        4.736622810363769531250000000000   -4.644148137164800000000000000000E+15
        4.737622737884521484375000000000   -4.686987751587840000000000000000E+15
        4.738622665405273437500000000000   -4.730232166678528000000000000000E+15
        4.739622592926025390625000000000   -4.773885677404160000000000000000E+15
        4.740622520446777343750000000000   -4.817952578732032000000000000000E+15
        4.741622447967529296875000000000   -4.862436091887616000000000000000E+15
        4.742622375488281250000000000000   -4.907340511838208000000000000000E+15
        4.743622303009033203125000000000   -4.952670133551104000000000000000E+15
        4.744622230529785156250000000000   -4.998428178251776000000000000000E+15
        4.745622158050537109375000000000   -5.044620014649344000000000000000E+15
        4.746622085571289062500000000000   -5.091249937711104000000000000000E+15
        4.747622013092041015625000000000   -5.138321168662528000000000000000E+15
        4.748621940612792968750000000000   -5.185838002470912000000000000000E+15
        4.749621868133544921875000000000   -5.233804734103552000000000000000E+15
        4.750621795654296875000000000000   -5.282225658527744000000000000000E+15
        4.751621723175048828125000000000   -5.331105070710784000000000000000E+15
        4.752621650695800781250000000000   -5.380448339361792000000000000000E+15
        4.753621578216552734375000000000   -5.430259759448064000000000000000E+15
        4.754621505737304687500000000000   -5.480543625936896000000000000000E+15
        4.755621433258056640625000000000   -5.531304233795584000000000000000E+15
        4.756621360778808593750000000000   -5.582545877991424000000000000000E+15
        4.757621288299560546875000000000   -5.634272853491712000000000000000E+15
        4.758621215820312500000000000000   -5.686491602747392000000000000000E+15
        4.759621143341064453125000000000   -5.739206420725760000000000000000E+15
        4.760621070861816406250000000000   -5.792421602394112000000000000000E+15
        4.761620998382568359375000000000   -5.846142516461568000000000000000E+15
        4.762620925903320312500000000000   -5.900373457895424000000000000000E+15
        4.763620853424072265625000000000   -5.955119795404800000000000000000E+15
        4.764620780944824218750000000000   -6.010386897698816000000000000000E+15
        4.765620708465576171875000000000   -6.066180133486592000000000000000E+15
        4.766620635986328125000000000000   -6.122503797735424000000000000000E+15
        4.767620563507080078125000000000   -6.179363259154432000000000000000E+15
        4.768620491027832031250000000000   -6.236763886452736000000000000000E+15
        4.769620418548583984375000000000   -6.294709974597632000000000000000E+15
        4.770620346069335937500000000000   -6.353207966040064000000000000000E+15
        4.771620273590087890625000000000   -6.412263229489152000000000000000E+15
        4.772620201110839843750000000000   -6.471881133654016000000000000000E+15
        4.773620128631591796875000000000   -6.532067047243776000000000000000E+15
        4.774620056152343750000000000000   -6.592826338967552000000000000000E+15
        4.775619983673095703125000000000   -6.654164377534464000000000000000E+15
        4.776619911193847656250000000000   -6.716086531653632000000000000000E+15
        4.777619838714599609375000000000   -6.778599243776000000000000000000E+15
        4.778619766235351562500000000000   -6.841707882610688000000000000000E+15
        4.779619693756103515625000000000   -6.905418890608640000000000000000E+15
        4.780619621276855468750000000000   -6.969737636478976000000000000000E+15
        4.781619548797607421875000000000   -7.034669488930816000000000000000E+15
        4.782619476318359375000000000000   -7.100219816673280000000000000000E+15
        4.783619403839111328125000000000   -7.166396135899136000000000000000E+15
        4.784619331359863281250000000000   -7.233204889059328000000000000000E+15
        4.785619258880615234375000000000   -7.300651444862976000000000000000E+15
        4.786619186401367187500000000000   -7.368742245761024000000000000000E+15
        4.787619113922119140625000000000   -7.437482660462592000000000000000E+15
        4.788619041442871093750000000000   -7.506879131418624000000000000000E+15
        4.789618968963623046875000000000   -7.576939174821888000000000000000E+15
        4.790618896484375000000000000000   -7.647669233123328000000000000000E+15
        4.791618824005126953125000000000   -7.719075748773888000000000000000E+15
        4.792618751525878906250000000000   -7.791165164224512000000000000000E+15
        4.793618679046630859375000000000   -7.863943921926144000000000000000E+15
        4.794618606567382812500000000000   -7.937418464329728000000000000000E+15
        4.795618534088134765625000000000   -8.011597381369856000000000000000E+15
        4.796618461608886718750000000000   -8.086487115497472000000000000000E+15
        4.797618389129638671875000000000   -8.162094109163520000000000000000E+15
        4.798618316650390625000000000000   -8.238424804818944000000000000000E+15
        4.799618244171142578125000000000   -8.315485644914688000000000000000E+15
        4.800618171691894531250000000000   -8.393284145643520000000000000000E+15
        4.801618099212646484375000000000   -8.471826749456384000000000000000E+15
        4.802618026733398437500000000000   -8.551123120029696000000000000000E+15
        4.803617954254150390625000000000   -8.631179699814400000000000000000E+15
        4.804617881774902343750000000000   -8.712004005003264000000000000000E+15
        4.805617809295654296875000000000   -8.793603551789056000000000000000E+15
        4.806617736816406250000000000000   -8.875984782622720000000000000000E+15
        4.807617664337158203125000000000   -8.959155213697024000000000000000E+15
        4.808617591857910156250000000000   -9.043124508688384000000000000000E+15
        4.809617519378662109375000000000   -9.127898573176832000000000000000E+15
        4.810617446899414062500000000000   -9.213486533967872000000000000000E+15
        4.811617374420166015625000000000   -9.299896980996096000000000000000E+15
        4.812617301940917968750000000000   -9.387136356712448000000000000000E+15
        4.813617229461669921875000000000   -9.475213251051520000000000000000E+15
        4.814617156982421875000000000000   -9.564136253947904000000000000000E+15
        4.815617084503173828125000000000   -9.653913955336192000000000000000E+15
        4.816617012023925781250000000000   -9.744554945150976000000000000000E+15
        4.817616939544677734375000000000   -9.836067813326848000000000000000E+15
        4.818616867065429687500000000000   -9.928461149798400000000000000000E+15
        4.819616794586181640625000000000   -1.002174139701657600000000000000E+16
        4.820616722106933593750000000000   -1.011591929239961600000000000000E+16
        4.821616649627685546875000000000   -1.021100342588211200000000000000E+16
        4.822616577148437500000000000000   -1.030700238739865600000000000000E+16
        4.823616504669189453125000000000   -1.040392476688384000000000000000E+16
        4.824616432189941406250000000000   -1.050177915427225600000000000000E+16
        4.825616359710693359375000000000   -1.060057413949849600000000000000E+16
        4.826616287231445312500000000000   -1.070032260746444800000000000000E+16
        4.827616214752197265625000000000   -1.080103314810470400000000000000E+16
        4.828616142272949218750000000000   -1.090271435135385600000000000000E+16
        4.829616069793701171875000000000   -1.100537480714649600000000000000E+16
        4.830615997314453125000000000000   -1.110902525290086400000000000000E+16
        4.831615924835205078125000000000   -1.121367427855155200000000000000E+16
        4.832615852355957031250000000000   -1.131933047403315200000000000000E+16
        4.833615779876708984375000000000   -1.142600672424755200000000000000E+16
        4.834615707397460937500000000000   -1.153371376661299200000000000000E+16
        4.835615634918212890625000000000   -1.164246019106406400000000000000E+16
        4.836615562438964843750000000000   -1.175225673501900800000000000000E+16
        4.837615489959716796875000000000   -1.186311198841241600000000000000E+16
        4.838615417480468750000000000000   -1.197503668866252800000000000000E+16
        4.839615345001220703125000000000   -1.208804372067123200000000000000E+16
        4.840615272521972656250000000000   -1.220214382185676800000000000000E+16
        4.841615200042724609375000000000   -1.231734558215372800000000000000E+16
        4.842615127563476562500000000000   -1.243365973898035200000000000000E+16
        4.843615055084228515625000000000   -1.255109702975488000000000000000E+16
        4.844614982604980468750000000000   -1.266966819189555200000000000000E+16
        4.845614910125732421875000000000   -1.278938825778790400000000000000E+16
        4.846614837646484375000000000000   -1.291026796485017600000000000000E+16
        4.847614765167236328125000000000   -1.303231805050060800000000000000E+16
        4.848614692687988281250000000000   -1.315554925215744000000000000000E+16
        4.849614620208740234375000000000   -1.327997230723891200000000000000E+16
        4.850614547729492187500000000000   -1.340559795316326400000000000000E+16
        4.851614475250244140625000000000   -1.353244122231603200000000000000E+16
        4.852614402770996093750000000000   -1.366051285211545600000000000000E+16
        4.853614330291748046875000000000   -1.378982572746342400000000000000E+16
        4.854614257812500000000000000000   -1.392039058577817600000000000000E+16
        4.855614185333251953125000000000   -1.405222031196160000000000000000E+16
        4.856614112854003906250000000000   -1.418532564343193600000000000000E+16
        4.857614040374755859375000000000   -1.431972376005836800000000000000E+16
        4.858613967895507812500000000000   -1.445542539925913600000000000000E+16
        4.859613895416259765625000000000   -1.459244344593612800000000000000E+16
        4.860613822937011718750000000000   -1.473079078499123200000000000000E+16
        4.861613750457763671875000000000   -1.487048030132633600000000000000E+16
        4.862613677978515625000000000000   -1.501152487984332800000000000000E+16
        4.863613605499267578125000000000   -1.515393955292774400000000000000E+16
        4.864613533020019531250000000000   -1.529773720548147200000000000000E+16
        4.865613460540771484375000000000   -1.544293072240640000000000000000E+16
        4.866613388061523437500000000000   -1.558953513608806400000000000000E+16
        4.867613315582275390625000000000   -1.573756333142835200000000000000E+16
        4.868613243103027343750000000000   -1.588702819332915200000000000000E+16
        4.869613170623779296875000000000   -1.603794690165964800000000000000E+16
        4.870613098144531250000000000000   -1.619033448880537600000000000000E+16
        4.871613025665283203125000000000   -1.634420383966822400000000000000E+16
        4.872612953186035156250000000000   -1.649956998663372800000000000000E+16
        4.873612880706787109375000000000   -1.665644581460377600000000000000E+16
        4.874612808227539062500000000000   -1.681484635596390400000000000000E+16
        4.875612735748291015625000000000   -1.697478664309964800000000000000E+16
        4.876612663269042968750000000000   -1.713628600336384000000000000000E+16
        4.877612590789794921875000000000   -1.729935732165836800000000000000E+16
        4.878612518310546875000000000000   -1.746401563036876800000000000000E+16
        4.879612445831298828125000000000   -1.763027596188057600000000000000E+16
        4.880612373352050781250000000000   -1.779815549606297600000000000000E+16
        4.881612300872802734375000000000   -1.796766926530150400000000000000E+16
        4.882612228393554687500000000000   -1.813883659694899200000000000000E+16
        4.883612155914306640625000000000   -1.831167467087462400000000000000E+16
        4.884612083435058593750000000000   -1.848619637198028800000000000000E+16
        4.885612010955810546875000000000   -1.866241888013516800000000000000E+16
        4.886611938476562500000000000000   -1.884035937520844800000000000000E+16
        4.887611865997314453125000000000   -1.902003503706931200000000000000E+16
        4.888611793518066406250000000000   -1.920146734055424000000000000000E+16
        4.889611721038818359375000000000   -1.938467346553241600000000000000E+16
        4.890611648559570312500000000000   -1.956966629690572800000000000000E+16
        4.891611576080322265625000000000   -1.975646301454336000000000000000E+16
        4.892611503601074218750000000000   -1.994508079831449600000000000000E+16
        4.893611431121826171875000000000   -2.013553682808832000000000000000E+16
        4.894611358642578125000000000000   -2.032785687366860800000000000000E+16
        4.895611286163330078125000000000   -2.052205811492454400000000000000E+16
        4.896611213684082031250000000000   -2.071815773172531200000000000000E+16
        4.897611141204833984375000000000   -2.091617290394009600000000000000E+16
        4.898611068725585937500000000000   -2.111612081143808000000000000000E+16
        4.899610996246337890625000000000   -2.131802292905574400000000000000E+16
        4.900610923767089843750000000000   -2.152190073162956800000000000000E+16
        4.901610851287841796875000000000   -2.172777569399603200000000000000E+16
        4.902610778808593750000000000000   -2.193566499602432000000000000000E+16
        4.903610706329345703125000000000   -2.214559011255091200000000000000E+16
        4.904610633850097656250000000000   -2.235756822344499200000000000000E+16
        4.905610561370849609375000000000   -2.257162080354304000000000000000E+16
        4.906610488891601562500000000000   -2.278777362264883200000000000000E+16
        4.907610416412353515625000000000   -2.300604386063155200000000000000E+16
        4.908610343933105468750000000000   -2.322645299232768000000000000000E+16
        4.909610271453857421875000000000   -2.344902249257369600000000000000E+16
        4.910610198974609375000000000000   -2.367377383620608000000000000000E+16
        4.911610126495361328125000000000   -2.390072849806131200000000000000E+16
        4.912610054016113281250000000000   -2.412991224794316800000000000000E+16
        4.913609981536865234375000000000   -2.436134656068812800000000000000E+16
        4.914609909057617187500000000000   -2.459505291113267200000000000000E+16
        4.915609836578369140625000000000   -2.483105277411328000000000000000E+16
        4.916609764099121093750000000000   -2.506936762446643200000000000000E+16
        4.917609691619873046875000000000   -2.531001893702860800000000000000E+16
        4.918609619140625000000000000000   -2.555303677657088000000000000000E+16
        4.919609546661376953125000000000   -2.579844261792972800000000000000E+16
        4.920609474182128906250000000000   -2.604625793594163200000000000000E+16
        4.921609401702880859375000000000   -2.629650850041036800000000000000E+16
        4.922609329223632812500000000000   -2.654921578617241600000000000000E+16
        4.923609256744384765625000000000   -2.680440556303155200000000000000E+16
        4.924609184265136718750000000000   -2.706210789575884800000000000000E+16
        4.925609111785888671875000000000   -2.732234425919078400000000000000E+16
        4.926609039306640625000000000000   -2.758514042313113600000000000000E+16
        4.927608966827392578125000000000   -2.785052215738368000000000000000E+16
        4.928608894348144531250000000000   -2.811851523175219200000000000000E+16
        4.929608821868896484375000000000   -2.838914112107315200000000000000E+16
        4.930608749389648437500000000000   -2.866243418508492800000000000000E+16
        4.931608676910400390625000000000   -2.893842019359129600000000000000E+16
        4.932608604431152343750000000000   -2.921712491639603200000000000000E+16
        4.933608531951904296875000000000   -2.949857412330291200000000000000E+16
        4.934608459472656250000000000000   -2.978279358411571200000000000000E+16
        4.935608386993408203125000000000   -3.006980906863820800000000000000E+16
        4.936608314514160156250000000000   -3.035965493660876800000000000000E+16
        4.937608242034912109375000000000   -3.065236125279846400000000000000E+16
        4.938608169555664062500000000000   -3.094795378701107200000000000000E+16
        4.939608097076416015625000000000   -3.124646260401766400000000000000E+16
        4.940608024597167968750000000000   -3.154791347362201600000000000000E+16
        4.941607952117919921875000000000   -3.185233646059520000000000000000E+16
        4.942607879638671875000000000000   -3.215976592467558400000000000000E+16
        4.943607807159423828125000000000   -3.247023193063424000000000000000E+16
        4.944607734680175781250000000000   -3.278376454324224000000000000000E+16
        4.945607662200927734375000000000   -3.310039382727065600000000000000E+16
        4.946607589721679687500000000000   -3.342014984749056000000000000000E+16
        4.947607517242431640625000000000   -3.374306266867302400000000000000E+16
        4.948607444763183593750000000000   -3.406917094552371200000000000000E+16
        4.949607372283935546875000000000   -3.439850474281369600000000000000E+16
        4.950607299804687500000000000000   -3.473109412531404800000000000000E+16
        4.951607227325439453125000000000   -3.506696915779584000000000000000E+16
        4.952607154846191406250000000000   -3.540616419999744000000000000000E+16
        4.953607082366943359375000000000   -3.574870931668992000000000000000E+16
        4.954607009887695312500000000000   -3.609464745754624000000000000000E+16
        4.955606937408447265625000000000   -3.644401298230476800000000000000E+16
        4.956606864929199218750000000000   -3.679684025070387200000000000000E+16
        4.957606792449951171875000000000   -3.715315503254732800000000000000E+16
        4.958606719970703125000000000000   -3.751299168757350400000000000000E+16
        4.959606647491455078125000000000   -3.787638457552076800000000000000E+16
        4.960606575012207031250000000000   -3.824337664606208000000000000000E+16
        4.961606502532958984375000000000   -3.861401084887040000000000000000E+16
        4.962606430053710937500000000000   -3.898832154368409600000000000000E+16
        4.963606357574462890625000000000   -3.936634309024153600000000000000E+16
        4.964606285095214843750000000000   -3.974810984828108800000000000000E+16
        4.965606212615966796875000000000   -4.013365617754112000000000000000E+16
        4.966606140136718750000000000000   -4.052303361762918400000000000000E+16
        4.967606067657470703125000000000   -4.091627652828364800000000000000E+16
        4.968605995178222656250000000000   -4.131341926924288000000000000000E+16
        4.969605922698974609375000000000   -4.171450479017984000000000000000E+16
        4.970605850219726562500000000000   -4.211956745083289600000000000000E+16
        4.971605777740478515625000000000   -4.252865020087500800000000000000E+16
        4.972605705261230468750000000000   -4.294179598997913600000000000000E+16
        4.973605632781982421875000000000   -4.335904776781824000000000000000E+16
        4.974605560302734375000000000000   -4.378044848406528000000000000000E+16
        4.975605487823486328125000000000   -4.420603249845862400000000000000E+16
        4.976605415344238281250000000000   -4.463584276067123200000000000000E+16
        4.977605342864990234375000000000   -4.506992222037606400000000000000E+16
        4.978605270385742187500000000000   -4.550832241718067200000000000000E+16
        4.979605197906494140625000000000   -4.595108630075801600000000000000E+16
        4.980605125427246093750000000000   -4.639825682078105600000000000000E+16
        4.981605052947998046875000000000   -4.684987692692275200000000000000E+16
        4.982604980468750000000000000000   -4.730598956885606400000000000000E+16
        4.983604907989501953125000000000   -4.776663769625395200000000000000E+16
        4.984604835510253906250000000000   -4.823187284872396800000000000000E+16
        4.985604763031005859375000000000   -4.870173797593907200000000000000E+16
        4.986604690551757812500000000000   -4.917628461750681600000000000000E+16
        4.987604618072509765625000000000   -4.965555572310016000000000000000E+16
        4.988604545593261718750000000000   -5.013959424239206400000000000000E+16
        4.989604473114013671875000000000   -5.062845171499008000000000000000E+16
        4.990604400634765625000000000000   -5.112218827043635200000000000000E+16
        4.991604328155517578125000000000   -5.162084685840384000000000000000E+16
        4.992604255676269531250000000000   -5.212447901850009600000000000000E+16
        4.993604183197021484375000000000   -5.263312770039808000000000000000E+16
        4.994604110717773437500000000000   -5.314684444370534400000000000000E+16
        4.995604038238525390625000000000   -5.366568078802944000000000000000E+16
        4.996603965759277343750000000000   -5.418969686291251200000000000000E+16
        4.997603893280029296875000000000   -5.471894420796211200000000000000E+16
        4.998603820800781250000000000000   -5.525347436278579200000000000000E+16
        4.999603748321533203125000000000   -5.579333886699110400000000000000E+16
        5.000603675842285156250000000000   -5.633858926018560000000000000000E+16
        5.001603603363037109375000000000   -5.688927708197683200000000000000E+16
        5.002603530883789062500000000000   -5.744547105184153600000000000000E+16
        5.003603458404541015625000000000   -5.800722270938726400000000000000E+16
        5.004603385925292968750000000000   -5.857459218415616000000000000000E+16
        5.005603313446044921875000000000   -5.914763101575577600000000000000E+16
        5.006603240966796875000000000000   -5.972639933372825600000000000000E+16
        5.007603168487548828125000000000   -6.031094867768115200000000000000E+16
        5.008603096008300781250000000000   -6.090134776709120000000000000000E+16
        5.009603023529052734375000000000   -6.149765673150054400000000000000E+16
        5.010602951049804687500000000000   -6.209993570045132800000000000000E+16
        5.011602878570556640625000000000   -6.270824480348569600000000000000E+16
        5.012602806091308593750000000000   -6.332263558021120000000000000000E+16
        5.013602733612060546875000000000   -6.394316816016998400000000000000E+16
        5.014602661132812500000000000000   -6.456991985277337600000000000000E+16
        5.015602588653564453125000000000   -6.520295078756352000000000000000E+16
        5.016602516174316406250000000000   -6.584232109408256000000000000000E+16
        5.017602443695068359375000000000   -6.648809949180723200000000000000E+16
        5.018602371215820312500000000000   -6.714034611027968000000000000000E+16
        5.019602298736572265625000000000   -6.779912107904204800000000000000E+16
        5.020602226257324218750000000000   -6.846451029744025600000000000000E+16
        5.021602153778076171875000000000   -6.913657389501644800000000000000E+16
        5.022602081298828125000000000000   -6.981538059124736000000000000000E+16
        5.023602008819580078125000000000   -7.050099910560972800000000000000E+16
        5.024601936340332031250000000000   -7.119348956764569600000000000000E+16
        5.025601863861083984375000000000   -7.189292069683200000000000000000E+16
        5.026601791381835937500000000000   -7.259937839251456000000000000000E+16
        5.027601718902587890625000000000   -7.331292707920281600000000000000E+16
        5.028601646423339843750000000000   -7.403363977134080000000000000000E+16
        5.029601573944091796875000000000   -7.476158518840524800000000000000E+16
        5.030601501464843750000000000000   -7.549683204987289600000000000000E+16
        5.031601428985595703125000000000   -7.623946625508966400000000000000E+16
        5.032601356506347656250000000000   -7.698957370340147200000000000000E+16
        5.033601284027099609375000000000   -7.774722311428505600000000000000E+16
        5.034601211547851562500000000000   -7.851248320721715200000000000000E+16
        5.035601139068603515625000000000   -7.928543988154368000000000000000E+16
        5.036601066589355468750000000000   -8.006616185674137600000000000000E+16
        5.037600994110107421875000000000   -8.085473503215616000000000000000E+16
        5.038600921630859375000000000000   -8.165124530713395200000000000000E+16
        5.039600849151611328125000000000   -8.245577858102067200000000000000E+16
        5.040600776672363281250000000000   -8.326840357329305600000000000000E+16
        5.041600704193115234375000000000   -8.408920618329702400000000000000E+16
        5.042600631713867187500000000000   -8.491827231037849600000000000000E+16
        5.043600559234619140625000000000   -8.575568785388339200000000000000E+16
        5.044600486755371093750000000000   -8.660155589302681600000000000000E+16
        5.045600414276123046875000000000   -8.745594514728550400000000000000E+16
        5.046600341796875000000000000000   -8.831894151600537600000000000000E+16
        5.047600269317626953125000000000   -8.919063089853235200000000000000E+16
        5.048600196838378906250000000000   -9.007109919421235200000000000000E+16
        5.049600124359130859375000000000   -9.096043230239129600000000000000E+16
        5.050600051879882812500000000000   -9.185875048215347200000000000000E+16
        5.051599979400634765625000000000   -9.276613963284480000000000000000E+16
        5.052599906921386718750000000000   -9.368268565381120000000000000000E+16
        5.053599834442138671875000000000   -9.460847444439859200000000000000E+16
        5.054599761962890625000000000000   -9.554360908382208000000000000000E+16
        5.055599689483642578125000000000   -9.648817547142758400000000000000E+16
        5.056599617004394531250000000000   -9.744229386629939200000000000000E+16
        5.057599544525146484375000000000   -9.840605016778342400000000000000E+16
        5.058599472045898437500000000000   -9.937954745509478400000000000000E+16
        5.059599399566650390625000000000   -1.003628716275793920000000000000E+17
        5.060599327087402343750000000000   -1.013561257644523520000000000000E+17
        5.061599254608154296875000000000   -1.023594301247979520000000000000E+17
        5.062599182128906250000000000000   -1.033728877878312960000000000000E+17
        5.063599109649658203125000000000   -1.043966018327674880000000000000E+17
        5.064599037170410156250000000000   -1.054306753388216320000000000000E+17
        5.065598964691162109375000000000   -1.064752113852088320000000000000E+17
        5.066598892211914062500000000000   -1.075303130511441920000000000000E+17
        5.067598819732666015625000000000   -1.085961005957120000000000000000E+17
        5.068598747253417968750000000000   -1.096726770981273600000000000000E+17
        5.069598674774169921875000000000   -1.107601628174745600000000000000E+17
        5.070598602294921875000000000000   -1.118586608329687040000000000000E+17
        5.071598529815673828125000000000   -1.129682742238248960000000000000E+17
        5.072598457336425781250000000000   -1.140891232491274240000000000000E+17
        5.073598384857177734375000000000   -1.152213453478297600000000000000E+17
        5.074598312377929687500000000000   -1.163650435991470080000000000000E+17
        5.075598239898681640625000000000   -1.175203382621634560000000000000E+17
        5.076598167419433593750000000000   -1.186873495959633920000000000000E+17
        5.077598094940185546875000000000   -1.198661806797619200000000000000E+17
        5.078598022460937500000000000000   -1.210569517726433280000000000000E+17
        5.079597949981689453125000000000   -1.222598174934302720000000000000E+17
        5.080597877502441406250000000000   -1.234748981012070400000000000000E+17
        5.081597805023193359375000000000   -1.247023138550579200000000000000E+17
        5.082597732543945312500000000000   -1.259421850140672000000000000000E+17
        5.083597660064697265625000000000   -1.271946318373191680000000000000E+17
        5.084597587585449218750000000000   -1.284597917637672960000000000000E+17
        5.085597515106201171875000000000   -1.297378194122342400000000000000E+17
        5.086597442626953125000000000000   -1.310288350418042880000000000000E+17
        5.087597370147705078125000000000   -1.323329760914309120000000000000E+17
        5.088597297668457031250000000000   -1.336503628201984000000000000000E+17
        5.089597225189208984375000000000   -1.349811326670602240000000000000E+17
        5.090597152709960937500000000000   -1.363254230709698560000000000000E+17
        5.091597080230712890625000000000   -1.376833886507499520000000000000E+17
        5.092597007751464843750000000000   -1.390551668453539840000000000000E+17
        5.093596935272216796875000000000   -1.404408950937354240000000000000E+17
        5.094596862792968750000000000000   -1.418407280147169280000000000000E+17
        5.095596790313720703125000000000   -1.432548030472519680000000000000E+17
        5.096596717834472656250000000000   -1.446832576302940160000000000000E+17
        5.097596645355224609375000000000   -1.461262807424040960000000000000E+17
        5.098596572875976562500000000000   -1.475840098225356800000000000000E+17
        5.099596500396728515625000000000   -1.490565823096422400000000000000E+17
        5.100596427917480468750000000000   -1.505441356426772480000000000000E+17
        5.101596355438232421875000000000   -1.520468416203325440000000000000E+17
        5.102596282958984375000000000000   -1.535648376815616000000000000000E+17
        5.103596210479736328125000000000   -1.550983299847946240000000000000E+17
        5.104596138000488281250000000000   -1.566474559689850880000000000000E+17
        5.105596065521240234375000000000   -1.582123874328248320000000000000E+17
        5.106595993041992187500000000000   -1.597932618152673280000000000000E+17
        5.107595920562744140625000000000   -1.613902509150044160000000000000E+17
        5.108595848083496093750000000000   -1.630035608904663040000000000000E+17
        5.109595775604248046875000000000   -1.646333635403448320000000000000E+17
        5.110595703125000000000000000000   -1.662797963035934720000000000000E+17
        5.111595630645751953125000000000   -1.679430309789040640000000000000E+17
        5.112595558166503906250000000000   -1.696232393649684480000000000000E+17
        5.113595485687255859375000000000   -1.713205932604784640000000000000E+17
        5.114595413208007812500000000000   -1.730352988238643200000000000000E+17
        5.115595340728759765625000000000   -1.747675278538178560000000000000E+17
        5.116595268249511718750000000000   -1.765174521490309120000000000000E+17
        5.117595195770263671875000000000   -1.782852778679336960000000000000E+17
        5.118595123291015625000000000000   -1.800711768092180480000000000000E+17
        5.119595050811767578125000000000   -1.818753207715758080000000000000E+17
        5.120594978332519531250000000000   -1.836979502731755520000000000000E+17
        5.121594905853271484375000000000   -1.855392371127091200000000000000E+17
        5.122594833374023437500000000000   -1.873993530888683520000000000000E+17
        5.123594760894775390625000000000   -1.892785043600834560000000000000E+17
        5.124594688415527343750000000000   -1.911768970847846400000000000000E+17
        5.125594615936279296875000000000   -1.930947030616637440000000000000E+17
        5.126594543457031250000000000000   -1.950321628088893440000000000000E+17
        5.127594470977783203125000000000   -1.969894824848916480000000000000E+17
        5.128594398498535156250000000000   -1.989668682481008640000000000000E+17
        5.129594326019287109375000000000   -2.009645262569472000000000000000E+17
        5.130594253540039062500000000000   -2.029826283101224960000000000000E+17
        5.131594181060791015625000000000   -2.050213805660569600000000000000E+17
        5.132594108581542968750000000000   -2.070810579026575360000000000000E+17
        5.133594036102294921875000000000   -2.091618664783544320000000000000E+17
        5.134593963623046875000000000000   -2.112640124515778560000000000000E+17
        5.135593891143798828125000000000   -2.133877019807580160000000000000E+17
        5.136593818664550781250000000000   -2.155331755840634880000000000000E+17
        5.137593746185302734375000000000   -2.177007081394012160000000000000E+17
        5.138593673706054687500000000000   -2.198905058052014080000000000000E+17
        5.139593601226806640625000000000   -2.221028090996326400000000000000E+17
        5.140593528747558593750000000000   -2.243378241811251200000000000000E+17
        5.141593456268310546875000000000   -2.265957915678474240000000000000E+17
        5.142593383789062500000000000000   -2.288769517779681280000000000000E+17
        5.143593311309814453125000000000   -2.311815796893941760000000000000E+17
        5.144593238830566406250000000000   -2.335099158202941440000000000000E+17
        5.145593166351318359375000000000   -2.358622006888366080000000000000E+17
        5.146593093872070312500000000000   -2.382386748131901440000000000000E+17
        5.147593021392822265625000000000   -2.406395787115233280000000000000E+17
        5.148592948913574218750000000000   -2.430651529020047360000000000000E+17
        5.149592876434326171875000000000   -2.455157066222796800000000000000E+17
        5.150592803955078125000000000000   -2.479914803905167360000000000000E+17
        5.151592731475830078125000000000   -2.504927490846228480000000000000E+17
        5.152592658996582031250000000000   -2.530197532227665920000000000000E+17
        5.153592586517333984375000000000   -2.555727676828549120000000000000E+17
        5.154592514038085937500000000000   -2.581520329830563840000000000000E+17
        5.155592441558837890625000000000   -2.607578927207546880000000000000E+17
        5.156592369079589843750000000000   -2.633906217738567680000000000000E+17
        5.157592296600341796875000000000   -2.660504950202695680000000000000E+17
        5.158592224121093750000000000000   -2.687377873379000320000000000000E+17
        5.159592151641845703125000000000   -2.714527736046551040000000000000E+17
        5.160592079162597656250000000000   -2.741957286984417280000000000000E+17
        5.161592006683349609375000000000   -2.769669962166435840000000000000E+17
        5.162591934204101562500000000000   -2.797668510371676160000000000000E+17
        5.163591861724853515625000000000   -2.825956023976591360000000000000E+17
        5.164591789245605468750000000000   -2.854535251760250880000000000000E+17
        5.165591716766357421875000000000   -2.883409457897799680000000000000E+17
        5.166591644287109375000000000000   -2.912581906564382720000000000000E+17
        5.167591571807861328125000000000   -2.942056033733836800000000000000E+17
        5.168591499328613281250000000000   -2.971834588185231360000000000000E+17
        5.169591426849365234375000000000   -3.001920318697635840000000000000E+17
        5.170591354370117187500000000000   -3.032316661244887040000000000000E+17
        5.171591281890869140625000000000   -3.063027051800821760000000000000E+17
        5.172591209411621093750000000000   -3.094054926339276800000000000000E+17
        5.173591136932373046875000000000   -3.125403720834088960000000000000E+17
        5.174591064453125000000000000000   -3.157076871259095040000000000000E+17
        5.175590991973876953125000000000   -3.189077126393364480000000000000E+17
        5.176590919494628906250000000000   -3.221407922210734080000000000000E+17
        5.177590847015380859375000000000   -3.254072694685040640000000000000E+17
        5.178590774536132812500000000000   -3.287075566984888320000000000000E+17
        5.179590702056884765625000000000   -3.320419975084113920000000000000E+17
        5.180590629577636718750000000000   -3.354109354956554240000000000000E+17
        5.181590557098388671875000000000   -3.388147142576046080000000000000E+17
        5.182590484619140625000000000000   -3.422537461111193600000000000000E+17
        5.183590412139892578125000000000   -3.457283746535833600000000000000E+17
        5.184590339660644531250000000000   -3.492390122018570240000000000000E+17
        5.185590267181396484375000000000   -3.527860023533240320000000000000E+17
        5.186590194702148437500000000000   -3.563697574248448000000000000000E+17
        5.187590122222900390625000000000   -3.599906210138030080000000000000E+17
        5.188590049743652343750000000000   -3.636490054370590720000000000000E+17
        5.189589977264404296875000000000   -3.673453917309501440000000000000E+17
        5.190589904785156250000000000000   -3.710801234928599040000000000000E+17
        5.191589832305908203125000000000   -3.748536130396487680000000000000E+17
        5.192589759826660156250000000000   -3.786662726881771520000000000000E+17
        5.193589687347412109375000000000   -3.825184460358287360000000000000E+17
        5.194589614868164062500000000000   -3.864105453994639360000000000000E+17
        5.195589542388916015625000000000   -3.903431205348966400000000000000E+17
        5.196589469909667968750000000000   -3.943165837589872640000000000000E+17
        5.197589397430419921875000000000   -3.983313473885962240000000000000E+17
        5.198589324951171875000000000000   -4.023878237405839360000000000000E+17
        5.199589252471923828125000000000   -4.064864251318108160000000000000E+17
        5.200589179992675781250000000000   -4.106275638791372800000000000000E+17
        5.201589107513427734375000000000   -4.148117897383772160000000000000E+17
        5.202589035034179687500000000000   -4.190395150263910400000000000000E+17
        5.203588962554931640625000000000   -4.233112207795159040000000000000E+17
        5.204588890075683593750000000000   -4.276273193146122240000000000000E+17
        5.205588817596435546875000000000   -4.319882916680171520000000000000E+17
        5.206588745117187500000000000000   -4.363945501565911040000000000000E+17
        5.207588672637939453125000000000   -4.408467132556247040000000000000E+17
        5.208588600158691406250000000000   -4.453452620014551040000000000000E+17
        5.209588527679443359375000000000   -4.498906087109427200000000000000E+17
        5.210588455200195312500000000000   -4.544832344204247040000000000000E+17
        5.211588382720947265625000000000   -4.591236201662382080000000000000E+17
        5.212588310241699218750000000000   -4.638123844236738560000000000000E+17
        5.213588237762451171875000000000   -4.685500082290688000000000000000E+17
        5.214588165283203125000000000000   -4.733370413382369280000000000000E+17
        5.215588092803955078125000000000   -4.781739647875153920000000000000E+17
        5.216588020324707031250000000000   -4.830612596132413440000000000000E+17
        5.217587947845458984375000000000   -4.879994755712286720000000000000E+17
        5.218587875366210937500000000000   -4.929892311367680000000000000000E+17
        5.219587802886962890625000000000   -4.980310760656732160000000000000E+17
        5.220587730407714843750000000000   -5.031254913942814720000000000000E+17
        5.221587657928466796875000000000   -5.082730268784066560000000000000E+17
        5.222587585449218750000000000000   -5.134742322738626560000000000000E+17
        5.223587512969970703125000000000   -5.187296573364633600000000000000E+17
        5.224587440490722656250000000000   -5.240399892609761280000000000000E+17
        5.225587368011474609375000000000   -5.294057778032148480000000000000E+17
        5.226587295532226562500000000000   -5.348276414384701440000000000000E+17
        5.227587223052978515625000000000   -5.403061299225559040000000000000E+17
        5.228587150573730468750000000000   -5.458417930112860160000000000000E+17
        5.229587078094482421875000000000   -5.514353866189045760000000000000E+17
        5.230587005615234375000000000000   -5.570874605012254720000000000000E+17
        5.231586933135986328125000000000   -5.627986331335393280000000000000E+17
        5.232586860656738281250000000000   -5.685695229911367680000000000000E+17
        5.233586788177490234375000000000   -5.744007485493084160000000000000E+17
        5.234586715698242187500000000000   -5.802929626430832640000000000000E+17
        5.235586643218994140625000000000   -5.862468868269670400000000000000E+17
        5.236586570739746093750000000000   -5.922632082957271040000000000000E+17
        5.237586498260498046875000000000   -5.983424768051773440000000000000E+17
        5.238586425781250000000000000000   -6.044853795500851200000000000000E+17
        5.239586353302001953125000000000   -6.106926037252177920000000000000E+17
        5.240586280822753906250000000000   -6.169646990863892480000000000000E+17
        5.241586208343505859375000000000   -6.233024902673203200000000000000E+17
        5.242586135864257812500000000000   -6.297066644627783680000000000000E+17
        5.243586063385009765625000000000   -6.361779088675307520000000000000E+17
        5.244585990905761718750000000000   -6.427169106763448320000000000000E+17
        5.245585918426513671875000000000   -6.493243570839879680000000000000E+17
        5.246585845947265625000000000000   -6.560009352852275200000000000000E+17
        5.247585773468017578125000000000   -6.627476073527377920000000000000E+17
        5.248585700988769531250000000000   -6.695650604812861440000000000000E+17
        5.249585628509521484375000000000   -6.764539818656399360000000000000E+17
        5.250585556030273437500000000000   -6.834151961395200000000000000000E+17
        5.251585483551025390625000000000   -6.904493904976936960000000000000E+17
        5.252585411071777343750000000000   -6.975575270128353280000000000000E+17
        5.253585338592529296875000000000   -7.047402928797122560000000000000E+17
        5.254585266113281250000000000000   -7.119985127320453120000000000000E+17
        5.255585193634033203125000000000   -7.193330112035553280000000000000E+17
        5.256585121154785156250000000000   -7.267444754890096640000000000000E+17
        5.257585048675537109375000000000   -7.342337302221291520000000000000E+17
        5.258584976196289062500000000000   -7.418017374755880960000000000000E+17
        5.259584903717041015625000000000   -7.494493218831073280000000000000E+17
        5.260584831237792968750000000000   -7.571773080784076800000000000000E+17
        5.261584758758544921875000000000   -7.649865206952099840000000000000E+17
        5.262584686279296875000000000000   -7.728777843672350720000000000000E+17
        5.263584613800048828125000000000   -7.808519237282037760000000000000E+17
        5.264584541320800781250000000000   -7.889100382897438720000000000000E+17
        5.265584468841552734375000000000   -7.970529526855761920000000000000E+17
        5.266584396362304687500000000000   -8.052816289883750400000000000000E+17
        5.267584323883056640625000000000   -8.135968918318612480000000000000E+17
        5.268584251403808593750000000000   -8.219997032887091200000000000000E+17
        5.269584178924560546875000000000   -8.304911628705464320000000000000E+17
        5.270584106445312500000000000000   -8.390720952110940160000000000000E+17
        5.271584033966064453125000000000   -8.477434623830261760000000000000E+17
        5.272583961486816406250000000000   -8.565062264590172160000000000000E+17
        5.273583889007568359375000000000   -8.653613495117414400000000000000E+17
        5.274583816528320312500000000000   -8.743097936138731520000000000000E+17
        5.275583744049072265625000000000   -8.833526582770401280000000000000E+17
        5.276583671569824218750000000000   -8.924909055739166720000000000000E+17
        5.277583599090576171875000000000   -9.017254975771770880000000000000E+17
        5.278583526611328125000000000000   -9.110575337984491520000000000000E+17
        5.279583454132080078125000000000   -9.204879763104071680000000000000E+17
        5.280583381652832031250000000000   -9.300177871857254400000000000000E+17
        5.281583309173583984375000000000   -9.396482033749852160000000000000E+17
        5.282583236694335937500000000000   -9.493803243898142720000000000000E+17
        5.283583164215087890625000000000   -9.592152497418403840000000000000E+17
        5.284583091735839843750000000000   -9.691539415037378560000000000000E+17
        5.285583019256591796875000000000   -9.791974991871344640000000000000E+17
        5.286582946777343750000000000000   -9.893472971815649280000000000000E+17
        5.287582874298095703125000000000   -9.996044349986570240000000000000E+17
        5.288582801818847656250000000000   -1.009970012150038528000000000000E+18
        5.289582729339599609375000000000   -1.020445128147337216000000000000E+18
        5.290582656860351562500000000000   -1.031030882502180864000000000000E+18
        5.291582584381103515625000000000   -1.041728512165150720000000000000E+18
        5.292582511901855468750000000000   -1.052539391525781504000000000000E+18
        5.293582439422607421875000000000   -1.063464757534654464000000000000E+18
        5.294582366943359375000000000000   -1.074505709703397376000000000000E+18
        5.295582294464111328125000000000   -1.085663484982591488000000000000E+18
        5.296582221984863281250000000000   -1.096939320322818048000000000000E+18
        5.297582149505615234375000000000   -1.108334727552565248000000000000E+18
        5.298582077026367187500000000000   -1.119850943622414336000000000000E+18
        5.299582004547119140625000000000   -1.131489205482946560000000000000E+18
        5.300581932067871093750000000000   -1.143250750084743168000000000000E+18
        5.301581859588623046875000000000   -1.155136745658908672000000000000E+18
        5.302581787109375000000000000000   -1.167148635314454528000000000000E+18
        5.303581714630126953125000000000   -1.179288068318822400000000000000E+18
        5.304581642150878906250000000000   -1.191556144183640064000000000000E+18
        5.305581569671630859375000000000   -1.203954237298442240000000000000E+18
        5.306581497192382812500000000000   -1.216483722052763648000000000000E+18
        5.307581424713134765625000000000   -1.229145972836139008000000000000E+18
        5.308581352233886718750000000000   -1.241942364038103040000000000000E+18
        5.309581279754638671875000000000   -1.254874544926097408000000000000E+18
        5.310581207275390625000000000000   -1.267944164767563776000000000000E+18
        5.311581134796142578125000000000   -1.281152597952036864000000000000E+18
        5.312581062316894531250000000000   -1.294501218869051392000000000000E+18
        5.313580989837646484375000000000   -1.307991401908142080000000000000E+18
        5.314580917358398437500000000000   -1.321625071214657536000000000000E+18
        5.315580844879150390625000000000   -1.335403601178132480000000000000E+18
        5.316580772399902343750000000000   -1.349328641066008576000000000000E+18
        5.317580699920654296875000000000   -1.363401565267820544000000000000E+18
        5.318580627441406250000000000000   -1.377624023051010048000000000000E+18
        5.319580554962158203125000000000   -1.391997663683018752000000000000E+18
        5.320580482482910156250000000000   -1.406524411309195264000000000000E+18
        5.321580410003662109375000000000   -1.421205640319074304000000000000E+18
        5.322580337524414062500000000000   -1.436042999980097536000000000000E+18
        5.323580265045166015625000000000   -1.451038139559706624000000000000E+18
        5.324580192565917968750000000000   -1.466192708325343232000000000000E+18
        5.325580120086669921875000000000   -1.481508905300262912000000000000E+18
        5.326580047607421875000000000000   -1.496988379751907328000000000000E+18
        5.327579975128173828125000000000   -1.512632780947718144000000000000E+18
        5.328579902648925781250000000000   -1.528443758155137024000000000000E+18
        5.329579830169677734375000000000   -1.544422960641605632000000000000E+18
        5.330579757690429687500000000000   -1.560572312552472576000000000000E+18
        5.331579685211181640625000000000   -1.576894012910993408000000000000E+18
        5.332579612731933593750000000000   -1.593389710984609792000000000000E+18
        5.333579540252685546875000000000   -1.610061330918670336000000000000E+18
        5.334579467773437500000000000000   -1.626910796858523648000000000000E+18
        5.335579395294189453125000000000   -1.643939758071611392000000000000E+18
        5.336579322814941406250000000000   -1.661150138703282176000000000000E+18
        5.337579250335693359375000000000   -1.678544412654698496000000000000E+18
        5.338579177856445312500000000000   -1.696124504071208960000000000000E+18
        5.339579105377197265625000000000   -1.713892337098162176000000000000E+18
        5.340579032897949218750000000000   -1.731849835880906752000000000000E+18
        5.341578960418701171875000000000   -1.749998924564791296000000000000E+18
        5.342578887939453125000000000000   -1.768342077050978304000000000000E+18
        5.343578815460205078125000000000   -1.786881217484816384000000000000E+18
        5.344578742980957031250000000000   -1.805618544889561088000000000000E+18
        5.345578670501708984375000000000   -1.824555983410561024000000000000E+18
        5.346578598022460937500000000000   -1.843695732071071744000000000000E+18
        5.347578525543212890625000000000   -1.863039989894348800000000000000E+18
        5.348578453063964843750000000000   -1.882591230781554688000000000000E+18
        5.349578380584716796875000000000   -1.902351653755944960000000000000E+18
        5.350578308105468750000000000000   -1.922323457840775168000000000000E+18
        5.351578235626220703125000000000   -1.942508842059300864000000000000E+18
        5.352578163146972656250000000000   -1.962910005434777600000000000000E+18
        5.353578090667724609375000000000   -1.983529696746274816000000000000E+18
        5.354578018188476562500000000000   -2.004370115017048064000000000000E+18
        5.355577945709228515625000000000   -2.025433734148259840000000000000E+18
        5.356577873229980468750000000000   -2.046722753163165696000000000000E+18
        5.357577800750732421875000000000   -2.068239645962928128000000000000E+18
        5.358577728271484375000000000000   -2.089986886448709632000000000000E+18
        5.359577655792236328125000000000   -2.111967223399579648000000000000E+18
        5.360577583312988281250000000000   -2.134183130716700672000000000000E+18
        5.361577510833740234375000000000   -2.156637082301235200000000000000E+18
        5.362577438354492187500000000000   -2.179331552054345728000000000000E+18
        5.363577365875244140625000000000   -2.202269288755101696000000000000E+18
        5.364577293395996093750000000000   -2.225452766304665600000000000000E+18
        5.365577220916748046875000000000   -2.248885008360013824000000000000E+18
        5.366577148437500000000000000000   -2.272568763700215808000000000000E+18
        5.367577075958251953125000000000   -2.296506506226434048000000000000E+18
        5.368577003479003906250000000000   -2.320700984717737984000000000000E+18
        5.369576930999755859375000000000   -2.345154947953197056000000000000E+18
        5.370576858520507812500000000000   -2.369871694467694592000000000000E+18
        5.371576786041259765625000000000   -2.394853973040300032000000000000E+18
        5.372576713562011718750000000000   -2.420104532450082816000000000000E+18
        5.373576641082763671875000000000   -2.445626121476112384000000000000E+18
        5.374576568603515625000000000000   -2.471421488897458176000000000000E+18
        5.375576496124267578125000000000   -2.497493933249003520000000000000E+18
        5.376576423645019531250000000000   -2.523846753065631744000000000000E+18
        5.377576351165771484375000000000   -2.550483246882226176000000000000E+18
        5.378576278686523437500000000000   -2.577406163477856256000000000000E+18
        5.379576206207275390625000000000   -2.604618251631591424000000000000E+18
        5.380576133728027343750000000000   -2.632122809878315008000000000000E+18
        5.381576061248779296875000000000   -2.659923686508724224000000000000E+18
        5.382575988769531250000000000000   -2.688023630301888512000000000000E+18
        5.383575916290283203125000000000   -2.716425939792691200000000000000E+18
        5.384575843811035156250000000000   -2.745133913516015616000000000000E+18
        5.385575771331787109375000000000   -2.774150850006745088000000000000E+18
        5.386575698852539062500000000000   -2.803480047799762944000000000000E+18
        5.387575626373291015625000000000   -2.833125355185766400000000000000E+18
        5.388575553894042968750000000000   -2.863090070699638784000000000000E+18
        5.389575481414794921875000000000   -2.893377492876263424000000000000E+18
        5.390575408935546875000000000000   -2.923991470006337536000000000000E+18
        5.391575336456298828125000000000   -2.954935300624744448000000000000E+18
        5.392575263977050781250000000000   -2.986212833022181376000000000000E+18
        5.393575191497802734375000000000   -3.017827915489345536000000000000E+18
        5.394575119018554687500000000000   -3.049783846561120256000000000000E+18
        5.395575046539306640625000000000   -3.082084474528202752000000000000E+18
        5.396574974060058593750000000000   -3.114733647681290240000000000000E+18
        5.397574901580810546875000000000   -3.147734664555266048000000000000E+18
        5.398574829101562500000000000000   -3.181091923196641280000000000000E+18
        5.399574756622314453125000000000   -3.214809271896113152000000000000E+18
        5.400574684143066406250000000000   -3.248890558944378880000000000000E+18
        5.401574611663818359375000000000   -3.283339632632135680000000000000E+18
        5.402574539184570312500000000000   -3.318160341250080768000000000000E+18
        5.403574466705322265625000000000   -3.353357632600539136000000000000E+18
        5.404574394226074218750000000000   -3.388935354974208000000000000000E+18
        5.405574321746826171875000000000   -3.424897906417598464000000000000E+18
        5.406574249267578125000000000000   -3.461249135221407744000000000000E+18
        5.407574176788330078125000000000   -3.497993439432146944000000000000E+18
        5.408574104309082031250000000000   -3.535134667340513280000000000000E+18
        5.409574031829833984375000000000   -3.572677766748831744000000000000E+18
        5.410573959350585937500000000000   -3.610627135703613440000000000000E+18
        5.411573886871337890625000000000   -3.648987172251369472000000000000E+18
        5.412573814392089843750000000000   -3.687762274438610944000000000000E+18
        5.413573741912841796875000000000   -3.726956840311848960000000000000E+18
        5.414573669433593750000000000000   -3.766576367429222400000000000000E+18
        5.415573596954345703125000000000   -3.806625253837242368000000000000E+18
        5.416573524475097656250000000000   -3.847107897582419968000000000000E+18
        5.417573451995849609375000000000   -3.888029246467080192000000000000E+18
        5.418573379516601562500000000000   -3.929393698537734144000000000000E+18
        5.419573307037353515625000000000   -3.971206201596706816000000000000E+18
        5.420573234558105468750000000000   -4.013472253202137088000000000000E+18
        5.421573162078857421875000000000   -4.056196801156349952000000000000E+18
        5.422573089599609375000000000000   -4.099384793261670400000000000000E+18
        5.423573017120361328125000000000   -4.143041177320423424000000000000E+18
        5.424572944641113281250000000000   -4.187170901134934016000000000000E+18
        5.425572872161865234375000000000   -4.231780012019154944000000000000E+18
        5.426572799682617187500000000000   -4.276873457775411200000000000000E+18
        5.427572727203369140625000000000   -4.322456186206027776000000000000E+18
        5.428572654724121093750000000000   -4.368533694869143552000000000000E+18
        5.429572582244873046875000000000   -4.415110931567083520000000000000E+18
        5.430572509765625000000000000000   -4.462193393857986560000000000000E+18
        5.431572437286376953125000000000   -4.509787678811619328000000000000E+18
        5.432572364807128906250000000000   -4.557899283986120704000000000000E+18
        5.433572292327880859375000000000   -4.606533706939629568000000000000E+18
        5.434572219848632812500000000000   -4.655696170352377856000000000000E+18
        5.435572147369384765625000000000   -4.705392996416225280000000000000E+18
        5.436572074890136718750000000000   -4.755630782200938496000000000000E+18
        5.437572002410888671875000000000   -4.806415025264656384000000000000E+18
        5.438571929931640625000000000000   -4.857751223165517824000000000000E+18
        5.439571857452392578125000000000   -4.909645972973289472000000000000E+18
        5.440571784973144531250000000000   -4.962104772246110208000000000000E+18
        5.441571712493896484375000000000   -5.015134218053746688000000000000E+18
        5.442571640014648437500000000000   -5.068740907465965568000000000000E+18
        5.443571567535400390625000000000   -5.122931437552533504000000000000E+18
        5.444571495056152343750000000000   -5.177712405383217152000000000000E+18
        5.445571422576904296875000000000   -5.233089308516155392000000000000E+18
        5.446571350097656250000000000000   -5.289068744021114880000000000000E+18
        5.447571277618408203125000000000   -5.345658408479490048000000000000E+18
        5.448571205139160156250000000000   -5.402864898961047552000000000000E+18
        5.449571132659912109375000000000   -5.460694812535554048000000000000E+18
        5.450571060180664062500000000000   -5.519154746272776192000000000000E+18
        5.451570987701416015625000000000   -5.578251297242480640000000000000E+18
        5.452570915222167968750000000000   -5.637991062514434048000000000000E+18
        5.453570842742919921875000000000   -5.698382838181658624000000000000E+18
        5.454570770263671875000000000000   -5.759433221313921024000000000000E+18
        5.455570697784423828125000000000   -5.821149908492615680000000000000E+18
        5.456570625305175781250000000000   -5.883539496787509248000000000000E+18
        5.457570552825927734375000000000   -5.946609682779996160000000000000E+18
        5.458570480346679687500000000000   -6.010369262563098624000000000000E+18
        5.459570407867431640625000000000   -6.074824833206583296000000000000E+18
        5.460570335388183593750000000000   -6.139984091291844608000000000000E+18
        5.461570262908935546875000000000   -6.205854733400276992000000000000E+18
        5.462570190429687500000000000000   -6.272444456113274880000000000000E+18
        5.463570117950439453125000000000   -6.339760956012232704000000000000E+18
        5.464570045471191406250000000000   -6.407813029190172672000000000000E+18
        5.465569972991943359375000000000   -6.476609471740116992000000000000E+18
        5.466569900512695312500000000000   -6.546157980243460096000000000000E+18
        5.467569828033447265625000000000   -6.616466251281596416000000000000E+18
        5.468569755554199218750000000000   -6.687543080947548160000000000000E+18
        5.469569683074951171875000000000   -6.759398364845965312000000000000E+18
        5.470569610595703125000000000000   -6.832039799558242304000000000000E+18
        5.471569538116455078125000000000   -6.905476181177401344000000000000E+18
        5.472569465637207031250000000000   -6.979716305796464640000000000000E+18
        5.473569393157958984375000000000   -7.054768969508454400000000000000E+18
        5.474569320678710937500000000000   -7.130644067918020608000000000000E+18
        5.475569248199462890625000000000   -7.207350397118185472000000000000E+18
        5.476569175720214843750000000000   -7.284896753201971200000000000000E+18
        5.477569103240966796875000000000   -7.363291932262400000000000000000E+18
        5.478569030761718750000000000000   -7.442545829904121856000000000000E+18
        5.479568958282470703125000000000   -7.522667242220158976000000000000E+18
        5.480568885803222656250000000000   -7.603667164326789120000000000000E+18
        5.481568813323974609375000000000   -7.685555491828662272000000000000E+18
        5.482568740844726562500000000000   -7.768342120330428416000000000000E+18
        5.483568668365478515625000000000   -7.852035845925109760000000000000E+18
        5.484568595886230468750000000000   -7.936646564217356288000000000000E+18
        5.485568523406982421875000000000   -8.022186369835073536000000000000E+18
        5.486568450927734375000000000000   -8.108665158382911488000000000000E+18
        5.487568378448486328125000000000   -8.196092825465520128000000000000E+18
        5.488568305969238281250000000000   -8.284480366199177216000000000000E+18
        5.489568233489990234375000000000   -8.373837676188532736000000000000E+18
        5.490568161010742187500000000000   -8.464175750549864448000000000000E+18
        5.491568088531494140625000000000   -8.555506683911077888000000000000E+18
        5.492568016052246093750000000000   -8.647841471388450816000000000000E+18
        5.493567943572998046875000000000   -8.741191108098260992000000000000E+18
        5.494567871093750000000000000000   -8.835566589156786176000000000000E+18
        5.495567798614501953125000000000   -8.930978909680304128000000000000E+18
        5.496567726135253906250000000000   -9.027441263808348160000000000000E+18
        5.497567653656005859375000000000   -9.124964646657196032000000000000E+18
        5.498567581176757812500000000000   -9.223560053343125504000000000000E+18
        5.499567508697509765625000000000   -9.323239578494042112000000000000E+18
        5.500567436218261718750000000000   -9.424014217226223616000000000000E+18
